leakage_group,image_count,split,datasets,unified_classes,has_exact_duplicate,has_near_duplicate
GROUP_00001,1,train,realwaste,Metal,False,False
GROUP_00002,1,val,realwaste,Metal,False,False
GROUP_00003,1,train,phenomsg,Residual,False,False
GROUP_00004,1,test,trashnet,Glass,False,False
GROUP_00005,1,train,realwaste,Plastic,False,False
GROUP_00006,1,train,realwaste,Food Organics,False,False
GROUP_00007,1,train,realwaste,Metal,False,False
GROUP_00008,1,test,trashnet,Cardboard,False,False
GROUP_00009,1,train,trashnet,Paper,False,False
GROUP_00010,1,train,ewaste,Large Electronic Appliance,False,False
GROUP_00011,1,test,realwaste,Residual,False,False
GROUP_00012,1,val,phenomsg,Hazardous Waste,False,False
GROUP_00013,1,test,realwaste,Glass,False,False
GROUP_00014,1,test,realwaste,Textile,False,False
GROUP_00015,1,train,trashnet,Cardboard,False,False
GROUP_00016,2,train,phenomsg,Hazardous Waste,True,True
GROUP_00017,1,train,trashnet,Paper,False,False
GROUP_00018,1,test,ewaste,Electronic Device,False,False
GROUP_00019,1,val,trashnet,Glass,False,False
GROUP_00020,1,val,phenomsg,Residual,False,False
GROUP_00021,1,train,trashnet,Glass,False,False
GROUP_00022,1,train,phenomsg,Residual,False,False
GROUP_00023,1,train,realwaste,Cardboard,False,False
GROUP_00024,4,train,realwaste,Metal|Plastic,False,True
GROUP_00025,1,val,trashnet,Metal,False,False
GROUP_00026,1,train,trashnet,Paper,False,False
GROUP_00027,1,val,realwaste,Paper,False,False
GROUP_00028,1,train,realwaste,Metal,False,False
GROUP_00029,1,test,trashnet,Paper,False,False
GROUP_00030,1,train,trashnet,Paper,False,False
GROUP_00031,1,train,ewaste,Battery,False,False
GROUP_00032,1,test,realwaste,Metal,False,False
GROUP_00033,1,train,realwaste,Residual,False,False
GROUP_00034,1,train,ewaste,Large Electronic Appliance,False,False
GROUP_00035,1,train,trashnet,Plastic,False,False
GROUP_00036,2,train,phenomsg,Hazardous Waste,True,True
GROUP_00037,1,train,realwaste,Glass,False,False
GROUP_00038,1,val,realwaste,Residual,False,False
GROUP_00039,1,test,ewaste,Large Electronic Appliance,False,False
GROUP_00040,1,train,ewaste,Large Electronic Appliance,False,False
GROUP_00041,1,val,phenomsg,Residual,False,False
GROUP_00042,1,train,realwaste,Vegetation,False,False
GROUP_00043,1,test,trashnet,Glass,False,False
GROUP_00044,1,train,realwaste,Metal,False,False
GROUP_00045,1,train,ewaste,Electronic Device,False,False
GROUP_00046,1,val,phenomsg,Organic Stream,False,False
GROUP_00047,1,train,phenomsg,Organic Stream,False,False
GROUP_00048,1,train,realwaste,Residual,False,False
GROUP_00049,1,val,trashnet,Plastic,False,False
GROUP_00050,1,train,realwaste,Residual,False,False
GROUP_00051,1,test,ewaste,Electronic Device,False,False
GROUP_00052,1,train,realwaste,Glass,False,False
GROUP_00053,1,train,phenomsg,Recyclable Stream,False,False
GROUP_00054,1,train,realwaste,Paper,False,False
GROUP_00055,1,train,trashnet,Cardboard,False,False
GROUP_00056,1,test,trashnet,Plastic,False,False
GROUP_00057,1,train,realwaste,Metal,False,False
GROUP_00058,1,val,realwaste,Glass,False,False
GROUP_00059,1,train,realwaste,Paper,False,False
GROUP_00060,1,val,trashnet,Paper,False,False
GROUP_00061,1,test,realwaste,Residual,False,False
GROUP_00062,1,train,ewaste,Electronic Device,False,False
GROUP_00063,2,train,phenomsg,Hazardous Waste,True,True
GROUP_00064,1,test,trashnet,Glass,False,False
GROUP_00065,1,train,ewaste,Electronic Device,False,False
GROUP_00066,1,train,phenomsg,Residual,False,False
GROUP_00067,1,train,ewaste,Large Electronic Appliance,False,False
GROUP_00068,1,test,realwaste,Paper,False,False
GROUP_00069,1,train,ewaste,Large Electronic Appliance,False,False
GROUP_00070,1,val,trashnet,Paper,False,False
GROUP_00071,1,train,phenomsg,Residual,False,False
GROUP_00072,2,train,ewaste,Electronic Device,True,True
GROUP_00073,1,train,realwaste,Vegetation,False,False
GROUP_00074,1,train,phenomsg,Organic Stream,False,False
GROUP_00075,1,test,ewaste,Electronic Device,False,False
GROUP_00076,1,test,phenomsg,Organic Stream,False,False
GROUP_00077,1,test,realwaste,Metal,False,False
GROUP_00078,1,train,realwaste,Plastic,False,False
GROUP_00079,1,train,trashnet,Glass,False,False
GROUP_00080,1,train,ewaste,Electronic Device,False,False
GROUP_00081,1,train,trashnet,Plastic,False,False
GROUP_00082,1,test,phenomsg,Organic Stream,False,False
GROUP_00083,1,train,realwaste,Paper,False,False
GROUP_00084,1,train,trashnet,Paper,False,False
GROUP_00085,1,train,ewaste,Electronic Device,False,False
GROUP_00086,1,train,trashnet,Paper,False,False
GROUP_00087,1,val,realwaste,Glass,False,False
GROUP_00088,1,val,ewaste,Electronic Device,False,False
GROUP_00089,1,test,phenomsg,Residual,False,False
GROUP_00090,1,test,ewaste,Electronic Device,False,False
GROUP_00091,1,train,trashnet,Cardboard,False,False
GROUP_00092,1,train,realwaste,Vegetation,False,False
GROUP_00093,1,train,trashnet,Glass,False,False
GROUP_00094,1,train,phenomsg,Organic Stream,False,False
GROUP_00095,1,train,ewaste,Large Electronic Appliance,False,False
GROUP_00096,1,train,phenomsg,Hazardous Waste,False,False
GROUP_00097,1,train,realwaste,Vegetation,False,False
GROUP_00098,1,train,realwaste,Plastic,False,False
GROUP_00099,1,train,phenomsg,Organic Stream,False,False
GROUP_00100,1,train,ewaste,Electronic Device,False,False
GROUP_00101,1,test,trashnet,Cardboard,False,False
GROUP_00102,1,train,trashnet,Glass,False,False
GROUP_00103,1,train,trashnet,Paper,False,False
GROUP_00104,1,train,phenomsg,Hazardous Waste,False,False
GROUP_00105,1,train,realwaste,Paper,False,False
GROUP_00106,1,train,ewaste,Large Electronic Appliance,False,False
GROUP_00107,1,train,realwaste,Cardboard,False,False
GROUP_00108,1,val,realwaste,Metal,False,False
GROUP_00109,1,train,realwaste,Textile,False,False
GROUP_00110,1,train,realwaste,Food Organics,False,False
GROUP_00111,1,train,ewaste,Large Electronic Appliance,False,False
GROUP_00112,1,train,phenomsg,Organic Stream,False,False
GROUP_00113,1,val,realwaste,Plastic,False,False
GROUP_00114,1,train,realwaste,Vegetation,False,False
GROUP_00115,1,train,ewaste,Large Electronic Appliance,False,False
GROUP_00116,1,train,ewaste,Large Electronic Appliance,False,False
GROUP_00117,2,train,phenomsg,Hazardous Waste,True,True
GROUP_00118,1,train,ewaste,Large Electronic Appliance,False,False
GROUP_00119,1,train,realwaste,Textile,False,False
GROUP_00120,1,train,phenomsg,Organic Stream,False,False
GROUP_00121,1,test,realwaste,Food Organics,False,False
GROUP_00122,1,train,realwaste,Plastic,False,False
GROUP_00123,1,test,realwaste,Cardboard,False,False
GROUP_00124,1,test,ewaste,Electronic Component,False,False
GROUP_00125,1,train,phenomsg,Residual,False,False
GROUP_00126,1,test,realwaste,Metal,False,False
GROUP_00127,1,train,phenomsg,Hazardous Waste,False,False
GROUP_00128,1,test,phenomsg,Residual,False,False
GROUP_00129,1,train,realwaste,Paper,False,False
GROUP_00130,1,train,phenomsg,Hazardous Waste,False,False
GROUP_00131,1,train,realwaste,Paper,False,False
GROUP_00132,2,train,realwaste,Metal|Plastic,False,True
GROUP_00133,1,train,phenomsg,Recyclable Stream,False,False
GROUP_00134,1,test,trashnet,Cardboard,False,False
GROUP_00135,1,train,ewaste,Electronic Device,False,False
GROUP_00136,1,val,realwaste,Glass,False,False
GROUP_00137,1,val,trashnet,Cardboard,False,False
GROUP_00138,1,train,realwaste,Metal,False,False
GROUP_00139,1,train,trashnet,Metal,False,False
GROUP_00140,1,train,realwaste,Residual,False,False
GROUP_00141,1,train,realwaste,Textile,False,False
GROUP_00142,1,train,ewaste,Electronic Component,False,False
GROUP_00143,1,train,trashnet,Metal,False,False
GROUP_00144,1,train,realwaste,Plastic,False,False
GROUP_00145,1,train,realwaste,Metal,False,False
GROUP_00146,1,train,realwaste,Plastic,False,False
GROUP_00147,1,test,trashnet,Metal,False,False
GROUP_00148,1,train,ewaste,Electronic Device,False,False
GROUP_00149,1,val,phenomsg,Organic Stream,False,False
GROUP_00150,1,train,realwaste,Plastic,False,False
GROUP_00151,1,test,ewaste,Electronic Device,False,False
GROUP_00152,1,train,realwaste,Metal,False,False
GROUP_00153,1,test,ewaste,Electronic Device,False,False
GROUP_00154,1,train,realwaste,Metal,False,False
GROUP_00155,1,train,trashnet,Residual,False,False
GROUP_00156,1,train,realwaste,Metal,False,False
GROUP_00157,1,train,realwaste,Metal,False,False
GROUP_00158,1,test,phenomsg,Organic Stream,False,False
GROUP_00159,1,train,realwaste,Residual,False,False
GROUP_00160,4,train,trashnet,Metal|Plastic,False,True
GROUP_00161,1,test,phenomsg,Hazardous Waste,False,False
GROUP_00162,1,test,ewaste,Battery,False,False
GROUP_00163,1,val,realwaste,Metal,False,False
GROUP_00164,1,train,realwaste,Plastic,False,False
GROUP_00165,1,val,phenomsg,Residual,False,False
GROUP_00166,1,train,realwaste,Glass,False,False
GROUP_00167,1,test,trashnet,Paper,False,False
GROUP_00168,1,train,ewaste,Battery,False,False
GROUP_00169,1,test,phenomsg,Hazardous Waste,False,False
GROUP_00170,1,train,ewaste,Electronic Device,False,False
GROUP_00171,1,val,ewaste,Electronic Device,False,False
GROUP_00172,1,val,phenomsg,Recyclable Stream,False,False
GROUP_00173,1,val,realwaste,Textile,False,False
GROUP_00174,1,train,phenomsg,Residual,False,False
GROUP_00175,1,train,ewaste,Large Electronic Appliance,False,False
GROUP_00176,1,train,realwaste,Food Organics,False,False
GROUP_00177,1,test,ewaste,Electronic Device,False,False
GROUP_00178,1,train,realwaste,Residual,False,False
GROUP_00179,1,train,realwaste,Residual,False,False
GROUP_00180,1,test,realwaste,Metal,False,False
GROUP_00181,1,train,trashnet,Glass,False,False
GROUP_00182,2,train,phenomsg,Recyclable Stream,False,True
GROUP_00183,1,train,phenomsg,Hazardous Waste,False,False
GROUP_00184,1,test,realwaste,Plastic,False,False
GROUP_00185,1,train,realwaste,Plastic,False,False
GROUP_00186,1,train,trashnet,Plastic,False,False
GROUP_00187,1,train,ewaste,Large Electronic Appliance,False,False
GROUP_00188,1,train,ewaste,Large Electronic Appliance,False,False
GROUP_00189,1,train,phenomsg,Hazardous Waste,False,False
GROUP_00190,1,train,trashnet,Glass,False,False
GROUP_00191,1,val,realwaste,Plastic,False,False
GROUP_00192,1,train,ewaste,Electronic Device,False,False
GROUP_00193,1,train,trashnet,Plastic,False,False
GROUP_00194,1,train,realwaste,Residual,False,False
GROUP_00195,1,train,trashnet,Paper,False,False
GROUP_00196,1,train,realwaste,Metal,False,False
GROUP_00197,1,test,realwaste,Plastic,False,False
GROUP_00198,1,train,phenomsg,Recyclable Stream,False,False
GROUP_00199,4,train,phenomsg,Hazardous Waste,True,True
GROUP_00200,1,train,realwaste,Cardboard,False,False
GROUP_00201,2,train,trashnet,Paper,False,True
GROUP_00202,1,test,trashnet,Glass,False,False
GROUP_00203,1,train,ewaste,Electronic Device,False,False
GROUP_00204,1,train,realwaste,Plastic,False,False
GROUP_00205,1,test,phenomsg,Organic Stream,False,False
GROUP_00206,1,val,ewaste,Large Electronic Appliance,False,False
GROUP_00207,2,train,ewaste,Large Electronic Appliance,False,True
GROUP_00208,1,train,trashnet,Cardboard,False,False
GROUP_00209,1,train,realwaste,Plastic,False,False
GROUP_00210,1,train,realwaste,Metal,False,False
GROUP_00211,3,train,realwaste|trashnet,Plastic|Residual,False,True
GROUP_00212,1,train,phenomsg,Residual,False,False
GROUP_00213,1,train,realwaste,Residual,False,False
GROUP_00214,1,train,trashnet,Paper,False,False
GROUP_00215,2,train,phenomsg,Hazardous Waste,True,True
GROUP_00216,1,test,phenomsg,Recyclable Stream,False,False
GROUP_00217,1,test,phenomsg,Residual,False,False
GROUP_00218,1,train,realwaste,Plastic,False,False
GROUP_00219,1,test,ewaste,Electronic Device,False,False
GROUP_00220,1,train,ewaste,Electronic Device,False,False
GROUP_00221,1,train,phenomsg,Hazardous Waste,False,False
GROUP_00222,1,train,realwaste,Plastic,False,False
GROUP_00223,1,test,realwaste,Paper,False,False
GROUP_00224,1,train,trashnet,Plastic,False,False
GROUP_00225,1,val,realwaste,Paper,False,False
GROUP_00226,1,train,ewaste,Large Electronic Appliance,False,False
GROUP_00227,1,train,phenomsg,Organic Stream,False,False
GROUP_00228,1,train,realwaste,Metal,False,False
GROUP_00229,1,train,realwaste,Plastic,False,False
GROUP_00230,1,train,realwaste,Metal,False,False
GROUP_00231,1,train,ewaste,Electronic Device,False,False
GROUP_00232,2,train,phenomsg,Hazardous Waste,True,True
GROUP_00233,1,test,ewaste,Electronic Device,False,False
GROUP_00234,1,train,realwaste,Paper,False,False
GROUP_00235,1,train,ewaste,Electronic Device,False,False
GROUP_00236,1,train,realwaste,Plastic,False,False
GROUP_00237,1,val,ewaste,Electronic Device,False,False
GROUP_00238,1,train,ewaste,Large Electronic Appliance,False,False
GROUP_00239,1,train,phenomsg,Organic Stream,False,False
GROUP_00240,1,train,realwaste,Residual,False,False
GROUP_00241,1,test,realwaste,Cardboard,False,False
GROUP_00242,1,train,trashnet,Paper,False,False
GROUP_00243,1,train,ewaste,Electronic Device,False,False
GROUP_00244,1,val,ewaste,Electronic Device,False,False
GROUP_00245,1,train,trashnet,Cardboard,False,False
GROUP_00246,1,train,trashnet,Paper,False,False
GROUP_00247,1,test,trashnet,Paper,False,False
GROUP_00248,1,train,realwaste,Plastic,False,False
GROUP_00249,1,train,realwaste,Residual,False,False
GROUP_00250,1,train,phenomsg,Recyclable Stream,False,False
GROUP_00251,1,train,realwaste,Plastic,False,False
GROUP_00252,1,train,ewaste,Electronic Device,False,False
GROUP_00253,2,train,phenomsg,Hazardous Waste,True,True
GROUP_00254,1,train,realwaste,Paper,False,False
GROUP_00255,1,train,trashnet,Glass,False,False
GROUP_00256,1,train,phenomsg,Residual,False,False
GROUP_00257,1,test,phenomsg,Residual,False,False
GROUP_00258,1,train,realwaste,Plastic,False,False
GROUP_00259,1,train,phenomsg,Residual,False,False
GROUP_00260,1,train,ewaste,Electronic Device,False,False
GROUP_00261,1,train,ewaste,Large Electronic Appliance,False,False
GROUP_00262,1,train,phenomsg,Recyclable Stream,False,False
GROUP_00263,1,train,trashnet,Cardboard,False,False
GROUP_00264,1,train,trashnet,Metal,False,False
GROUP_00265,1,train,ewaste,Large Electronic Appliance,False,False
GROUP_00266,1,train,trashnet,Metal,False,False
GROUP_00267,1,test,realwaste,Metal,False,False
GROUP_00268,1,test,trashnet,Glass,False,False
GROUP_00269,1,train,phenomsg,Residual,False,False
GROUP_00270,2,train,realwaste,Cardboard,False,True
GROUP_00271,1,train,ewaste,Electronic Device,False,False
GROUP_00272,1,train,realwaste,Paper,False,False
GROUP_00273,1,train,realwaste,Glass,False,False
GROUP_00274,1,test,phenomsg,Recyclable Stream,False,False
GROUP_00275,1,val,ewaste,Electronic Device,False,False
GROUP_00276,1,train,phenomsg,Residual,False,False
GROUP_00277,1,test,phenomsg,Residual,False,False
GROUP_00278,1,train,realwaste,Paper,False,False
GROUP_00279,1,train,ewaste,Electronic Device,False,False
GROUP_00280,1,train,realwaste,Paper,False,False
GROUP_00281,1,train,realwaste,Plastic,False,False
GROUP_00282,1,val,realwaste,Plastic,False,False
GROUP_00283,1,val,realwaste,Paper,False,False
GROUP_00284,1,train,ewaste,Large Electronic Appliance,False,False
GROUP_00285,1,test,realwaste,Textile,False,False
GROUP_00286,1,train,realwaste,Metal,False,False
GROUP_00287,2,train,phenomsg,Hazardous Waste,True,True
GROUP_00288,1,val,trashnet,Metal,False,False
GROUP_00289,1,train,ewaste,Electronic Device,False,False
GROUP_00290,1,test,realwaste,Plastic,False,False
GROUP_00291,1,val,realwaste,Textile,False,False
GROUP_00292,1,val,phenomsg,Recyclable Stream,False,False
GROUP_00293,1,train,phenomsg,Residual,False,False
GROUP_00294,1,train,ewaste,Electronic Device,False,False
GROUP_00295,1,train,ewaste,Battery,False,False
GROUP_00296,1,train,trashnet,Glass,False,False
GROUP_00297,1,val,ewaste,Battery,False,False
GROUP_00298,1,train,realwaste,Plastic,False,False
GROUP_00299,2,train,phenomsg,Hazardous Waste,True,True
GROUP_00300,1,train,trashnet,Paper,False,False
GROUP_00301,1,train,realwaste,Paper,False,False
GROUP_00302,1,train,realwaste,Plastic,False,False
GROUP_00303,1,train,realwaste,Vegetation,False,False
GROUP_00304,1,test,ewaste,Electronic Device,False,False
GROUP_00305,1,train,trashnet,Metal,False,False
GROUP_00306,1,train,realwaste,Glass,False,False
GROUP_00307,1,val,trashnet,Metal,False,False
GROUP_00308,1,train,trashnet,Residual,False,False
GROUP_00309,1,train,ewaste,Electronic Device,False,False
GROUP_00310,1,train,phenomsg,Recyclable Stream,False,False
GROUP_00311,1,train,realwaste,Metal,False,False
GROUP_00312,1,train,ewaste,Electronic Device,False,False
GROUP_00313,1,train,phenomsg,Recyclable Stream,False,False
GROUP_00314,1,val,phenomsg,Recyclable Stream,False,False
GROUP_00315,1,train,phenomsg,Hazardous Waste,False,False
GROUP_00316,1,val,ewaste,Electronic Device,False,False
GROUP_00317,1,train,ewaste,Electronic Device,False,False
GROUP_00318,2,train,phenomsg,Hazardous Waste,True,True
GROUP_00319,1,train,realwaste,Metal,False,False
GROUP_00320,1,test,realwaste,Plastic,False,False
GROUP_00321,1,train,ewaste,Electronic Device,False,False
GROUP_00322,1,train,trashnet,Plastic,False,False
GROUP_00323,1,test,trashnet,Glass,False,False
GROUP_00324,1,val,phenomsg,Residual,False,False
GROUP_00325,1,val,realwaste,Plastic,False,False
GROUP_00326,1,train,ewaste,Large Electronic Appliance,False,False
GROUP_00327,1,train,realwaste,Paper,False,False
GROUP_00328,1,train,realwaste,Vegetation,False,False
GROUP_00329,1,val,phenomsg,Hazardous Waste,False,False
GROUP_00330,1,train,realwaste,Residual,False,False
GROUP_00331,2,train,phenomsg,Hazardous Waste,True,True
GROUP_00332,1,train,trashnet,Glass,False,False
GROUP_00333,1,test,ewaste,Large Electronic Appliance,False,False
GROUP_00334,1,train,realwaste,Plastic,False,False
GROUP_00335,1,train,ewaste,Electronic Device,False,False
GROUP_00336,1,test,realwaste,Textile,False,False
GROUP_00337,1,val,ewaste,Electronic Device,False,False
GROUP_00338,1,train,realwaste,Metal,False,False
GROUP_00339,1,train,ewaste,Electronic Device,False,False
GROUP_00340,1,train,phenomsg,Residual,False,False
GROUP_00341,1,train,realwaste,Glass,False,False
GROUP_00342,1,val,ewaste,Electronic Device,False,False
GROUP_00343,1,train,realwaste,Metal,False,False
GROUP_00344,1,train,ewaste,Electronic Device,False,False
GROUP_00345,1,train,realwaste,Glass,False,False
GROUP_00346,1,val,realwaste,Glass,False,False
GROUP_00347,1,train,trashnet,Paper,False,False
GROUP_00348,1,train,realwaste,Metal,False,False
GROUP_00349,2,train,phenomsg,Hazardous Waste,True,True
GROUP_00350,1,train,realwaste,Glass,False,False
GROUP_00351,1,train,realwaste,Glass,False,False
GROUP_00352,1,train,realwaste,Cardboard,False,False
GROUP_00353,1,train,trashnet,Glass,False,False
GROUP_00354,1,train,ewaste,Large Electronic Appliance,False,False
GROUP_00355,1,test,phenomsg,Residual,False,False
GROUP_00356,1,train,ewaste,Battery,False,False
GROUP_00357,1,train,phenomsg,Recyclable Stream,False,False
GROUP_00358,1,train,realwaste,Plastic,False,False
GROUP_00359,1,val,phenomsg,Recyclable Stream,False,False
GROUP_00360,1,test,ewaste,Electronic Device,False,False
GROUP_00361,1,train,trashnet,Paper,False,False
GROUP_00362,1,train,ewaste,Electronic Device,False,False
GROUP_00363,1,train,ewaste,Electronic Device,False,False
GROUP_00364,1,test,trashnet,Metal,False,False
GROUP_00365,1,train,ewaste,Electronic Device,False,False
GROUP_00366,1,val,ewaste,Large Electronic Appliance,False,False
GROUP_00367,1,train,phenomsg,Hazardous Waste,False,False
GROUP_00368,1,val,realwaste,Metal,False,False
GROUP_00369,1,train,trashnet,Plastic,False,False
GROUP_00370,2,train,phenomsg,Hazardous Waste,True,True
GROUP_00371,1,train,realwaste,Food Organics,False,False
GROUP_00372,1,train,realwaste,Plastic,False,False
GROUP_00373,1,val,ewaste,Battery,False,False
GROUP_00374,1,train,realwaste,Metal,False,False
GROUP_00375,1,test,trashnet,Metal,False,False
GROUP_00376,1,train,realwaste,Residual,False,False
GROUP_00377,1,train,trashnet,Paper,False,False
GROUP_00378,1,train,trashnet,Cardboard,False,False
GROUP_00379,1,train,phenomsg,Recyclable Stream,False,False
GROUP_00380,2,train,realwaste,Food Organics|Residual,False,True
GROUP_00381,1,train,ewaste,Large Electronic Appliance,False,False
GROUP_00382,1,train,realwaste,Residual,False,False
GROUP_00383,1,train,phenomsg,Organic Stream,False,False
GROUP_00384,1,train,realwaste,Vegetation,False,False
GROUP_00385,2,train,ewaste,Electronic Device,False,True
GROUP_00386,1,train,ewaste,Electronic Device,False,False
GROUP_00387,1,train,ewaste,Large Electronic Appliance,False,False
GROUP_00388,1,train,realwaste,Metal,False,False
GROUP_00389,2,train,phenomsg,Hazardous Waste,True,True
GROUP_00390,1,train,ewaste,Electronic Component,False,False
GROUP_00391,1,train,trashnet,Metal,False,False
GROUP_00392,1,train,phenomsg,Organic Stream,False,False
GROUP_00393,1,val,trashnet,Metal,False,False
GROUP_00394,1,train,trashnet,Paper,False,False
GROUP_00395,1,val,realwaste,Plastic,False,False
GROUP_00396,1,train,realwaste,Metal,False,False
GROUP_00397,1,train,realwaste,Metal,False,False
GROUP_00398,1,train,realwaste,Plastic,False,False
GROUP_00399,1,val,realwaste,Paper,False,False
GROUP_00400,1,train,realwaste,Plastic,False,False
GROUP_00401,1,train,realwaste,Glass,False,False
GROUP_00402,1,test,phenomsg,Recyclable Stream,False,False
GROUP_00403,1,test,trashnet,Glass,False,False
GROUP_00404,1,train,realwaste,Plastic,False,False
GROUP_00405,1,val,realwaste,Glass,False,False
GROUP_00406,1,train,realwaste,Cardboard,False,False
GROUP_00407,1,train,realwaste,Glass,False,False
GROUP_00408,1,train,trashnet,Cardboard,False,False
GROUP_00409,1,train,trashnet,Metal,False,False
GROUP_00410,1,train,ewaste,Large Electronic Appliance,False,False
GROUP_00411,1,train,realwaste,Plastic,False,False
GROUP_00412,1,train,ewaste,Electronic Component,False,False
GROUP_00413,2,train,phenomsg,Residual,False,True
GROUP_00414,2,train,ewaste,Battery,False,True
GROUP_00415,1,train,ewaste,Electronic Device,False,False
GROUP_00416,1,test,trashnet,Plastic,False,False
GROUP_00417,1,test,trashnet,Plastic,False,False
GROUP_00418,1,train,trashnet,Paper,False,False
GROUP_00419,1,val,realwaste,Residual,False,False
GROUP_00420,1,train,ewaste,Electronic Device,False,False
GROUP_00421,1,train,realwaste,Food Organics,False,False
GROUP_00422,1,test,ewaste,Large Electronic Appliance,False,False
GROUP_00423,1,train,trashnet,Plastic,False,False
GROUP_00424,1,test,ewaste,Electronic Device,False,False
GROUP_00425,1,train,trashnet,Plastic,False,False
GROUP_00426,1,train,realwaste,Vegetation,False,False
GROUP_00427,1,train,realwaste,Vegetation,False,False
GROUP_00428,1,train,realwaste,Paper,False,False
GROUP_00429,1,val,phenomsg,Recyclable Stream,False,False
GROUP_00430,1,train,realwaste,Paper,False,False
GROUP_00431,1,test,ewaste,Large Electronic Appliance,False,False
GROUP_00432,1,train,trashnet,Cardboard,False,False
GROUP_00433,1,train,trashnet,Paper,False,False
GROUP_00434,1,test,trashnet,Paper,False,False
GROUP_00435,1,test,realwaste,Food Organics,False,False
GROUP_00436,1,train,trashnet,Glass,False,False
GROUP_00437,1,val,realwaste,Plastic,False,False
GROUP_00438,1,train,trashnet,Paper,False,False
GROUP_00439,2,train,phenomsg,Hazardous Waste,True,True
GROUP_00440,2,train,phenomsg,Hazardous Waste,True,True
GROUP_00441,1,train,trashnet,Cardboard,False,False
GROUP_00442,1,train,realwaste,Paper,False,False
GROUP_00443,1,val,phenomsg,Recyclable Stream,False,False
GROUP_00444,1,train,realwaste,Residual,False,False
GROUP_00445,1,val,realwaste,Residual,False,False
GROUP_00446,1,train,ewaste,Electronic Device,False,False
GROUP_00447,1,train,realwaste,Cardboard,False,False
GROUP_00448,1,train,realwaste,Food Organics,False,False
GROUP_00449,1,train,realwaste,Cardboard,False,False
GROUP_00450,2,train,ewaste,Electronic Device,True,True
GROUP_00451,1,train,realwaste,Food Organics,False,False
GROUP_00452,1,train,ewaste,Large Electronic Appliance,False,False
GROUP_00453,1,train,ewaste,Electronic Device,False,False
GROUP_00454,1,val,phenomsg,Recyclable Stream,False,False
GROUP_00455,1,test,realwaste,Metal,False,False
GROUP_00456,1,train,realwaste,Textile,False,False
GROUP_00457,1,train,phenomsg,Recyclable Stream,False,False
GROUP_00458,2,train,phenomsg,Hazardous Waste,True,True
GROUP_00459,1,train,realwaste,Plastic,False,False
GROUP_00460,1,train,ewaste,Large Electronic Appliance,False,False
GROUP_00461,1,train,phenomsg,Recyclable Stream,False,False
GROUP_00462,1,train,trashnet,Paper,False,False
GROUP_00463,1,train,trashnet,Paper,False,False
GROUP_00464,1,test,phenomsg,Organic Stream,False,False
GROUP_00465,1,train,ewaste,Electronic Device,False,False
GROUP_00466,1,train,phenomsg,Residual,False,False
GROUP_00467,1,test,ewaste,Electronic Device,False,False
GROUP_00468,1,train,realwaste,Metal,False,False
GROUP_00469,1,test,realwaste,Glass,False,False
GROUP_00470,1,val,ewaste,Large Electronic Appliance,False,False
GROUP_00471,1,test,trashnet,Cardboard,False,False
GROUP_00472,1,train,ewaste,Electronic Device,False,False
GROUP_00473,1,val,realwaste,Textile,False,False
GROUP_00474,1,train,ewaste,Electronic Device,False,False
GROUP_00475,1,train,phenomsg,Recyclable Stream,False,False
GROUP_00476,1,train,realwaste,Food Organics,False,False
GROUP_00477,1,train,phenomsg,Residual,False,False
GROUP_00478,1,train,realwaste,Paper,False,False
GROUP_00479,1,train,realwaste,Glass,False,False
GROUP_00480,1,train,realwaste,Vegetation,False,False
GROUP_00481,1,train,trashnet,Paper,False,False
GROUP_00482,1,train,phenomsg,Residual,False,False
GROUP_00483,2,train,ewaste,Electronic Device,False,True
GROUP_00484,1,train,ewaste,Electronic Device,False,False
GROUP_00485,1,train,realwaste,Metal,False,False
GROUP_00486,1,val,realwaste,Plastic,False,False
GROUP_00487,1,train,trashnet,Plastic,False,False
GROUP_00488,1,train,trashnet,Residual,False,False
GROUP_00489,2,train,ewaste,Electronic Component,True,True
GROUP_00490,1,train,phenomsg,Hazardous Waste,False,False
GROUP_00491,1,train,ewaste,Electronic Device,False,False
GROUP_00492,1,train,realwaste,Plastic,False,False
GROUP_00493,1,train,ewaste,Battery,False,False
GROUP_00494,1,train,realwaste,Paper,False,False
GROUP_00495,1,train,trashnet,Plastic,False,False
GROUP_00496,1,train,ewaste,Electronic Device,False,False
GROUP_00497,1,val,realwaste,Residual,False,False
GROUP_00498,1,val,ewaste,Electronic Component,False,False
GROUP_00499,1,train,ewaste,Large Electronic Appliance,False,False
GROUP_00500,1,train,realwaste,Textile,False,False
GROUP_00501,2,train,realwaste,Plastic,False,True
GROUP_00502,1,train,trashnet,Paper,False,False
GROUP_00503,1,val,trashnet,Cardboard,False,False
GROUP_00504,1,test,realwaste,Textile,False,False
GROUP_00505,1,train,trashnet,Plastic,False,False
GROUP_00506,2,train,phenomsg,Hazardous Waste,True,True
GROUP_00507,1,train,trashnet,Metal,False,False
GROUP_00508,1,train,trashnet,Plastic,False,False
GROUP_00509,1,train,realwaste,Plastic,False,False
GROUP_00510,1,val,realwaste,Food Organics,False,False
GROUP_00511,2,train,phenomsg,Hazardous Waste,True,True
GROUP_00512,1,train,realwaste,Glass,False,False
GROUP_00513,1,train,phenomsg,Organic Stream,False,False
GROUP_00514,1,train,ewaste,Large Electronic Appliance,False,False
GROUP_00515,1,train,phenomsg,Recyclable Stream,False,False
GROUP_00516,1,train,realwaste,Glass,False,False
GROUP_00517,1,test,trashnet,Plastic,False,False
GROUP_00518,1,train,realwaste,Cardboard,False,False
GROUP_00519,1,test,realwaste,Paper,False,False
GROUP_00520,1,train,ewaste,Electronic Device,False,False
GROUP_00521,1,train,ewaste,Electronic Device,False,False
GROUP_00522,2,train,phenomsg,Residual,False,True
GROUP_00523,1,train,realwaste,Food Organics,False,False
GROUP_00524,1,train,realwaste,Cardboard,False,False
GROUP_00525,1,train,trashnet,Residual,False,False
GROUP_00526,1,test,phenomsg,Residual,False,False
GROUP_00527,2,train,ewaste,Electronic Device,True,True
GROUP_00528,2,train,ewaste,Battery|Electronic Device,False,True
GROUP_00529,1,test,realwaste,Vegetation,False,False
GROUP_00530,1,test,trashnet,Glass,False,False
GROUP_00531,1,val,realwaste,Cardboard,False,False
GROUP_00532,1,train,phenomsg,Hazardous Waste,False,False
GROUP_00533,1,train,phenomsg,Residual,False,False
GROUP_00534,2,train,phenomsg,Hazardous Waste,True,True
GROUP_00535,2,train,phenomsg,Hazardous Waste,True,True
GROUP_00536,1,train,realwaste,Metal,False,False
GROUP_00537,1,train,trashnet,Residual,False,False
GROUP_00538,1,val,trashnet,Glass,False,False
GROUP_00539,1,train,trashnet,Paper,False,False
GROUP_00540,1,train,trashnet,Paper,False,False
GROUP_00541,1,train,phenomsg,Residual,False,False
GROUP_00542,1,train,trashnet,Paper,False,False
GROUP_00543,1,test,ewaste,Electronic Device,False,False
GROUP_00544,2,train,ewaste,Large Electronic Appliance,False,True
GROUP_00545,1,train,trashnet,Paper,False,False
GROUP_00546,1,train,ewaste,Electronic Device,False,False
GROUP_00547,1,train,trashnet,Paper,False,False
GROUP_00548,1,train,phenomsg,Organic Stream,False,False
GROUP_00549,1,val,realwaste,Vegetation,False,False
GROUP_00550,1,train,ewaste,Large Electronic Appliance,False,False
GROUP_00551,1,test,phenomsg,Residual,False,False
GROUP_00552,2,train,phenomsg,Hazardous Waste,True,True
GROUP_00553,1,val,realwaste,Glass,False,False
GROUP_00554,1,train,realwaste,Paper,False,False
GROUP_00555,1,train,realwaste,Metal,False,False
GROUP_00556,1,test,realwaste,Metal,False,False
GROUP_00557,1,test,ewaste,Electronic Device,False,False
GROUP_00558,1,train,ewaste,Large Electronic Appliance,False,False
GROUP_00559,1,train,ewaste,Large Electronic Appliance,False,False
GROUP_00560,1,train,realwaste,Plastic,False,False
GROUP_00561,1,test,realwaste,Vegetation,False,False
GROUP_00562,1,train,trashnet,Paper,False,False
GROUP_00563,1,train,phenomsg,Recyclable Stream,False,False
GROUP_00564,1,train,phenomsg,Recyclable Stream,False,False
GROUP_00565,1,train,realwaste,Cardboard,False,False
GROUP_00566,1,test,trashnet,Plastic,False,False
GROUP_00567,1,train,trashnet,Glass,False,False
GROUP_00568,1,test,realwaste,Textile,False,False
GROUP_00569,1,train,realwaste,Food Organics,False,False
GROUP_00570,1,train,ewaste,Battery,False,False
GROUP_00571,1,train,realwaste,Cardboard,False,False
GROUP_00572,1,train,realwaste,Vegetation,False,False
GROUP_00573,1,train,realwaste,Food Organics,False,False
GROUP_00574,1,train,trashnet,Paper,False,False
GROUP_00575,1,train,ewaste,Battery,False,False
GROUP_00576,1,test,trashnet,Glass,False,False
GROUP_00577,1,train,trashnet,Paper,False,False
GROUP_00578,1,train,ewaste,Electronic Device,False,False
GROUP_00579,1,train,ewaste,Electronic Device,False,False
GROUP_00580,1,train,phenomsg,Recyclable Stream,False,False
GROUP_00581,1,val,ewaste,Electronic Device,False,False
GROUP_00582,2,train,ewaste,Electronic Device,True,True
GROUP_00583,1,test,ewaste,Large Electronic Appliance,False,False
GROUP_00584,1,train,trashnet,Residual,False,False
GROUP_00585,1,train,realwaste,Metal,False,False
GROUP_00586,1,train,realwaste,Metal,False,False
GROUP_00587,1,test,phenomsg,Organic Stream,False,False
GROUP_00588,1,train,realwaste,Metal,False,False
GROUP_00589,1,train,phenomsg,Hazardous Waste,False,False
GROUP_00590,1,train,phenomsg,Recyclable Stream,False,False
GROUP_00591,1,train,phenomsg,Residual,False,False
GROUP_00592,1,train,realwaste,Glass,False,False
GROUP_00593,1,train,ewaste,Electronic Device,False,False
GROUP_00594,2,train,phenomsg,Hazardous Waste,True,True
GROUP_00595,1,train,realwaste,Textile,False,False
GROUP_00596,1,val,trashnet,Plastic,False,False
GROUP_00597,1,train,trashnet,Plastic,False,False
GROUP_00598,2,train,phenomsg,Hazardous Waste,True,True
GROUP_00599,1,train,ewaste,Electronic Component,False,False
GROUP_00600,1,train,realwaste,Paper,False,False
GROUP_00601,1,train,realwaste,Glass,False,False
GROUP_00602,1,train,realwaste,Cardboard,False,False
GROUP_00603,1,train,phenomsg,Residual,False,False
GROUP_00604,2,train,ewaste,Electronic Device,False,True
GROUP_00605,2,train,phenomsg,Hazardous Waste,True,True
GROUP_00606,1,test,realwaste,Metal,False,False
GROUP_00607,1,train,ewaste,Electronic Device,False,False
GROUP_00608,1,test,realwaste,Cardboard,False,False
GROUP_00609,1,train,realwaste,Paper,False,False
GROUP_00610,1,train,realwaste,Metal,False,False
GROUP_00611,1,train,ewaste,Large Electronic Appliance,False,False
GROUP_00612,1,train,ewaste,Large Electronic Appliance,False,False
GROUP_00613,1,train,ewaste,Electronic Device,False,False
GROUP_00614,1,test,phenomsg,Organic Stream,False,False
GROUP_00615,1,test,ewaste,Electronic Component,False,False
GROUP_00616,1,train,phenomsg,Residual,False,False
GROUP_00617,1,train,realwaste,Residual,False,False
GROUP_00618,1,train,realwaste,Paper,False,False
GROUP_00619,1,test,trashnet,Plastic,False,False
GROUP_00620,1,train,trashnet,Plastic,False,False
GROUP_00621,1,val,trashnet,Glass,False,False
GROUP_00622,1,train,phenomsg,Residual,False,False
GROUP_00623,1,val,ewaste,Battery,False,False
GROUP_00624,1,train,phenomsg,Hazardous Waste,False,False
GROUP_00625,1,test,ewaste,Large Electronic Appliance,False,False
GROUP_00626,1,train,realwaste,Metal,False,False
GROUP_00627,1,test,ewaste,Large Electronic Appliance,False,False
GROUP_00628,1,train,trashnet,Paper,False,False
GROUP_00629,1,val,ewaste,Electronic Device,False,False
GROUP_00630,1,train,trashnet,Residual,False,False
GROUP_00631,1,train,phenomsg,Hazardous Waste,False,False
GROUP_00632,1,test,realwaste,Residual,False,False
GROUP_00633,1,val,trashnet,Plastic,False,False
GROUP_00634,1,train,phenomsg,Organic Stream,False,False
GROUP_00635,1,train,realwaste,Cardboard,False,False
GROUP_00636,1,train,ewaste,Large Electronic Appliance,False,False
GROUP_00637,1,test,realwaste,Metal,False,False
GROUP_00638,1,train,realwaste,Metal,False,False
GROUP_00639,1,train,ewaste,Electronic Device,False,False
GROUP_00640,1,train,realwaste,Paper,False,False
GROUP_00641,1,train,phenomsg,Hazardous Waste,False,False
GROUP_00642,1,train,phenomsg,Hazardous Waste,False,False
GROUP_00643,1,val,trashnet,Residual,False,False
GROUP_00644,1,train,ewaste,Large Electronic Appliance,False,False
GROUP_00645,1,train,ewaste,Electronic Device,False,False
GROUP_00646,1,train,ewaste,Large Electronic Appliance,False,False
GROUP_00647,1,train,realwaste,Food Organics,False,False
GROUP_00648,1,train,realwaste,Plastic,False,False
GROUP_00649,1,train,ewaste,Electronic Device,False,False
GROUP_00650,1,train,phenomsg,Organic Stream,False,False
GROUP_00651,1,train,ewaste,Large Electronic Appliance,False,False
GROUP_00652,1,val,realwaste,Vegetation,False,False
GROUP_00653,1,train,realwaste,Plastic,False,False
GROUP_00654,1,train,realwaste,Residual,False,False
GROUP_00655,1,train,realwaste,Residual,False,False
GROUP_00656,1,train,realwaste,Vegetation,False,False
GROUP_00657,1,train,ewaste,Electronic Component,False,False
GROUP_00658,1,train,phenomsg,Residual,False,False
GROUP_00659,1,train,realwaste,Glass,False,False
GROUP_00660,1,train,trashnet,Glass,False,False
GROUP_00661,1,train,trashnet,Cardboard,False,False
GROUP_00662,1,train,ewaste,Battery,False,False
GROUP_00663,1,train,phenomsg,Recyclable Stream,False,False
GROUP_00664,2,train,phenomsg,Hazardous Waste,True,True
GROUP_00665,1,train,realwaste,Cardboard,False,False
GROUP_00666,1,train,phenomsg,Residual,False,False
GROUP_00667,1,train,realwaste,Glass,False,False
GROUP_00668,1,train,phenomsg,Residual,False,False
GROUP_00669,1,train,realwaste,Plastic,False,False
GROUP_00670,1,train,ewaste,Electronic Device,False,False
GROUP_00671,1,train,trashnet,Cardboard,False,False
GROUP_00672,1,train,realwaste,Paper,False,False
GROUP_00673,1,train,realwaste,Textile,False,False
GROUP_00674,1,train,ewaste,Large Electronic Appliance,False,False
GROUP_00675,1,train,realwaste,Food Organics,False,False
GROUP_00676,1,train,realwaste,Paper,False,False
GROUP_00677,1,val,realwaste,Plastic,False,False
GROUP_00678,1,train,realwaste,Vegetation,False,False
GROUP_00679,1,val,realwaste,Vegetation,False,False
GROUP_00680,1,val,ewaste,Large Electronic Appliance,False,False
GROUP_00681,1,test,realwaste,Metal,False,False
GROUP_00682,1,train,realwaste,Residual,False,False
GROUP_00683,1,train,ewaste,Electronic Device,False,False
GROUP_00684,1,val,trashnet,Paper,False,False
GROUP_00685,1,test,realwaste,Residual,False,False
GROUP_00686,1,train,ewaste,Electronic Device,False,False
GROUP_00687,1,train,ewaste,Electronic Device,False,False
GROUP_00688,1,train,trashnet,Cardboard,False,False
GROUP_00689,1,train,phenomsg,Residual,False,False
GROUP_00690,1,test,ewaste,Electronic Device,False,False
GROUP_00691,1,val,phenomsg,Organic Stream,False,False
GROUP_00692,1,train,realwaste,Metal,False,False
GROUP_00693,1,train,ewaste,Electronic Device,False,False
GROUP_00694,1,train,phenomsg,Hazardous Waste,False,False
GROUP_00695,1,test,trashnet,Paper,False,False
GROUP_00696,1,train,ewaste,Large Electronic Appliance,False,False
GROUP_00697,1,train,ewaste,Electronic Device,False,False
GROUP_00698,1,val,trashnet,Paper,False,False
GROUP_00699,1,train,realwaste,Cardboard,False,False
GROUP_00700,1,test,phenomsg,Organic Stream,False,False
GROUP_00701,1,test,realwaste,Plastic,False,False
GROUP_00702,1,train,trashnet,Paper,False,False
GROUP_00703,1,train,realwaste,Plastic,False,False
GROUP_00704,1,train,realwaste,Textile,False,False
GROUP_00705,1,train,realwaste,Glass,False,False
GROUP_00706,1,train,phenomsg,Residual,False,False
GROUP_00707,1,test,phenomsg,Organic Stream,False,False
GROUP_00708,1,val,ewaste,Electronic Device,False,False
GROUP_00709,1,train,phenomsg,Hazardous Waste,False,False
GROUP_00710,1,val,realwaste,Cardboard,False,False
GROUP_00711,1,val,ewaste,Large Electronic Appliance,False,False
GROUP_00712,1,train,realwaste,Metal,False,False
GROUP_00713,1,train,ewaste,Large Electronic Appliance,False,False
GROUP_00714,1,val,realwaste,Cardboard,False,False
GROUP_00715,1,train,realwaste,Plastic,False,False
GROUP_00716,1,train,ewaste,Electronic Device,False,False
GROUP_00717,1,train,realwaste,Glass,False,False
GROUP_00718,1,train,ewaste,Electronic Device,False,False
GROUP_00719,1,train,ewaste,Electronic Device,False,False
GROUP_00720,1,train,realwaste,Cardboard,False,False
GROUP_00721,1,train,phenomsg,Recyclable Stream,False,False
GROUP_00722,1,train,realwaste,Plastic,False,False
GROUP_00723,1,val,realwaste,Plastic,False,False
GROUP_00724,1,train,phenomsg,Organic Stream,False,False
GROUP_00725,1,test,ewaste,Electronic Device,False,False
GROUP_00726,1,test,realwaste,Glass,False,False
GROUP_00727,2,train,phenomsg,Hazardous Waste,True,True
GROUP_00728,3,train,phenomsg,Hazardous Waste|Organic Stream,True,True
GROUP_00729,1,train,ewaste,Large Electronic Appliance,False,False
GROUP_00730,1,train,ewaste,Electronic Device,False,False
GROUP_00731,2,train,phenomsg,Hazardous Waste,True,True
GROUP_00732,1,train,trashnet,Glass,False,False
GROUP_00733,2,train,phenomsg,Hazardous Waste,True,True
GROUP_00734,1,train,realwaste,Textile,False,False
GROUP_00735,1,val,trashnet,Metal,False,False
GROUP_00736,1,train,realwaste,Food Organics,False,False
GROUP_00737,1,test,realwaste,Plastic,False,False
GROUP_00738,1,train,realwaste,Textile,False,False
GROUP_00739,1,train,realwaste,Plastic,False,False
GROUP_00740,1,test,realwaste,Vegetation,False,False
GROUP_00741,1,train,trashnet,Plastic,False,False
GROUP_00742,1,train,ewaste,Electronic Device,False,False
GROUP_00743,1,test,phenomsg,Residual,False,False
GROUP_00744,1,train,realwaste,Metal,False,False
GROUP_00745,2,train,phenomsg,Hazardous Waste,True,True
GROUP_00746,1,val,realwaste,Textile,False,False
GROUP_00747,1,train,ewaste,Electronic Component,False,False
GROUP_00748,1,test,ewaste,Battery,False,False
GROUP_00749,1,train,trashnet,Glass,False,False
GROUP_00750,1,train,trashnet,Paper,False,False
GROUP_00751,1,val,trashnet,Residual,False,False
GROUP_00752,1,train,realwaste,Plastic,False,False
GROUP_00753,1,train,phenomsg,Organic Stream,False,False
GROUP_00754,1,val,phenomsg,Recyclable Stream,False,False
GROUP_00755,1,test,realwaste,Glass,False,False
GROUP_00756,1,train,realwaste,Plastic,False,False
GROUP_00757,1,train,trashnet,Paper,False,False
GROUP_00758,1,train,trashnet,Glass,False,False
GROUP_00759,1,train,trashnet,Paper,False,False
GROUP_00760,2,train,phenomsg,Hazardous Waste,True,True
GROUP_00761,1,train,trashnet,Plastic,False,False
GROUP_00762,1,train,ewaste,Electronic Device,False,False
GROUP_00763,1,train,ewaste,Electronic Component,False,False
GROUP_00764,1,train,realwaste,Residual,False,False
GROUP_00765,1,train,realwaste,Plastic,False,False
GROUP_00766,1,train,ewaste,Large Electronic Appliance,False,False
GROUP_00767,1,train,realwaste,Metal,False,False
GROUP_00768,1,train,realwaste,Metal,False,False
GROUP_00769,1,train,ewaste,Large Electronic Appliance,False,False
GROUP_00770,1,train,realwaste,Textile,False,False
GROUP_00771,1,train,trashnet,Glass,False,False
GROUP_00772,1,train,trashnet,Glass,False,False
GROUP_00773,1,val,trashnet,Paper,False,False
GROUP_00774,1,test,ewaste,Electronic Device,False,False
GROUP_00775,1,test,ewaste,Large Electronic Appliance,False,False
GROUP_00776,1,test,ewaste,Large Electronic Appliance,False,False
GROUP_00777,1,train,phenomsg,Residual,False,False
GROUP_00778,2,train,ewaste,Large Electronic Appliance,False,True
GROUP_00779,1,train,realwaste,Vegetation,False,False
GROUP_00780,1,train,ewaste,Electronic Device,False,False
GROUP_00781,1,train,realwaste,Plastic,False,False
GROUP_00782,4,train,ewaste,Electronic Device,True,True
GROUP_00783,1,train,ewaste,Electronic Device,False,False
GROUP_00784,1,test,ewaste,Electronic Component,False,False
GROUP_00785,1,train,ewaste,Electronic Device,False,False
GROUP_00786,1,train,ewaste,Electronic Component,False,False
GROUP_00787,1,val,trashnet,Glass,False,False
GROUP_00788,1,val,ewaste,Battery,False,False
GROUP_00789,1,train,ewaste,Large Electronic Appliance,False,False
GROUP_00790,1,train,realwaste,Plastic,False,False
GROUP_00791,1,train,trashnet,Metal,False,False
GROUP_00792,1,train,realwaste,Vegetation,False,False
GROUP_00793,1,train,realwaste,Vegetation,False,False
GROUP_00794,1,train,phenomsg,Organic Stream,False,False
GROUP_00795,1,train,trashnet,Cardboard,False,False
GROUP_00796,1,val,trashnet,Paper,False,False
GROUP_00797,1,train,trashnet,Metal,False,False
GROUP_00798,1,test,trashnet,Cardboard,False,False
GROUP_00799,1,val,ewaste,Electronic Device,False,False
GROUP_00800,1,train,realwaste,Plastic,False,False
GROUP_00801,1,train,ewaste,Electronic Device,False,False
GROUP_00802,1,train,ewaste,Large Electronic Appliance,False,False
GROUP_00803,1,val,phenomsg,Hazardous Waste,False,False
GROUP_00804,1,val,phenomsg,Organic Stream,False,False
GROUP_00805,1,train,trashnet,Glass,False,False
GROUP_00806,1,train,ewaste,Large Electronic Appliance,False,False
GROUP_00807,1,train,realwaste,Plastic,False,False
GROUP_00808,1,test,realwaste,Food Organics,False,False
GROUP_00809,1,train,realwaste,Residual,False,False
GROUP_00810,1,val,realwaste,Paper,False,False
GROUP_00811,1,train,trashnet,Plastic,False,False
GROUP_00812,1,train,trashnet,Glass,False,False
GROUP_00813,1,train,ewaste,Battery,False,False
GROUP_00814,1,val,trashnet,Paper,False,False
GROUP_00815,1,test,realwaste,Plastic,False,False
GROUP_00816,3,train,ewaste,Electronic Device,True,True
GROUP_00817,1,train,phenomsg,Organic Stream,False,False
GROUP_00818,1,train,realwaste,Food Organics,False,False
GROUP_00819,1,train,phenomsg,Recyclable Stream,False,False
GROUP_00820,1,train,ewaste,Electronic Device,False,False
GROUP_00821,1,test,phenomsg,Organic Stream,False,False
GROUP_00822,1,train,realwaste,Plastic,False,False
GROUP_00823,2,train,phenomsg,Hazardous Waste,True,True
GROUP_00824,1,test,phenomsg,Residual,False,False
GROUP_00825,1,train,trashnet,Plastic,False,False
GROUP_00826,1,train,ewaste,Electronic Device,False,False
GROUP_00827,1,train,realwaste,Metal,False,False
GROUP_00828,1,val,trashnet,Plastic,False,False
GROUP_00829,1,train,trashnet,Glass,False,False
GROUP_00830,1,train,phenomsg,Recyclable Stream,False,False
GROUP_00831,1,train,trashnet,Cardboard,False,False
GROUP_00832,1,train,ewaste,Large Electronic Appliance,False,False
GROUP_00833,1,test,realwaste,Residual,False,False
GROUP_00834,1,test,ewaste,Electronic Device,False,False
GROUP_00835,1,val,ewaste,Electronic Device,False,False
GROUP_00836,1,train,realwaste,Metal,False,False
GROUP_00837,1,train,trashnet,Metal,False,False
GROUP_00838,1,train,phenomsg,Organic Stream,False,False
GROUP_00839,2,train,phenomsg,Hazardous Waste,True,True
GROUP_00840,1,val,ewaste,Large Electronic Appliance,False,False
GROUP_00841,1,val,trashnet,Residual,False,False
GROUP_00842,1,val,phenomsg,Organic Stream,False,False
GROUP_00843,1,train,realwaste,Cardboard,False,False
GROUP_00844,1,train,ewaste,Large Electronic Appliance,False,False
GROUP_00845,1,test,ewaste,Large Electronic Appliance,False,False
GROUP_00846,1,train,phenomsg,Organic Stream,False,False
GROUP_00847,2,train,ewaste,Electronic Device,False,True
GROUP_00848,1,train,phenomsg,Organic Stream,False,False
GROUP_00849,1,val,realwaste,Vegetation,False,False
GROUP_00850,1,train,trashnet,Cardboard,False,False
GROUP_00851,1,train,phenomsg,Recyclable Stream,False,False
GROUP_00852,1,train,trashnet,Glass,False,False
GROUP_00853,1,train,realwaste,Metal,False,False
GROUP_00854,1,test,ewaste,Large Electronic Appliance,False,False
GROUP_00855,1,train,ewaste,Electronic Device,False,False
GROUP_00856,1,train,ewaste,Large Electronic Appliance,False,False
GROUP_00857,2,train,phenomsg,Hazardous Waste,True,True
GROUP_00858,1,train,ewaste,Large Electronic Appliance,False,False
GROUP_00859,1,train,trashnet,Paper,False,False
GROUP_00860,1,train,ewaste,Battery,False,False
GROUP_00861,1,test,phenomsg,Residual,False,False
GROUP_00862,1,train,phenomsg,Recyclable Stream,False,False
GROUP_00863,1,train,phenomsg,Organic Stream,False,False
GROUP_00864,1,train,phenomsg,Recyclable Stream,False,False
GROUP_00865,1,train,trashnet,Glass,False,False
GROUP_00866,1,test,trashnet,Paper,False,False
GROUP_00867,1,train,trashnet,Plastic,False,False
GROUP_00868,1,train,ewaste,Electronic Device,False,False
GROUP_00869,1,train,realwaste,Paper,False,False
GROUP_00870,1,train,phenomsg,Hazardous Waste,False,False
GROUP_00871,1,train,phenomsg,Residual,False,False
GROUP_00872,1,train,realwaste,Residual,False,False
GROUP_00873,2,train,ewaste,Large Electronic Appliance,False,True
GROUP_00874,4,train,phenomsg,Hazardous Waste,True,True
GROUP_00875,1,train,trashnet,Metal,False,False
GROUP_00876,1,train,realwaste,Metal,False,False
GROUP_00877,1,val,realwaste,Residual,False,False
GROUP_00878,1,val,trashnet,Glass,False,False
GROUP_00879,2,train,phenomsg,Hazardous Waste,True,True
GROUP_00880,1,val,phenomsg,Organic Stream,False,False
GROUP_00881,1,test,realwaste,Cardboard,False,False
GROUP_00882,1,train,trashnet,Metal,False,False
GROUP_00883,1,train,realwaste,Residual,False,False
GROUP_00884,1,train,realwaste,Metal,False,False
GROUP_00885,1,train,realwaste,Paper,False,False
GROUP_00886,1,train,realwaste,Plastic,False,False
GROUP_00887,1,train,trashnet,Metal,False,False
GROUP_00888,1,train,trashnet,Paper,False,False
GROUP_00889,1,train,phenomsg,Organic Stream,False,False
GROUP_00890,1,train,phenomsg,Organic Stream,False,False
GROUP_00891,1,train,phenomsg,Recyclable Stream,False,False
GROUP_00892,1,train,ewaste,Electronic Device,False,False
GROUP_00893,1,train,ewaste,Battery,False,False
GROUP_00894,1,train,ewaste,Electronic Device,False,False
GROUP_00895,1,train,ewaste,Electronic Component,False,False
GROUP_00896,1,train,phenomsg,Hazardous Waste,False,False
GROUP_00897,1,train,phenomsg,Hazardous Waste,False,False
GROUP_00898,1,train,phenomsg,Organic Stream,False,False
GROUP_00899,1,train,phenomsg,Hazardous Waste,False,False
GROUP_00900,1,val,phenomsg,Organic Stream,False,False
GROUP_00901,1,train,realwaste,Food Organics,False,False
GROUP_00902,1,train,phenomsg,Residual,False,False
GROUP_00903,2,train,ewaste,Electronic Device,False,True
GROUP_00904,1,test,ewaste,Electronic Device,False,False
GROUP_00905,1,val,realwaste,Cardboard,False,False
GROUP_00906,1,test,realwaste,Food Organics,False,False
GROUP_00907,1,val,realwaste,Food Organics,False,False
GROUP_00908,1,test,realwaste,Paper,False,False
GROUP_00909,1,train,realwaste,Textile,False,False
GROUP_00910,1,train,realwaste,Vegetation,False,False
GROUP_00911,1,train,ewaste,Electronic Device,False,False
GROUP_00912,1,val,phenomsg,Hazardous Waste,False,False
GROUP_00913,1,train,realwaste,Metal,False,False
GROUP_00914,1,train,trashnet,Cardboard,False,False
GROUP_00915,1,train,trashnet,Glass,False,False
GROUP_00916,1,val,realwaste,Cardboard,False,False
GROUP_00917,1,train,realwaste,Vegetation,False,False
GROUP_00918,1,train,ewaste,Electronic Device,False,False
GROUP_00919,1,train,ewaste,Electronic Device,False,False
GROUP_00920,1,test,realwaste,Paper,False,False
GROUP_00921,1,train,realwaste,Vegetation,False,False
GROUP_00922,1,train,trashnet,Paper,False,False
GROUP_00923,1,val,realwaste,Plastic,False,False
GROUP_00924,1,train,ewaste,Electronic Device,False,False
GROUP_00925,1,train,realwaste,Plastic,False,False
GROUP_00926,1,train,realwaste,Metal,False,False
GROUP_00927,1,test,ewaste,Electronic Device,False,False
GROUP_00928,1,train,ewaste,Electronic Component,False,False
GROUP_00929,1,test,ewaste,Large Electronic Appliance,False,False
GROUP_00930,1,train,trashnet,Cardboard,False,False
GROUP_00931,1,train,realwaste,Cardboard,False,False
GROUP_00932,1,test,ewaste,Electronic Device,False,False
GROUP_00933,1,train,realwaste,Metal,False,False
GROUP_00934,1,train,realwaste,Vegetation,False,False
GROUP_00935,1,test,phenomsg,Recyclable Stream,False,False
GROUP_00936,1,val,realwaste,Plastic,False,False
GROUP_00937,1,train,trashnet,Plastic,False,False
GROUP_00938,2,train,phenomsg,Hazardous Waste,True,True
GROUP_00939,1,train,trashnet,Cardboard,False,False
GROUP_00940,1,train,phenomsg,Recyclable Stream,False,False
GROUP_00941,2,train,realwaste,Plastic|Textile,False,True
GROUP_00942,1,test,realwaste,Plastic,False,False
GROUP_00943,1,train,realwaste,Vegetation,False,False
GROUP_00944,1,train,realwaste,Plastic,False,False
GROUP_00945,1,test,realwaste,Textile,False,False
GROUP_00946,1,test,realwaste,Textile,False,False
GROUP_00947,1,train,trashnet,Cardboard,False,False
GROUP_00948,2,train,phenomsg,Hazardous Waste,True,True
GROUP_00949,1,train,realwaste,Food Organics,False,False
GROUP_00950,1,train,realwaste,Plastic,False,False
GROUP_00951,1,train,phenomsg,Residual,False,False
GROUP_00952,1,test,trashnet,Paper,False,False
GROUP_00953,1,train,ewaste,Electronic Device,False,False
GROUP_00954,1,train,realwaste,Residual,False,False
GROUP_00955,1,test,realwaste,Residual,False,False
GROUP_00956,1,test,realwaste,Food Organics,False,False
GROUP_00957,1,train,realwaste,Plastic,False,False
GROUP_00958,2,train,phenomsg,Hazardous Waste,True,True
GROUP_00959,1,train,trashnet,Glass,False,False
GROUP_00960,1,train,phenomsg,Recyclable Stream,False,False
GROUP_00961,1,train,realwaste,Vegetation,False,False
GROUP_00962,1,train,ewaste,Electronic Device,False,False
GROUP_00963,1,test,phenomsg,Organic Stream,False,False
GROUP_00964,1,train,trashnet,Paper,False,False
GROUP_00965,2,train,phenomsg,Hazardous Waste,True,True
GROUP_00966,1,test,realwaste,Textile,False,False
GROUP_00967,1,val,ewaste,Electronic Device,False,False
GROUP_00968,2,train,phenomsg,Hazardous Waste,True,True
GROUP_00969,1,train,trashnet,Glass,False,False
GROUP_00970,1,train,ewaste,Electronic Device,False,False
GROUP_00971,1,test,trashnet,Metal,False,False
GROUP_00972,1,train,trashnet,Residual,False,False
GROUP_00973,1,train,trashnet,Metal,False,False
GROUP_00974,1,val,realwaste,Plastic,False,False
GROUP_00975,1,train,trashnet,Glass,False,False
GROUP_00976,1,train,realwaste,Plastic,False,False
GROUP_00977,1,train,ewaste,Electronic Device,False,False
GROUP_00978,1,val,realwaste,Residual,False,False
GROUP_00979,1,train,trashnet,Metal,False,False
GROUP_00980,1,val,ewaste,Electronic Device,False,False
GROUP_00981,1,train,ewaste,Large Electronic Appliance,False,False
GROUP_00982,1,train,phenomsg,Organic Stream,False,False
GROUP_00983,1,train,phenomsg,Organic Stream,False,False
GROUP_00984,1,val,trashnet,Glass,False,False
GROUP_00985,1,train,realwaste,Metal,False,False
GROUP_00986,1,train,ewaste,Large Electronic Appliance,False,False
GROUP_00987,1,train,realwaste,Vegetation,False,False
GROUP_00988,1,train,phenomsg,Residual,False,False
GROUP_00989,1,train,trashnet,Plastic,False,False
GROUP_00990,1,val,trashnet,Metal,False,False
GROUP_00991,2,train,phenomsg,Hazardous Waste,True,True
GROUP_00992,1,train,realwaste,Residual,False,False
GROUP_00993,1,test,phenomsg,Hazardous Waste,False,False
GROUP_00994,1,train,realwaste,Vegetation,False,False
GROUP_00995,1,test,phenomsg,Recyclable Stream,False,False
GROUP_00996,1,test,ewaste,Large Electronic Appliance,False,False
GROUP_00997,1,val,ewaste,Electronic Device,False,False
GROUP_00998,1,train,trashnet,Cardboard,False,False
GROUP_00999,1,train,phenomsg,Recyclable Stream,False,False
GROUP_01000,1,train,trashnet,Plastic,False,False
GROUP_01001,1,train,phenomsg,Organic Stream,False,False
GROUP_01002,1,val,ewaste,Electronic Device,False,False
GROUP_01003,1,train,realwaste,Food Organics,False,False
GROUP_01004,1,train,ewaste,Electronic Device,False,False
GROUP_01005,1,train,realwaste,Cardboard,False,False
GROUP_01006,1,train,realwaste,Vegetation,False,False
GROUP_01007,1,train,phenomsg,Recyclable Stream,False,False
GROUP_01008,1,train,trashnet,Plastic,False,False
GROUP_01009,1,val,ewaste,Electronic Device,False,False
GROUP_01010,1,train,realwaste,Paper,False,False
GROUP_01011,1,test,realwaste,Plastic,False,False
GROUP_01012,1,test,realwaste,Cardboard,False,False
GROUP_01013,1,val,realwaste,Metal,False,False
GROUP_01014,1,val,trashnet,Paper,False,False
GROUP_01015,1,train,phenomsg,Hazardous Waste,False,False
GROUP_01016,1,val,realwaste,Residual,False,False
GROUP_01017,1,train,phenomsg,Residual,False,False
GROUP_01018,1,train,phenomsg,Recyclable Stream,False,False
GROUP_01019,1,test,ewaste,Electronic Component,False,False
GROUP_01020,2,train,phenomsg,Hazardous Waste,True,True
GROUP_01021,1,train,trashnet,Plastic,False,False
GROUP_01022,1,val,phenomsg,Hazardous Waste,False,False
GROUP_01023,1,train,trashnet,Plastic,False,False
GROUP_01024,1,train,ewaste,Large Electronic Appliance,False,False
GROUP_01025,1,train,ewaste,Large Electronic Appliance,False,False
GROUP_01026,1,test,realwaste,Plastic,False,False
GROUP_01027,1,val,trashnet,Plastic,False,False
GROUP_01028,1,train,trashnet,Residual,False,False
GROUP_01029,1,test,phenomsg,Hazardous Waste,False,False
GROUP_01030,1,train,phenomsg,Recyclable Stream,False,False
GROUP_01031,1,train,trashnet,Cardboard,False,False
GROUP_01032,1,train,realwaste,Paper,False,False
GROUP_01033,1,train,trashnet,Plastic,False,False
GROUP_01034,1,test,realwaste,Residual,False,False
GROUP_01035,1,train,trashnet,Glass,False,False
GROUP_01036,1,train,trashnet,Paper,False,False
GROUP_01037,1,train,ewaste,Electronic Device,False,False
GROUP_01038,1,train,trashnet,Plastic,False,False
GROUP_01039,1,val,ewaste,Electronic Device,False,False
GROUP_01040,1,train,realwaste,Plastic,False,False
GROUP_01041,2,train,phenomsg,Hazardous Waste,True,True
GROUP_01042,1,train,phenomsg,Recyclable Stream,False,False
GROUP_01043,1,train,trashnet,Metal,False,False
GROUP_01044,1,val,phenomsg,Hazardous Waste,False,False
GROUP_01045,1,train,realwaste,Residual,False,False
GROUP_01046,1,val,realwaste,Glass,False,False
GROUP_01047,1,train,ewaste,Battery,False,False
GROUP_01048,1,train,ewaste,Large Electronic Appliance,False,False
GROUP_01049,1,train,ewaste,Electronic Device,False,False
GROUP_01050,1,train,phenomsg,Organic Stream,False,False
GROUP_01051,1,train,ewaste,Electronic Component,False,False
GROUP_01052,1,train,trashnet,Paper,False,False
GROUP_01053,1,train,ewaste,Large Electronic Appliance,False,False
GROUP_01054,1,train,ewaste,Electronic Device,False,False
GROUP_01055,2,train,phenomsg,Hazardous Waste,True,True
GROUP_01056,2,train,phenomsg,Hazardous Waste,True,True
GROUP_01057,1,train,phenomsg,Recyclable Stream,False,False
GROUP_01058,1,train,ewaste,Electronic Device,False,False
GROUP_01059,1,train,realwaste,Plastic,False,False
GROUP_01060,3,train,realwaste,Metal,False,True
GROUP_01061,1,train,trashnet,Residual,False,False
GROUP_01062,1,train,realwaste,Paper,False,False
GROUP_01063,1,train,trashnet,Paper,False,False
GROUP_01064,1,train,realwaste,Paper,False,False
GROUP_01065,1,train,realwaste,Plastic,False,False
GROUP_01066,1,test,trashnet,Glass,False,False
GROUP_01067,1,train,realwaste,Cardboard,False,False
GROUP_01068,1,val,trashnet,Metal,False,False
GROUP_01069,1,train,realwaste,Plastic,False,False
GROUP_01070,1,train,phenomsg,Organic Stream,False,False
GROUP_01071,1,val,realwaste,Food Organics,False,False
GROUP_01072,1,test,realwaste,Food Organics,False,False
GROUP_01073,1,train,realwaste,Plastic,False,False
GROUP_01074,1,test,ewaste,Battery,False,False
GROUP_01075,1,train,ewaste,Electronic Device,False,False
GROUP_01076,1,train,phenomsg,Residual,False,False
GROUP_01077,1,train,ewaste,Large Electronic Appliance,False,False
GROUP_01078,1,train,realwaste,Residual,False,False
GROUP_01079,1,train,ewaste,Large Electronic Appliance,False,False
GROUP_01080,1,train,ewaste,Electronic Component,False,False
GROUP_01081,1,test,realwaste,Residual,False,False
GROUP_01082,1,train,trashnet,Plastic,False,False
GROUP_01083,1,test,realwaste,Vegetation,False,False
GROUP_01084,1,train,trashnet,Paper,False,False
GROUP_01085,1,train,realwaste,Food Organics,False,False
GROUP_01086,1,test,realwaste,Glass,False,False
GROUP_01087,1,train,trashnet,Metal,False,False
GROUP_01088,1,test,phenomsg,Organic Stream,False,False
GROUP_01089,1,train,realwaste,Vegetation,False,False
GROUP_01090,1,test,trashnet,Plastic,False,False
GROUP_01091,1,test,realwaste,Glass,False,False
GROUP_01092,1,train,realwaste,Residual,False,False
GROUP_01093,1,train,phenomsg,Residual,False,False
GROUP_01094,1,val,phenomsg,Residual,False,False
GROUP_01095,1,test,realwaste,Cardboard,False,False
GROUP_01096,2,train,phenomsg,Hazardous Waste,True,True
GROUP_01097,1,val,realwaste,Plastic,False,False
GROUP_01098,1,test,trashnet,Cardboard,False,False
GROUP_01099,1,train,realwaste,Metal,False,False
GROUP_01100,1,train,trashnet,Glass,False,False
GROUP_01101,1,train,ewaste,Electronic Device,False,False
GROUP_01102,1,train,ewaste,Large Electronic Appliance,False,False
GROUP_01103,1,train,phenomsg,Recyclable Stream,False,False
GROUP_01104,1,train,realwaste,Metal,False,False
GROUP_01105,1,test,realwaste,Plastic,False,False
GROUP_01106,1,train,trashnet,Metal,False,False
GROUP_01107,1,train,phenomsg,Hazardous Waste,False,False
GROUP_01108,1,val,realwaste,Food Organics,False,False
GROUP_01109,2,train,trashnet,Plastic,False,True
GROUP_01110,1,test,trashnet,Paper,False,False
GROUP_01111,1,train,phenomsg,Recyclable Stream,False,False
GROUP_01112,1,test,ewaste,Electronic Device,False,False
GROUP_01113,1,train,realwaste,Vegetation,False,False
GROUP_01114,1,val,realwaste,Glass,False,False
GROUP_01115,1,train,realwaste,Paper,False,False
GROUP_01116,1,train,phenomsg,Recyclable Stream,False,False
GROUP_01117,1,train,realwaste,Glass,False,False
GROUP_01118,1,train,ewaste,Large Electronic Appliance,False,False
GROUP_01119,1,val,realwaste,Paper,False,False
GROUP_01120,1,train,trashnet,Glass,False,False
GROUP_01121,1,val,ewaste,Electronic Device,False,False
GROUP_01122,1,train,realwaste,Metal,False,False
GROUP_01123,1,train,realwaste,Metal,False,False
GROUP_01124,1,val,realwaste,Residual,False,False
GROUP_01125,1,train,ewaste,Large Electronic Appliance,False,False
GROUP_01126,1,train,phenomsg,Residual,False,False
GROUP_01127,1,test,phenomsg,Organic Stream,False,False
GROUP_01128,1,train,phenomsg,Organic Stream,False,False
GROUP_01129,1,test,phenomsg,Hazardous Waste,False,False
GROUP_01130,1,train,realwaste,Paper,False,False
GROUP_01131,2,train,phenomsg,Hazardous Waste,True,True
GROUP_01132,1,test,ewaste,Electronic Device,False,False
GROUP_01133,1,train,ewaste,Electronic Device,False,False
GROUP_01134,1,train,phenomsg,Residual,False,False
GROUP_01135,1,val,ewaste,Electronic Device,False,False
GROUP_01136,1,train,realwaste,Food Organics,False,False
GROUP_01137,2,train,phenomsg,Organic Stream,True,True
GROUP_01138,1,train,trashnet,Metal,False,False
GROUP_01139,1,test,phenomsg,Organic Stream,False,False
GROUP_01140,1,train,realwaste,Paper,False,False
GROUP_01141,1,train,realwaste,Food Organics,False,False
GROUP_01142,1,val,realwaste,Metal,False,False
GROUP_01143,1,val,ewaste,Large Electronic Appliance,False,False
GROUP_01144,1,train,realwaste,Food Organics,False,False
GROUP_01145,1,val,trashnet,Residual,False,False
GROUP_01146,1,val,realwaste,Paper,False,False
GROUP_01147,1,train,realwaste,Cardboard,False,False
GROUP_01148,1,val,realwaste,Plastic,False,False
GROUP_01149,1,train,realwaste,Plastic,False,False
GROUP_01150,1,train,ewaste,Large Electronic Appliance,False,False
GROUP_01151,1,train,realwaste,Glass,False,False
GROUP_01152,1,train,realwaste,Cardboard,False,False
GROUP_01153,1,train,realwaste,Plastic,False,False
GROUP_01154,1,train,ewaste,Battery,False,False
GROUP_01155,1,train,realwaste,Plastic,False,False
GROUP_01156,1,val,realwaste,Vegetation,False,False
GROUP_01157,1,train,realwaste,Glass,False,False
GROUP_01158,1,test,ewaste,Electronic Device,False,False
GROUP_01159,1,val,realwaste,Food Organics,False,False
GROUP_01160,1,train,trashnet,Cardboard,False,False
GROUP_01161,1,train,trashnet,Glass,False,False
GROUP_01162,1,test,trashnet,Paper,False,False
GROUP_01163,2,train,phenomsg,Organic Stream,False,True
GROUP_01164,1,train,trashnet,Glass,False,False
GROUP_01165,1,test,phenomsg,Recyclable Stream,False,False
GROUP_01166,1,val,trashnet,Glass,False,False
GROUP_01167,1,test,trashnet,Paper,False,False
GROUP_01168,1,test,realwaste,Food Organics,False,False
GROUP_01169,1,test,realwaste,Paper,False,False
GROUP_01170,1,train,trashnet,Cardboard,False,False
GROUP_01171,1,train,trashnet,Plastic,False,False
GROUP_01172,1,train,ewaste,Battery,False,False
GROUP_01173,1,val,ewaste,Large Electronic Appliance,False,False
GROUP_01174,1,train,realwaste,Metal,False,False
GROUP_01175,1,train,phenomsg,Recyclable Stream,False,False
GROUP_01176,1,train,realwaste,Plastic,False,False
GROUP_01177,1,train,trashnet,Metal,False,False
GROUP_01178,1,train,trashnet,Metal,False,False
GROUP_01179,1,train,ewaste,Large Electronic Appliance,False,False
GROUP_01180,1,val,ewaste,Large Electronic Appliance,False,False
GROUP_01181,1,train,realwaste,Metal,False,False
GROUP_01182,1,val,phenomsg,Hazardous Waste,False,False
GROUP_01183,1,train,ewaste,Large Electronic Appliance,False,False
GROUP_01184,1,test,realwaste,Food Organics,False,False
GROUP_01185,1,train,ewaste,Electronic Device,False,False
GROUP_01186,1,val,realwaste,Vegetation,False,False
GROUP_01187,1,train,trashnet,Glass,False,False
GROUP_01188,1,val,realwaste,Vegetation,False,False
GROUP_01189,1,train,realwaste,Food Organics,False,False
GROUP_01190,1,train,realwaste,Paper,False,False
GROUP_01191,1,train,ewaste,Electronic Device,False,False
GROUP_01192,1,test,ewaste,Electronic Device,False,False
GROUP_01193,2,train,ewaste,Electronic Device,False,True
GROUP_01194,1,train,ewaste,Electronic Device,False,False
GROUP_01195,1,train,phenomsg,Organic Stream,False,False
GROUP_01196,1,test,ewaste,Large Electronic Appliance,False,False
GROUP_01197,1,test,phenomsg,Recyclable Stream,False,False
GROUP_01198,1,train,realwaste,Food Organics,False,False
GROUP_01199,1,train,realwaste,Textile,False,False
GROUP_01200,1,train,ewaste,Electronic Device,False,False
GROUP_01201,1,train,trashnet,Cardboard,False,False
GROUP_01202,1,train,realwaste,Residual,False,False
GROUP_01203,1,train,realwaste,Paper,False,False
GROUP_01204,1,train,realwaste,Paper,False,False
GROUP_01205,1,val,realwaste,Cardboard,False,False
GROUP_01206,1,test,realwaste,Glass,False,False
GROUP_01207,1,train,realwaste,Paper,False,False
GROUP_01208,1,train,realwaste,Metal,False,False
GROUP_01209,1,val,realwaste,Metal,False,False
GROUP_01210,2,train,phenomsg,Hazardous Waste,True,True
GROUP_01211,1,train,realwaste,Cardboard,False,False
GROUP_01212,1,train,phenomsg,Organic Stream,False,False
GROUP_01213,1,test,ewaste,Large Electronic Appliance,False,False
GROUP_01214,1,train,realwaste,Residual,False,False
GROUP_01215,1,train,realwaste,Residual,False,False
GROUP_01216,1,test,realwaste,Plastic,False,False
GROUP_01217,1,train,trashnet,Metal,False,False
GROUP_01218,1,val,realwaste,Plastic,False,False
GROUP_01219,1,train,realwaste,Paper,False,False
GROUP_01220,1,test,trashnet,Cardboard,False,False
GROUP_01221,1,test,phenomsg,Organic Stream,False,False
GROUP_01222,1,train,realwaste,Textile,False,False
GROUP_01223,1,train,realwaste,Textile,False,False
GROUP_01224,1,train,trashnet,Plastic,False,False
GROUP_01225,1,train,realwaste,Cardboard,False,False
GROUP_01226,1,train,realwaste,Textile,False,False
GROUP_01227,1,test,ewaste,Electronic Device,False,False
GROUP_01228,2,train,phenomsg,Hazardous Waste,True,True
GROUP_01229,1,train,ewaste,Large Electronic Appliance,False,False
GROUP_01230,1,test,realwaste,Textile,False,False
GROUP_01231,1,train,phenomsg,Residual,False,False
GROUP_01232,1,train,ewaste,Large Electronic Appliance,False,False
GROUP_01233,1,train,realwaste,Metal,False,False
GROUP_01234,1,train,realwaste,Textile,False,False
GROUP_01235,1,val,realwaste,Vegetation,False,False
GROUP_01236,1,test,realwaste,Paper,False,False
GROUP_01237,1,train,trashnet,Cardboard,False,False
GROUP_01238,1,train,realwaste,Cardboard,False,False
GROUP_01239,1,train,phenomsg,Residual,False,False
GROUP_01240,1,val,ewaste,Large Electronic Appliance,False,False
GROUP_01241,2,train,phenomsg,Hazardous Waste,True,True
GROUP_01242,1,train,phenomsg,Residual,False,False
GROUP_01243,1,train,trashnet,Metal,False,False
GROUP_01244,1,val,trashnet,Plastic,False,False
GROUP_01245,1,train,phenomsg,Recyclable Stream,False,False
GROUP_01246,1,train,trashnet,Paper,False,False
GROUP_01247,1,train,realwaste,Residual,False,False
GROUP_01248,1,train,ewaste,Electronic Device,False,False
GROUP_01249,1,val,realwaste,Residual,False,False
GROUP_01250,1,train,phenomsg,Recyclable Stream,False,False
GROUP_01251,1,train,realwaste,Plastic,False,False
GROUP_01252,1,train,phenomsg,Organic Stream,False,False
GROUP_01253,1,train,ewaste,Large Electronic Appliance,False,False
GROUP_01254,1,train,realwaste,Vegetation,False,False
GROUP_01255,1,train,realwaste,Cardboard,False,False
GROUP_01256,1,val,phenomsg,Recyclable Stream,False,False
GROUP_01257,2,train,realwaste,Cardboard|Metal,False,True
GROUP_01258,1,train,realwaste,Plastic,False,False
GROUP_01259,2,train,phenomsg,Hazardous Waste,True,True
GROUP_01260,1,val,trashnet,Glass,False,False
GROUP_01261,1,train,trashnet,Paper,False,False
GROUP_01262,1,val,trashnet,Metal,False,False
GROUP_01263,1,test,phenomsg,Recyclable Stream,False,False
GROUP_01264,1,test,realwaste,Paper,False,False
GROUP_01265,1,val,trashnet,Glass,False,False
GROUP_01266,1,val,realwaste,Plastic,False,False
GROUP_01267,1,train,ewaste,Battery,False,False
GROUP_01268,1,test,realwaste,Metal,False,False
GROUP_01269,1,train,trashnet,Paper,False,False
GROUP_01270,1,train,trashnet,Metal,False,False
GROUP_01271,1,train,realwaste,Paper,False,False
GROUP_01272,1,train,trashnet,Metal,False,False
GROUP_01273,1,train,realwaste,Plastic,False,False
GROUP_01274,1,val,phenomsg,Organic Stream,False,False
GROUP_01275,1,train,trashnet,Cardboard,False,False
GROUP_01276,1,train,realwaste,Plastic,False,False
GROUP_01277,1,train,ewaste,Electronic Device,False,False
GROUP_01278,1,val,realwaste,Paper,False,False
GROUP_01279,1,val,realwaste,Plastic,False,False
GROUP_01280,1,val,trashnet,Plastic,False,False
GROUP_01281,1,test,ewaste,Battery,False,False
GROUP_01282,1,test,trashnet,Residual,False,False
GROUP_01283,1,train,ewaste,Battery,False,False
GROUP_01284,1,train,ewaste,Electronic Device,False,False
GROUP_01285,1,train,ewaste,Electronic Device,False,False
GROUP_01286,1,train,ewaste,Electronic Component,False,False
GROUP_01287,1,train,phenomsg,Residual,False,False
GROUP_01288,1,train,ewaste,Electronic Device,False,False
GROUP_01289,1,train,realwaste,Metal,False,False
GROUP_01290,1,train,realwaste,Textile,False,False
GROUP_01291,1,train,phenomsg,Recyclable Stream,False,False
GROUP_01292,1,train,realwaste,Paper,False,False
GROUP_01293,1,train,ewaste,Electronic Device,False,False
GROUP_01294,1,train,trashnet,Glass,False,False
GROUP_01295,1,train,realwaste,Vegetation,False,False
GROUP_01296,1,test,trashnet,Residual,False,False
GROUP_01297,2,train,phenomsg,Hazardous Waste,True,True
GROUP_01298,1,train,realwaste,Cardboard,False,False
GROUP_01299,1,train,phenomsg,Recyclable Stream,False,False
GROUP_01300,1,test,realwaste,Vegetation,False,False
GROUP_01301,1,val,realwaste,Textile,False,False
GROUP_01302,1,train,phenomsg,Organic Stream,False,False
GROUP_01303,1,train,ewaste,Large Electronic Appliance,False,False
GROUP_01304,1,val,realwaste,Metal,False,False
GROUP_01305,1,train,realwaste,Glass,False,False
GROUP_01306,1,train,ewaste,Electronic Device,False,False
GROUP_01307,1,train,realwaste,Plastic,False,False
GROUP_01308,2,train,phenomsg,Recyclable Stream,True,True
GROUP_01309,1,train,realwaste,Plastic,False,False
GROUP_01310,1,train,phenomsg,Recyclable Stream,False,False
GROUP_01311,1,train,realwaste,Paper,False,False
GROUP_01312,1,train,phenomsg,Hazardous Waste,False,False
GROUP_01313,1,train,phenomsg,Hazardous Waste,False,False
GROUP_01314,1,val,realwaste,Metal,False,False
GROUP_01315,1,train,phenomsg,Recyclable Stream,False,False
GROUP_01316,1,train,phenomsg,Recyclable Stream,False,False
GROUP_01317,1,train,realwaste,Vegetation,False,False
GROUP_01318,1,train,realwaste,Cardboard,False,False
GROUP_01319,1,val,ewaste,Battery,False,False
GROUP_01320,1,val,phenomsg,Recyclable Stream,False,False
GROUP_01321,1,train,realwaste,Cardboard,False,False
GROUP_01322,1,train,realwaste,Metal,False,False
GROUP_01323,1,train,realwaste,Paper,False,False
GROUP_01324,1,train,ewaste,Battery,False,False
GROUP_01325,1,train,phenomsg,Organic Stream,False,False
GROUP_01326,1,test,realwaste,Glass,False,False
GROUP_01327,1,test,realwaste,Cardboard,False,False
GROUP_01328,1,train,trashnet,Plastic,False,False
GROUP_01329,1,train,ewaste,Electronic Device,False,False
GROUP_01330,1,train,realwaste,Plastic,False,False
GROUP_01331,1,train,phenomsg,Residual,False,False
GROUP_01332,1,train,realwaste,Paper,False,False
GROUP_01333,1,train,ewaste,Electronic Device,False,False
GROUP_01334,1,val,ewaste,Large Electronic Appliance,False,False
GROUP_01335,1,train,realwaste,Glass,False,False
GROUP_01336,1,val,trashnet,Paper,False,False
GROUP_01337,1,val,realwaste,Food Organics,False,False
GROUP_01338,1,train,realwaste,Vegetation,False,False
GROUP_01339,1,train,realwaste,Metal,False,False
GROUP_01340,1,train,trashnet,Glass,False,False
GROUP_01341,1,train,realwaste,Plastic,False,False
GROUP_01342,1,train,phenomsg,Residual,False,False
GROUP_01343,1,train,phenomsg,Recyclable Stream,False,False
GROUP_01344,1,test,realwaste,Metal,False,False
GROUP_01345,1,test,trashnet,Glass,False,False
GROUP_01346,1,val,trashnet,Plastic,False,False
GROUP_01347,1,train,realwaste,Plastic,False,False
GROUP_01348,1,train,ewaste,Battery,False,False
GROUP_01349,1,test,realwaste,Plastic,False,False
GROUP_01350,1,val,phenomsg,Organic Stream,False,False
GROUP_01351,1,val,realwaste,Plastic,False,False
GROUP_01352,1,train,realwaste,Glass,False,False
GROUP_01353,1,test,realwaste,Plastic,False,False
GROUP_01354,1,train,ewaste,Large Electronic Appliance,False,False
GROUP_01355,1,train,phenomsg,Hazardous Waste,False,False
GROUP_01356,1,train,ewaste,Large Electronic Appliance,False,False
GROUP_01357,1,train,realwaste,Residual,False,False
GROUP_01358,1,train,trashnet,Paper,False,False
GROUP_01359,1,train,realwaste,Plastic,False,False
GROUP_01360,1,train,trashnet,Glass,False,False
GROUP_01361,1,train,trashnet,Glass,False,False
GROUP_01362,1,train,realwaste,Cardboard,False,False
GROUP_01363,1,train,trashnet,Plastic,False,False
GROUP_01364,1,train,ewaste,Electronic Device,False,False
GROUP_01365,1,train,trashnet,Cardboard,False,False
GROUP_01366,1,train,realwaste,Metal,False,False
GROUP_01367,1,val,realwaste,Paper,False,False
GROUP_01368,1,train,phenomsg,Recyclable Stream,False,False
GROUP_01369,1,train,ewaste,Battery,False,False
GROUP_01370,1,train,trashnet,Glass,False,False
GROUP_01371,1,train,ewaste,Electronic Device,False,False
GROUP_01372,1,val,ewaste,Large Electronic Appliance,False,False
GROUP_01373,1,train,realwaste,Residual,False,False
GROUP_01374,1,train,ewaste,Large Electronic Appliance,False,False
GROUP_01375,1,train,realwaste,Paper,False,False
GROUP_01376,1,train,trashnet,Glass,False,False
GROUP_01377,1,train,ewaste,Battery,False,False
GROUP_01378,1,train,realwaste,Cardboard,False,False
GROUP_01379,1,train,trashnet,Cardboard,False,False
GROUP_01380,1,train,trashnet,Metal,False,False
GROUP_01381,1,train,ewaste,Electronic Device,False,False
GROUP_01382,1,train,phenomsg,Hazardous Waste,False,False
GROUP_01383,1,val,phenomsg,Residual,False,False
GROUP_01384,1,train,trashnet,Cardboard,False,False
GROUP_01385,1,train,ewaste,Large Electronic Appliance,False,False
GROUP_01386,1,val,realwaste,Plastic,False,False
GROUP_01387,1,train,phenomsg,Hazardous Waste,False,False
GROUP_01388,1,train,realwaste,Vegetation,False,False
GROUP_01389,1,train,realwaste,Plastic,False,False
GROUP_01390,1,train,phenomsg,Organic Stream,False,False
GROUP_01391,1,val,trashnet,Metal,False,False
GROUP_01392,1,train,ewaste,Electronic Device,False,False
GROUP_01393,1,train,ewaste,Electronic Device,False,False
GROUP_01394,1,val,phenomsg,Recyclable Stream,False,False
GROUP_01395,1,val,trashnet,Glass,False,False
GROUP_01396,1,val,phenomsg,Residual,False,False
GROUP_01397,1,train,ewaste,Large Electronic Appliance,False,False
GROUP_01398,1,train,phenomsg,Hazardous Waste,False,False
GROUP_01399,1,test,phenomsg,Recyclable Stream,False,False
GROUP_01400,1,train,trashnet,Paper,False,False
GROUP_01401,1,val,realwaste,Vegetation,False,False
GROUP_01402,1,train,realwaste,Vegetation,False,False
GROUP_01403,1,train,realwaste,Residual,False,False
GROUP_01404,2,train,ewaste,Large Electronic Appliance,False,True
GROUP_01405,1,test,realwaste,Paper,False,False
GROUP_01406,1,test,realwaste,Plastic,False,False
GROUP_01407,1,train,phenomsg,Residual,False,False
GROUP_01408,2,train,phenomsg,Hazardous Waste,True,True
GROUP_01409,1,test,realwaste,Glass,False,False
GROUP_01410,1,train,realwaste,Residual,False,False
GROUP_01411,1,train,trashnet,Metal,False,False
GROUP_01412,1,train,ewaste,Battery,False,False
GROUP_01413,1,train,ewaste,Electronic Device,False,False
GROUP_01414,1,train,trashnet,Residual,False,False
GROUP_01415,1,test,ewaste,Large Electronic Appliance,False,False
GROUP_01416,2,train,phenomsg,Hazardous Waste,True,True
GROUP_01417,1,train,phenomsg,Residual,False,False
GROUP_01418,1,train,ewaste,Electronic Device,False,False
GROUP_01419,1,test,ewaste,Electronic Device,False,False
GROUP_01420,1,train,ewaste,Large Electronic Appliance,False,False
GROUP_01421,1,train,phenomsg,Hazardous Waste,False,False
GROUP_01422,1,val,phenomsg,Organic Stream,False,False
GROUP_01423,1,train,phenomsg,Organic Stream,False,False
GROUP_01424,1,train,phenomsg,Hazardous Waste,False,False
GROUP_01425,1,test,realwaste,Food Organics,False,False
GROUP_01426,1,train,phenomsg,Recyclable Stream,False,False
GROUP_01427,4,train,ewaste,Battery,False,True
GROUP_01428,1,train,ewaste,Electronic Device,False,False
GROUP_01429,1,test,realwaste,Plastic,False,False
GROUP_01430,1,test,realwaste,Cardboard,False,False
GROUP_01431,1,test,ewaste,Large Electronic Appliance,False,False
GROUP_01432,1,train,phenomsg,Organic Stream,False,False
GROUP_01433,1,train,phenomsg,Recyclable Stream,False,False
GROUP_01434,1,train,ewaste,Electronic Device,False,False
GROUP_01435,1,test,ewaste,Battery,False,False
GROUP_01436,1,test,phenomsg,Hazardous Waste,False,False
GROUP_01437,1,train,ewaste,Large Electronic Appliance,False,False
GROUP_01438,1,train,ewaste,Electronic Device,False,False
GROUP_01439,1,val,ewaste,Electronic Device,False,False
GROUP_01440,1,train,phenomsg,Organic Stream,False,False
GROUP_01441,1,test,realwaste,Plastic,False,False
GROUP_01442,1,train,phenomsg,Hazardous Waste,False,False
GROUP_01443,1,train,ewaste,Electronic Component,False,False
GROUP_01444,2,train,phenomsg,Hazardous Waste,True,True
GROUP_01445,1,train,ewaste,Electronic Device,False,False
GROUP_01446,1,train,phenomsg,Organic Stream,False,False
GROUP_01447,1,val,ewaste,Electronic Device,False,False
GROUP_01448,1,train,realwaste,Cardboard,False,False
GROUP_01449,1,test,trashnet,Paper,False,False
GROUP_01450,1,train,realwaste,Cardboard,False,False
GROUP_01451,1,val,trashnet,Glass,False,False
GROUP_01452,1,val,trashnet,Plastic,False,False
GROUP_01453,1,test,realwaste,Glass,False,False
GROUP_01454,1,train,realwaste,Residual,False,False
GROUP_01455,1,val,trashnet,Cardboard,False,False
GROUP_01456,1,train,realwaste,Plastic,False,False
GROUP_01457,1,train,ewaste,Electronic Device,False,False
GROUP_01458,1,train,ewaste,Electronic Device,False,False
GROUP_01459,2,train,phenomsg,Hazardous Waste,True,True
GROUP_01460,1,val,ewaste,Electronic Device,False,False
GROUP_01461,1,val,trashnet,Paper,False,False
GROUP_01462,1,test,ewaste,Electronic Component,False,False
GROUP_01463,1,train,ewaste,Electronic Device,False,False
GROUP_01464,1,train,ewaste,Large Electronic Appliance,False,False
GROUP_01465,1,train,phenomsg,Recyclable Stream,False,False
GROUP_01466,1,train,ewaste,Electronic Device,False,False
GROUP_01467,2,train,phenomsg,Hazardous Waste,True,True
GROUP_01468,1,val,trashnet,Metal,False,False
GROUP_01469,1,train,trashnet,Plastic,False,False
GROUP_01470,1,val,ewaste,Electronic Device,False,False
GROUP_01471,1,train,phenomsg,Residual,False,False
GROUP_01472,1,test,phenomsg,Residual,False,False
GROUP_01473,1,train,realwaste,Plastic,False,False
GROUP_01474,1,val,ewaste,Large Electronic Appliance,False,False
GROUP_01475,1,train,trashnet,Paper,False,False
GROUP_01476,1,train,ewaste,Electronic Device,False,False
GROUP_01477,1,train,phenomsg,Hazardous Waste,False,False
GROUP_01478,1,val,phenomsg,Residual,False,False
GROUP_01479,1,train,phenomsg,Organic Stream,False,False
GROUP_01480,1,val,trashnet,Metal,False,False
GROUP_01481,1,val,realwaste,Food Organics,False,False
GROUP_01482,1,train,trashnet,Metal,False,False
GROUP_01483,1,train,ewaste,Electronic Component,False,False
GROUP_01484,2,train,phenomsg,Hazardous Waste,True,True
GROUP_01485,1,train,realwaste,Residual,False,False
GROUP_01486,1,val,realwaste,Paper,False,False
GROUP_01487,1,test,realwaste,Residual,False,False
GROUP_01488,1,train,trashnet,Plastic,False,False
GROUP_01489,1,val,realwaste,Metal,False,False
GROUP_01490,1,train,ewaste,Battery,False,False
GROUP_01491,1,train,trashnet,Cardboard,False,False
GROUP_01492,1,train,trashnet,Plastic,False,False
GROUP_01493,1,val,phenomsg,Organic Stream,False,False
GROUP_01494,1,train,realwaste,Plastic,False,False
GROUP_01495,1,val,ewaste,Large Electronic Appliance,False,False
GROUP_01496,1,train,ewaste,Electronic Device,False,False
GROUP_01497,1,train,ewaste,Electronic Device,False,False
GROUP_01498,1,train,ewaste,Electronic Device,False,False
GROUP_01499,1,train,ewaste,Electronic Device,False,False
GROUP_01500,1,test,realwaste,Metal,False,False
GROUP_01501,2,train,trashnet,Paper,False,True
GROUP_01502,1,train,realwaste,Textile,False,False
GROUP_01503,1,train,realwaste,Food Organics,False,False
GROUP_01504,1,train,phenomsg,Organic Stream,False,False
GROUP_01505,1,train,ewaste,Large Electronic Appliance,False,False
GROUP_01506,1,val,realwaste,Cardboard,False,False
GROUP_01507,1,train,realwaste,Food Organics,False,False
GROUP_01508,1,train,realwaste,Paper,False,False
GROUP_01509,1,test,realwaste,Vegetation,False,False
GROUP_01510,1,train,ewaste,Battery,False,False
GROUP_01511,2,train,ewaste,Electronic Device,False,True
GROUP_01512,1,test,realwaste,Food Organics,False,False
GROUP_01513,1,train,ewaste,Large Electronic Appliance,False,False
GROUP_01514,2,train,phenomsg,Hazardous Waste,True,True
GROUP_01515,1,train,phenomsg,Recyclable Stream,False,False
GROUP_01516,1,test,phenomsg,Residual,False,False
GROUP_01517,1,train,ewaste,Large Electronic Appliance,False,False
GROUP_01518,1,train,ewaste,Electronic Device,False,False
GROUP_01519,1,val,trashnet,Glass,False,False
GROUP_01520,1,train,trashnet,Cardboard,False,False
GROUP_01521,1,train,realwaste,Cardboard,False,False
GROUP_01522,1,test,phenomsg,Organic Stream,False,False
GROUP_01523,1,train,realwaste,Vegetation,False,False
GROUP_01524,1,test,trashnet,Residual,False,False
GROUP_01525,1,train,trashnet,Paper,False,False
GROUP_01526,2,train,phenomsg,Hazardous Waste,True,True
GROUP_01527,1,train,realwaste,Vegetation,False,False
GROUP_01528,1,test,phenomsg,Recyclable Stream,False,False
GROUP_01529,1,test,trashnet,Plastic,False,False
GROUP_01530,1,train,trashnet,Paper,False,False
GROUP_01531,1,train,phenomsg,Residual,False,False
GROUP_01532,1,test,ewaste,Electronic Component,False,False
GROUP_01533,2,train,phenomsg,Hazardous Waste,True,True
GROUP_01534,1,train,realwaste,Paper,False,False
GROUP_01535,2,train,phenomsg,Hazardous Waste,True,True
GROUP_01536,1,train,phenomsg,Recyclable Stream,False,False
GROUP_01537,1,test,realwaste,Paper,False,False
GROUP_01538,3,train,ewaste,Electronic Device,True,True
GROUP_01539,1,val,phenomsg,Residual,False,False
GROUP_01540,1,train,phenomsg,Hazardous Waste,False,False
GROUP_01541,2,train,phenomsg,Hazardous Waste,True,True
GROUP_01542,1,train,trashnet,Cardboard,False,False
GROUP_01543,1,train,realwaste,Plastic,False,False
GROUP_01544,1,val,realwaste,Cardboard,False,False
GROUP_01545,1,train,phenomsg,Residual,False,False
GROUP_01546,1,train,trashnet,Plastic,False,False
GROUP_01547,1,train,phenomsg,Residual,False,False
GROUP_01548,1,val,trashnet,Glass,False,False
GROUP_01549,1,train,realwaste,Glass,False,False
GROUP_01550,1,val,phenomsg,Recyclable Stream,False,False
GROUP_01551,1,train,phenomsg,Hazardous Waste,False,False
GROUP_01552,1,val,ewaste,Large Electronic Appliance,False,False
GROUP_01553,1,train,realwaste,Metal,False,False
GROUP_01554,1,val,ewaste,Large Electronic Appliance,False,False
GROUP_01555,1,train,ewaste,Electronic Component,False,False
GROUP_01556,1,test,realwaste,Cardboard,False,False
GROUP_01557,1,train,trashnet,Paper,False,False
GROUP_01558,1,val,phenomsg,Organic Stream,False,False
GROUP_01559,1,train,ewaste,Electronic Device,False,False
GROUP_01560,1,train,phenomsg,Residual,False,False
GROUP_01561,1,val,phenomsg,Residual,False,False
GROUP_01562,1,train,trashnet,Plastic,False,False
GROUP_01563,1,test,phenomsg,Residual,False,False
GROUP_01564,1,val,ewaste,Electronic Component,False,False
GROUP_01565,1,train,realwaste,Plastic,False,False
GROUP_01566,1,train,phenomsg,Residual,False,False
GROUP_01567,1,train,trashnet,Glass,False,False
GROUP_01568,1,train,realwaste,Metal,False,False
GROUP_01569,1,test,trashnet,Paper,False,False
GROUP_01570,1,val,ewaste,Large Electronic Appliance,False,False
GROUP_01571,1,train,ewaste,Large Electronic Appliance,False,False
GROUP_01572,1,train,realwaste,Cardboard,False,False
GROUP_01573,1,train,realwaste,Food Organics,False,False
GROUP_01574,1,train,realwaste,Glass,False,False
GROUP_01575,1,train,phenomsg,Residual,False,False
GROUP_01576,1,train,realwaste,Textile,False,False
GROUP_01577,1,train,trashnet,Glass,False,False
GROUP_01578,1,val,phenomsg,Recyclable Stream,False,False
GROUP_01579,1,train,realwaste,Metal,False,False
GROUP_01580,1,train,phenomsg,Recyclable Stream,False,False
GROUP_01581,2,train,ewaste,Large Electronic Appliance,False,True
GROUP_01582,1,train,realwaste,Plastic,False,False
GROUP_01583,1,train,trashnet,Glass,False,False
GROUP_01584,1,train,realwaste,Vegetation,False,False
GROUP_01585,1,train,phenomsg,Organic Stream,False,False
GROUP_01586,1,val,trashnet,Cardboard,False,False
GROUP_01587,1,train,ewaste,Electronic Device,False,False
GROUP_01588,1,train,trashnet,Glass,False,False
GROUP_01589,1,train,phenomsg,Residual,False,False
GROUP_01590,1,val,realwaste,Cardboard,False,False
GROUP_01591,1,val,phenomsg,Residual,False,False
GROUP_01592,1,train,ewaste,Battery,False,False
GROUP_01593,1,train,realwaste,Vegetation,False,False
GROUP_01594,1,train,phenomsg,Recyclable Stream,False,False
GROUP_01595,1,train,trashnet,Glass,False,False
GROUP_01596,2,train,phenomsg,Hazardous Waste,True,True
GROUP_01597,1,train,realwaste,Food Organics,False,False
GROUP_01598,1,train,realwaste,Cardboard,False,False
GROUP_01599,1,train,realwaste,Vegetation,False,False
GROUP_01600,1,val,ewaste,Battery,False,False
GROUP_01601,1,train,realwaste,Paper,False,False
GROUP_01602,1,train,realwaste,Food Organics,False,False
GROUP_01603,1,train,ewaste,Electronic Device,False,False
GROUP_01604,1,test,trashnet,Paper,False,False
GROUP_01605,1,train,realwaste,Paper,False,False
GROUP_01606,1,train,trashnet,Glass,False,False
GROUP_01607,1,test,phenomsg,Hazardous Waste,False,False
GROUP_01608,1,train,ewaste,Electronic Device,False,False
GROUP_01609,1,train,trashnet,Glass,False,False
GROUP_01610,1,train,phenomsg,Hazardous Waste,False,False
GROUP_01611,1,val,trashnet,Plastic,False,False
GROUP_01612,1,train,phenomsg,Residual,False,False
GROUP_01613,1,train,ewaste,Electronic Device,False,False
GROUP_01614,1,val,realwaste,Cardboard,False,False
GROUP_01615,2,train,phenomsg,Organic Stream,False,True
GROUP_01616,2,train,phenomsg,Hazardous Waste,True,True
GROUP_01617,1,train,trashnet,Cardboard,False,False
GROUP_01618,1,train,trashnet,Glass,False,False
GROUP_01619,1,train,realwaste,Vegetation,False,False
GROUP_01620,1,train,phenomsg,Hazardous Waste,False,False
GROUP_01621,1,test,phenomsg,Recyclable Stream,False,False
GROUP_01622,1,train,realwaste,Glass,False,False
GROUP_01623,1,test,ewaste,Electronic Device,False,False
GROUP_01624,1,train,ewaste,Large Electronic Appliance,False,False
GROUP_01625,1,train,trashnet,Metal,False,False
GROUP_01626,1,train,ewaste,Electronic Device,False,False
GROUP_01627,1,train,ewaste,Large Electronic Appliance,False,False
GROUP_01628,2,train,phenomsg,Hazardous Waste,True,True
GROUP_01629,2,train,phenomsg,Hazardous Waste,True,True
GROUP_01630,1,train,ewaste,Large Electronic Appliance,False,False
GROUP_01631,1,train,realwaste,Cardboard,False,False
GROUP_01632,2,train,ewaste,Electronic Component,True,True
GROUP_01633,1,train,ewaste,Electronic Device,False,False
GROUP_01634,1,train,ewaste,Large Electronic Appliance,False,False
GROUP_01635,1,train,ewaste,Large Electronic Appliance,False,False
GROUP_01636,1,val,trashnet,Metal,False,False
GROUP_01637,1,val,phenomsg,Organic Stream,False,False
GROUP_01638,1,train,phenomsg,Recyclable Stream,False,False
GROUP_01639,1,val,realwaste,Food Organics,False,False
GROUP_01640,1,train,realwaste,Food Organics,False,False
GROUP_01641,1,train,ewaste,Electronic Device,False,False
GROUP_01642,1,train,ewaste,Electronic Component,False,False
GROUP_01643,1,train,ewaste,Large Electronic Appliance,False,False
GROUP_01644,2,train,ewaste,Electronic Component,False,True
GROUP_01645,1,val,ewaste,Electronic Device,False,False
GROUP_01646,1,train,ewaste,Electronic Device,False,False
GROUP_01647,1,train,ewaste,Electronic Component,False,False
GROUP_01648,1,train,trashnet,Paper,False,False
GROUP_01649,1,train,realwaste,Cardboard,False,False
GROUP_01650,1,train,realwaste,Plastic,False,False
GROUP_01651,1,train,realwaste,Residual,False,False
GROUP_01652,1,train,realwaste,Metal,False,False
GROUP_01653,1,test,phenomsg,Organic Stream,False,False
GROUP_01654,1,test,phenomsg,Hazardous Waste,False,False
GROUP_01655,1,train,trashnet,Metal,False,False
GROUP_01656,1,train,trashnet,Plastic,False,False
GROUP_01657,1,train,phenomsg,Recyclable Stream,False,False
GROUP_01658,1,train,realwaste,Plastic,False,False
GROUP_01659,1,train,trashnet,Cardboard,False,False
GROUP_01660,1,train,realwaste,Glass,False,False
GROUP_01661,1,test,ewaste,Large Electronic Appliance,False,False
GROUP_01662,1,train,phenomsg,Recyclable Stream,False,False
GROUP_01663,1,train,realwaste,Food Organics,False,False
GROUP_01664,1,train,phenomsg,Organic Stream,False,False
GROUP_01665,1,train,realwaste,Residual,False,False
GROUP_01666,1,train,realwaste,Paper,False,False
GROUP_01667,1,train,realwaste,Plastic,False,False
GROUP_01668,1,test,realwaste,Cardboard,False,False
GROUP_01669,1,val,phenomsg,Hazardous Waste,False,False
GROUP_01670,1,train,phenomsg,Recyclable Stream,False,False
GROUP_01671,1,train,ewaste,Electronic Component,False,False
GROUP_01672,1,test,realwaste,Plastic,False,False
GROUP_01673,1,train,trashnet,Cardboard,False,False
GROUP_01674,1,train,ewaste,Electronic Device,False,False
GROUP_01675,1,val,realwaste,Metal,False,False
GROUP_01676,1,train,ewaste,Electronic Device,False,False
GROUP_01677,1,train,ewaste,Electronic Device,False,False
GROUP_01678,1,train,ewaste,Electronic Device,False,False
GROUP_01679,1,train,ewaste,Electronic Device,False,False
GROUP_01680,1,train,realwaste,Food Organics,False,False
GROUP_01681,1,train,phenomsg,Recyclable Stream,False,False
GROUP_01682,1,val,realwaste,Residual,False,False
GROUP_01683,1,train,phenomsg,Residual,False,False
GROUP_01684,1,train,phenomsg,Residual,False,False
GROUP_01685,1,train,realwaste,Plastic,False,False
GROUP_01686,1,train,realwaste,Glass,False,False
GROUP_01687,1,train,realwaste,Plastic,False,False
GROUP_01688,1,train,realwaste,Metal,False,False
GROUP_01689,1,test,realwaste,Residual,False,False
GROUP_01690,1,val,trashnet,Glass,False,False
GROUP_01691,1,train,realwaste,Plastic,False,False
GROUP_01692,1,train,realwaste,Plastic,False,False
GROUP_01693,1,test,realwaste,Metal,False,False
GROUP_01694,1,val,realwaste,Metal,False,False
GROUP_01695,1,train,realwaste,Metal,False,False
GROUP_01696,1,train,realwaste,Residual,False,False
GROUP_01697,1,val,realwaste,Food Organics,False,False
GROUP_01698,1,test,realwaste,Metal,False,False
GROUP_01699,1,val,ewaste,Electronic Device,False,False
GROUP_01700,1,train,ewaste,Large Electronic Appliance,False,False
GROUP_01701,1,test,phenomsg,Recyclable Stream,False,False
GROUP_01702,1,test,trashnet,Metal,False,False
GROUP_01703,1,test,trashnet,Paper,False,False
GROUP_01704,1,val,realwaste,Food Organics,False,False
GROUP_01705,1,train,phenomsg,Recyclable Stream,False,False
GROUP_01706,1,val,phenomsg,Organic Stream,False,False
GROUP_01707,1,val,trashnet,Cardboard,False,False
GROUP_01708,1,train,trashnet,Residual,False,False
GROUP_01709,1,test,realwaste,Residual,False,False
GROUP_01710,1,train,ewaste,Battery,False,False
GROUP_01711,1,train,realwaste,Plastic,False,False
GROUP_01712,1,train,realwaste,Textile,False,False
GROUP_01713,1,train,realwaste,Textile,False,False
GROUP_01714,1,train,realwaste,Glass,False,False
GROUP_01715,1,train,phenomsg,Hazardous Waste,False,False
GROUP_01716,1,test,phenomsg,Organic Stream,False,False
GROUP_01717,1,test,realwaste,Food Organics,False,False
GROUP_01718,1,val,phenomsg,Residual,False,False
GROUP_01719,2,train,trashnet,Paper,False,True
GROUP_01720,1,val,realwaste,Glass,False,False
GROUP_01721,1,val,ewaste,Large Electronic Appliance,False,False
GROUP_01722,1,val,trashnet,Cardboard,False,False
GROUP_01723,1,test,ewaste,Electronic Device,False,False
GROUP_01724,1,val,phenomsg,Hazardous Waste,False,False
GROUP_01725,1,train,trashnet,Paper,False,False
GROUP_01726,1,val,phenomsg,Organic Stream,False,False
GROUP_01727,1,train,realwaste,Metal,False,False
GROUP_01728,1,test,trashnet,Glass,False,False
GROUP_01729,1,val,realwaste,Cardboard,False,False
GROUP_01730,1,val,realwaste,Textile,False,False
GROUP_01731,1,train,realwaste,Vegetation,False,False
GROUP_01732,1,train,phenomsg,Organic Stream,False,False
GROUP_01733,1,train,ewaste,Large Electronic Appliance,False,False
GROUP_01734,1,test,ewaste,Large Electronic Appliance,False,False
GROUP_01735,1,train,realwaste,Plastic,False,False
GROUP_01736,1,test,ewaste,Large Electronic Appliance,False,False
GROUP_01737,1,train,phenomsg,Recyclable Stream,False,False
GROUP_01738,1,train,ewaste,Large Electronic Appliance,False,False
GROUP_01739,1,test,phenomsg,Recyclable Stream,False,False
GROUP_01740,1,val,trashnet,Paper,False,False
GROUP_01741,1,train,realwaste,Residual,False,False
GROUP_01742,1,train,ewaste,Large Electronic Appliance,False,False
GROUP_01743,1,train,ewaste,Large Electronic Appliance,False,False
GROUP_01744,1,train,phenomsg,Recyclable Stream,False,False
GROUP_01745,1,train,ewaste,Large Electronic Appliance,False,False
GROUP_01746,1,train,realwaste,Metal,False,False
GROUP_01747,1,train,trashnet,Cardboard,False,False
GROUP_01748,1,train,trashnet,Residual,False,False
GROUP_01749,1,val,ewaste,Electronic Device,False,False
GROUP_01750,1,val,trashnet,Paper,False,False
GROUP_01751,1,train,realwaste,Food Organics,False,False
GROUP_01752,1,train,trashnet,Metal,False,False
GROUP_01753,2,train,phenomsg,Hazardous Waste,True,True
GROUP_01754,1,test,phenomsg,Organic Stream,False,False
GROUP_01755,1,test,realwaste,Cardboard,False,False
GROUP_01756,1,test,ewaste,Large Electronic Appliance,False,False
GROUP_01757,1,train,realwaste,Food Organics,False,False
GROUP_01758,1,train,ewaste,Electronic Device,False,False
GROUP_01759,1,test,phenomsg,Residual,False,False
GROUP_01760,1,train,trashnet,Cardboard,False,False
GROUP_01761,1,val,trashnet,Cardboard,False,False
GROUP_01762,1,test,trashnet,Plastic,False,False
GROUP_01763,1,train,trashnet,Paper,False,False
GROUP_01764,1,train,realwaste,Plastic,False,False
GROUP_01765,1,train,realwaste,Cardboard,False,False
GROUP_01766,1,train,realwaste,Plastic,False,False
GROUP_01767,1,train,realwaste,Metal,False,False
GROUP_01768,1,train,realwaste,Metal,False,False
GROUP_01769,1,train,trashnet,Residual,False,False
GROUP_01770,1,train,phenomsg,Hazardous Waste,False,False
GROUP_01771,1,test,trashnet,Paper,False,False
GROUP_01772,1,train,realwaste,Residual,False,False
GROUP_01773,1,val,realwaste,Plastic,False,False
GROUP_01774,1,train,ewaste,Large Electronic Appliance,False,False
GROUP_01775,1,train,trashnet,Plastic,False,False
GROUP_01776,1,val,realwaste,Residual,False,False
GROUP_01777,1,val,realwaste,Paper,False,False
GROUP_01778,1,train,trashnet,Cardboard,False,False
GROUP_01779,1,train,realwaste,Textile,False,False
GROUP_01780,1,train,realwaste,Paper,False,False
GROUP_01781,1,train,phenomsg,Hazardous Waste,False,False
GROUP_01782,2,train,phenomsg,Hazardous Waste,True,True
GROUP_01783,1,train,realwaste,Paper,False,False
GROUP_01784,1,train,trashnet,Glass,False,False
GROUP_01785,1,train,ewaste,Electronic Component,False,False
GROUP_01786,1,train,ewaste,Large Electronic Appliance,False,False
GROUP_01787,1,train,trashnet,Cardboard,False,False
GROUP_01788,1,train,ewaste,Battery,False,False
GROUP_01789,1,train,ewaste,Electronic Component,False,False
GROUP_01790,1,train,ewaste,Electronic Component,False,False
GROUP_01791,1,train,ewaste,Large Electronic Appliance,False,False
GROUP_01792,1,train,trashnet,Glass,False,False
GROUP_01793,1,train,ewaste,Electronic Device,False,False
GROUP_01794,1,train,phenomsg,Recyclable Stream,False,False
GROUP_01795,1,train,trashnet,Metal,False,False
GROUP_01796,1,test,realwaste,Glass,False,False
GROUP_01797,1,test,realwaste,Textile,False,False
GROUP_01798,3,train,phenomsg,Hazardous Waste,True,True
GROUP_01799,1,train,phenomsg,Recyclable Stream,False,False
GROUP_01800,1,train,realwaste,Plastic,False,False
GROUP_01801,1,train,ewaste,Electronic Device,False,False
GROUP_01802,1,train,trashnet,Paper,False,False
GROUP_01803,1,test,ewaste,Electronic Component,False,False
GROUP_01804,1,test,ewaste,Large Electronic Appliance,False,False
GROUP_01805,2,train,phenomsg,Hazardous Waste,True,True
GROUP_01806,1,train,realwaste,Vegetation,False,False
GROUP_01807,1,test,trashnet,Residual,False,False
GROUP_01808,1,val,ewaste,Large Electronic Appliance,False,False
GROUP_01809,2,train,phenomsg,Hazardous Waste,True,True
GROUP_01810,1,train,realwaste,Metal,False,False
GROUP_01811,1,test,realwaste,Plastic,False,False
GROUP_01812,1,train,trashnet,Cardboard,False,False
GROUP_01813,1,train,phenomsg,Organic Stream,False,False
GROUP_01814,1,train,ewaste,Electronic Device,False,False
GROUP_01815,1,val,realwaste,Glass,False,False
GROUP_01816,1,test,phenomsg,Organic Stream,False,False
GROUP_01817,2,train,phenomsg,Hazardous Waste,True,True
GROUP_01818,2,train,trashnet,Paper,False,True
GROUP_01819,1,val,trashnet,Paper,False,False
GROUP_01820,1,train,realwaste,Food Organics,False,False
GROUP_01821,1,val,realwaste,Textile,False,False
GROUP_01822,1,train,ewaste,Battery,False,False
GROUP_01823,1,test,ewaste,Electronic Device,False,False
GROUP_01824,1,val,realwaste,Metal,False,False
GROUP_01825,1,train,trashnet,Paper,False,False
GROUP_01826,1,train,phenomsg,Organic Stream,False,False
GROUP_01827,1,train,realwaste,Metal,False,False
GROUP_01828,1,test,phenomsg,Hazardous Waste,False,False
GROUP_01829,1,test,realwaste,Plastic,False,False
GROUP_01830,1,train,phenomsg,Recyclable Stream,False,False
GROUP_01831,1,val,trashnet,Glass,False,False
GROUP_01832,1,test,trashnet,Metal,False,False
GROUP_01833,1,train,realwaste,Cardboard,False,False
GROUP_01834,1,train,ewaste,Electronic Device,False,False
GROUP_01835,1,train,realwaste,Glass,False,False
GROUP_01836,1,train,realwaste,Glass,False,False
GROUP_01837,1,train,realwaste,Cardboard,False,False
GROUP_01838,1,train,realwaste,Paper,False,False
GROUP_01839,1,train,realwaste,Paper,False,False
GROUP_01840,2,train,ewaste,Large Electronic Appliance,False,True
GROUP_01841,1,val,realwaste,Residual,False,False
GROUP_01842,1,train,realwaste,Plastic,False,False
GROUP_01843,1,train,realwaste,Glass,False,False
GROUP_01844,1,train,ewaste,Large Electronic Appliance,False,False
GROUP_01845,1,train,ewaste,Electronic Device,False,False
GROUP_01846,1,val,phenomsg,Organic Stream,False,False
GROUP_01847,1,train,realwaste,Cardboard,False,False
GROUP_01848,1,train,ewaste,Battery,False,False
GROUP_01849,1,val,trashnet,Glass,False,False
GROUP_01850,1,train,realwaste,Metal,False,False
GROUP_01851,1,train,realwaste,Residual,False,False
GROUP_01852,2,train,phenomsg,Hazardous Waste,True,True
GROUP_01853,1,val,phenomsg,Organic Stream,False,False
GROUP_01854,1,val,realwaste,Cardboard,False,False
GROUP_01855,1,test,ewaste,Large Electronic Appliance,False,False
GROUP_01856,1,train,ewaste,Electronic Component,False,False
GROUP_01857,1,train,ewaste,Electronic Device,False,False
GROUP_01858,1,train,ewaste,Electronic Device,False,False
GROUP_01859,2,train,phenomsg,Hazardous Waste,True,True
GROUP_01860,1,train,realwaste,Residual,False,False
GROUP_01861,1,train,realwaste,Residual,False,False
GROUP_01862,1,train,ewaste,Electronic Device,False,False
GROUP_01863,1,test,ewaste,Battery,False,False
GROUP_01864,1,train,ewaste,Large Electronic Appliance,False,False
GROUP_01865,1,train,phenomsg,Residual,False,False
GROUP_01866,1,test,ewaste,Electronic Device,False,False
GROUP_01867,1,train,phenomsg,Residual,False,False
GROUP_01868,1,test,phenomsg,Recyclable Stream,False,False
GROUP_01869,1,test,realwaste,Plastic,False,False
GROUP_01870,1,train,trashnet,Plastic,False,False
GROUP_01871,1,train,realwaste,Plastic,False,False
GROUP_01872,1,val,trashnet,Glass,False,False
GROUP_01873,1,val,realwaste,Plastic,False,False
GROUP_01874,1,train,trashnet,Metal,False,False
GROUP_01875,1,val,realwaste,Paper,False,False
GROUP_01876,1,train,trashnet,Cardboard,False,False
GROUP_01877,1,train,realwaste,Metal,False,False
GROUP_01878,1,train,realwaste,Textile,False,False
GROUP_01879,1,train,phenomsg,Residual,False,False
GROUP_01880,1,val,ewaste,Electronic Device,False,False
GROUP_01881,1,train,realwaste,Cardboard,False,False
GROUP_01882,1,train,realwaste,Textile,False,False
GROUP_01883,1,train,phenomsg,Hazardous Waste,False,False
GROUP_01884,1,train,phenomsg,Hazardous Waste,False,False
GROUP_01885,2,train,phenomsg,Hazardous Waste,True,True
GROUP_01886,1,train,ewaste,Large Electronic Appliance,False,False
GROUP_01887,1,test,trashnet,Paper,False,False
GROUP_01888,1,test,ewaste,Electronic Device,False,False
GROUP_01889,1,train,ewaste,Battery,False,False
GROUP_01890,1,train,trashnet,Glass,False,False
GROUP_01891,1,train,trashnet,Paper,False,False
GROUP_01892,2,train,phenomsg,Hazardous Waste,True,True
GROUP_01893,1,train,phenomsg,Recyclable Stream,False,False
GROUP_01894,1,train,ewaste,Electronic Device,False,False
GROUP_01895,1,train,realwaste,Vegetation,False,False
GROUP_01896,1,train,phenomsg,Recyclable Stream,False,False
GROUP_01897,1,train,trashnet,Cardboard,False,False
GROUP_01898,1,train,ewaste,Large Electronic Appliance,False,False
GROUP_01899,1,val,realwaste,Metal,False,False
GROUP_01900,1,train,ewaste,Large Electronic Appliance,False,False
GROUP_01901,1,train,phenomsg,Residual,False,False
GROUP_01902,1,train,realwaste,Plastic,False,False
GROUP_01903,1,train,realwaste,Plastic,False,False
GROUP_01904,1,train,phenomsg,Recyclable Stream,False,False
GROUP_01905,2,train,phenomsg,Hazardous Waste,True,True
GROUP_01906,1,train,realwaste,Vegetation,False,False
GROUP_01907,1,train,phenomsg,Organic Stream,False,False
GROUP_01908,1,test,realwaste,Metal,False,False
GROUP_01909,1,train,phenomsg,Organic Stream,False,False
GROUP_01910,1,val,realwaste,Residual,False,False
GROUP_01911,1,test,trashnet,Paper,False,False
GROUP_01912,1,train,trashnet,Residual,False,False
GROUP_01913,1,test,ewaste,Electronic Device,False,False
GROUP_01914,1,val,trashnet,Glass,False,False
GROUP_01915,1,train,phenomsg,Residual,False,False
GROUP_01916,1,train,realwaste,Plastic,False,False
GROUP_01917,1,train,ewaste,Electronic Device,False,False
GROUP_01918,1,train,realwaste,Paper,False,False
GROUP_01919,1,train,trashnet,Cardboard,False,False
GROUP_01920,1,val,trashnet,Plastic,False,False
GROUP_01921,2,train,ewaste,Large Electronic Appliance,False,True
GROUP_01922,1,train,phenomsg,Organic Stream,False,False
GROUP_01923,1,test,phenomsg,Organic Stream,False,False
GROUP_01924,1,train,realwaste,Plastic,False,False
GROUP_01925,1,val,trashnet,Paper,False,False
GROUP_01926,1,test,trashnet,Metal,False,False
GROUP_01927,1,train,realwaste,Metal,False,False
GROUP_01928,1,train,trashnet,Glass,False,False
GROUP_01929,1,train,trashnet,Plastic,False,False
GROUP_01930,1,train,phenomsg,Organic Stream,False,False
GROUP_01931,1,train,realwaste,Metal,False,False
GROUP_01932,1,train,realwaste,Metal,False,False
GROUP_01933,1,train,ewaste,Battery,False,False
GROUP_01934,1,train,realwaste,Cardboard,False,False
GROUP_01935,1,train,phenomsg,Recyclable Stream,False,False
GROUP_01936,1,train,trashnet,Glass,False,False
GROUP_01937,1,train,trashnet,Metal,False,False
GROUP_01938,1,train,ewaste,Electronic Device,False,False
GROUP_01939,1,train,realwaste,Plastic,False,False
GROUP_01940,1,train,ewaste,Large Electronic Appliance,False,False
GROUP_01941,1,train,realwaste,Plastic,False,False
GROUP_01942,1,train,trashnet,Paper,False,False
GROUP_01943,1,train,trashnet,Cardboard,False,False
GROUP_01944,1,train,realwaste,Cardboard,False,False
GROUP_01945,1,train,realwaste,Paper,False,False
GROUP_01946,1,test,realwaste,Plastic,False,False
GROUP_01947,1,test,trashnet,Metal,False,False
GROUP_01948,1,train,trashnet,Paper,False,False
GROUP_01949,1,train,realwaste,Residual,False,False
GROUP_01950,1,train,ewaste,Electronic Device,False,False
GROUP_01951,1,train,ewaste,Electronic Device,False,False
GROUP_01952,2,train,phenomsg,Hazardous Waste,True,True
GROUP_01953,1,test,realwaste,Glass,False,False
GROUP_01954,1,train,realwaste,Residual,False,False
GROUP_01955,1,val,ewaste,Electronic Component,False,False
GROUP_01956,1,train,realwaste,Residual,False,False
GROUP_01957,2,train,ewaste,Electronic Device,True,True
GROUP_01958,1,test,ewaste,Electronic Device,False,False
GROUP_01959,1,train,realwaste,Paper,False,False
GROUP_01960,1,train,ewaste,Electronic Device,False,False
GROUP_01961,1,train,phenomsg,Hazardous Waste,False,False
GROUP_01962,1,train,realwaste,Metal,False,False
GROUP_01963,1,train,realwaste,Textile,False,False
GROUP_01964,1,train,phenomsg,Residual,False,False
GROUP_01965,1,val,ewaste,Electronic Component,False,False
GROUP_01966,1,train,realwaste,Plastic,False,False
GROUP_01967,1,train,phenomsg,Recyclable Stream,False,False
GROUP_01968,1,train,trashnet,Cardboard,False,False
GROUP_01969,1,train,realwaste,Glass,False,False
GROUP_01970,1,test,realwaste,Metal,False,False
GROUP_01971,1,train,realwaste,Textile,False,False
GROUP_01972,1,test,phenomsg,Residual,False,False
GROUP_01973,1,train,trashnet,Paper,False,False
GROUP_01974,1,train,realwaste,Vegetation,False,False
GROUP_01975,1,val,phenomsg,Organic Stream,False,False
GROUP_01976,1,train,ewaste,Large Electronic Appliance,False,False
GROUP_01977,1,train,trashnet,Glass,False,False
GROUP_01978,1,train,phenomsg,Hazardous Waste,False,False
GROUP_01979,1,train,ewaste,Large Electronic Appliance,False,False
GROUP_01980,1,val,phenomsg,Residual,False,False
GROUP_01981,1,train,realwaste,Food Organics,False,False
GROUP_01982,1,test,realwaste,Metal,False,False
GROUP_01983,1,test,trashnet,Metal,False,False
GROUP_01984,1,val,trashnet,Paper,False,False
GROUP_01985,1,train,realwaste,Plastic,False,False
GROUP_01986,1,train,ewaste,Electronic Device,False,False
GROUP_01987,1,train,phenomsg,Residual,False,False
GROUP_01988,1,train,phenomsg,Recyclable Stream,False,False
GROUP_01989,1,train,realwaste,Plastic,False,False
GROUP_01990,1,train,ewaste,Electronic Device,False,False
GROUP_01991,2,train,trashnet,Paper,False,True
GROUP_01992,2,train,phenomsg,Hazardous Waste,True,True
GROUP_01993,1,train,trashnet,Paper,False,False
GROUP_01994,4,train,phenomsg,Hazardous Waste,True,True
GROUP_01995,1,test,phenomsg,Residual,False,False
GROUP_01996,1,train,realwaste,Residual,False,False
GROUP_01997,1,train,ewaste,Large Electronic Appliance,False,False
GROUP_01998,1,test,realwaste,Vegetation,False,False
GROUP_01999,1,train,ewaste,Large Electronic Appliance,False,False
GROUP_02000,1,train,ewaste,Electronic Component,False,False
GROUP_02001,2,train,phenomsg,Hazardous Waste,True,True
GROUP_02002,1,train,phenomsg,Residual,False,False
GROUP_02003,1,train,ewaste,Electronic Device,False,False
GROUP_02004,1,train,realwaste,Vegetation,False,False
GROUP_02005,1,val,realwaste,Cardboard,False,False
GROUP_02006,1,train,trashnet,Glass,False,False
GROUP_02007,1,train,realwaste,Plastic,False,False
GROUP_02008,1,val,ewaste,Large Electronic Appliance,False,False
GROUP_02009,1,test,realwaste,Cardboard,False,False
GROUP_02010,1,train,ewaste,Electronic Device,False,False
GROUP_02011,2,train,phenomsg,Organic Stream,False,True
GROUP_02012,1,train,phenomsg,Organic Stream,False,False
GROUP_02013,1,train,realwaste,Food Organics,False,False
GROUP_02014,1,train,realwaste,Glass,False,False
GROUP_02015,1,test,realwaste,Food Organics,False,False
GROUP_02016,2,train,phenomsg,Hazardous Waste,True,True
GROUP_02017,1,test,trashnet,Residual,False,False
GROUP_02018,1,test,phenomsg,Recyclable Stream,False,False
GROUP_02019,1,test,phenomsg,Residual,False,False
GROUP_02020,1,train,realwaste,Residual,False,False
GROUP_02021,1,val,realwaste,Food Organics,False,False
GROUP_02022,1,train,realwaste,Metal,False,False
GROUP_02023,1,train,ewaste,Electronic Device,False,False
GROUP_02024,1,train,phenomsg,Recyclable Stream,False,False
GROUP_02025,1,val,ewaste,Electronic Device,False,False
GROUP_02026,1,train,realwaste,Cardboard,False,False
GROUP_02027,1,train,realwaste,Glass,False,False
GROUP_02028,1,train,realwaste,Metal,False,False
GROUP_02029,2,train,phenomsg,Hazardous Waste,True,True
GROUP_02030,1,train,realwaste,Paper,False,False
GROUP_02031,1,val,ewaste,Large Electronic Appliance,False,False
GROUP_02032,1,val,realwaste,Glass,False,False
GROUP_02033,1,test,realwaste,Residual,False,False
GROUP_02034,1,train,realwaste,Residual,False,False
GROUP_02035,1,train,ewaste,Battery,False,False
GROUP_02036,1,train,ewaste,Large Electronic Appliance,False,False
GROUP_02037,1,train,ewaste,Electronic Device,False,False
GROUP_02038,1,val,ewaste,Battery,False,False
GROUP_02039,2,train,phenomsg,Hazardous Waste,True,True
GROUP_02040,1,train,realwaste,Food Organics,False,False
GROUP_02041,1,test,realwaste,Plastic,False,False
GROUP_02042,1,train,realwaste,Vegetation,False,False
GROUP_02043,1,train,ewaste,Electronic Device,False,False
GROUP_02044,2,train,phenomsg,Hazardous Waste,True,True
GROUP_02045,1,train,ewaste,Electronic Component,False,False
GROUP_02046,1,val,trashnet,Plastic,False,False
GROUP_02047,1,train,ewaste,Electronic Component,False,False
GROUP_02048,1,test,ewaste,Electronic Device,False,False
GROUP_02049,1,train,phenomsg,Residual,False,False
GROUP_02050,1,test,realwaste,Metal,False,False
GROUP_02051,1,test,phenomsg,Organic Stream,False,False
GROUP_02052,1,train,realwaste,Vegetation,False,False
GROUP_02053,1,test,realwaste,Residual,False,False
GROUP_02054,1,val,realwaste,Food Organics,False,False
GROUP_02055,1,train,realwaste,Plastic,False,False
GROUP_02056,1,train,phenomsg,Recyclable Stream,False,False
GROUP_02057,1,train,realwaste,Textile,False,False
GROUP_02058,1,train,trashnet,Glass,False,False
GROUP_02059,1,train,ewaste,Large Electronic Appliance,False,False
GROUP_02060,2,train,ewaste,Electronic Device,True,True
GROUP_02061,1,train,phenomsg,Residual,False,False
GROUP_02062,1,train,ewaste,Electronic Component,False,False
GROUP_02063,1,train,realwaste,Textile,False,False
GROUP_02064,1,val,phenomsg,Hazardous Waste,False,False
GROUP_02065,1,train,trashnet,Glass,False,False
GROUP_02066,1,train,trashnet,Paper,False,False
GROUP_02067,1,train,phenomsg,Organic Stream,False,False
GROUP_02068,2,train,phenomsg,Recyclable Stream|Residual,True,True
GROUP_02069,1,test,phenomsg,Organic Stream,False,False
GROUP_02070,1,train,realwaste,Paper,False,False
GROUP_02071,1,train,realwaste,Glass,False,False
GROUP_02072,1,train,trashnet,Glass,False,False
GROUP_02073,1,train,realwaste,Cardboard,False,False
GROUP_02074,1,train,ewaste,Battery,False,False
GROUP_02075,2,train,phenomsg,Hazardous Waste,True,True
GROUP_02076,1,test,realwaste,Metal,False,False
GROUP_02077,1,val,phenomsg,Recyclable Stream,False,False
GROUP_02078,1,train,realwaste,Food Organics,False,False
GROUP_02079,1,train,trashnet,Paper,False,False
GROUP_02080,1,train,realwaste,Glass,False,False
GROUP_02081,1,test,phenomsg,Recyclable Stream,False,False
GROUP_02082,1,test,ewaste,Electronic Device,False,False
GROUP_02083,1,train,ewaste,Large Electronic Appliance,False,False
GROUP_02084,1,train,phenomsg,Hazardous Waste,False,False
GROUP_02085,1,train,realwaste,Cardboard,False,False
GROUP_02086,1,train,realwaste,Food Organics,False,False
GROUP_02087,1,test,realwaste,Paper,False,False
GROUP_02088,1,test,realwaste,Vegetation,False,False
GROUP_02089,2,train,phenomsg,Hazardous Waste,True,True
GROUP_02090,1,train,ewaste,Electronic Device,False,False
GROUP_02091,1,train,realwaste,Residual,False,False
GROUP_02092,1,train,realwaste,Metal,False,False
GROUP_02093,1,test,trashnet,Plastic,False,False
GROUP_02094,1,val,ewaste,Electronic Device,False,False
GROUP_02095,1,train,realwaste,Vegetation,False,False
GROUP_02096,3,train,trashnet,Glass|Metal|Plastic,False,True
GROUP_02097,1,train,realwaste,Metal,False,False
GROUP_02098,1,test,ewaste,Electronic Device,False,False
GROUP_02099,1,train,realwaste,Cardboard,False,False
GROUP_02100,1,train,phenomsg,Residual,False,False
GROUP_02101,1,test,realwaste,Textile,False,False
GROUP_02102,1,val,trashnet,Metal,False,False
GROUP_02103,1,val,realwaste,Glass,False,False
GROUP_02104,1,train,ewaste,Large Electronic Appliance,False,False
GROUP_02105,1,train,realwaste,Textile,False,False
GROUP_02106,1,train,trashnet,Metal,False,False
GROUP_02107,1,val,realwaste,Metal,False,False
GROUP_02108,1,train,realwaste,Glass,False,False
GROUP_02109,1,val,realwaste,Glass,False,False
GROUP_02110,1,val,ewaste,Electronic Component,False,False
GROUP_02111,1,val,ewaste,Electronic Device,False,False
GROUP_02112,1,test,trashnet,Metal,False,False
GROUP_02113,1,train,trashnet,Paper,False,False
GROUP_02114,1,train,ewaste,Electronic Device,False,False
GROUP_02115,1,train,realwaste,Vegetation,False,False
GROUP_02116,1,val,realwaste,Plastic,False,False
GROUP_02117,1,val,phenomsg,Residual,False,False
GROUP_02118,1,train,trashnet,Cardboard,False,False
GROUP_02119,1,train,trashnet,Glass,False,False
GROUP_02120,1,train,phenomsg,Organic Stream,False,False
GROUP_02121,1,test,ewaste,Electronic Device,False,False
GROUP_02122,1,train,phenomsg,Residual,False,False
GROUP_02123,1,train,phenomsg,Residual,False,False
GROUP_02124,1,train,trashnet,Paper,False,False
GROUP_02125,1,train,realwaste,Cardboard,False,False
GROUP_02126,1,val,ewaste,Electronic Device,False,False
GROUP_02127,1,train,realwaste,Textile,False,False
GROUP_02128,1,val,trashnet,Glass,False,False
GROUP_02129,1,train,ewaste,Electronic Device,False,False
GROUP_02130,1,train,realwaste,Vegetation,False,False
GROUP_02131,1,val,phenomsg,Residual,False,False
GROUP_02132,1,val,realwaste,Glass,False,False
GROUP_02133,1,val,trashnet,Cardboard,False,False
GROUP_02134,1,test,ewaste,Large Electronic Appliance,False,False
GROUP_02135,1,test,phenomsg,Residual,False,False
GROUP_02136,1,train,phenomsg,Organic Stream,False,False
GROUP_02137,2,train,realwaste,Metal|Textile,False,True
GROUP_02138,1,train,trashnet,Plastic,False,False
GROUP_02139,2,train,phenomsg,Hazardous Waste,True,True
GROUP_02140,1,train,realwaste,Plastic,False,False
GROUP_02141,1,train,ewaste,Large Electronic Appliance,False,False
GROUP_02142,1,train,trashnet,Cardboard,False,False
GROUP_02143,1,train,trashnet,Plastic,False,False
GROUP_02144,1,val,ewaste,Electronic Device,False,False
GROUP_02145,1,train,realwaste,Plastic,False,False
GROUP_02146,1,test,realwaste,Plastic,False,False
GROUP_02147,1,train,realwaste,Plastic,False,False
GROUP_02148,1,test,realwaste,Residual,False,False
GROUP_02149,1,train,realwaste,Residual,False,False
GROUP_02150,1,train,realwaste,Plastic,False,False
GROUP_02151,1,test,phenomsg,Recyclable Stream,False,False
GROUP_02152,1,train,realwaste,Plastic,False,False
GROUP_02153,1,train,trashnet,Paper,False,False
GROUP_02154,1,train,ewaste,Large Electronic Appliance,False,False
GROUP_02155,1,train,ewaste,Large Electronic Appliance,False,False
GROUP_02156,1,train,trashnet,Plastic,False,False
GROUP_02157,1,test,realwaste,Glass,False,False
GROUP_02158,1,test,trashnet,Residual,False,False
GROUP_02159,1,train,trashnet,Paper,False,False
GROUP_02160,1,train,phenomsg,Organic Stream,False,False
GROUP_02161,1,train,trashnet,Metal,False,False
GROUP_02162,1,train,realwaste,Residual,False,False
GROUP_02163,1,val,realwaste,Residual,False,False
GROUP_02164,1,val,realwaste,Plastic,False,False
GROUP_02165,1,test,ewaste,Electronic Device,False,False
GROUP_02166,1,val,phenomsg,Organic Stream,False,False
GROUP_02167,1,train,realwaste,Residual,False,False
GROUP_02168,1,test,realwaste,Plastic,False,False
GROUP_02169,1,test,realwaste,Food Organics,False,False
GROUP_02170,1,train,ewaste,Electronic Device,False,False
GROUP_02171,1,train,realwaste,Glass,False,False
GROUP_02172,1,test,realwaste,Plastic,False,False
GROUP_02173,1,train,phenomsg,Residual,False,False
GROUP_02174,1,train,ewaste,Electronic Device,False,False
GROUP_02175,1,train,ewaste,Large Electronic Appliance,False,False
GROUP_02176,1,test,realwaste,Residual,False,False
GROUP_02177,1,train,realwaste,Vegetation,False,False
GROUP_02178,1,train,realwaste,Food Organics,False,False
GROUP_02179,1,train,realwaste,Textile,False,False
GROUP_02180,1,train,phenomsg,Organic Stream,False,False
GROUP_02181,2,train,phenomsg,Hazardous Waste,True,True
GROUP_02182,1,train,trashnet,Metal,False,False
GROUP_02183,1,train,ewaste,Electronic Device,False,False
GROUP_02184,1,train,ewaste,Electronic Device,False,False
GROUP_02185,1,train,phenomsg,Organic Stream,False,False
GROUP_02186,1,train,ewaste,Electronic Component,False,False
GROUP_02187,1,val,phenomsg,Hazardous Waste,False,False
GROUP_02188,2,train,phenomsg,Hazardous Waste,True,True
GROUP_02189,2,train,phenomsg,Hazardous Waste,True,True
GROUP_02190,1,train,ewaste,Large Electronic Appliance,False,False
GROUP_02191,1,train,phenomsg,Hazardous Waste,False,False
GROUP_02192,1,test,ewaste,Large Electronic Appliance,False,False
GROUP_02193,1,train,phenomsg,Organic Stream,False,False
GROUP_02194,1,test,realwaste,Cardboard,False,False
GROUP_02195,1,train,realwaste,Metal,False,False
GROUP_02196,1,test,realwaste,Plastic,False,False
GROUP_02197,1,train,trashnet,Plastic,False,False
GROUP_02198,1,train,ewaste,Electronic Device,False,False
GROUP_02199,1,val,phenomsg,Organic Stream,False,False
GROUP_02200,1,train,realwaste,Paper,False,False
GROUP_02201,1,train,realwaste,Plastic,False,False
GROUP_02202,1,train,ewaste,Electronic Device,False,False
GROUP_02203,1,train,ewaste,Electronic Device,False,False
GROUP_02204,1,test,ewaste,Electronic Device,False,False
GROUP_02205,2,train,realwaste|trashnet,Residual,False,True
GROUP_02206,1,train,trashnet,Metal,False,False
GROUP_02207,1,test,realwaste,Glass,False,False
GROUP_02208,1,val,realwaste,Metal,False,False
GROUP_02209,1,train,phenomsg,Recyclable Stream,False,False
GROUP_02210,1,train,trashnet,Paper,False,False
GROUP_02211,1,train,realwaste,Plastic,False,False
GROUP_02212,1,train,realwaste,Food Organics,False,False
GROUP_02213,1,train,realwaste,Textile,False,False
GROUP_02214,1,train,realwaste,Glass,False,False
GROUP_02215,1,test,realwaste,Paper,False,False
GROUP_02216,1,train,realwaste,Metal,False,False
GROUP_02217,1,train,phenomsg,Residual,False,False
GROUP_02218,1,train,phenomsg,Recyclable Stream,False,False
GROUP_02219,1,test,realwaste,Plastic,False,False
GROUP_02220,1,train,phenomsg,Organic Stream,False,False
GROUP_02221,1,val,phenomsg,Organic Stream,False,False
GROUP_02222,1,train,realwaste,Cardboard,False,False
GROUP_02223,1,val,realwaste,Vegetation,False,False
GROUP_02224,2,train,phenomsg,Hazardous Waste,True,True
GROUP_02225,1,train,ewaste,Electronic Device,False,False
GROUP_02226,1,train,realwaste,Textile,False,False
GROUP_02227,1,train,realwaste,Glass,False,False
GROUP_02228,1,val,ewaste,Electronic Device,False,False
GROUP_02229,1,train,realwaste,Vegetation,False,False
GROUP_02230,1,train,ewaste,Large Electronic Appliance,False,False
GROUP_02231,1,train,phenomsg,Recyclable Stream,False,False
GROUP_02232,1,train,realwaste,Metal,False,False
GROUP_02233,1,val,realwaste,Residual,False,False
GROUP_02234,1,train,trashnet,Cardboard,False,False
GROUP_02235,1,train,trashnet,Residual,False,False
GROUP_02236,1,train,realwaste,Paper,False,False
GROUP_02237,1,test,phenomsg,Residual,False,False
GROUP_02238,1,val,realwaste,Residual,False,False
GROUP_02239,1,train,realwaste,Plastic,False,False
GROUP_02240,1,train,ewaste,Electronic Device,False,False
GROUP_02241,1,test,phenomsg,Recyclable Stream,False,False
GROUP_02242,2,train,phenomsg,Hazardous Waste,True,True
GROUP_02243,1,test,ewaste,Electronic Device,False,False
GROUP_02244,1,train,ewaste,Large Electronic Appliance,False,False
GROUP_02245,1,train,realwaste,Metal,False,False
GROUP_02246,1,train,ewaste,Electronic Device,False,False
GROUP_02247,1,train,realwaste,Plastic,False,False
GROUP_02248,1,test,realwaste,Plastic,False,False
GROUP_02249,1,train,realwaste,Glass,False,False
GROUP_02250,1,val,realwaste,Food Organics,False,False
GROUP_02251,1,train,trashnet,Paper,False,False
GROUP_02252,1,val,trashnet,Paper,False,False
GROUP_02253,1,train,ewaste,Large Electronic Appliance,False,False
GROUP_02254,1,train,phenomsg,Hazardous Waste,False,False
GROUP_02255,1,val,realwaste,Cardboard,False,False
GROUP_02256,1,val,realwaste,Paper,False,False
GROUP_02257,1,train,phenomsg,Organic Stream,False,False
GROUP_02258,1,train,trashnet,Plastic,False,False
GROUP_02259,1,val,realwaste,Plastic,False,False
GROUP_02260,1,train,realwaste,Cardboard,False,False
GROUP_02261,1,test,ewaste,Large Electronic Appliance,False,False
GROUP_02262,1,val,trashnet,Glass,False,False
GROUP_02263,1,train,ewaste,Large Electronic Appliance,False,False
GROUP_02264,1,train,phenomsg,Hazardous Waste,False,False
GROUP_02265,1,train,phenomsg,Hazardous Waste,False,False
GROUP_02266,1,train,phenomsg,Residual,False,False
GROUP_02267,1,val,realwaste,Plastic,False,False
GROUP_02268,1,test,trashnet,Cardboard,False,False
GROUP_02269,1,train,ewaste,Electronic Component,False,False
GROUP_02270,1,train,ewaste,Large Electronic Appliance,False,False
GROUP_02271,1,train,phenomsg,Hazardous Waste,False,False
GROUP_02272,1,val,phenomsg,Recyclable Stream,False,False
GROUP_02273,1,val,trashnet,Cardboard,False,False
GROUP_02274,1,train,phenomsg,Residual,False,False
GROUP_02275,1,train,realwaste,Glass,False,False
GROUP_02276,1,train,realwaste,Cardboard,False,False
GROUP_02277,1,train,phenomsg,Residual,False,False
GROUP_02278,1,test,realwaste,Textile,False,False
GROUP_02279,2,train,ewaste,Electronic Device,False,True
GROUP_02280,2,train,phenomsg,Hazardous Waste,True,True
GROUP_02281,1,test,ewaste,Large Electronic Appliance,False,False
GROUP_02282,1,train,realwaste,Food Organics,False,False
GROUP_02283,1,train,realwaste,Vegetation,False,False
GROUP_02284,1,train,realwaste,Vegetation,False,False
GROUP_02285,1,train,trashnet,Glass,False,False
GROUP_02286,2,train,ewaste,Electronic Component,False,True
GROUP_02287,1,train,realwaste,Vegetation,False,False
GROUP_02288,1,train,phenomsg,Organic Stream,False,False
GROUP_02289,1,train,phenomsg,Organic Stream,False,False
GROUP_02290,1,train,trashnet,Plastic,False,False
GROUP_02291,2,train,phenomsg,Hazardous Waste,True,True
GROUP_02292,1,train,ewaste,Battery,False,False
GROUP_02293,1,train,ewaste,Large Electronic Appliance,False,False
GROUP_02294,1,test,ewaste,Large Electronic Appliance,False,False
GROUP_02295,1,train,phenomsg,Hazardous Waste,False,False
GROUP_02296,1,train,realwaste,Residual,False,False
GROUP_02297,1,train,trashnet,Plastic,False,False
GROUP_02298,1,train,realwaste,Textile,False,False
GROUP_02299,1,train,realwaste,Glass,False,False
GROUP_02300,2,train,phenomsg,Organic Stream,False,True
GROUP_02301,1,train,realwaste,Metal,False,False
GROUP_02302,1,train,trashnet,Paper,False,False
GROUP_02303,1,train,phenomsg,Residual,False,False
GROUP_02304,1,val,realwaste,Plastic,False,False
GROUP_02305,1,train,realwaste,Textile,False,False
GROUP_02306,1,train,realwaste,Plastic,False,False
GROUP_02307,1,train,trashnet,Glass,False,False
GROUP_02308,1,train,ewaste,Electronic Device,False,False
GROUP_02309,1,train,ewaste,Electronic Device,False,False
GROUP_02310,1,train,realwaste,Paper,False,False
GROUP_02311,2,train,ewaste,Large Electronic Appliance,True,True
GROUP_02312,1,train,ewaste,Electronic Device,False,False
GROUP_02313,1,train,trashnet,Plastic,False,False
GROUP_02314,1,train,phenomsg,Organic Stream,False,False
GROUP_02315,1,val,ewaste,Electronic Device,False,False
GROUP_02316,1,train,realwaste,Paper,False,False
GROUP_02317,7,train,ewaste|realwaste|trashnet,Large Electronic Appliance|Metal|Plastic,False,True
GROUP_02318,1,train,realwaste,Cardboard,False,False
GROUP_02319,1,train,realwaste,Metal,False,False
GROUP_02320,1,val,realwaste,Metal,False,False
GROUP_02321,1,train,phenomsg,Recyclable Stream,False,False
GROUP_02322,1,train,phenomsg,Hazardous Waste,False,False
GROUP_02323,1,val,realwaste,Metal,False,False
GROUP_02324,1,train,trashnet,Paper,False,False
GROUP_02325,1,train,ewaste,Electronic Device,False,False
GROUP_02326,1,train,realwaste,Paper,False,False
GROUP_02327,1,val,trashnet,Plastic,False,False
GROUP_02328,1,test,phenomsg,Residual,False,False
GROUP_02329,1,train,ewaste,Electronic Device,False,False
GROUP_02330,1,train,ewaste,Electronic Component,False,False
GROUP_02331,1,val,realwaste,Plastic,False,False
GROUP_02332,1,train,ewaste,Electronic Device,False,False
GROUP_02333,1,test,phenomsg,Recyclable Stream,False,False
GROUP_02334,1,train,ewaste,Electronic Device,False,False
GROUP_02335,2,train,phenomsg,Hazardous Waste,True,True
GROUP_02336,1,train,realwaste,Paper,False,False
GROUP_02337,1,train,realwaste,Glass,False,False
GROUP_02338,1,train,realwaste,Plastic,False,False
GROUP_02339,1,val,ewaste,Electronic Device,False,False
GROUP_02340,1,train,phenomsg,Residual,False,False
GROUP_02341,1,train,phenomsg,Recyclable Stream,False,False
GROUP_02342,1,train,phenomsg,Recyclable Stream,False,False
GROUP_02343,1,train,realwaste,Vegetation,False,False
GROUP_02344,1,train,realwaste,Food Organics,False,False
GROUP_02345,1,val,trashnet,Paper,False,False
GROUP_02346,1,train,realwaste,Paper,False,False
GROUP_02347,1,test,trashnet,Paper,False,False
GROUP_02348,1,test,realwaste,Metal,False,False
GROUP_02349,1,test,trashnet,Metal,False,False
GROUP_02350,1,val,realwaste,Glass,False,False
GROUP_02351,1,train,realwaste,Plastic,False,False
GROUP_02352,1,train,realwaste,Cardboard,False,False
GROUP_02353,1,train,realwaste,Textile,False,False
GROUP_02354,1,train,realwaste,Plastic,False,False
GROUP_02355,1,test,realwaste,Residual,False,False
GROUP_02356,1,train,realwaste,Metal,False,False
GROUP_02357,1,train,realwaste,Residual,False,False
GROUP_02358,1,train,ewaste,Electronic Device,False,False
GROUP_02359,2,train,phenomsg,Hazardous Waste,True,True
GROUP_02360,1,train,realwaste,Food Organics,False,False
GROUP_02361,2,train,phenomsg,Hazardous Waste,True,True
GROUP_02362,2,train,phenomsg,Hazardous Waste,True,True
GROUP_02363,1,val,trashnet,Paper,False,False
GROUP_02364,2,train,phenomsg,Hazardous Waste,True,True
GROUP_02365,1,train,phenomsg,Organic Stream,False,False
GROUP_02366,1,train,realwaste,Metal,False,False
GROUP_02367,1,train,phenomsg,Recyclable Stream,False,False
GROUP_02368,1,train,realwaste,Cardboard,False,False
GROUP_02369,1,train,phenomsg,Recyclable Stream,False,False
GROUP_02370,1,train,realwaste,Metal,False,False
GROUP_02371,1,train,realwaste,Cardboard,False,False
GROUP_02372,1,train,ewaste,Electronic Component,False,False
GROUP_02373,1,test,phenomsg,Organic Stream,False,False
GROUP_02374,1,train,realwaste,Plastic,False,False
GROUP_02375,1,train,phenomsg,Recyclable Stream,False,False
GROUP_02376,1,train,realwaste,Plastic,False,False
GROUP_02377,1,val,trashnet,Cardboard,False,False
GROUP_02378,1,train,phenomsg,Recyclable Stream,False,False
GROUP_02379,1,train,realwaste,Plastic,False,False
GROUP_02380,1,train,ewaste,Electronic Device,False,False
GROUP_02381,2,train,phenomsg,Hazardous Waste,True,True
GROUP_02382,1,train,realwaste,Residual,False,False
GROUP_02383,1,train,ewaste,Large Electronic Appliance,False,False
GROUP_02384,1,train,realwaste,Textile,False,False
GROUP_02385,1,train,ewaste,Battery,False,False
GROUP_02386,1,train,realwaste,Cardboard,False,False
GROUP_02387,1,val,phenomsg,Recyclable Stream,False,False
GROUP_02388,1,train,realwaste,Cardboard,False,False
GROUP_02389,1,train,ewaste,Electronic Device,False,False
GROUP_02390,1,val,ewaste,Large Electronic Appliance,False,False
GROUP_02391,1,test,phenomsg,Hazardous Waste,False,False
GROUP_02392,1,train,phenomsg,Hazardous Waste,False,False
GROUP_02393,1,test,trashnet,Metal,False,False
GROUP_02394,1,test,trashnet,Glass,False,False
GROUP_02395,1,val,ewaste,Electronic Component,False,False
GROUP_02396,1,test,ewaste,Electronic Device,False,False
GROUP_02397,1,val,phenomsg,Organic Stream,False,False
GROUP_02398,1,train,trashnet,Cardboard,False,False
GROUP_02399,1,train,trashnet,Plastic,False,False
GROUP_02400,1,train,realwaste,Plastic,False,False
GROUP_02401,1,val,realwaste,Plastic,False,False
GROUP_02402,1,train,trashnet,Cardboard,False,False
GROUP_02403,1,train,realwaste,Glass,False,False
GROUP_02404,1,train,trashnet,Residual,False,False
GROUP_02405,1,train,realwaste,Food Organics,False,False
GROUP_02406,1,train,realwaste,Cardboard,False,False
GROUP_02407,1,train,realwaste,Plastic,False,False
GROUP_02408,1,train,trashnet,Plastic,False,False
GROUP_02409,1,train,ewaste,Electronic Device,False,False
GROUP_02410,1,val,ewaste,Electronic Device,False,False
GROUP_02411,1,train,phenomsg,Organic Stream,False,False
GROUP_02412,1,train,realwaste,Plastic,False,False
GROUP_02413,1,train,phenomsg,Recyclable Stream,False,False
GROUP_02414,1,train,ewaste,Electronic Device,False,False
GROUP_02415,1,train,realwaste,Residual,False,False
GROUP_02416,2,train,phenomsg,Hazardous Waste,True,True
GROUP_02417,1,test,realwaste,Vegetation,False,False
GROUP_02418,1,train,ewaste,Large Electronic Appliance,False,False
GROUP_02419,1,train,trashnet,Glass,False,False
GROUP_02420,1,train,ewaste,Large Electronic Appliance,False,False
GROUP_02421,1,val,phenomsg,Recyclable Stream,False,False
GROUP_02422,1,train,phenomsg,Recyclable Stream,False,False
GROUP_02423,1,train,trashnet,Paper,False,False
GROUP_02424,1,train,trashnet,Paper,False,False
GROUP_02425,1,train,ewaste,Large Electronic Appliance,False,False
GROUP_02426,1,train,realwaste,Food Organics,False,False
GROUP_02427,1,train,trashnet,Cardboard,False,False
GROUP_02428,2,train,phenomsg,Recyclable Stream|Residual,True,True
GROUP_02429,1,train,ewaste,Large Electronic Appliance,False,False
GROUP_02430,1,train,phenomsg,Organic Stream,False,False
GROUP_02431,1,train,trashnet,Metal,False,False
GROUP_02432,1,train,realwaste,Paper,False,False
GROUP_02433,1,test,realwaste,Cardboard,False,False
GROUP_02434,1,train,phenomsg,Recyclable Stream,False,False
GROUP_02435,1,train,realwaste,Cardboard,False,False
GROUP_02436,1,train,realwaste,Glass,False,False
GROUP_02437,1,test,phenomsg,Organic Stream,False,False
GROUP_02438,1,train,realwaste,Glass,False,False
GROUP_02439,1,train,realwaste,Paper,False,False
GROUP_02440,1,val,ewaste,Electronic Device,False,False
GROUP_02441,2,train,realwaste,Residual,False,True
GROUP_02442,1,train,realwaste,Metal,False,False
GROUP_02443,1,train,ewaste,Large Electronic Appliance,False,False
GROUP_02444,1,train,ewaste,Large Electronic Appliance,False,False
GROUP_02445,2,train,phenomsg,Hazardous Waste,True,True
GROUP_02446,1,train,realwaste,Textile,False,False
GROUP_02447,1,val,ewaste,Electronic Component,False,False
GROUP_02448,1,train,ewaste,Large Electronic Appliance,False,False
GROUP_02449,1,train,phenomsg,Recyclable Stream,False,False
GROUP_02450,1,train,phenomsg,Recyclable Stream,False,False
GROUP_02451,1,train,realwaste,Metal,False,False
GROUP_02452,1,test,realwaste,Residual,False,False
GROUP_02453,1,train,trashnet,Plastic,False,False
GROUP_02454,1,train,realwaste,Residual,False,False
GROUP_02455,1,train,trashnet,Residual,False,False
GROUP_02456,1,test,realwaste,Vegetation,False,False
GROUP_02457,1,test,realwaste,Paper,False,False
GROUP_02458,1,train,realwaste,Plastic,False,False
GROUP_02459,1,train,realwaste,Vegetation,False,False
GROUP_02460,1,train,ewaste,Large Electronic Appliance,False,False
GROUP_02461,1,test,phenomsg,Residual,False,False
GROUP_02462,2,train,phenomsg,Hazardous Waste,True,True
GROUP_02463,1,val,realwaste,Vegetation,False,False
GROUP_02464,1,train,realwaste,Plastic,False,False
GROUP_02465,1,train,ewaste,Electronic Device,False,False
GROUP_02466,1,val,realwaste,Paper,False,False
GROUP_02467,1,train,ewaste,Electronic Device,False,False
GROUP_02468,1,test,trashnet,Cardboard,False,False
GROUP_02469,1,val,ewaste,Electronic Device,False,False
GROUP_02470,1,train,ewaste,Electronic Device,False,False
GROUP_02471,1,train,realwaste,Metal,False,False
GROUP_02472,1,val,realwaste,Cardboard,False,False
GROUP_02473,1,train,realwaste,Vegetation,False,False
GROUP_02474,1,train,ewaste,Electronic Device,False,False
GROUP_02475,1,train,ewaste,Electronic Device,False,False
GROUP_02476,1,test,realwaste,Metal,False,False
GROUP_02477,1,train,phenomsg,Hazardous Waste,False,False
GROUP_02478,1,val,realwaste,Glass,False,False
GROUP_02479,1,train,phenomsg,Organic Stream,False,False
GROUP_02480,1,train,ewaste,Electronic Device,False,False
GROUP_02481,1,train,realwaste,Textile,False,False
GROUP_02482,1,train,trashnet,Metal,False,False
GROUP_02483,1,train,realwaste,Food Organics,False,False
GROUP_02484,1,train,ewaste,Electronic Component,False,False
GROUP_02485,1,train,ewaste,Large Electronic Appliance,False,False
GROUP_02486,1,train,ewaste,Electronic Component,False,False
GROUP_02487,1,train,ewaste,Large Electronic Appliance,False,False
GROUP_02488,1,train,ewaste,Electronic Device,False,False
GROUP_02489,1,train,realwaste,Residual,False,False
GROUP_02490,1,train,trashnet,Glass,False,False
GROUP_02491,1,train,phenomsg,Recyclable Stream,False,False
GROUP_02492,1,train,realwaste,Glass,False,False
GROUP_02493,1,val,ewaste,Electronic Component,False,False
GROUP_02494,1,test,ewaste,Large Electronic Appliance,False,False
GROUP_02495,1,test,realwaste,Vegetation,False,False
GROUP_02496,4,train,realwaste,Metal,False,True
GROUP_02497,1,train,trashnet,Metal,False,False
GROUP_02498,1,train,realwaste,Residual,False,False
GROUP_02499,1,train,realwaste,Residual,False,False
GROUP_02500,2,train,phenomsg,Hazardous Waste,True,True
GROUP_02501,1,train,realwaste,Food Organics,False,False
GROUP_02502,1,train,phenomsg,Hazardous Waste,False,False
GROUP_02503,2,train,phenomsg,Hazardous Waste,True,True
GROUP_02504,1,test,trashnet,Paper,False,False
GROUP_02505,1,train,trashnet,Metal,False,False
GROUP_02506,1,train,phenomsg,Recyclable Stream,False,False
GROUP_02507,1,train,realwaste,Residual,False,False
GROUP_02508,1,train,realwaste,Plastic,False,False
GROUP_02509,1,test,ewaste,Large Electronic Appliance,False,False
GROUP_02510,1,train,trashnet,Plastic,False,False
GROUP_02511,1,train,realwaste,Food Organics,False,False
GROUP_02512,1,test,realwaste,Metal,False,False
GROUP_02513,1,test,phenomsg,Organic Stream,False,False
GROUP_02514,1,train,ewaste,Large Electronic Appliance,False,False
GROUP_02515,2,train,phenomsg,Hazardous Waste,True,True
GROUP_02516,1,val,ewaste,Large Electronic Appliance,False,False
GROUP_02517,1,train,realwaste,Plastic,False,False
GROUP_02518,1,train,ewaste,Electronic Component,False,False
GROUP_02519,1,test,phenomsg,Hazardous Waste,False,False
GROUP_02520,1,train,realwaste,Vegetation,False,False
GROUP_02521,1,train,trashnet,Cardboard,False,False
GROUP_02522,1,train,realwaste,Metal,False,False
GROUP_02523,1,train,realwaste,Vegetation,False,False
GROUP_02524,1,val,realwaste,Metal,False,False
GROUP_02525,1,train,realwaste,Vegetation,False,False
GROUP_02526,1,train,realwaste,Cardboard,False,False
GROUP_02527,1,train,ewaste,Electronic Device,False,False
GROUP_02528,1,train,ewaste,Electronic Component,False,False
GROUP_02529,1,val,ewaste,Large Electronic Appliance,False,False
GROUP_02530,1,train,phenomsg,Residual,False,False
GROUP_02531,1,val,ewaste,Electronic Device,False,False
GROUP_02532,1,train,realwaste,Plastic,False,False
GROUP_02533,1,train,realwaste,Metal,False,False
GROUP_02534,1,train,trashnet,Glass,False,False
GROUP_02535,1,test,realwaste,Textile,False,False
GROUP_02536,1,train,realwaste,Metal,False,False
GROUP_02537,1,val,ewaste,Large Electronic Appliance,False,False
GROUP_02538,1,train,trashnet,Paper,False,False
GROUP_02539,1,test,trashnet,Paper,False,False
GROUP_02540,1,train,trashnet,Plastic,False,False
GROUP_02541,1,train,realwaste,Vegetation,False,False
GROUP_02542,1,test,ewaste,Electronic Device,False,False
GROUP_02543,1,train,realwaste,Textile,False,False
GROUP_02544,1,val,trashnet,Glass,False,False
GROUP_02545,1,train,ewaste,Battery,False,False
GROUP_02546,1,val,realwaste,Plastic,False,False
GROUP_02547,1,train,trashnet,Plastic,False,False
GROUP_02548,1,train,phenomsg,Hazardous Waste,False,False
GROUP_02549,1,val,phenomsg,Organic Stream,False,False
GROUP_02550,1,train,phenomsg,Residual,False,False
GROUP_02551,1,train,realwaste,Cardboard,False,False
GROUP_02552,1,train,realwaste,Paper,False,False
GROUP_02553,1,train,ewaste,Battery,False,False
GROUP_02554,1,train,phenomsg,Organic Stream,False,False
GROUP_02555,1,train,realwaste,Cardboard,False,False
GROUP_02556,1,train,phenomsg,Residual,False,False
GROUP_02557,1,train,trashnet,Cardboard,False,False
GROUP_02558,1,train,ewaste,Battery,False,False
GROUP_02559,1,train,realwaste,Plastic,False,False
GROUP_02560,1,train,ewaste,Electronic Device,False,False
GROUP_02561,1,val,trashnet,Residual,False,False
GROUP_02562,1,train,realwaste,Metal,False,False
GROUP_02563,1,train,phenomsg,Organic Stream,False,False
GROUP_02564,1,val,realwaste,Glass,False,False
GROUP_02565,1,train,realwaste,Paper,False,False
GROUP_02566,1,val,realwaste,Glass,False,False
GROUP_02567,1,test,realwaste,Plastic,False,False
GROUP_02568,1,train,realwaste,Vegetation,False,False
GROUP_02569,1,train,phenomsg,Recyclable Stream,False,False
GROUP_02570,2,train,phenomsg,Hazardous Waste,True,True
GROUP_02571,1,train,phenomsg,Organic Stream,False,False
GROUP_02572,1,test,phenomsg,Hazardous Waste,False,False
GROUP_02573,1,train,phenomsg,Organic Stream,False,False
GROUP_02574,1,train,realwaste,Residual,False,False
GROUP_02575,1,train,realwaste,Metal,False,False
GROUP_02576,1,train,realwaste,Paper,False,False
GROUP_02577,1,test,ewaste,Electronic Device,False,False
GROUP_02578,1,train,realwaste,Paper,False,False
GROUP_02579,1,val,trashnet,Paper,False,False
GROUP_02580,1,train,ewaste,Electronic Device,False,False
GROUP_02581,1,train,realwaste,Metal,False,False
GROUP_02582,1,train,phenomsg,Residual,False,False
GROUP_02583,1,train,ewaste,Electronic Device,False,False
GROUP_02584,1,val,phenomsg,Residual,False,False
GROUP_02585,1,val,ewaste,Large Electronic Appliance,False,False
GROUP_02586,1,test,phenomsg,Residual,False,False
GROUP_02587,1,test,realwaste,Residual,False,False
GROUP_02588,1,test,trashnet,Metal,False,False
GROUP_02589,1,train,phenomsg,Hazardous Waste,False,False
GROUP_02590,1,test,phenomsg,Residual,False,False
GROUP_02591,1,train,trashnet,Plastic,False,False
GROUP_02592,1,val,realwaste,Metal,False,False
GROUP_02593,1,train,trashnet,Residual,False,False
GROUP_02594,1,val,realwaste,Plastic,False,False
GROUP_02595,1,train,realwaste,Residual,False,False
GROUP_02596,1,train,ewaste,Electronic Device,False,False
GROUP_02597,1,train,trashnet,Plastic,False,False
GROUP_02598,1,train,phenomsg,Recyclable Stream,False,False
GROUP_02599,1,train,phenomsg,Recyclable Stream,False,False
GROUP_02600,1,train,trashnet,Metal,False,False
GROUP_02601,1,val,trashnet,Cardboard,False,False
GROUP_02602,1,train,realwaste,Vegetation,False,False
GROUP_02603,1,val,phenomsg,Organic Stream,False,False
GROUP_02604,1,train,ewaste,Large Electronic Appliance,False,False
GROUP_02605,1,train,realwaste,Paper,False,False
GROUP_02606,1,val,realwaste,Plastic,False,False
GROUP_02607,1,val,ewaste,Battery,False,False
GROUP_02608,1,train,ewaste,Electronic Device,False,False
GROUP_02609,1,train,ewaste,Large Electronic Appliance,False,False
GROUP_02610,1,train,realwaste,Residual,False,False
GROUP_02611,1,train,phenomsg,Organic Stream,False,False
GROUP_02612,1,train,realwaste,Metal,False,False
GROUP_02613,1,train,realwaste,Food Organics,False,False
GROUP_02614,2,train,realwaste,Metal|Plastic,False,True
GROUP_02615,1,test,phenomsg,Recyclable Stream,False,False
GROUP_02616,1,train,realwaste,Residual,False,False
GROUP_02617,1,train,ewaste,Electronic Device,False,False
GROUP_02618,1,train,trashnet,Cardboard,False,False
GROUP_02619,1,train,ewaste,Large Electronic Appliance,False,False
GROUP_02620,1,test,ewaste,Large Electronic Appliance,False,False
GROUP_02621,1,val,realwaste,Plastic,False,False
GROUP_02622,1,train,realwaste,Plastic,False,False
GROUP_02623,1,train,trashnet,Glass,False,False
GROUP_02624,1,train,ewaste,Electronic Device,False,False
GROUP_02625,1,test,ewaste,Electronic Component,False,False
GROUP_02626,1,train,trashnet,Glass,False,False
GROUP_02627,1,train,trashnet,Glass,False,False
GROUP_02628,1,val,ewaste,Large Electronic Appliance,False,False
GROUP_02629,1,train,realwaste,Textile,False,False
GROUP_02630,1,train,ewaste,Battery,False,False
GROUP_02631,1,train,trashnet,Cardboard,False,False
GROUP_02632,1,train,ewaste,Large Electronic Appliance,False,False
GROUP_02633,1,test,realwaste,Vegetation,False,False
GROUP_02634,1,val,phenomsg,Residual,False,False
GROUP_02635,2,train,phenomsg,Hazardous Waste,True,True
GROUP_02636,1,train,realwaste,Cardboard,False,False
GROUP_02637,1,train,ewaste,Electronic Component,False,False
GROUP_02638,1,train,realwaste,Glass,False,False
GROUP_02639,1,train,phenomsg,Residual,False,False
GROUP_02640,1,test,trashnet,Paper,False,False
GROUP_02641,1,test,phenomsg,Recyclable Stream,False,False
GROUP_02642,1,train,realwaste,Glass,False,False
GROUP_02643,1,train,phenomsg,Hazardous Waste,False,False
GROUP_02644,1,val,realwaste,Residual,False,False
GROUP_02645,1,val,ewaste,Large Electronic Appliance,False,False
GROUP_02646,2,train,phenomsg,Hazardous Waste,True,True
GROUP_02647,1,train,phenomsg,Recyclable Stream,False,False
GROUP_02648,1,test,ewaste,Electronic Device,False,False
GROUP_02649,1,train,realwaste,Metal,False,False
GROUP_02650,1,train,realwaste,Paper,False,False
GROUP_02651,1,train,trashnet,Paper,False,False
GROUP_02652,1,train,realwaste,Vegetation,False,False
GROUP_02653,1,test,trashnet,Paper,False,False
GROUP_02654,1,val,realwaste,Plastic,False,False
GROUP_02655,1,train,ewaste,Electronic Component,False,False
GROUP_02656,1,train,trashnet,Glass,False,False
GROUP_02657,1,train,realwaste,Glass,False,False
GROUP_02658,1,train,phenomsg,Residual,False,False
GROUP_02659,1,train,phenomsg,Recyclable Stream,False,False
GROUP_02660,1,train,ewaste,Large Electronic Appliance,False,False
GROUP_02661,1,train,realwaste,Residual,False,False
GROUP_02662,1,train,phenomsg,Recyclable Stream,False,False
GROUP_02663,1,train,trashnet,Cardboard,False,False
GROUP_02664,1,train,ewaste,Electronic Device,False,False
GROUP_02665,1,val,ewaste,Electronic Component,False,False
GROUP_02666,1,train,realwaste,Food Organics,False,False
GROUP_02667,1,test,realwaste,Metal,False,False
GROUP_02668,1,test,realwaste,Vegetation,False,False
GROUP_02669,1,train,realwaste,Residual,False,False
GROUP_02670,1,train,trashnet,Cardboard,False,False
GROUP_02671,1,train,trashnet,Glass,False,False
GROUP_02672,1,train,trashnet,Glass,False,False
GROUP_02673,1,train,trashnet,Glass,False,False
GROUP_02674,1,train,realwaste,Food Organics,False,False
GROUP_02675,1,train,ewaste,Battery,False,False
GROUP_02676,1,val,phenomsg,Recyclable Stream,False,False
GROUP_02677,1,train,ewaste,Electronic Device,False,False
GROUP_02678,1,train,phenomsg,Recyclable Stream,False,False
GROUP_02679,1,train,realwaste,Food Organics,False,False
GROUP_02680,1,train,trashnet,Plastic,False,False
GROUP_02681,1,train,ewaste,Large Electronic Appliance,False,False
GROUP_02682,1,test,phenomsg,Organic Stream,False,False
GROUP_02683,1,val,ewaste,Electronic Device,False,False
GROUP_02684,1,val,realwaste,Plastic,False,False
GROUP_02685,1,test,realwaste,Metal,False,False
GROUP_02686,1,train,phenomsg,Recyclable Stream,False,False
GROUP_02687,1,test,trashnet,Metal,False,False
GROUP_02688,1,val,phenomsg,Organic Stream,False,False
GROUP_02689,1,val,phenomsg,Recyclable Stream,False,False
GROUP_02690,1,train,realwaste,Residual,False,False
GROUP_02691,1,train,ewaste,Electronic Component,False,False
GROUP_02692,1,train,realwaste,Plastic,False,False
GROUP_02693,1,test,trashnet,Metal,False,False
GROUP_02694,1,train,realwaste,Plastic,False,False
GROUP_02695,1,test,phenomsg,Organic Stream,False,False
GROUP_02696,1,train,realwaste,Food Organics,False,False
GROUP_02697,2,train,phenomsg,Hazardous Waste,True,True
GROUP_02698,1,train,ewaste,Large Electronic Appliance,False,False
GROUP_02699,1,val,trashnet,Cardboard,False,False
GROUP_02700,1,train,ewaste,Electronic Device,False,False
GROUP_02701,1,train,realwaste,Paper,False,False
GROUP_02702,1,train,realwaste,Residual,False,False
GROUP_02703,1,train,trashnet,Plastic,False,False
GROUP_02704,1,train,ewaste,Large Electronic Appliance,False,False
GROUP_02705,1,train,realwaste,Food Organics,False,False
GROUP_02706,1,train,phenomsg,Organic Stream,False,False
GROUP_02707,1,train,realwaste,Metal,False,False
GROUP_02708,1,test,ewaste,Electronic Device,False,False
GROUP_02709,1,train,realwaste,Food Organics,False,False
GROUP_02710,1,train,realwaste,Cardboard,False,False
GROUP_02711,1,train,realwaste,Plastic,False,False
GROUP_02712,1,train,phenomsg,Organic Stream,False,False
GROUP_02713,1,train,phenomsg,Organic Stream,False,False
GROUP_02714,1,test,trashnet,Glass,False,False
GROUP_02715,1,train,trashnet,Residual,False,False
GROUP_02716,1,val,ewaste,Large Electronic Appliance,False,False
GROUP_02717,1,train,realwaste,Plastic,False,False
GROUP_02718,1,test,phenomsg,Residual,False,False
GROUP_02719,1,train,trashnet,Metal,False,False
GROUP_02720,1,train,ewaste,Electronic Device,False,False
GROUP_02721,1,train,realwaste,Glass,False,False
GROUP_02722,1,test,trashnet,Cardboard,False,False
GROUP_02723,1,test,trashnet,Glass,False,False
GROUP_02724,1,train,trashnet,Plastic,False,False
GROUP_02725,1,val,realwaste,Textile,False,False
GROUP_02726,1,train,ewaste,Electronic Device,False,False
GROUP_02727,1,train,ewaste,Electronic Device,False,False
GROUP_02728,1,train,phenomsg,Hazardous Waste,False,False
GROUP_02729,1,train,trashnet,Paper,False,False
GROUP_02730,1,train,realwaste,Food Organics,False,False
GROUP_02731,1,train,realwaste,Cardboard,False,False
GROUP_02732,1,train,realwaste,Vegetation,False,False
GROUP_02733,1,train,phenomsg,Organic Stream,False,False
GROUP_02734,1,train,phenomsg,Hazardous Waste,False,False
GROUP_02735,1,test,realwaste,Vegetation,False,False
GROUP_02736,1,val,realwaste,Paper,False,False
GROUP_02737,1,train,realwaste,Plastic,False,False
GROUP_02738,1,val,trashnet,Paper,False,False
GROUP_02739,1,train,ewaste,Electronic Device,False,False
GROUP_02740,2,train,trashnet,Metal|Plastic,False,True
GROUP_02741,1,train,phenomsg,Residual,False,False
GROUP_02742,1,train,realwaste,Metal,False,False
GROUP_02743,1,train,trashnet,Cardboard,False,False
GROUP_02744,4,train,realwaste,Food Organics,False,True
GROUP_02745,1,train,realwaste,Residual,False,False
GROUP_02746,1,train,phenomsg,Recyclable Stream,False,False
GROUP_02747,1,train,trashnet,Plastic,False,False
GROUP_02748,1,train,ewaste,Electronic Device,False,False
GROUP_02749,1,val,ewaste,Electronic Device,False,False
GROUP_02750,1,train,ewaste,Large Electronic Appliance,False,False
GROUP_02751,1,train,trashnet,Cardboard,False,False
GROUP_02752,1,train,ewaste,Large Electronic Appliance,False,False
GROUP_02753,1,train,trashnet,Paper,False,False
GROUP_02754,1,val,ewaste,Large Electronic Appliance,False,False
GROUP_02755,1,train,realwaste,Paper,False,False
GROUP_02756,1,train,ewaste,Electronic Device,False,False
GROUP_02757,1,train,realwaste,Textile,False,False
GROUP_02758,1,train,phenomsg,Residual,False,False
GROUP_02759,1,test,realwaste,Food Organics,False,False
GROUP_02760,1,train,realwaste,Metal,False,False
GROUP_02761,1,val,realwaste,Metal,False,False
GROUP_02762,1,train,realwaste,Metal,False,False
GROUP_02763,1,train,ewaste,Electronic Device,False,False
GROUP_02764,1,val,phenomsg,Organic Stream,False,False
GROUP_02765,2,train,phenomsg,Hazardous Waste,True,True
GROUP_02766,1,train,ewaste,Electronic Device,False,False
GROUP_02767,1,val,ewaste,Large Electronic Appliance,False,False
GROUP_02768,1,val,ewaste,Electronic Device,False,False
GROUP_02769,1,train,realwaste,Textile,False,False
GROUP_02770,1,test,realwaste,Vegetation,False,False
GROUP_02771,2,train,trashnet,Paper,False,True
GROUP_02772,1,train,ewaste,Large Electronic Appliance,False,False
GROUP_02773,1,train,phenomsg,Hazardous Waste,False,False
GROUP_02774,1,val,ewaste,Electronic Device,False,False
GROUP_02775,1,test,trashnet,Plastic,False,False
GROUP_02776,1,train,realwaste,Textile,False,False
GROUP_02777,1,train,ewaste,Electronic Component,False,False
GROUP_02778,1,val,trashnet,Paper,False,False
GROUP_02779,1,train,ewaste,Electronic Device,False,False
GROUP_02780,1,val,ewaste,Electronic Device,False,False
GROUP_02781,1,train,ewaste,Electronic Device,False,False
GROUP_02782,1,val,realwaste,Plastic,False,False
GROUP_02783,3,train,ewaste,Electronic Component,True,True
GROUP_02784,1,train,trashnet,Metal,False,False
GROUP_02785,1,train,ewaste,Large Electronic Appliance,False,False
GROUP_02786,1,train,realwaste,Food Organics,False,False
GROUP_02787,1,test,realwaste,Plastic,False,False
GROUP_02788,1,train,phenomsg,Residual,False,False
GROUP_02789,1,val,ewaste,Electronic Component,False,False
GROUP_02790,1,train,ewaste,Large Electronic Appliance,False,False
GROUP_02791,1,train,ewaste,Large Electronic Appliance,False,False
GROUP_02792,2,train,phenomsg,Hazardous Waste,True,True
GROUP_02793,1,train,phenomsg,Recyclable Stream,False,False
GROUP_02794,1,train,phenomsg,Organic Stream,False,False
GROUP_02795,1,val,trashnet,Paper,False,False
GROUP_02796,1,test,ewaste,Electronic Device,False,False
GROUP_02797,1,train,phenomsg,Recyclable Stream,False,False
GROUP_02798,1,train,ewaste,Electronic Device,False,False
GROUP_02799,1,train,ewaste,Large Electronic Appliance,False,False
GROUP_02800,2,train,phenomsg,Hazardous Waste,True,True
GROUP_02801,1,train,realwaste,Plastic,False,False
GROUP_02802,1,test,realwaste,Plastic,False,False
GROUP_02803,1,train,realwaste,Plastic,False,False
GROUP_02804,1,train,ewaste,Electronic Device,False,False
GROUP_02805,1,val,trashnet,Glass,False,False
GROUP_02806,1,train,ewaste,Electronic Device,False,False
GROUP_02807,2,train,phenomsg,Hazardous Waste,True,True
GROUP_02808,1,val,ewaste,Electronic Device,False,False
GROUP_02809,1,train,trashnet,Glass,False,False
GROUP_02810,1,val,ewaste,Electronic Component,False,False
GROUP_02811,1,val,trashnet,Paper,False,False
GROUP_02812,1,train,trashnet,Paper,False,False
GROUP_02813,1,train,ewaste,Battery,False,False
GROUP_02814,1,train,phenomsg,Recyclable Stream,False,False
GROUP_02815,1,train,realwaste,Residual,False,False
GROUP_02816,1,train,realwaste,Textile,False,False
GROUP_02817,1,train,phenomsg,Recyclable Stream,False,False
GROUP_02818,1,train,trashnet,Plastic,False,False
GROUP_02819,1,train,ewaste,Large Electronic Appliance,False,False
GROUP_02820,2,train,phenomsg,Hazardous Waste,True,True
GROUP_02821,1,train,realwaste,Glass,False,False
GROUP_02822,1,train,phenomsg,Organic Stream,False,False
GROUP_02823,1,test,ewaste,Large Electronic Appliance,False,False
GROUP_02824,1,train,realwaste,Plastic,False,False
GROUP_02825,1,train,ewaste,Electronic Component,False,False
GROUP_02826,1,train,phenomsg,Recyclable Stream,False,False
GROUP_02827,1,val,trashnet,Metal,False,False
GROUP_02828,2,train,phenomsg,Hazardous Waste,True,True
GROUP_02829,1,val,trashnet,Metal,False,False
GROUP_02830,1,train,realwaste,Residual,False,False
GROUP_02831,1,test,ewaste,Electronic Device,False,False
GROUP_02832,1,test,ewaste,Large Electronic Appliance,False,False
GROUP_02833,2,train,ewaste,Electronic Component,False,True
GROUP_02834,1,train,realwaste,Vegetation,False,False
GROUP_02835,1,test,ewaste,Large Electronic Appliance,False,False
GROUP_02836,1,val,realwaste,Paper,False,False
GROUP_02837,1,train,phenomsg,Residual,False,False
GROUP_02838,1,train,realwaste,Plastic,False,False
GROUP_02839,1,test,trashnet,Glass,False,False
GROUP_02840,1,train,realwaste,Cardboard,False,False
GROUP_02841,1,train,trashnet,Cardboard,False,False
GROUP_02842,1,train,realwaste,Food Organics,False,False
GROUP_02843,1,test,realwaste,Vegetation,False,False
GROUP_02844,1,val,phenomsg,Residual,False,False
GROUP_02845,1,train,realwaste,Vegetation,False,False
GROUP_02846,1,train,trashnet,Plastic,False,False
GROUP_02847,1,val,ewaste,Electronic Device,False,False
GROUP_02848,1,val,trashnet,Plastic,False,False
GROUP_02849,1,val,trashnet,Plastic,False,False
GROUP_02850,2,train,phenomsg,Hazardous Waste,True,True
GROUP_02851,1,train,phenomsg,Organic Stream,False,False
GROUP_02852,1,train,realwaste,Residual,False,False
GROUP_02853,1,train,realwaste,Paper,False,False
GROUP_02854,1,val,realwaste,Residual,False,False
GROUP_02855,1,val,trashnet,Metal,False,False
GROUP_02856,1,train,realwaste,Metal,False,False
GROUP_02857,1,train,realwaste,Plastic,False,False
GROUP_02858,1,train,realwaste,Textile,False,False
GROUP_02859,1,train,phenomsg,Recyclable Stream,False,False
GROUP_02860,1,train,ewaste,Electronic Device,False,False
GROUP_02861,1,test,ewaste,Large Electronic Appliance,False,False
GROUP_02862,1,train,ewaste,Electronic Device,False,False
GROUP_02863,1,test,trashnet,Plastic,False,False
GROUP_02864,1,train,phenomsg,Organic Stream,False,False
GROUP_02865,1,train,trashnet,Paper,False,False
GROUP_02866,1,val,phenomsg,Residual,False,False
GROUP_02867,1,val,ewaste,Battery,False,False
GROUP_02868,1,train,phenomsg,Recyclable Stream,False,False
GROUP_02869,1,train,phenomsg,Hazardous Waste,False,False
GROUP_02870,1,test,phenomsg,Organic Stream,False,False
GROUP_02871,1,train,phenomsg,Recyclable Stream,False,False
GROUP_02872,1,train,realwaste,Plastic,False,False
GROUP_02873,1,train,realwaste,Plastic,False,False
GROUP_02874,1,test,trashnet,Metal,False,False
GROUP_02875,1,train,phenomsg,Residual,False,False
GROUP_02876,1,train,phenomsg,Recyclable Stream,False,False
GROUP_02877,1,train,realwaste,Residual,False,False
GROUP_02878,1,train,trashnet,Glass,False,False
GROUP_02879,2,train,phenomsg,Hazardous Waste,True,True
GROUP_02880,1,test,phenomsg,Organic Stream,False,False
GROUP_02881,1,train,ewaste,Electronic Component,False,False
GROUP_02882,1,train,ewaste,Electronic Device,False,False
GROUP_02883,1,train,trashnet,Glass,False,False
GROUP_02884,1,train,realwaste,Plastic,False,False
GROUP_02885,1,train,ewaste,Electronic Device,False,False
GROUP_02886,1,train,phenomsg,Residual,False,False
GROUP_02887,1,train,realwaste,Metal,False,False
GROUP_02888,1,train,ewaste,Electronic Device,False,False
GROUP_02889,1,train,realwaste,Metal,False,False
GROUP_02890,1,train,realwaste,Glass,False,False
GROUP_02891,1,train,phenomsg,Recyclable Stream,False,False
GROUP_02892,1,train,realwaste,Plastic,False,False
GROUP_02893,1,train,realwaste,Metal,False,False
GROUP_02894,1,train,realwaste,Food Organics,False,False
GROUP_02895,1,train,phenomsg,Hazardous Waste,False,False
GROUP_02896,1,train,realwaste,Food Organics,False,False
GROUP_02897,1,train,trashnet,Metal,False,False
GROUP_02898,1,test,trashnet,Plastic,False,False
GROUP_02899,1,train,realwaste,Textile,False,False
GROUP_02900,1,train,phenomsg,Hazardous Waste,False,False
GROUP_02901,1,train,realwaste,Plastic,False,False
GROUP_02902,1,train,realwaste,Cardboard,False,False
GROUP_02903,1,test,ewaste,Large Electronic Appliance,False,False
GROUP_02904,1,train,phenomsg,Residual,False,False
GROUP_02905,1,train,realwaste,Residual,False,False
GROUP_02906,1,train,ewaste,Electronic Device,False,False
GROUP_02907,1,test,ewaste,Electronic Device,False,False
GROUP_02908,1,train,ewaste,Large Electronic Appliance,False,False
GROUP_02909,1,train,realwaste,Residual,False,False
GROUP_02910,2,train,phenomsg,Hazardous Waste,True,True
GROUP_02911,1,train,phenomsg,Recyclable Stream,False,False
GROUP_02912,1,train,realwaste,Glass,False,False
GROUP_02913,1,train,phenomsg,Recyclable Stream,False,False
GROUP_02914,1,train,realwaste,Textile,False,False
GROUP_02915,1,val,trashnet,Residual,False,False
GROUP_02916,1,train,ewaste,Battery,False,False
GROUP_02917,1,train,phenomsg,Recyclable Stream,False,False
GROUP_02918,1,train,realwaste,Metal,False,False
GROUP_02919,1,train,phenomsg,Recyclable Stream,False,False
GROUP_02920,2,train,phenomsg,Hazardous Waste,True,True
GROUP_02921,1,train,ewaste,Large Electronic Appliance,False,False
GROUP_02922,2,train,phenomsg,Organic Stream,False,True
GROUP_02923,1,val,realwaste,Food Organics,False,False
GROUP_02924,1,train,realwaste,Plastic,False,False
GROUP_02925,1,train,phenomsg,Organic Stream,False,False
GROUP_02926,1,train,phenomsg,Recyclable Stream,False,False
GROUP_02927,1,train,realwaste,Paper,False,False
GROUP_02928,1,train,ewaste,Electronic Component,False,False
GROUP_02929,1,train,ewaste,Large Electronic Appliance,False,False
GROUP_02930,1,test,ewaste,Electronic Component,False,False
GROUP_02931,1,val,phenomsg,Residual,False,False
GROUP_02932,1,val,realwaste,Textile,False,False
GROUP_02933,1,train,phenomsg,Organic Stream,False,False
GROUP_02934,1,train,realwaste,Vegetation,False,False
GROUP_02935,1,test,realwaste,Residual,False,False
GROUP_02936,1,train,phenomsg,Organic Stream,False,False
GROUP_02937,1,train,realwaste,Vegetation,False,False
GROUP_02938,1,train,ewaste,Electronic Component,False,False
GROUP_02939,1,test,phenomsg,Residual,False,False
GROUP_02940,1,train,realwaste,Paper,False,False
GROUP_02941,1,train,realwaste,Textile,False,False
GROUP_02942,1,test,realwaste,Metal,False,False
GROUP_02943,1,train,phenomsg,Organic Stream,False,False
GROUP_02944,1,test,trashnet,Residual,False,False
GROUP_02945,1,val,phenomsg,Recyclable Stream,False,False
GROUP_02946,1,train,phenomsg,Organic Stream,False,False
GROUP_02947,1,train,phenomsg,Recyclable Stream,False,False
GROUP_02948,1,train,ewaste,Electronic Device,False,False
GROUP_02949,1,train,realwaste,Residual,False,False
GROUP_02950,1,train,phenomsg,Organic Stream,False,False
GROUP_02951,1,val,phenomsg,Residual,False,False
GROUP_02952,1,train,realwaste,Plastic,False,False
GROUP_02953,1,train,ewaste,Electronic Device,False,False
GROUP_02954,1,val,realwaste,Metal,False,False
GROUP_02955,1,test,phenomsg,Organic Stream,False,False
GROUP_02956,2,train,phenomsg,Hazardous Waste,True,True
GROUP_02957,1,train,phenomsg,Organic Stream,False,False
GROUP_02958,1,val,trashnet,Glass,False,False
GROUP_02959,1,val,trashnet,Glass,False,False
GROUP_02960,1,train,realwaste,Textile,False,False
GROUP_02961,1,test,ewaste,Electronic Device,False,False
GROUP_02962,1,val,trashnet,Glass,False,False
GROUP_02963,1,train,realwaste,Metal,False,False
GROUP_02964,1,test,trashnet,Paper,False,False
GROUP_02965,1,train,trashnet,Metal,False,False
GROUP_02966,1,val,trashnet,Glass,False,False
GROUP_02967,1,train,realwaste,Residual,False,False
GROUP_02968,1,train,trashnet,Residual,False,False
GROUP_02969,1,train,realwaste,Residual,False,False
GROUP_02970,1,train,realwaste,Food Organics,False,False
GROUP_02971,1,train,realwaste,Glass,False,False
GROUP_02972,1,train,realwaste,Textile,False,False
GROUP_02973,1,train,ewaste,Electronic Device,False,False
GROUP_02974,1,train,realwaste,Vegetation,False,False
GROUP_02975,1,val,phenomsg,Recyclable Stream,False,False
GROUP_02976,1,train,realwaste,Metal,False,False
GROUP_02977,1,train,ewaste,Large Electronic Appliance,False,False
GROUP_02978,1,train,trashnet,Paper,False,False
GROUP_02979,1,train,realwaste,Glass,False,False
GROUP_02980,1,val,phenomsg,Organic Stream,False,False
GROUP_02981,1,train,ewaste,Electronic Device,False,False
GROUP_02982,1,train,phenomsg,Hazardous Waste,False,False
GROUP_02983,1,train,phenomsg,Recyclable Stream,False,False
GROUP_02984,1,train,realwaste,Residual,False,False
GROUP_02985,1,train,realwaste,Plastic,False,False
GROUP_02986,1,train,realwaste,Textile,False,False
GROUP_02987,1,train,phenomsg,Hazardous Waste,False,False
GROUP_02988,1,test,phenomsg,Organic Stream,False,False
GROUP_02989,2,train,trashnet,Paper,False,True
GROUP_02990,1,train,ewaste,Large Electronic Appliance,False,False
GROUP_02991,1,train,realwaste,Food Organics,False,False
GROUP_02992,1,test,trashnet,Metal,False,False
GROUP_02993,1,train,phenomsg,Residual,False,False
GROUP_02994,1,train,trashnet,Metal,False,False
GROUP_02995,1,train,ewaste,Electronic Device,False,False
GROUP_02996,1,train,realwaste,Vegetation,False,False
GROUP_02997,1,val,realwaste,Glass,False,False
GROUP_02998,1,train,realwaste,Residual,False,False
GROUP_02999,1,train,phenomsg,Residual,False,False
GROUP_03000,1,test,ewaste,Electronic Device,False,False
GROUP_03001,1,val,realwaste,Metal,False,False
GROUP_03002,1,val,ewaste,Electronic Device,False,False
GROUP_03003,1,train,ewaste,Electronic Device,False,False
GROUP_03004,1,test,ewaste,Large Electronic Appliance,False,False
GROUP_03005,2,train,phenomsg,Hazardous Waste,True,True
GROUP_03006,1,train,trashnet,Cardboard,False,False
GROUP_03007,1,train,phenomsg,Residual,False,False
GROUP_03008,1,train,trashnet,Glass,False,False
GROUP_03009,1,val,realwaste,Cardboard,False,False
GROUP_03010,1,train,realwaste,Plastic,False,False
GROUP_03011,1,train,phenomsg,Residual,False,False
GROUP_03012,1,train,ewaste,Large Electronic Appliance,False,False
GROUP_03013,1,val,phenomsg,Residual,False,False
GROUP_03014,1,test,trashnet,Plastic,False,False
GROUP_03015,1,train,ewaste,Large Electronic Appliance,False,False
GROUP_03016,1,train,realwaste,Plastic,False,False
GROUP_03017,1,train,ewaste,Electronic Device,False,False
GROUP_03018,1,train,ewaste,Electronic Device,False,False
GROUP_03019,1,train,trashnet,Cardboard,False,False
GROUP_03020,1,val,trashnet,Plastic,False,False
GROUP_03021,1,val,realwaste,Textile,False,False
GROUP_03022,1,train,realwaste,Cardboard,False,False
GROUP_03023,1,train,phenomsg,Residual,False,False
GROUP_03024,1,val,realwaste,Metal,False,False
GROUP_03025,1,val,phenomsg,Residual,False,False
GROUP_03026,1,val,realwaste,Paper,False,False
GROUP_03027,2,train,trashnet,Paper,False,True
GROUP_03028,1,train,phenomsg,Recyclable Stream,False,False
GROUP_03029,1,train,phenomsg,Recyclable Stream,False,False
GROUP_03030,1,test,realwaste,Cardboard,False,False
GROUP_03031,1,train,trashnet,Cardboard,False,False
GROUP_03032,1,train,phenomsg,Residual,False,False
GROUP_03033,1,test,phenomsg,Residual,False,False
GROUP_03034,1,test,realwaste,Glass,False,False
GROUP_03035,1,train,realwaste,Vegetation,False,False
GROUP_03036,1,train,realwaste,Residual,False,False
GROUP_03037,1,train,trashnet,Glass,False,False
GROUP_03038,1,val,ewaste,Electronic Device,False,False
GROUP_03039,1,test,ewaste,Electronic Device,False,False
GROUP_03040,1,test,phenomsg,Recyclable Stream,False,False
GROUP_03041,1,val,phenomsg,Recyclable Stream,False,False
GROUP_03042,1,train,realwaste,Plastic,False,False
GROUP_03043,1,train,trashnet,Paper,False,False
GROUP_03044,1,val,ewaste,Electronic Component,False,False
GROUP_03045,1,train,ewaste,Electronic Device,False,False
GROUP_03046,1,train,realwaste,Cardboard,False,False
GROUP_03047,1,train,ewaste,Electronic Device,False,False
GROUP_03048,1,train,trashnet,Metal,False,False
GROUP_03049,1,train,trashnet,Paper,False,False
GROUP_03050,1,train,realwaste,Paper,False,False
GROUP_03051,1,test,realwaste,Food Organics,False,False
GROUP_03052,1,train,realwaste,Metal,False,False
GROUP_03053,1,test,phenomsg,Organic Stream,False,False
GROUP_03054,1,train,phenomsg,Residual,False,False
GROUP_03055,1,test,phenomsg,Residual,False,False
GROUP_03056,1,train,ewaste,Large Electronic Appliance,False,False
GROUP_03057,1,train,ewaste,Battery,False,False
GROUP_03058,1,train,ewaste,Large Electronic Appliance,False,False
GROUP_03059,1,train,trashnet,Cardboard,False,False
GROUP_03060,1,train,realwaste,Glass,False,False
GROUP_03061,1,train,trashnet,Paper,False,False
GROUP_03062,1,test,ewaste,Battery,False,False
GROUP_03063,1,train,realwaste,Vegetation,False,False
GROUP_03064,1,train,phenomsg,Recyclable Stream,False,False
GROUP_03065,1,test,realwaste,Plastic,False,False
GROUP_03066,1,train,trashnet,Paper,False,False
GROUP_03067,1,train,realwaste,Residual,False,False
GROUP_03068,1,train,trashnet,Metal,False,False
GROUP_03069,1,test,trashnet,Residual,False,False
GROUP_03070,1,train,trashnet,Plastic,False,False
GROUP_03071,1,train,phenomsg,Recyclable Stream,False,False
GROUP_03072,1,test,phenomsg,Hazardous Waste,False,False
GROUP_03073,1,train,phenomsg,Organic Stream,False,False
GROUP_03074,1,train,realwaste,Plastic,False,False
GROUP_03075,1,test,ewaste,Large Electronic Appliance,False,False
GROUP_03076,1,train,realwaste,Cardboard,False,False
GROUP_03077,1,train,realwaste,Glass,False,False
GROUP_03078,1,train,realwaste,Paper,False,False
GROUP_03079,1,train,ewaste,Battery,False,False
GROUP_03080,1,train,realwaste,Plastic,False,False
GROUP_03081,1,train,trashnet,Plastic,False,False
GROUP_03082,1,val,ewaste,Electronic Device,False,False
GROUP_03083,1,train,realwaste,Vegetation,False,False
GROUP_03084,1,train,ewaste,Electronic Device,False,False
GROUP_03085,1,train,phenomsg,Organic Stream,False,False
GROUP_03086,2,train,ewaste,Electronic Component,False,True
GROUP_03087,1,train,phenomsg,Hazardous Waste,False,False
GROUP_03088,1,train,realwaste,Plastic,False,False
GROUP_03089,1,test,ewaste,Electronic Device,False,False
GROUP_03090,1,train,phenomsg,Hazardous Waste,False,False
GROUP_03091,1,train,realwaste,Metal,False,False
GROUP_03092,2,train,phenomsg,Hazardous Waste,True,True
GROUP_03093,1,train,realwaste,Residual,False,False
GROUP_03094,1,train,realwaste,Metal,False,False
GROUP_03095,1,train,phenomsg,Organic Stream,False,False
GROUP_03096,1,val,phenomsg,Recyclable Stream,False,False
GROUP_03097,1,train,realwaste,Vegetation,False,False
GROUP_03098,1,train,trashnet,Glass,False,False
GROUP_03099,1,train,realwaste,Residual,False,False
GROUP_03100,1,val,phenomsg,Recyclable Stream,False,False
GROUP_03101,1,train,trashnet,Paper,False,False
GROUP_03102,1,train,ewaste,Large Electronic Appliance,False,False
GROUP_03103,1,train,ewaste,Large Electronic Appliance,False,False
GROUP_03104,1,train,realwaste,Food Organics,False,False
GROUP_03105,1,train,trashnet,Metal,False,False
GROUP_03106,1,train,trashnet,Plastic,False,False
GROUP_03107,2,train,realwaste,Plastic,False,True
GROUP_03108,1,val,trashnet,Glass,False,False
GROUP_03109,1,train,ewaste,Electronic Device,False,False
GROUP_03110,1,test,realwaste,Textile,False,False
GROUP_03111,1,train,phenomsg,Residual,False,False
GROUP_03112,1,val,realwaste,Glass,False,False
GROUP_03113,1,train,realwaste,Plastic,False,False
GROUP_03114,1,train,ewaste,Battery,False,False
GROUP_03115,2,train,ewaste,Large Electronic Appliance,False,True
GROUP_03116,1,val,realwaste,Plastic,False,False
GROUP_03117,1,test,trashnet,Plastic,False,False
GROUP_03118,1,train,trashnet,Residual,False,False
GROUP_03119,1,val,ewaste,Large Electronic Appliance,False,False
GROUP_03120,4,train,realwaste|trashnet,Plastic|Residual,False,True
GROUP_03121,1,train,realwaste,Textile,False,False
GROUP_03122,1,train,realwaste,Food Organics,False,False
GROUP_03123,1,train,phenomsg,Recyclable Stream,False,False
GROUP_03124,1,train,realwaste,Food Organics,False,False
GROUP_03125,1,train,phenomsg,Hazardous Waste,False,False
GROUP_03126,1,test,realwaste,Glass,False,False
GROUP_03127,1,train,realwaste,Plastic,False,False
GROUP_03128,1,train,trashnet,Glass,False,False
GROUP_03129,1,train,trashnet,Glass,False,False
GROUP_03130,1,val,realwaste,Residual,False,False
GROUP_03131,1,test,phenomsg,Hazardous Waste,False,False
GROUP_03132,1,train,ewaste,Large Electronic Appliance,False,False
GROUP_03133,2,train,phenomsg,Hazardous Waste,True,True
GROUP_03134,1,train,ewaste,Large Electronic Appliance,False,False
GROUP_03135,1,test,trashnet,Metal,False,False
GROUP_03136,1,train,realwaste,Cardboard,False,False
GROUP_03137,1,test,ewaste,Battery,False,False
GROUP_03138,1,train,trashnet,Glass,False,False
GROUP_03139,1,train,ewaste,Large Electronic Appliance,False,False
GROUP_03140,1,train,realwaste,Glass,False,False
GROUP_03141,1,val,trashnet,Plastic,False,False
GROUP_03142,1,train,phenomsg,Residual,False,False
GROUP_03143,1,train,trashnet,Glass,False,False
GROUP_03144,1,train,phenomsg,Organic Stream,False,False
GROUP_03145,1,train,realwaste,Vegetation,False,False
GROUP_03146,1,train,trashnet,Glass,False,False
GROUP_03147,1,train,phenomsg,Recyclable Stream,False,False
GROUP_03148,1,val,ewaste,Electronic Device,False,False
GROUP_03149,1,train,ewaste,Electronic Device,False,False
GROUP_03150,1,train,realwaste,Paper,False,False
GROUP_03151,1,train,trashnet,Cardboard,False,False
GROUP_03152,1,train,trashnet,Glass,False,False
GROUP_03153,1,train,trashnet,Residual,False,False
GROUP_03154,1,val,trashnet,Cardboard,False,False
GROUP_03155,1,train,ewaste,Battery,False,False
GROUP_03156,1,test,ewaste,Large Electronic Appliance,False,False
GROUP_03157,1,train,realwaste,Metal,False,False
GROUP_03158,1,train,realwaste,Cardboard,False,False
GROUP_03159,1,test,ewaste,Battery,False,False
GROUP_03160,1,train,ewaste,Electronic Component,False,False
GROUP_03161,1,train,phenomsg,Recyclable Stream,False,False
GROUP_03162,1,val,ewaste,Electronic Device,False,False
GROUP_03163,1,val,realwaste,Plastic,False,False
GROUP_03164,1,val,phenomsg,Hazardous Waste,False,False
GROUP_03165,1,train,realwaste,Vegetation,False,False
GROUP_03166,1,train,realwaste,Glass,False,False
GROUP_03167,1,val,realwaste,Metal,False,False
GROUP_03168,1,train,ewaste,Electronic Device,False,False
GROUP_03169,1,train,realwaste,Food Organics,False,False
GROUP_03170,1,test,ewaste,Electronic Device,False,False
GROUP_03171,1,train,ewaste,Electronic Device,False,False
GROUP_03172,1,train,ewaste,Electronic Device,False,False
GROUP_03173,1,train,phenomsg,Residual,False,False
GROUP_03174,1,train,trashnet,Glass,False,False
GROUP_03175,1,train,phenomsg,Residual,False,False
GROUP_03176,1,test,realwaste,Plastic,False,False
GROUP_03177,1,train,phenomsg,Organic Stream,False,False
GROUP_03178,1,train,trashnet,Paper,False,False
GROUP_03179,1,val,realwaste,Cardboard,False,False
GROUP_03180,1,train,trashnet,Paper,False,False
GROUP_03181,1,train,phenomsg,Recyclable Stream,False,False
GROUP_03182,1,val,ewaste,Electronic Component,False,False
GROUP_03183,1,test,realwaste,Vegetation,False,False
GROUP_03184,1,train,realwaste,Metal,False,False
GROUP_03185,1,test,realwaste,Vegetation,False,False
GROUP_03186,1,train,ewaste,Electronic Device,False,False
GROUP_03187,1,val,trashnet,Paper,False,False
GROUP_03188,1,train,realwaste,Food Organics,False,False
GROUP_03189,1,val,ewaste,Electronic Component,False,False
GROUP_03190,1,train,realwaste,Cardboard,False,False
GROUP_03191,1,train,phenomsg,Residual,False,False
GROUP_03192,1,train,realwaste,Metal,False,False
GROUP_03193,1,train,realwaste,Residual,False,False
GROUP_03194,1,train,ewaste,Large Electronic Appliance,False,False
GROUP_03195,1,train,realwaste,Paper,False,False
GROUP_03196,1,train,realwaste,Food Organics,False,False
GROUP_03197,2,train,realwaste,Metal,False,True
GROUP_03198,1,val,ewaste,Electronic Device,False,False
GROUP_03199,1,train,ewaste,Electronic Device,False,False
GROUP_03200,1,train,realwaste,Residual,False,False
GROUP_03201,1,train,phenomsg,Organic Stream,False,False
GROUP_03202,1,test,realwaste,Plastic,False,False
GROUP_03203,1,train,trashnet,Glass,False,False
GROUP_03204,1,test,ewaste,Large Electronic Appliance,False,False
GROUP_03205,1,train,ewaste,Large Electronic Appliance,False,False
GROUP_03206,1,test,realwaste,Cardboard,False,False
GROUP_03207,1,train,realwaste,Textile,False,False
GROUP_03208,1,train,ewaste,Electronic Device,False,False
GROUP_03209,1,train,phenomsg,Residual,False,False
GROUP_03210,1,train,ewaste,Electronic Device,False,False
GROUP_03211,1,test,trashnet,Metal,False,False
GROUP_03212,1,train,phenomsg,Organic Stream,False,False
GROUP_03213,1,val,realwaste,Textile,False,False
GROUP_03214,1,train,phenomsg,Recyclable Stream,False,False
GROUP_03215,1,test,trashnet,Cardboard,False,False
GROUP_03216,1,train,realwaste,Metal,False,False
GROUP_03217,1,test,realwaste,Cardboard,False,False
GROUP_03218,1,val,phenomsg,Residual,False,False
GROUP_03219,1,val,realwaste,Cardboard,False,False
GROUP_03220,1,val,trashnet,Plastic,False,False
GROUP_03221,1,train,realwaste,Residual,False,False
GROUP_03222,1,test,realwaste,Metal,False,False
GROUP_03223,1,train,realwaste,Metal,False,False
GROUP_03224,1,train,phenomsg,Hazardous Waste,False,False
GROUP_03225,1,train,ewaste,Electronic Device,False,False
GROUP_03226,1,test,ewaste,Electronic Component,False,False
GROUP_03227,1,train,ewaste,Electronic Device,False,False
GROUP_03228,1,val,ewaste,Large Electronic Appliance,False,False
GROUP_03229,1,train,trashnet,Glass,False,False
GROUP_03230,1,train,ewaste,Electronic Device,False,False
GROUP_03231,1,train,realwaste,Metal,False,False
GROUP_03232,1,train,realwaste,Plastic,False,False
GROUP_03233,1,test,realwaste,Vegetation,False,False
GROUP_03234,1,train,realwaste,Food Organics,False,False
GROUP_03235,1,train,trashnet,Cardboard,False,False
GROUP_03236,1,train,phenomsg,Organic Stream,False,False
GROUP_03237,1,train,trashnet,Plastic,False,False
GROUP_03238,1,train,trashnet,Residual,False,False
GROUP_03239,2,train,phenomsg,Hazardous Waste,True,True
GROUP_03240,1,train,realwaste,Food Organics,False,False
GROUP_03241,1,test,realwaste,Vegetation,False,False
GROUP_03242,1,train,ewaste,Electronic Device,False,False
GROUP_03243,1,train,realwaste,Plastic,False,False
GROUP_03244,1,train,realwaste,Vegetation,False,False
GROUP_03245,2,train,phenomsg,Residual,True,True
GROUP_03246,1,test,realwaste,Vegetation,False,False
GROUP_03247,1,train,ewaste,Large Electronic Appliance,False,False
GROUP_03248,2,train,phenomsg,Hazardous Waste,True,True
GROUP_03249,1,test,realwaste,Plastic,False,False
GROUP_03250,1,train,trashnet,Cardboard,False,False
GROUP_03251,1,test,ewaste,Large Electronic Appliance,False,False
GROUP_03252,1,train,trashnet,Paper,False,False
GROUP_03253,1,train,trashnet,Plastic,False,False
GROUP_03254,1,train,realwaste,Textile,False,False
GROUP_03255,1,train,ewaste,Large Electronic Appliance,False,False
GROUP_03256,1,train,trashnet,Plastic,False,False
GROUP_03257,1,train,realwaste,Plastic,False,False
GROUP_03258,1,train,realwaste,Glass,False,False
GROUP_03259,1,val,trashnet,Metal,False,False
GROUP_03260,1,train,realwaste,Paper,False,False
GROUP_03261,1,train,ewaste,Electronic Component,False,False
GROUP_03262,1,val,phenomsg,Hazardous Waste,False,False
GROUP_03263,1,test,trashnet,Glass,False,False
GROUP_03264,1,train,realwaste,Plastic,False,False
GROUP_03265,1,test,phenomsg,Hazardous Waste,False,False
GROUP_03266,1,train,ewaste,Electronic Device,False,False
GROUP_03267,1,train,ewaste,Electronic Device,False,False
GROUP_03268,1,train,realwaste,Food Organics,False,False
GROUP_03269,1,train,ewaste,Electronic Component,False,False
GROUP_03270,1,train,ewaste,Electronic Device,False,False
GROUP_03271,1,test,phenomsg,Organic Stream,False,False
GROUP_03272,1,train,realwaste,Metal,False,False
GROUP_03273,1,train,realwaste,Plastic,False,False
GROUP_03274,2,train,phenomsg,Recyclable Stream|Residual,True,True
GROUP_03275,1,train,realwaste,Glass,False,False
GROUP_03276,1,val,ewaste,Electronic Device,False,False
GROUP_03277,1,train,realwaste,Metal,False,False
GROUP_03278,1,test,realwaste,Metal,False,False
GROUP_03279,1,train,realwaste,Residual,False,False
GROUP_03280,1,train,phenomsg,Residual,False,False
GROUP_03281,1,train,phenomsg,Residual,False,False
GROUP_03282,1,test,ewaste,Electronic Device,False,False
GROUP_03283,1,test,realwaste,Textile,False,False
GROUP_03284,1,train,realwaste,Residual,False,False
GROUP_03285,1,train,realwaste,Textile,False,False
GROUP_03286,1,train,ewaste,Electronic Device,False,False
GROUP_03287,1,test,phenomsg,Hazardous Waste,False,False
GROUP_03288,1,train,trashnet,Cardboard,False,False
GROUP_03289,1,train,realwaste,Metal,False,False
GROUP_03290,1,test,ewaste,Electronic Device,False,False
GROUP_03291,1,test,phenomsg,Hazardous Waste,False,False
GROUP_03292,1,train,realwaste,Plastic,False,False
GROUP_03293,1,test,trashnet,Glass,False,False
GROUP_03294,1,train,realwaste,Plastic,False,False
GROUP_03295,1,val,phenomsg,Residual,False,False
GROUP_03296,1,test,trashnet,Residual,False,False
GROUP_03297,1,train,ewaste,Large Electronic Appliance,False,False
GROUP_03298,1,train,ewaste,Large Electronic Appliance,False,False
GROUP_03299,1,train,phenomsg,Hazardous Waste,False,False
GROUP_03300,1,train,phenomsg,Residual,False,False
GROUP_03301,1,train,phenomsg,Organic Stream,False,False
GROUP_03302,1,train,trashnet,Glass,False,False
GROUP_03303,1,train,phenomsg,Residual,False,False
GROUP_03304,1,train,phenomsg,Recyclable Stream,False,False
GROUP_03305,1,train,realwaste,Metal,False,False
GROUP_03306,1,train,phenomsg,Organic Stream,False,False
GROUP_03307,1,train,realwaste,Paper,False,False
GROUP_03308,1,val,phenomsg,Organic Stream,False,False
GROUP_03309,1,train,ewaste,Large Electronic Appliance,False,False
GROUP_03310,1,train,realwaste,Metal,False,False
GROUP_03311,1,train,phenomsg,Recyclable Stream,False,False
GROUP_03312,1,train,phenomsg,Organic Stream,False,False
GROUP_03313,1,train,phenomsg,Residual,False,False
GROUP_03314,1,train,realwaste,Textile,False,False
GROUP_03315,1,val,trashnet,Plastic,False,False
GROUP_03316,1,train,ewaste,Electronic Device,False,False
GROUP_03317,1,train,trashnet,Paper,False,False
GROUP_03318,1,train,realwaste,Vegetation,False,False
GROUP_03319,1,train,ewaste,Electronic Device,False,False
GROUP_03320,3,train,phenomsg,Organic Stream,True,True
GROUP_03321,1,train,ewaste,Electronic Component,False,False
GROUP_03322,1,train,trashnet,Glass,False,False
GROUP_03323,1,train,phenomsg,Organic Stream,False,False
GROUP_03324,1,train,phenomsg,Residual,False,False
GROUP_03325,1,train,trashnet,Cardboard,False,False
GROUP_03326,1,train,trashnet,Paper,False,False
GROUP_03327,1,val,phenomsg,Residual,False,False
GROUP_03328,1,train,realwaste,Plastic,False,False
GROUP_03329,1,train,realwaste,Metal,False,False
GROUP_03330,1,val,trashnet,Metal,False,False
GROUP_03331,1,train,realwaste,Glass,False,False
GROUP_03332,1,train,realwaste,Plastic,False,False
GROUP_03333,1,train,realwaste,Plastic,False,False
GROUP_03334,1,train,phenomsg,Residual,False,False
GROUP_03335,1,test,ewaste,Electronic Device,False,False
GROUP_03336,1,val,ewaste,Battery,False,False
GROUP_03337,1,train,ewaste,Large Electronic Appliance,False,False
GROUP_03338,1,train,realwaste,Food Organics,False,False
GROUP_03339,1,val,realwaste,Glass,False,False
GROUP_03340,1,train,ewaste,Electronic Device,False,False
GROUP_03341,1,train,trashnet,Glass,False,False
GROUP_03342,1,test,realwaste,Cardboard,False,False
GROUP_03343,1,test,realwaste,Plastic,False,False
GROUP_03344,1,train,phenomsg,Residual,False,False
GROUP_03345,1,test,ewaste,Electronic Component,False,False
GROUP_03346,1,train,realwaste,Paper,False,False
GROUP_03347,1,val,trashnet,Residual,False,False
GROUP_03348,1,train,realwaste,Food Organics,False,False
GROUP_03349,1,train,phenomsg,Hazardous Waste,False,False
GROUP_03350,1,val,realwaste,Vegetation,False,False
GROUP_03351,1,train,trashnet,Metal,False,False
GROUP_03352,1,train,ewaste,Large Electronic Appliance,False,False
GROUP_03353,1,train,realwaste,Plastic,False,False
GROUP_03354,1,train,trashnet,Plastic,False,False
GROUP_03355,1,train,realwaste,Food Organics,False,False
GROUP_03356,1,train,realwaste,Cardboard,False,False
GROUP_03357,1,val,phenomsg,Organic Stream,False,False
GROUP_03358,1,train,phenomsg,Hazardous Waste,False,False
GROUP_03359,1,train,ewaste,Electronic Device,False,False
GROUP_03360,1,train,ewaste,Electronic Device,False,False
GROUP_03361,1,train,phenomsg,Hazardous Waste,False,False
GROUP_03362,1,test,realwaste,Glass,False,False
GROUP_03363,1,train,trashnet,Glass,False,False
GROUP_03364,1,train,phenomsg,Residual,False,False
GROUP_03365,1,train,trashnet,Plastic,False,False
GROUP_03366,1,train,phenomsg,Organic Stream,False,False
GROUP_03367,1,train,trashnet,Plastic,False,False
GROUP_03368,1,train,ewaste,Battery,False,False
GROUP_03369,1,train,phenomsg,Hazardous Waste,False,False
GROUP_03370,1,test,phenomsg,Hazardous Waste,False,False
GROUP_03371,1,val,ewaste,Electronic Device,False,False
GROUP_03372,1,val,realwaste,Plastic,False,False
GROUP_03373,1,val,realwaste,Plastic,False,False
GROUP_03374,1,train,trashnet,Paper,False,False
GROUP_03375,1,test,realwaste,Plastic,False,False
GROUP_03376,2,train,ewaste,Electronic Device,False,True
GROUP_03377,1,train,ewaste,Electronic Device,False,False
GROUP_03378,1,train,realwaste,Cardboard,False,False
GROUP_03379,1,val,ewaste,Electronic Component,False,False
GROUP_03380,2,train,phenomsg,Hazardous Waste,True,True
GROUP_03381,1,train,ewaste,Electronic Component,False,False
GROUP_03382,1,test,realwaste,Vegetation,False,False
GROUP_03383,1,train,realwaste,Plastic,False,False
GROUP_03384,2,train,phenomsg,Hazardous Waste,True,True
GROUP_03385,1,train,trashnet,Residual,False,False
GROUP_03386,1,val,ewaste,Electronic Device,False,False
GROUP_03387,1,test,realwaste,Cardboard,False,False
GROUP_03388,1,train,trashnet,Residual,False,False
GROUP_03389,1,train,realwaste,Glass,False,False
GROUP_03390,1,train,trashnet,Paper,False,False
GROUP_03391,1,train,ewaste,Electronic Device,False,False
GROUP_03392,1,test,ewaste,Large Electronic Appliance,False,False
GROUP_03393,1,train,realwaste,Food Organics,False,False
GROUP_03394,1,train,realwaste,Metal,False,False
GROUP_03395,1,train,ewaste,Large Electronic Appliance,False,False
GROUP_03396,1,val,realwaste,Food Organics,False,False
GROUP_03397,1,train,trashnet,Plastic,False,False
GROUP_03398,1,train,realwaste,Paper,False,False
GROUP_03399,1,train,realwaste,Food Organics,False,False
GROUP_03400,1,test,trashnet,Metal,False,False
GROUP_03401,1,train,realwaste,Vegetation,False,False
GROUP_03402,1,val,realwaste,Glass,False,False
GROUP_03403,1,train,realwaste,Glass,False,False
GROUP_03404,1,val,phenomsg,Hazardous Waste,False,False
GROUP_03405,1,train,realwaste,Residual,False,False
GROUP_03406,1,train,ewaste,Battery,False,False
GROUP_03407,1,train,phenomsg,Residual,False,False
GROUP_03408,1,train,trashnet,Plastic,False,False
GROUP_03409,1,train,ewaste,Battery,False,False
GROUP_03410,1,train,phenomsg,Residual,False,False
GROUP_03411,1,train,phenomsg,Hazardous Waste,False,False
GROUP_03412,1,train,ewaste,Large Electronic Appliance,False,False
GROUP_03413,1,train,phenomsg,Hazardous Waste,False,False
GROUP_03414,1,train,realwaste,Plastic,False,False
GROUP_03415,1,train,trashnet,Glass,False,False
GROUP_03416,1,val,realwaste,Glass,False,False
GROUP_03417,1,train,phenomsg,Organic Stream,False,False
GROUP_03418,1,train,trashnet,Plastic,False,False
GROUP_03419,1,test,realwaste,Food Organics,False,False
GROUP_03420,1,train,realwaste,Paper,False,False
GROUP_03421,1,test,ewaste,Electronic Device,False,False
GROUP_03422,1,train,realwaste,Food Organics,False,False
GROUP_03423,1,train,realwaste,Residual,False,False
GROUP_03424,1,test,realwaste,Plastic,False,False
GROUP_03425,1,train,trashnet,Paper,False,False
GROUP_03426,1,train,realwaste,Metal,False,False
GROUP_03427,1,val,ewaste,Electronic Device,False,False
GROUP_03428,1,val,trashnet,Paper,False,False
GROUP_03429,1,train,ewaste,Large Electronic Appliance,False,False
GROUP_03430,1,val,trashnet,Glass,False,False
GROUP_03431,1,train,ewaste,Electronic Device,False,False
GROUP_03432,1,train,ewaste,Battery,False,False
GROUP_03433,1,train,realwaste,Food Organics,False,False
GROUP_03434,1,train,ewaste,Electronic Device,False,False
GROUP_03435,1,train,trashnet,Cardboard,False,False
GROUP_03436,1,val,trashnet,Plastic,False,False
GROUP_03437,1,train,phenomsg,Organic Stream,False,False
GROUP_03438,1,train,ewaste,Electronic Component,False,False
GROUP_03439,1,train,realwaste,Residual,False,False
GROUP_03440,1,train,trashnet,Plastic,False,False
GROUP_03441,1,test,trashnet,Plastic,False,False
GROUP_03442,1,train,realwaste,Glass,False,False
GROUP_03443,1,train,realwaste,Plastic,False,False
GROUP_03444,2,train,ewaste,Electronic Device,True,True
GROUP_03445,1,train,trashnet,Glass,False,False
GROUP_03446,1,test,trashnet,Glass,False,False
GROUP_03447,1,train,realwaste,Cardboard,False,False
GROUP_03448,1,train,realwaste,Cardboard,False,False
GROUP_03449,1,train,phenomsg,Organic Stream,False,False
GROUP_03450,1,test,realwaste,Residual,False,False
GROUP_03451,1,train,realwaste,Metal,False,False
GROUP_03452,1,train,ewaste,Electronic Device,False,False
GROUP_03453,1,train,phenomsg,Residual,False,False
GROUP_03454,1,train,trashnet,Cardboard,False,False
GROUP_03455,1,train,trashnet,Plastic,False,False
GROUP_03456,1,test,ewaste,Large Electronic Appliance,False,False
GROUP_03457,1,val,realwaste,Plastic,False,False
GROUP_03458,1,test,realwaste,Cardboard,False,False
GROUP_03459,1,test,ewaste,Electronic Device,False,False
GROUP_03460,1,train,ewaste,Electronic Device,False,False
GROUP_03461,1,train,trashnet,Glass,False,False
GROUP_03462,2,train,phenomsg,Hazardous Waste,True,True
GROUP_03463,1,test,realwaste,Cardboard,False,False
GROUP_03464,1,train,trashnet,Paper,False,False
GROUP_03465,1,train,trashnet,Paper,False,False
GROUP_03466,1,val,ewaste,Large Electronic Appliance,False,False
GROUP_03467,1,val,realwaste,Glass,False,False
GROUP_03468,1,test,realwaste,Textile,False,False
GROUP_03469,1,test,realwaste,Metal,False,False
GROUP_03470,1,train,realwaste,Plastic,False,False
GROUP_03471,1,val,trashnet,Metal,False,False
GROUP_03472,1,val,trashnet,Plastic,False,False
GROUP_03473,1,val,realwaste,Vegetation,False,False
GROUP_03474,1,train,trashnet,Plastic,False,False
GROUP_03475,2,train,phenomsg,Hazardous Waste,True,True
GROUP_03476,1,train,realwaste,Metal,False,False
GROUP_03477,1,test,realwaste,Cardboard,False,False
GROUP_03478,1,train,trashnet,Cardboard,False,False
GROUP_03479,1,train,trashnet,Metal,False,False
GROUP_03480,1,val,phenomsg,Hazardous Waste,False,False
GROUP_03481,1,train,realwaste,Cardboard,False,False
GROUP_03482,1,test,realwaste,Cardboard,False,False
GROUP_03483,1,train,realwaste,Plastic,False,False
GROUP_03484,1,test,realwaste,Glass,False,False
GROUP_03485,1,train,ewaste,Battery,False,False
GROUP_03486,1,test,phenomsg,Residual,False,False
GROUP_03487,1,val,trashnet,Glass,False,False
GROUP_03488,1,test,realwaste,Metal,False,False
GROUP_03489,1,train,ewaste,Electronic Device,False,False
GROUP_03490,1,val,realwaste,Metal,False,False
GROUP_03491,1,train,trashnet,Cardboard,False,False
GROUP_03492,1,train,trashnet,Paper,False,False
GROUP_03493,1,train,ewaste,Electronic Device,False,False
GROUP_03494,1,test,realwaste,Cardboard,False,False
GROUP_03495,1,train,realwaste,Cardboard,False,False
GROUP_03496,1,train,ewaste,Battery,False,False
GROUP_03497,1,val,realwaste,Vegetation,False,False
GROUP_03498,1,train,realwaste,Paper,False,False
GROUP_03499,1,train,trashnet,Paper,False,False
GROUP_03500,1,train,phenomsg,Hazardous Waste,False,False
GROUP_03501,1,train,phenomsg,Organic Stream,False,False
GROUP_03502,1,val,phenomsg,Recyclable Stream,False,False
GROUP_03503,1,val,realwaste,Plastic,False,False
GROUP_03504,1,train,ewaste,Electronic Device,False,False
GROUP_03505,2,train,ewaste,Electronic Device,True,True
GROUP_03506,1,val,realwaste,Plastic,False,False
GROUP_03507,1,train,ewaste,Electronic Device,False,False
GROUP_03508,1,train,realwaste,Metal,False,False
GROUP_03509,1,train,ewaste,Electronic Device,False,False
GROUP_03510,2,train,phenomsg,Hazardous Waste,True,True
GROUP_03511,1,train,realwaste,Plastic,False,False
GROUP_03512,1,train,phenomsg,Residual,False,False
GROUP_03513,1,train,trashnet,Metal,False,False
GROUP_03514,1,train,ewaste,Electronic Device,False,False
GROUP_03515,1,train,realwaste,Food Organics,False,False
GROUP_03516,1,train,trashnet,Plastic,False,False
GROUP_03517,1,train,trashnet,Residual,False,False
GROUP_03518,1,test,realwaste,Plastic,False,False
GROUP_03519,1,test,realwaste,Metal,False,False
GROUP_03520,1,train,trashnet,Glass,False,False
GROUP_03521,1,train,trashnet,Paper,False,False
GROUP_03522,1,val,realwaste,Cardboard,False,False
GROUP_03523,1,train,trashnet,Glass,False,False
GROUP_03524,1,test,trashnet,Paper,False,False
GROUP_03525,1,train,realwaste,Paper,False,False
GROUP_03526,1,train,trashnet,Paper,False,False
GROUP_03527,1,val,ewaste,Large Electronic Appliance,False,False
GROUP_03528,1,train,realwaste,Vegetation,False,False
GROUP_03529,1,val,phenomsg,Recyclable Stream,False,False
GROUP_03530,1,val,trashnet,Metal,False,False
GROUP_03531,1,train,realwaste,Food Organics,False,False
GROUP_03532,1,train,realwaste,Plastic,False,False
GROUP_03533,1,test,realwaste,Residual,False,False
GROUP_03534,1,val,realwaste,Residual,False,False
GROUP_03535,1,test,phenomsg,Recyclable Stream,False,False
GROUP_03536,1,train,realwaste,Plastic,False,False
GROUP_03537,1,train,ewaste,Large Electronic Appliance,False,False
GROUP_03538,1,val,phenomsg,Residual,False,False
GROUP_03539,1,val,realwaste,Vegetation,False,False
GROUP_03540,1,train,phenomsg,Hazardous Waste,False,False
GROUP_03541,1,train,trashnet,Cardboard,False,False
GROUP_03542,1,train,trashnet,Glass,False,False
GROUP_03543,1,train,realwaste,Metal,False,False
GROUP_03544,1,train,realwaste,Vegetation,False,False
GROUP_03545,1,test,ewaste,Electronic Device,False,False
GROUP_03546,2,train,phenomsg,Hazardous Waste,True,True
GROUP_03547,1,val,trashnet,Glass,False,False
GROUP_03548,1,train,realwaste,Plastic,False,False
GROUP_03549,1,train,realwaste,Cardboard,False,False
GROUP_03550,1,val,realwaste,Metal,False,False
GROUP_03551,1,val,realwaste,Metal,False,False
GROUP_03552,1,train,realwaste,Textile,False,False
GROUP_03553,1,train,realwaste,Paper,False,False
GROUP_03554,1,val,realwaste,Residual,False,False
GROUP_03555,1,train,ewaste,Large Electronic Appliance,False,False
GROUP_03556,1,val,realwaste,Cardboard,False,False
GROUP_03557,1,test,trashnet,Cardboard,False,False
GROUP_03558,1,train,trashnet,Residual,False,False
GROUP_03559,1,train,realwaste,Glass,False,False
GROUP_03560,1,test,realwaste,Glass,False,False
GROUP_03561,1,train,phenomsg,Recyclable Stream,False,False
GROUP_03562,1,train,realwaste,Food Organics,False,False
GROUP_03563,1,train,realwaste,Paper,False,False
GROUP_03564,1,train,realwaste,Vegetation,False,False
GROUP_03565,1,val,ewaste,Electronic Device,False,False
GROUP_03566,1,test,ewaste,Electronic Device,False,False
GROUP_03567,2,train,phenomsg,Hazardous Waste,True,True
GROUP_03568,1,train,realwaste,Vegetation,False,False
GROUP_03569,1,val,trashnet,Cardboard,False,False
GROUP_03570,1,train,trashnet,Paper,False,False
GROUP_03571,1,train,trashnet,Glass,False,False
GROUP_03572,1,train,trashnet,Glass,False,False
GROUP_03573,1,train,phenomsg,Organic Stream,False,False
GROUP_03574,1,train,realwaste,Food Organics,False,False
GROUP_03575,1,train,realwaste,Residual,False,False
GROUP_03576,1,train,trashnet,Glass,False,False
GROUP_03577,1,train,realwaste,Cardboard,False,False
GROUP_03578,1,train,phenomsg,Recyclable Stream,False,False
GROUP_03579,1,val,trashnet,Residual,False,False
GROUP_03580,2,train,phenomsg,Hazardous Waste,True,True
GROUP_03581,1,train,realwaste,Metal,False,False
GROUP_03582,1,train,ewaste,Electronic Device,False,False
GROUP_03583,1,test,trashnet,Cardboard,False,False
GROUP_03584,1,test,phenomsg,Recyclable Stream,False,False
GROUP_03585,2,train,phenomsg,Hazardous Waste,True,True
GROUP_03586,1,test,realwaste,Food Organics,False,False
GROUP_03587,1,val,realwaste,Plastic,False,False
GROUP_03588,1,train,ewaste,Electronic Device,False,False
GROUP_03589,1,val,realwaste,Vegetation,False,False
GROUP_03590,1,val,trashnet,Cardboard,False,False
GROUP_03591,1,train,ewaste,Battery,False,False
GROUP_03592,1,train,trashnet,Paper,False,False
GROUP_03593,1,train,phenomsg,Hazardous Waste,False,False
GROUP_03594,1,test,trashnet,Glass,False,False
GROUP_03595,1,train,trashnet,Plastic,False,False
GROUP_03596,1,val,realwaste,Metal,False,False
GROUP_03597,1,test,ewaste,Electronic Device,False,False
GROUP_03598,1,val,realwaste,Textile,False,False
GROUP_03599,1,test,ewaste,Large Electronic Appliance,False,False
GROUP_03600,1,train,realwaste,Plastic,False,False
GROUP_03601,1,train,trashnet,Plastic,False,False
GROUP_03602,1,train,realwaste,Textile,False,False
GROUP_03603,1,train,phenomsg,Organic Stream,False,False
GROUP_03604,1,train,realwaste,Metal,False,False
GROUP_03605,1,train,realwaste,Cardboard,False,False
GROUP_03606,1,val,realwaste,Textile,False,False
GROUP_03607,1,train,phenomsg,Organic Stream,False,False
GROUP_03608,1,train,realwaste,Plastic,False,False
GROUP_03609,1,train,trashnet,Cardboard,False,False
GROUP_03610,1,val,realwaste,Metal,False,False
GROUP_03611,1,val,phenomsg,Recyclable Stream,False,False
GROUP_03612,1,train,trashnet,Plastic,False,False
GROUP_03613,1,test,ewaste,Electronic Device,False,False
GROUP_03614,1,train,ewaste,Electronic Device,False,False
GROUP_03615,1,train,realwaste,Food Organics,False,False
GROUP_03616,1,train,realwaste,Metal,False,False
GROUP_03617,1,train,trashnet,Paper,False,False
GROUP_03618,1,train,trashnet,Cardboard,False,False
GROUP_03619,1,val,realwaste,Cardboard,False,False
GROUP_03620,1,train,realwaste,Food Organics,False,False
GROUP_03621,1,train,realwaste,Paper,False,False
GROUP_03622,1,train,trashnet,Plastic,False,False
GROUP_03623,1,test,ewaste,Electronic Device,False,False
GROUP_03624,1,train,realwaste,Plastic,False,False
GROUP_03625,1,train,trashnet,Paper,False,False
GROUP_03626,1,train,realwaste,Plastic,False,False
GROUP_03627,1,test,ewaste,Large Electronic Appliance,False,False
GROUP_03628,1,test,phenomsg,Recyclable Stream,False,False
GROUP_03629,1,train,realwaste,Metal,False,False
GROUP_03630,1,train,phenomsg,Organic Stream,False,False
GROUP_03631,1,val,trashnet,Glass,False,False
GROUP_03632,1,train,ewaste,Large Electronic Appliance,False,False
GROUP_03633,1,train,realwaste,Metal,False,False
GROUP_03634,1,train,realwaste,Residual,False,False
GROUP_03635,1,train,phenomsg,Organic Stream,False,False
GROUP_03636,1,train,phenomsg,Recyclable Stream,False,False
GROUP_03637,1,train,realwaste,Plastic,False,False
GROUP_03638,1,val,realwaste,Plastic,False,False
GROUP_03639,1,val,ewaste,Electronic Device,False,False
GROUP_03640,1,train,ewaste,Battery,False,False
GROUP_03641,1,train,realwaste,Glass,False,False
GROUP_03642,1,train,trashnet,Metal,False,False
GROUP_03643,1,val,realwaste,Plastic,False,False
GROUP_03644,1,val,trashnet,Cardboard,False,False
GROUP_03645,1,train,realwaste,Metal,False,False
GROUP_03646,1,train,ewaste,Large Electronic Appliance,False,False
GROUP_03647,1,val,trashnet,Glass,False,False
GROUP_03648,1,train,realwaste,Vegetation,False,False
GROUP_03649,1,train,phenomsg,Organic Stream,False,False
GROUP_03650,1,test,trashnet,Plastic,False,False
GROUP_03651,1,train,realwaste,Paper,False,False
GROUP_03652,1,train,ewaste,Electronic Device,False,False
GROUP_03653,1,test,realwaste,Vegetation,False,False
GROUP_03654,1,test,realwaste,Metal,False,False
GROUP_03655,1,train,trashnet,Paper,False,False
GROUP_03656,1,train,realwaste,Paper,False,False
GROUP_03657,2,train,phenomsg,Hazardous Waste,True,True
GROUP_03658,1,train,phenomsg,Organic Stream,False,False
GROUP_03659,1,test,ewaste,Battery,False,False
GROUP_03660,1,train,phenomsg,Recyclable Stream,False,False
GROUP_03661,1,train,realwaste,Vegetation,False,False
GROUP_03662,2,train,ewaste,Large Electronic Appliance,False,True
GROUP_03663,1,train,phenomsg,Organic Stream,False,False
GROUP_03664,1,train,realwaste,Metal,False,False
GROUP_03665,1,val,realwaste,Paper,False,False
GROUP_03666,1,train,realwaste,Glass,False,False
GROUP_03667,1,train,realwaste,Cardboard,False,False
GROUP_03668,1,train,realwaste,Cardboard,False,False
GROUP_03669,1,test,realwaste,Cardboard,False,False
GROUP_03670,1,val,ewaste,Electronic Device,False,False
GROUP_03671,1,train,trashnet,Paper,False,False
GROUP_03672,1,train,trashnet,Residual,False,False
GROUP_03673,1,val,ewaste,Large Electronic Appliance,False,False
GROUP_03674,1,train,realwaste,Paper,False,False
GROUP_03675,1,train,realwaste,Textile,False,False
GROUP_03676,1,train,trashnet,Paper,False,False
GROUP_03677,2,train,phenomsg,Hazardous Waste,True,True
GROUP_03678,1,test,realwaste,Metal,False,False
GROUP_03679,1,train,realwaste,Plastic,False,False
GROUP_03680,1,val,ewaste,Electronic Device,False,False
GROUP_03681,1,train,realwaste,Plastic,False,False
GROUP_03682,1,train,realwaste,Textile,False,False
GROUP_03683,1,val,phenomsg,Recyclable Stream,False,False
GROUP_03684,1,train,trashnet,Metal,False,False
GROUP_03685,1,train,realwaste,Food Organics,False,False
GROUP_03686,1,train,trashnet,Cardboard,False,False
GROUP_03687,1,train,realwaste,Paper,False,False
GROUP_03688,1,test,realwaste,Plastic,False,False
GROUP_03689,1,train,realwaste,Plastic,False,False
GROUP_03690,1,train,trashnet,Glass,False,False
GROUP_03691,1,train,trashnet,Paper,False,False
GROUP_03692,1,train,trashnet,Residual,False,False
GROUP_03693,2,train,realwaste|trashnet,Plastic,False,True
GROUP_03694,1,train,realwaste,Plastic,False,False
GROUP_03695,1,train,realwaste,Cardboard,False,False
GROUP_03696,1,test,realwaste,Cardboard,False,False
GROUP_03697,1,train,ewaste,Electronic Device,False,False
GROUP_03698,1,train,ewaste,Electronic Device,False,False
GROUP_03699,1,train,phenomsg,Organic Stream,False,False
GROUP_03700,1,train,realwaste,Glass,False,False
GROUP_03701,1,train,ewaste,Electronic Device,False,False
GROUP_03702,1,train,ewaste,Large Electronic Appliance,False,False
GROUP_03703,1,train,realwaste,Metal,False,False
GROUP_03704,1,train,realwaste,Paper,False,False
GROUP_03705,1,train,realwaste,Cardboard,False,False
GROUP_03706,1,val,realwaste,Residual,False,False
GROUP_03707,1,test,realwaste,Plastic,False,False
GROUP_03708,1,test,trashnet,Glass,False,False
GROUP_03709,1,test,realwaste,Residual,False,False
GROUP_03710,1,train,phenomsg,Recyclable Stream,False,False
GROUP_03711,1,train,realwaste,Residual,False,False
GROUP_03712,1,train,realwaste,Metal,False,False
GROUP_03713,1,val,trashnet,Cardboard,False,False
GROUP_03714,1,train,realwaste,Cardboard,False,False
GROUP_03715,1,train,phenomsg,Recyclable Stream,False,False
GROUP_03716,1,val,realwaste,Glass,False,False
GROUP_03717,2,train,phenomsg,Hazardous Waste,True,True
GROUP_03718,1,train,phenomsg,Recyclable Stream,False,False
GROUP_03719,1,test,phenomsg,Residual,False,False
GROUP_03720,1,train,phenomsg,Residual,False,False
GROUP_03721,1,train,realwaste,Food Organics,False,False
GROUP_03722,1,val,realwaste,Residual,False,False
GROUP_03723,1,val,trashnet,Metal,False,False
GROUP_03724,1,train,realwaste,Residual,False,False
GROUP_03725,1,train,realwaste,Residual,False,False
GROUP_03726,1,train,ewaste,Electronic Device,False,False
GROUP_03727,1,train,realwaste,Textile,False,False
GROUP_03728,1,test,ewaste,Electronic Device,False,False
GROUP_03729,1,train,phenomsg,Hazardous Waste,False,False
GROUP_03730,1,train,trashnet,Paper,False,False
GROUP_03731,1,train,ewaste,Electronic Component,False,False
GROUP_03732,1,train,phenomsg,Organic Stream,False,False
GROUP_03733,1,train,trashnet,Paper,False,False
GROUP_03734,1,test,ewaste,Large Electronic Appliance,False,False
GROUP_03735,1,train,phenomsg,Organic Stream,False,False
GROUP_03736,1,val,trashnet,Paper,False,False
GROUP_03737,1,train,realwaste,Residual,False,False
GROUP_03738,1,train,phenomsg,Recyclable Stream,False,False
GROUP_03739,1,train,realwaste,Plastic,False,False
GROUP_03740,1,train,ewaste,Electronic Component,False,False
GROUP_03741,1,train,trashnet,Metal,False,False
GROUP_03742,1,test,trashnet,Paper,False,False
GROUP_03743,1,train,realwaste,Glass,False,False
GROUP_03744,1,test,ewaste,Electronic Component,False,False
GROUP_03745,1,train,realwaste,Food Organics,False,False
GROUP_03746,1,train,ewaste,Electronic Device,False,False
GROUP_03747,1,train,ewaste,Electronic Device,False,False
GROUP_03748,1,train,ewaste,Electronic Device,False,False
GROUP_03749,2,train,phenomsg,Residual,False,True
GROUP_03750,1,train,realwaste,Metal,False,False
GROUP_03751,1,val,realwaste,Metal,False,False
GROUP_03752,1,test,realwaste,Plastic,False,False
GROUP_03753,1,train,trashnet,Metal,False,False
GROUP_03754,1,train,ewaste,Large Electronic Appliance,False,False
GROUP_03755,1,train,trashnet,Plastic,False,False
GROUP_03756,1,train,ewaste,Large Electronic Appliance,False,False
GROUP_03757,1,val,ewaste,Electronic Device,False,False
GROUP_03758,1,val,realwaste,Paper,False,False
GROUP_03759,1,test,realwaste,Plastic,False,False
GROUP_03760,1,train,phenomsg,Hazardous Waste,False,False
GROUP_03761,1,val,realwaste,Plastic,False,False
GROUP_03762,1,test,ewaste,Electronic Device,False,False
GROUP_03763,1,train,realwaste,Cardboard,False,False
GROUP_03764,1,test,ewaste,Battery,False,False
GROUP_03765,1,train,ewaste,Large Electronic Appliance,False,False
GROUP_03766,1,test,realwaste,Cardboard,False,False
GROUP_03767,1,test,phenomsg,Organic Stream,False,False
GROUP_03768,1,val,realwaste,Metal,False,False
GROUP_03769,1,train,ewaste,Battery,False,False
GROUP_03770,1,val,phenomsg,Hazardous Waste,False,False
GROUP_03771,1,test,phenomsg,Hazardous Waste,False,False
GROUP_03772,1,train,ewaste,Large Electronic Appliance,False,False
GROUP_03773,1,train,ewaste,Electronic Device,False,False
GROUP_03774,1,train,ewaste,Electronic Device,False,False
GROUP_03775,1,train,realwaste,Paper,False,False
GROUP_03776,1,train,ewaste,Electronic Device,False,False
GROUP_03777,1,train,ewaste,Electronic Device,False,False
GROUP_03778,2,train,phenomsg,Hazardous Waste,True,True
GROUP_03779,1,train,phenomsg,Hazardous Waste,False,False
GROUP_03780,1,train,trashnet,Plastic,False,False
GROUP_03781,1,train,ewaste,Large Electronic Appliance,False,False
GROUP_03782,1,train,phenomsg,Organic Stream,False,False
GROUP_03783,1,train,realwaste,Plastic,False,False
GROUP_03784,1,test,ewaste,Electronic Device,False,False
GROUP_03785,1,test,realwaste,Metal,False,False
GROUP_03786,2,train,ewaste,Electronic Device,False,True
GROUP_03787,1,train,phenomsg,Recyclable Stream,False,False
GROUP_03788,1,train,realwaste,Cardboard,False,False
GROUP_03789,1,test,realwaste,Plastic,False,False
GROUP_03790,1,train,realwaste,Metal,False,False
GROUP_03791,1,test,realwaste,Metal,False,False
GROUP_03792,1,test,realwaste,Food Organics,False,False
GROUP_03793,1,train,trashnet,Metal,False,False
GROUP_03794,1,test,ewaste,Electronic Component,False,False
GROUP_03795,1,test,realwaste,Textile,False,False
GROUP_03796,1,train,trashnet,Plastic,False,False
GROUP_03797,1,train,ewaste,Electronic Component,False,False
GROUP_03798,1,val,trashnet,Metal,False,False
GROUP_03799,1,train,trashnet,Paper,False,False
GROUP_03800,1,train,phenomsg,Hazardous Waste,False,False
GROUP_03801,1,val,realwaste,Textile,False,False
GROUP_03802,1,train,ewaste,Large Electronic Appliance,False,False
GROUP_03803,1,train,trashnet,Glass,False,False
GROUP_03804,1,val,trashnet,Plastic,False,False
GROUP_03805,1,train,ewaste,Electronic Device,False,False
GROUP_03806,1,train,realwaste,Plastic,False,False
GROUP_03807,1,test,realwaste,Paper,False,False
GROUP_03808,1,val,ewaste,Electronic Device,False,False
GROUP_03809,1,test,trashnet,Glass,False,False
GROUP_03810,1,train,phenomsg,Recyclable Stream,False,False
GROUP_03811,1,train,ewaste,Large Electronic Appliance,False,False
GROUP_03812,1,val,ewaste,Large Electronic Appliance,False,False
GROUP_03813,1,val,phenomsg,Recyclable Stream,False,False
GROUP_03814,1,val,trashnet,Glass,False,False
GROUP_03815,1,train,ewaste,Large Electronic Appliance,False,False
GROUP_03816,1,train,realwaste,Plastic,False,False
GROUP_03817,1,train,phenomsg,Recyclable Stream,False,False
GROUP_03818,1,train,realwaste,Metal,False,False
GROUP_03819,1,train,realwaste,Paper,False,False
GROUP_03820,1,train,trashnet,Cardboard,False,False
GROUP_03821,1,train,ewaste,Battery,False,False
GROUP_03822,1,train,ewaste,Large Electronic Appliance,False,False
GROUP_03823,1,test,realwaste,Metal,False,False
GROUP_03824,1,train,realwaste,Glass,False,False
GROUP_03825,1,train,phenomsg,Organic Stream,False,False
GROUP_03826,1,train,trashnet,Residual,False,False
GROUP_03827,1,test,ewaste,Electronic Component,False,False
GROUP_03828,1,train,ewaste,Electronic Device,False,False
GROUP_03829,1,train,phenomsg,Organic Stream,False,False
GROUP_03830,1,test,realwaste,Plastic,False,False
GROUP_03831,1,val,phenomsg,Hazardous Waste,False,False
GROUP_03832,1,train,phenomsg,Organic Stream,False,False
GROUP_03833,1,train,ewaste,Large Electronic Appliance,False,False
GROUP_03834,1,test,phenomsg,Organic Stream,False,False
GROUP_03835,1,train,ewaste,Large Electronic Appliance,False,False
GROUP_03836,1,train,ewaste,Electronic Device,False,False
GROUP_03837,1,train,trashnet,Paper,False,False
GROUP_03838,1,train,realwaste,Paper,False,False
GROUP_03839,1,train,trashnet,Paper,False,False
GROUP_03840,1,train,realwaste,Metal,False,False
GROUP_03841,1,val,trashnet,Plastic,False,False
GROUP_03842,1,train,realwaste,Food Organics,False,False
GROUP_03843,1,train,phenomsg,Residual,False,False
GROUP_03844,2,train,phenomsg,Recyclable Stream,False,True
GROUP_03845,1,train,ewaste,Large Electronic Appliance,False,False
GROUP_03846,1,train,trashnet,Paper,False,False
GROUP_03847,1,train,ewaste,Electronic Device,False,False
GROUP_03848,1,train,trashnet,Metal,False,False
GROUP_03849,1,val,realwaste,Plastic,False,False
GROUP_03850,1,train,trashnet,Metal,False,False
GROUP_03851,1,val,realwaste,Plastic,False,False
GROUP_03852,1,val,realwaste,Plastic,False,False
GROUP_03853,1,test,realwaste,Vegetation,False,False
GROUP_03854,1,test,realwaste,Metal,False,False
GROUP_03855,1,train,realwaste,Metal,False,False
GROUP_03856,1,val,realwaste,Metal,False,False
GROUP_03857,1,train,trashnet,Plastic,False,False
GROUP_03858,1,train,phenomsg,Recyclable Stream,False,False
GROUP_03859,1,train,trashnet,Metal,False,False
GROUP_03860,1,test,ewaste,Electronic Device,False,False
GROUP_03861,1,test,phenomsg,Organic Stream,False,False
GROUP_03862,1,val,trashnet,Plastic,False,False
GROUP_03863,1,test,trashnet,Paper,False,False
GROUP_03864,1,val,phenomsg,Organic Stream,False,False
GROUP_03865,1,train,realwaste,Residual,False,False
GROUP_03866,1,train,realwaste,Food Organics,False,False
GROUP_03867,1,train,realwaste,Paper,False,False
GROUP_03868,1,train,ewaste,Electronic Device,False,False
GROUP_03869,1,test,ewaste,Electronic Device,False,False
GROUP_03870,1,train,phenomsg,Residual,False,False
GROUP_03871,1,train,phenomsg,Hazardous Waste,False,False
GROUP_03872,1,train,realwaste,Plastic,False,False
GROUP_03873,1,train,trashnet,Glass,False,False
GROUP_03874,1,val,ewaste,Battery,False,False
GROUP_03875,1,train,realwaste,Cardboard,False,False
GROUP_03876,1,val,trashnet,Plastic,False,False
GROUP_03877,1,train,realwaste,Residual,False,False
GROUP_03878,1,val,trashnet,Paper,False,False
GROUP_03879,1,train,trashnet,Residual,False,False
GROUP_03880,1,train,ewaste,Battery,False,False
GROUP_03881,1,train,trashnet,Glass,False,False
GROUP_03882,1,train,trashnet,Plastic,False,False
GROUP_03883,1,train,realwaste,Vegetation,False,False
GROUP_03884,1,train,realwaste,Metal,False,False
GROUP_03885,1,test,phenomsg,Hazardous Waste,False,False
GROUP_03886,1,train,trashnet,Glass,False,False
GROUP_03887,1,train,ewaste,Electronic Device,False,False
GROUP_03888,1,test,trashnet,Plastic,False,False
GROUP_03889,1,train,realwaste,Plastic,False,False
GROUP_03890,1,val,realwaste,Metal,False,False
GROUP_03891,1,val,ewaste,Large Electronic Appliance,False,False
GROUP_03892,1,train,phenomsg,Organic Stream,False,False
GROUP_03893,1,train,realwaste,Residual,False,False
GROUP_03894,1,train,realwaste,Plastic,False,False
GROUP_03895,1,val,trashnet,Plastic,False,False
GROUP_03896,1,train,realwaste,Residual,False,False
GROUP_03897,1,val,ewaste,Electronic Device,False,False
GROUP_03898,1,train,trashnet,Plastic,False,False
GROUP_03899,1,train,ewaste,Electronic Device,False,False
GROUP_03900,1,train,phenomsg,Organic Stream,False,False
GROUP_03901,1,train,phenomsg,Recyclable Stream,False,False
GROUP_03902,1,train,realwaste,Vegetation,False,False
GROUP_03903,1,train,phenomsg,Recyclable Stream,False,False
GROUP_03904,1,train,trashnet,Paper,False,False
GROUP_03905,1,train,ewaste,Electronic Device,False,False
GROUP_03906,1,train,realwaste,Residual,False,False
GROUP_03907,1,train,ewaste,Electronic Component,False,False
GROUP_03908,1,train,ewaste,Electronic Component,False,False
GROUP_03909,1,train,phenomsg,Recyclable Stream,False,False
GROUP_03910,1,train,realwaste,Paper,False,False
GROUP_03911,1,val,phenomsg,Organic Stream,False,False
GROUP_03912,1,train,ewaste,Electronic Device,False,False
GROUP_03913,1,test,realwaste,Food Organics,False,False
GROUP_03914,1,val,ewaste,Electronic Device,False,False
GROUP_03915,1,train,trashnet,Residual,False,False
GROUP_03916,1,train,trashnet,Paper,False,False
GROUP_03917,1,train,ewaste,Electronic Device,False,False
GROUP_03918,1,train,ewaste,Electronic Device,False,False
GROUP_03919,2,train,phenomsg,Hazardous Waste,True,True
GROUP_03920,1,val,ewaste,Large Electronic Appliance,False,False
GROUP_03921,1,train,realwaste,Vegetation,False,False
GROUP_03922,1,train,trashnet,Paper,False,False
GROUP_03923,1,val,ewaste,Large Electronic Appliance,False,False
GROUP_03924,1,train,ewaste,Electronic Device,False,False
GROUP_03925,1,train,realwaste,Metal,False,False
GROUP_03926,1,test,ewaste,Electronic Device,False,False
GROUP_03927,1,train,ewaste,Electronic Device,False,False
GROUP_03928,1,test,ewaste,Electronic Device,False,False
GROUP_03929,1,train,ewaste,Electronic Device,False,False
GROUP_03930,1,train,phenomsg,Residual,False,False
GROUP_03931,1,train,ewaste,Electronic Device,False,False
GROUP_03932,1,test,realwaste,Plastic,False,False
GROUP_03933,1,train,realwaste,Food Organics,False,False
GROUP_03934,1,test,realwaste,Plastic,False,False
GROUP_03935,1,val,trashnet,Cardboard,False,False
GROUP_03936,1,test,ewaste,Large Electronic Appliance,False,False
GROUP_03937,1,train,phenomsg,Recyclable Stream,False,False
GROUP_03938,1,train,phenomsg,Residual,False,False
GROUP_03939,1,train,trashnet,Glass,False,False
GROUP_03940,1,train,trashnet,Residual,False,False
GROUP_03941,1,val,trashnet,Cardboard,False,False
GROUP_03942,1,train,ewaste,Electronic Component,False,False
GROUP_03943,1,train,ewaste,Electronic Component,False,False
GROUP_03944,1,train,phenomsg,Hazardous Waste,False,False
GROUP_03945,1,test,trashnet,Paper,False,False
GROUP_03946,2,train,phenomsg,Hazardous Waste,False,True
GROUP_03947,1,test,realwaste,Glass,False,False
GROUP_03948,1,train,ewaste,Electronic Device,False,False
GROUP_03949,1,train,realwaste,Glass,False,False
GROUP_03950,1,train,trashnet,Plastic,False,False
GROUP_03951,1,test,realwaste,Cardboard,False,False
GROUP_03952,1,train,trashnet,Paper,False,False
GROUP_03953,1,train,phenomsg,Organic Stream,False,False
GROUP_03954,1,val,realwaste,Glass,False,False
GROUP_03955,1,val,ewaste,Electronic Device,False,False
GROUP_03956,1,train,phenomsg,Recyclable Stream,False,False
GROUP_03957,1,train,realwaste,Plastic,False,False
GROUP_03958,1,train,realwaste,Residual,False,False
GROUP_03959,1,train,phenomsg,Residual,False,False
GROUP_03960,1,train,trashnet,Plastic,False,False
GROUP_03961,1,val,ewaste,Electronic Device,False,False
GROUP_03962,1,test,realwaste,Paper,False,False
GROUP_03963,1,train,realwaste,Vegetation,False,False
GROUP_03964,1,test,phenomsg,Hazardous Waste,False,False
GROUP_03965,1,train,phenomsg,Residual,False,False
GROUP_03966,1,train,realwaste,Paper,False,False
GROUP_03967,1,train,phenomsg,Hazardous Waste,False,False
GROUP_03968,1,train,realwaste,Glass,False,False
GROUP_03969,1,train,trashnet,Paper,False,False
GROUP_03970,1,train,trashnet,Cardboard,False,False
GROUP_03971,1,train,ewaste,Electronic Device,False,False
GROUP_03972,1,train,realwaste,Vegetation,False,False
GROUP_03973,1,val,phenomsg,Organic Stream,False,False
GROUP_03974,1,val,phenomsg,Residual,False,False
GROUP_03975,1,train,realwaste,Paper,False,False
GROUP_03976,1,train,trashnet,Residual,False,False
GROUP_03977,1,train,realwaste,Cardboard,False,False
GROUP_03978,1,val,realwaste,Metal,False,False
GROUP_03979,1,train,phenomsg,Organic Stream,False,False
GROUP_03980,1,train,realwaste,Paper,False,False
GROUP_03981,1,train,trashnet,Paper,False,False
GROUP_03982,1,test,phenomsg,Recyclable Stream,False,False
GROUP_03983,1,test,ewaste,Electronic Device,False,False
GROUP_03984,2,train,trashnet,Paper,False,True
GROUP_03985,1,val,realwaste,Cardboard,False,False
GROUP_03986,1,val,phenomsg,Hazardous Waste,False,False
GROUP_03987,1,test,ewaste,Large Electronic Appliance,False,False
GROUP_03988,1,train,ewaste,Electronic Device,False,False
GROUP_03989,1,train,ewaste,Large Electronic Appliance,False,False
GROUP_03990,2,train,phenomsg,Hazardous Waste,True,True
GROUP_03991,1,train,trashnet,Residual,False,False
GROUP_03992,1,train,realwaste,Metal,False,False
GROUP_03993,1,test,phenomsg,Organic Stream,False,False
GROUP_03994,1,train,ewaste,Electronic Device,False,False
GROUP_03995,1,train,trashnet,Plastic,False,False
GROUP_03996,1,train,phenomsg,Organic Stream,False,False
GROUP_03997,1,train,realwaste,Paper,False,False
GROUP_03998,1,train,realwaste,Metal,False,False
GROUP_03999,1,test,realwaste,Food Organics,False,False
GROUP_04000,1,val,realwaste,Metal,False,False
GROUP_04001,1,train,phenomsg,Hazardous Waste,False,False
GROUP_04002,1,train,realwaste,Plastic,False,False
GROUP_04003,1,train,realwaste,Vegetation,False,False
GROUP_04004,2,train,phenomsg,Hazardous Waste,True,True
GROUP_04005,1,train,trashnet,Glass,False,False
GROUP_04006,1,test,ewaste,Electronic Device,False,False
GROUP_04007,1,val,phenomsg,Organic Stream,False,False
GROUP_04008,1,train,ewaste,Electronic Device,False,False
GROUP_04009,1,train,ewaste,Electronic Component,False,False
GROUP_04010,1,test,realwaste,Metal,False,False
GROUP_04011,1,train,ewaste,Electronic Component,False,False
GROUP_04012,1,test,phenomsg,Organic Stream,False,False
GROUP_04013,1,test,ewaste,Large Electronic Appliance,False,False
GROUP_04014,1,train,trashnet,Metal,False,False
GROUP_04015,1,train,realwaste,Paper,False,False
GROUP_04016,1,train,trashnet,Cardboard,False,False
GROUP_04017,1,train,trashnet,Plastic,False,False
GROUP_04018,1,test,realwaste,Paper,False,False
GROUP_04019,1,train,trashnet,Plastic,False,False
GROUP_04020,1,test,realwaste,Glass,False,False
GROUP_04021,1,test,trashnet,Residual,False,False
GROUP_04022,1,train,ewaste,Electronic Device,False,False
GROUP_04023,1,train,ewaste,Large Electronic Appliance,False,False
GROUP_04024,1,train,ewaste,Large Electronic Appliance,False,False
GROUP_04025,1,train,ewaste,Large Electronic Appliance,False,False
GROUP_04026,1,test,realwaste,Food Organics,False,False
GROUP_04027,1,train,realwaste,Food Organics,False,False
GROUP_04028,1,train,phenomsg,Recyclable Stream,False,False
GROUP_04029,1,train,realwaste,Plastic,False,False
GROUP_04030,1,val,phenomsg,Organic Stream,False,False
GROUP_04031,1,test,ewaste,Electronic Device,False,False
GROUP_04032,1,val,ewaste,Electronic Component,False,False
GROUP_04033,1,train,trashnet,Plastic,False,False
GROUP_04034,2,train,ewaste,Electronic Device,False,True
GROUP_04035,1,test,phenomsg,Organic Stream,False,False
GROUP_04036,1,train,realwaste,Plastic,False,False
GROUP_04037,1,val,trashnet,Metal,False,False
GROUP_04038,1,train,realwaste,Plastic,False,False
GROUP_04039,1,train,ewaste,Electronic Device,False,False
GROUP_04040,1,train,ewaste,Electronic Device,False,False
GROUP_04041,1,train,realwaste,Textile,False,False
GROUP_04042,1,val,realwaste,Food Organics,False,False
GROUP_04043,1,train,realwaste,Residual,False,False
GROUP_04044,1,test,phenomsg,Residual,False,False
GROUP_04045,1,train,realwaste,Glass,False,False
GROUP_04046,1,val,phenomsg,Hazardous Waste,False,False
GROUP_04047,1,train,phenomsg,Organic Stream,False,False
GROUP_04048,1,val,realwaste,Cardboard,False,False
GROUP_04049,1,test,trashnet,Plastic,False,False
GROUP_04050,1,train,trashnet,Metal,False,False
GROUP_04051,1,train,phenomsg,Residual,False,False
GROUP_04052,1,val,phenomsg,Organic Stream,False,False
GROUP_04053,1,train,ewaste,Electronic Device,False,False
GROUP_04054,1,train,phenomsg,Recyclable Stream,False,False
GROUP_04055,1,train,ewaste,Electronic Component,False,False
GROUP_04056,1,train,ewaste,Battery,False,False
GROUP_04057,1,val,ewaste,Electronic Device,False,False
GROUP_04058,1,test,realwaste,Textile,False,False
GROUP_04059,1,train,realwaste,Metal,False,False
GROUP_04060,1,train,realwaste,Plastic,False,False
GROUP_04061,1,train,trashnet,Metal,False,False
GROUP_04062,1,train,phenomsg,Residual,False,False
GROUP_04063,1,train,realwaste,Metal,False,False
GROUP_04064,1,train,realwaste,Glass,False,False
GROUP_04065,1,train,ewaste,Large Electronic Appliance,False,False
GROUP_04066,1,val,trashnet,Plastic,False,False
GROUP_04067,1,train,realwaste,Food Organics,False,False
GROUP_04068,1,train,phenomsg,Recyclable Stream,False,False
GROUP_04069,1,train,ewaste,Electronic Device,False,False
GROUP_04070,1,train,phenomsg,Residual,False,False
GROUP_04071,1,train,realwaste,Glass,False,False
GROUP_04072,1,train,ewaste,Electronic Device,False,False
GROUP_04073,1,train,realwaste,Cardboard,False,False
GROUP_04074,1,train,realwaste,Metal,False,False
GROUP_04075,1,val,realwaste,Cardboard,False,False
GROUP_04076,1,test,ewaste,Electronic Device,False,False
GROUP_04077,1,train,trashnet,Cardboard,False,False
GROUP_04078,1,train,realwaste,Cardboard,False,False
GROUP_04079,1,train,realwaste,Metal,False,False
GROUP_04080,1,train,ewaste,Electronic Device,False,False
GROUP_04081,1,train,phenomsg,Recyclable Stream,False,False
GROUP_04082,1,train,phenomsg,Organic Stream,False,False
GROUP_04083,1,train,trashnet,Plastic,False,False
GROUP_04084,1,train,realwaste,Plastic,False,False
GROUP_04085,1,train,phenomsg,Residual,False,False
GROUP_04086,1,train,phenomsg,Hazardous Waste,False,False
GROUP_04087,1,test,ewaste,Large Electronic Appliance,False,False
GROUP_04088,1,train,realwaste,Glass,False,False
GROUP_04089,1,val,ewaste,Electronic Component,False,False
GROUP_04090,1,train,phenomsg,Hazardous Waste,False,False
GROUP_04091,1,val,phenomsg,Organic Stream,False,False
GROUP_04092,1,train,ewaste,Battery,False,False
GROUP_04093,1,train,realwaste,Food Organics,False,False
GROUP_04094,1,test,realwaste,Plastic,False,False
GROUP_04095,1,train,ewaste,Electronic Device,False,False
GROUP_04096,1,val,realwaste,Metal,False,False
GROUP_04097,1,train,realwaste,Metal,False,False
GROUP_04098,1,train,phenomsg,Recyclable Stream,False,False
GROUP_04099,1,train,ewaste,Large Electronic Appliance,False,False
GROUP_04100,1,train,trashnet,Metal,False,False
GROUP_04101,1,train,realwaste,Cardboard,False,False
GROUP_04102,1,val,ewaste,Large Electronic Appliance,False,False
GROUP_04103,1,train,ewaste,Large Electronic Appliance,False,False
GROUP_04104,1,train,realwaste,Residual,False,False
GROUP_04105,1,train,realwaste,Paper,False,False
GROUP_04106,1,test,realwaste,Vegetation,False,False
GROUP_04107,1,val,ewaste,Electronic Component,False,False
GROUP_04108,1,test,phenomsg,Hazardous Waste,False,False
GROUP_04109,1,test,realwaste,Metal,False,False
GROUP_04110,1,train,ewaste,Electronic Device,False,False
GROUP_04111,1,train,phenomsg,Recyclable Stream,False,False
GROUP_04112,1,test,realwaste,Metal,False,False
GROUP_04113,1,train,realwaste,Metal,False,False
GROUP_04114,1,train,phenomsg,Residual,False,False
GROUP_04115,1,train,realwaste,Plastic,False,False
GROUP_04116,1,train,realwaste,Paper,False,False
GROUP_04117,1,train,ewaste,Electronic Device,False,False
GROUP_04118,1,test,trashnet,Paper,False,False
GROUP_04119,1,test,ewaste,Battery,False,False
GROUP_04120,1,train,realwaste,Metal,False,False
GROUP_04121,1,train,realwaste,Glass,False,False
GROUP_04122,1,train,realwaste,Food Organics,False,False
GROUP_04123,1,val,trashnet,Glass,False,False
GROUP_04124,1,train,realwaste,Plastic,False,False
GROUP_04125,1,test,phenomsg,Residual,False,False
GROUP_04126,1,train,phenomsg,Residual,False,False
GROUP_04127,1,val,realwaste,Paper,False,False
GROUP_04128,1,test,ewaste,Large Electronic Appliance,False,False
GROUP_04129,1,test,phenomsg,Residual,False,False
GROUP_04130,2,train,phenomsg,Hazardous Waste,True,True
GROUP_04131,1,train,trashnet,Plastic,False,False
GROUP_04132,1,train,trashnet,Cardboard,False,False
GROUP_04133,1,train,ewaste,Electronic Device,False,False
GROUP_04134,1,train,ewaste,Large Electronic Appliance,False,False
GROUP_04135,1,val,phenomsg,Recyclable Stream,False,False
GROUP_04136,1,test,phenomsg,Recyclable Stream,False,False
GROUP_04137,1,train,ewaste,Large Electronic Appliance,False,False
GROUP_04138,1,train,trashnet,Glass,False,False
GROUP_04139,1,train,realwaste,Cardboard,False,False
GROUP_04140,1,train,ewaste,Electronic Device,False,False
GROUP_04141,1,train,ewaste,Electronic Device,False,False
GROUP_04142,1,train,ewaste,Electronic Device,False,False
GROUP_04143,1,val,realwaste,Paper,False,False
GROUP_04144,2,train,phenomsg,Residual,False,True
GROUP_04145,1,test,trashnet,Plastic,False,False
GROUP_04146,1,test,phenomsg,Residual,False,False
GROUP_04147,1,test,ewaste,Electronic Device,False,False
GROUP_04148,1,train,trashnet,Cardboard,False,False
GROUP_04149,1,train,ewaste,Large Electronic Appliance,False,False
GROUP_04150,1,train,ewaste,Large Electronic Appliance,False,False
GROUP_04151,1,train,realwaste,Glass,False,False
GROUP_04152,1,val,ewaste,Electronic Device,False,False
GROUP_04153,2,train,phenomsg,Hazardous Waste,True,True
GROUP_04154,1,train,realwaste,Metal,False,False
GROUP_04155,2,train,phenomsg,Hazardous Waste,True,True
GROUP_04156,1,train,trashnet,Paper,False,False
GROUP_04157,1,val,trashnet,Plastic,False,False
GROUP_04158,1,test,ewaste,Electronic Device,False,False
GROUP_04159,1,train,phenomsg,Hazardous Waste,False,False
GROUP_04160,1,val,trashnet,Glass,False,False
GROUP_04161,1,val,realwaste,Plastic,False,False
GROUP_04162,1,train,ewaste,Large Electronic Appliance,False,False
GROUP_04163,1,test,realwaste,Plastic,False,False
GROUP_04164,1,train,ewaste,Large Electronic Appliance,False,False
GROUP_04165,1,train,trashnet,Paper,False,False
GROUP_04166,1,train,phenomsg,Hazardous Waste,False,False
GROUP_04167,1,train,ewaste,Large Electronic Appliance,False,False
GROUP_04168,1,train,realwaste,Paper,False,False
GROUP_04169,1,train,phenomsg,Residual,False,False
GROUP_04170,1,val,realwaste,Vegetation,False,False
GROUP_04171,1,train,trashnet,Glass,False,False
GROUP_04172,1,train,ewaste,Electronic Device,False,False
GROUP_04173,1,train,ewaste,Electronic Device,False,False
GROUP_04174,1,train,trashnet,Plastic,False,False
GROUP_04175,1,train,ewaste,Electronic Device,False,False
GROUP_04176,1,train,realwaste,Residual,False,False
GROUP_04177,1,train,ewaste,Large Electronic Appliance,False,False
GROUP_04178,1,test,ewaste,Electronic Device,False,False
GROUP_04179,1,test,ewaste,Electronic Device,False,False
GROUP_04180,1,train,realwaste,Textile,False,False
GROUP_04181,1,train,trashnet,Cardboard,False,False
GROUP_04182,1,train,realwaste,Paper,False,False
GROUP_04183,1,train,phenomsg,Recyclable Stream,False,False
GROUP_04184,2,train,phenomsg,Hazardous Waste,True,True
GROUP_04185,1,train,realwaste,Metal,False,False
GROUP_04186,1,train,trashnet,Paper,False,False
GROUP_04187,1,test,realwaste,Metal,False,False
GROUP_04188,1,train,trashnet,Glass,False,False
GROUP_04189,1,test,realwaste,Residual,False,False
GROUP_04190,1,val,trashnet,Cardboard,False,False
GROUP_04191,1,train,realwaste,Cardboard,False,False
GROUP_04192,1,train,realwaste,Metal,False,False
GROUP_04193,2,train,ewaste,Electronic Device,False,True
GROUP_04194,1,val,realwaste,Vegetation,False,False
GROUP_04195,1,train,ewaste,Electronic Component,False,False
GROUP_04196,1,train,realwaste,Cardboard,False,False
GROUP_04197,1,val,trashnet,Metal,False,False
GROUP_04198,2,train,phenomsg,Hazardous Waste,True,True
GROUP_04199,1,train,ewaste,Large Electronic Appliance,False,False
GROUP_04200,1,train,ewaste,Electronic Device,False,False
GROUP_04201,1,train,trashnet,Plastic,False,False
GROUP_04202,1,train,phenomsg,Recyclable Stream,False,False
GROUP_04203,1,train,ewaste,Battery,False,False
GROUP_04204,1,test,phenomsg,Recyclable Stream,False,False
GROUP_04205,1,val,realwaste,Cardboard,False,False
GROUP_04206,1,train,ewaste,Large Electronic Appliance,False,False
GROUP_04207,1,train,ewaste,Electronic Device,False,False
GROUP_04208,1,train,realwaste,Metal,False,False
GROUP_04209,1,train,phenomsg,Residual,False,False
GROUP_04210,1,train,realwaste,Paper,False,False
GROUP_04211,2,train,phenomsg,Recyclable Stream|Residual,False,True
GROUP_04212,1,train,phenomsg,Organic Stream,False,False
GROUP_04213,1,train,phenomsg,Organic Stream,False,False
GROUP_04214,2,train,phenomsg,Recyclable Stream,False,True
GROUP_04215,1,train,realwaste,Paper,False,False
GROUP_04216,1,val,phenomsg,Organic Stream,False,False
GROUP_04217,1,train,trashnet,Paper,False,False
GROUP_04218,1,train,realwaste,Metal,False,False
GROUP_04219,1,train,phenomsg,Hazardous Waste,False,False
GROUP_04220,1,train,phenomsg,Residual,False,False
GROUP_04221,1,test,phenomsg,Organic Stream,False,False
GROUP_04222,1,val,realwaste,Textile,False,False
GROUP_04223,1,train,realwaste,Paper,False,False
GROUP_04224,1,train,ewaste,Large Electronic Appliance,False,False
GROUP_04225,1,train,realwaste,Vegetation,False,False
GROUP_04226,1,val,phenomsg,Residual,False,False
GROUP_04227,1,train,phenomsg,Recyclable Stream,False,False
GROUP_04228,1,train,phenomsg,Recyclable Stream,False,False
GROUP_04229,1,train,ewaste,Large Electronic Appliance,False,False
GROUP_04230,1,test,realwaste,Cardboard,False,False
GROUP_04231,1,train,ewaste,Electronic Device,False,False
GROUP_04232,1,test,realwaste,Food Organics,False,False
GROUP_04233,1,train,ewaste,Electronic Device,False,False
GROUP_04234,1,train,realwaste,Cardboard,False,False
GROUP_04235,1,train,trashnet,Paper,False,False
GROUP_04236,1,test,phenomsg,Organic Stream,False,False
GROUP_04237,1,train,realwaste,Vegetation,False,False
GROUP_04238,1,train,realwaste,Vegetation,False,False
GROUP_04239,1,train,ewaste,Large Electronic Appliance,False,False
GROUP_04240,1,train,realwaste,Paper,False,False
GROUP_04241,1,train,ewaste,Electronic Device,False,False
GROUP_04242,1,train,trashnet,Paper,False,False
GROUP_04243,1,train,trashnet,Glass,False,False
GROUP_04244,1,train,ewaste,Electronic Device,False,False
GROUP_04245,1,test,ewaste,Large Electronic Appliance,False,False
GROUP_04246,1,train,trashnet,Glass,False,False
GROUP_04247,1,train,phenomsg,Organic Stream,False,False
GROUP_04248,1,train,realwaste,Textile,False,False
GROUP_04249,1,train,phenomsg,Organic Stream,False,False
GROUP_04250,1,train,trashnet,Plastic,False,False
GROUP_04251,1,test,ewaste,Battery,False,False
GROUP_04252,1,test,ewaste,Large Electronic Appliance,False,False
GROUP_04253,1,train,realwaste,Vegetation,False,False
GROUP_04254,1,train,trashnet,Glass,False,False
GROUP_04255,1,train,realwaste,Vegetation,False,False
GROUP_04256,1,train,realwaste,Food Organics,False,False
GROUP_04257,1,test,trashnet,Paper,False,False
GROUP_04258,1,train,ewaste,Electronic Device,False,False
GROUP_04259,1,test,realwaste,Glass,False,False
GROUP_04260,1,train,ewaste,Large Electronic Appliance,False,False
GROUP_04261,1,test,phenomsg,Organic Stream,False,False
GROUP_04262,1,val,realwaste,Glass,False,False
GROUP_04263,1,train,realwaste,Plastic,False,False
GROUP_04264,1,val,trashnet,Cardboard,False,False
GROUP_04265,1,val,realwaste,Metal,False,False
GROUP_04266,1,train,trashnet,Residual,False,False
GROUP_04267,1,val,realwaste,Paper,False,False
GROUP_04268,1,test,realwaste,Paper,False,False
GROUP_04269,1,train,phenomsg,Residual,False,False
GROUP_04270,1,test,phenomsg,Residual,False,False
GROUP_04271,1,val,realwaste,Metal,False,False
GROUP_04272,1,test,phenomsg,Recyclable Stream,False,False
GROUP_04273,1,train,ewaste,Electronic Device,False,False
GROUP_04274,1,test,trashnet,Metal,False,False
GROUP_04275,1,val,realwaste,Food Organics,False,False
GROUP_04276,1,train,realwaste,Paper,False,False
GROUP_04277,1,val,trashnet,Plastic,False,False
GROUP_04278,1,train,realwaste,Residual,False,False
GROUP_04279,1,val,trashnet,Paper,False,False
GROUP_04280,1,train,realwaste,Plastic,False,False
GROUP_04281,1,train,phenomsg,Organic Stream,False,False
GROUP_04282,2,train,phenomsg,Hazardous Waste,True,True
GROUP_04283,1,val,ewaste,Electronic Device,False,False
GROUP_04284,1,test,trashnet,Glass,False,False
GROUP_04285,1,train,ewaste,Large Electronic Appliance,False,False
GROUP_04286,1,train,ewaste,Electronic Device,False,False
GROUP_04287,1,test,ewaste,Large Electronic Appliance,False,False
GROUP_04288,1,train,ewaste,Electronic Component,False,False
GROUP_04289,1,train,ewaste,Electronic Device,False,False
GROUP_04290,1,train,trashnet,Metal,False,False
GROUP_04291,1,val,realwaste,Residual,False,False
GROUP_04292,1,train,ewaste,Electronic Device,False,False
GROUP_04293,1,val,ewaste,Large Electronic Appliance,False,False
GROUP_04294,1,train,ewaste,Large Electronic Appliance,False,False
GROUP_04295,1,train,phenomsg,Residual,False,False
GROUP_04296,1,train,realwaste,Vegetation,False,False
GROUP_04297,1,val,realwaste,Metal,False,False
GROUP_04298,1,val,ewaste,Large Electronic Appliance,False,False
GROUP_04299,2,train,phenomsg,Hazardous Waste,True,True
GROUP_04300,1,test,ewaste,Large Electronic Appliance,False,False
GROUP_04301,1,test,phenomsg,Residual,False,False
GROUP_04302,1,train,phenomsg,Organic Stream,False,False
GROUP_04303,1,train,realwaste,Plastic,False,False
GROUP_04304,1,train,realwaste,Plastic,False,False
GROUP_04305,1,val,realwaste,Cardboard,False,False
GROUP_04306,1,train,phenomsg,Recyclable Stream,False,False
GROUP_04307,1,test,ewaste,Large Electronic Appliance,False,False
GROUP_04308,2,train,phenomsg,Hazardous Waste,True,True
GROUP_04309,1,train,phenomsg,Residual,False,False
GROUP_04310,1,val,trashnet,Glass,False,False
GROUP_04311,1,train,ewaste,Electronic Device,False,False
GROUP_04312,1,train,phenomsg,Organic Stream,False,False
GROUP_04313,1,train,phenomsg,Organic Stream,False,False
GROUP_04314,1,test,realwaste,Vegetation,False,False
GROUP_04315,1,train,ewaste,Electronic Component,False,False
GROUP_04316,1,test,phenomsg,Recyclable Stream,False,False
GROUP_04317,1,train,trashnet,Metal,False,False
GROUP_04318,1,train,trashnet,Paper,False,False
GROUP_04319,2,train,ewaste,Electronic Device,False,True
GROUP_04320,1,test,realwaste,Paper,False,False
GROUP_04321,1,train,ewaste,Large Electronic Appliance,False,False
GROUP_04322,1,train,ewaste,Electronic Device,False,False
GROUP_04323,2,train,phenomsg,Organic Stream,True,True
GROUP_04324,1,train,realwaste,Paper,False,False
GROUP_04325,2,train,phenomsg,Hazardous Waste,True,True
GROUP_04326,1,test,ewaste,Electronic Device,False,False
GROUP_04327,1,train,realwaste,Metal,False,False
GROUP_04328,1,val,ewaste,Electronic Device,False,False
GROUP_04329,1,train,realwaste,Residual,False,False
GROUP_04330,1,train,realwaste,Plastic,False,False
GROUP_04331,1,train,ewaste,Electronic Device,False,False
GROUP_04332,1,train,realwaste,Cardboard,False,False
GROUP_04333,1,train,realwaste,Metal,False,False
GROUP_04334,1,train,realwaste,Glass,False,False
GROUP_04335,1,train,ewaste,Electronic Device,False,False
GROUP_04336,1,val,realwaste,Glass,False,False
GROUP_04337,1,train,ewaste,Electronic Device,False,False
GROUP_04338,1,test,ewaste,Large Electronic Appliance,False,False
GROUP_04339,1,train,realwaste,Food Organics,False,False
GROUP_04340,1,test,realwaste,Glass,False,False
GROUP_04341,1,test,realwaste,Plastic,False,False
GROUP_04342,1,train,realwaste,Metal,False,False
GROUP_04343,1,train,realwaste,Paper,False,False
GROUP_04344,1,val,ewaste,Large Electronic Appliance,False,False
GROUP_04345,1,train,realwaste,Metal,False,False
GROUP_04346,1,val,phenomsg,Hazardous Waste,False,False
GROUP_04347,1,train,realwaste,Metal,False,False
GROUP_04348,1,train,realwaste,Vegetation,False,False
GROUP_04349,1,test,ewaste,Electronic Device,False,False
GROUP_04350,1,train,realwaste,Plastic,False,False
GROUP_04351,1,val,ewaste,Battery,False,False
GROUP_04352,2,train,phenomsg,Hazardous Waste,True,True
GROUP_04353,1,val,phenomsg,Recyclable Stream,False,False
GROUP_04354,1,test,trashnet,Metal,False,False
GROUP_04355,1,train,realwaste,Residual,False,False
GROUP_04356,1,val,phenomsg,Hazardous Waste,False,False
GROUP_04357,1,test,phenomsg,Organic Stream,False,False
GROUP_04358,1,train,phenomsg,Organic Stream,False,False
GROUP_04359,1,val,realwaste,Metal,False,False
GROUP_04360,1,val,realwaste,Metal,False,False
GROUP_04361,1,train,realwaste,Plastic,False,False
GROUP_04362,1,train,trashnet,Plastic,False,False
GROUP_04363,1,train,realwaste,Paper,False,False
GROUP_04364,1,test,trashnet,Glass,False,False
GROUP_04365,1,train,realwaste,Cardboard,False,False
GROUP_04366,1,train,trashnet,Cardboard,False,False
GROUP_04367,1,test,realwaste,Glass,False,False
GROUP_04368,1,train,realwaste,Residual,False,False
GROUP_04369,1,train,trashnet,Cardboard,False,False
GROUP_04370,1,train,phenomsg,Organic Stream,False,False
GROUP_04371,1,train,ewaste,Large Electronic Appliance,False,False
GROUP_04372,1,train,phenomsg,Recyclable Stream,False,False
GROUP_04373,1,train,phenomsg,Recyclable Stream,False,False
GROUP_04374,1,train,realwaste,Glass,False,False
GROUP_04375,1,train,realwaste,Paper,False,False
GROUP_04376,1,train,trashnet,Metal,False,False
GROUP_04377,1,val,realwaste,Paper,False,False
GROUP_04378,1,train,ewaste,Electronic Device,False,False
GROUP_04379,1,train,ewaste,Electronic Device,False,False
GROUP_04380,1,test,realwaste,Residual,False,False
GROUP_04381,1,train,ewaste,Battery,False,False
GROUP_04382,1,train,phenomsg,Residual,False,False
GROUP_04383,1,train,ewaste,Battery,False,False
GROUP_04384,1,train,trashnet,Paper,False,False
GROUP_04385,1,test,phenomsg,Organic Stream,False,False
GROUP_04386,1,train,ewaste,Electronic Device,False,False
GROUP_04387,1,val,realwaste,Cardboard,False,False
GROUP_04388,1,train,trashnet,Cardboard,False,False
GROUP_04389,1,val,realwaste,Textile,False,False
GROUP_04390,1,train,ewaste,Electronic Device,False,False
GROUP_04391,1,train,trashnet,Paper,False,False
GROUP_04392,1,val,trashnet,Plastic,False,False
GROUP_04393,1,train,realwaste,Glass,False,False
GROUP_04394,2,train,realwaste,Plastic,False,True
GROUP_04395,1,test,realwaste,Metal,False,False
GROUP_04396,1,train,trashnet,Glass,False,False
GROUP_04397,1,val,phenomsg,Organic Stream,False,False
GROUP_04398,2,train,ewaste,Electronic Device,False,True
GROUP_04399,1,train,ewaste,Battery,False,False
GROUP_04400,1,train,realwaste,Metal,False,False
GROUP_04401,1,train,ewaste,Battery,False,False
GROUP_04402,1,train,ewaste,Battery,False,False
GROUP_04403,1,train,phenomsg,Hazardous Waste,False,False
GROUP_04404,1,train,realwaste,Paper,False,False
GROUP_04405,1,train,realwaste,Plastic,False,False
GROUP_04406,1,train,ewaste,Electronic Device,False,False
GROUP_04407,1,train,trashnet,Glass,False,False
GROUP_04408,1,train,ewaste,Electronic Component,False,False
GROUP_04409,1,test,ewaste,Electronic Device,False,False
GROUP_04410,2,train,trashnet,Paper,False,True
GROUP_04411,1,train,ewaste,Electronic Device,False,False
GROUP_04412,1,train,ewaste,Electronic Device,False,False
GROUP_04413,1,train,trashnet,Paper,False,False
GROUP_04414,1,test,ewaste,Electronic Component,False,False
GROUP_04415,1,train,realwaste,Paper,False,False
GROUP_04416,1,val,phenomsg,Organic Stream,False,False
GROUP_04417,1,train,realwaste,Residual,False,False
GROUP_04418,1,train,realwaste,Residual,False,False
GROUP_04419,1,train,phenomsg,Organic Stream,False,False
GROUP_04420,1,test,realwaste,Vegetation,False,False
GROUP_04421,1,train,trashnet,Glass,False,False
GROUP_04422,1,test,phenomsg,Recyclable Stream,False,False
GROUP_04423,1,test,ewaste,Electronic Device,False,False
GROUP_04424,2,train,phenomsg,Hazardous Waste,True,True
GROUP_04425,1,val,realwaste,Cardboard,False,False
GROUP_04426,1,val,realwaste,Food Organics,False,False
GROUP_04427,1,train,phenomsg,Recyclable Stream,False,False
GROUP_04428,1,train,realwaste,Food Organics,False,False
GROUP_04429,1,val,ewaste,Electronic Device,False,False
GROUP_04430,1,train,realwaste,Residual,False,False
GROUP_04431,1,train,trashnet,Paper,False,False
GROUP_04432,1,train,trashnet,Plastic,False,False
GROUP_04433,1,train,phenomsg,Organic Stream,False,False
GROUP_04434,1,train,ewaste,Battery,False,False
GROUP_04435,1,train,ewaste,Electronic Device,False,False
GROUP_04436,1,train,phenomsg,Hazardous Waste,False,False
GROUP_04437,2,train,phenomsg,Hazardous Waste,True,True
GROUP_04438,1,train,ewaste,Electronic Device,False,False
GROUP_04439,1,train,trashnet,Metal,False,False
GROUP_04440,1,train,ewaste,Large Electronic Appliance,False,False
GROUP_04441,1,train,trashnet,Cardboard,False,False
GROUP_04442,1,train,realwaste,Food Organics,False,False
GROUP_04443,1,test,realwaste,Plastic,False,False
GROUP_04444,1,train,trashnet,Glass,False,False
GROUP_04445,1,train,trashnet,Glass,False,False
GROUP_04446,1,train,phenomsg,Hazardous Waste,False,False
GROUP_04447,2,train,ewaste,Electronic Device,False,True
GROUP_04448,1,train,phenomsg,Recyclable Stream,False,False
GROUP_04449,2,train,realwaste,Plastic,False,True
GROUP_04450,1,test,phenomsg,Organic Stream,False,False
GROUP_04451,1,train,phenomsg,Recyclable Stream,False,False
GROUP_04452,1,train,trashnet,Paper,False,False
GROUP_04453,1,train,trashnet,Paper,False,False
GROUP_04454,1,test,trashnet,Cardboard,False,False
GROUP_04455,1,train,trashnet,Metal,False,False
GROUP_04456,1,train,trashnet,Glass,False,False
GROUP_04457,1,train,phenomsg,Recyclable Stream,False,False
GROUP_04458,1,train,realwaste,Cardboard,False,False
GROUP_04459,1,train,ewaste,Battery,False,False
GROUP_04460,1,train,phenomsg,Residual,False,False
GROUP_04461,1,test,realwaste,Food Organics,False,False
GROUP_04462,1,train,phenomsg,Organic Stream,False,False
GROUP_04463,1,val,ewaste,Electronic Device,False,False
GROUP_04464,1,train,trashnet,Cardboard,False,False
GROUP_04465,1,test,realwaste,Residual,False,False
GROUP_04466,1,train,realwaste,Vegetation,False,False
GROUP_04467,1,train,phenomsg,Hazardous Waste,False,False
GROUP_04468,1,train,ewaste,Electronic Device,False,False
GROUP_04469,1,test,realwaste,Metal,False,False
GROUP_04470,1,train,realwaste,Glass,False,False
GROUP_04471,1,train,ewaste,Electronic Device,False,False
GROUP_04472,1,train,phenomsg,Hazardous Waste,False,False
GROUP_04473,1,test,realwaste,Metal,False,False
GROUP_04474,1,train,realwaste,Food Organics,False,False
GROUP_04475,1,train,realwaste,Metal,False,False
GROUP_04476,1,train,realwaste,Vegetation,False,False
GROUP_04477,1,train,trashnet,Cardboard,False,False
GROUP_04478,1,test,trashnet,Glass,False,False
GROUP_04479,1,val,trashnet,Metal,False,False
GROUP_04480,1,train,trashnet,Glass,False,False
GROUP_04481,1,train,ewaste,Electronic Device,False,False
GROUP_04482,1,train,realwaste,Residual,False,False
GROUP_04483,1,train,realwaste,Vegetation,False,False
GROUP_04484,1,train,realwaste,Residual,False,False
GROUP_04485,1,test,phenomsg,Recyclable Stream,False,False
GROUP_04486,1,train,realwaste,Plastic,False,False
GROUP_04487,1,train,trashnet,Cardboard,False,False
GROUP_04488,1,train,ewaste,Electronic Device,False,False
GROUP_04489,1,test,ewaste,Electronic Device,False,False
GROUP_04490,1,val,phenomsg,Recyclable Stream,False,False
GROUP_04491,1,train,ewaste,Electronic Device,False,False
GROUP_04492,1,val,ewaste,Large Electronic Appliance,False,False
GROUP_04493,1,train,phenomsg,Residual,False,False
GROUP_04494,1,train,ewaste,Large Electronic Appliance,False,False
GROUP_04495,1,test,phenomsg,Organic Stream,False,False
GROUP_04496,1,train,ewaste,Electronic Device,False,False
GROUP_04497,1,train,phenomsg,Recyclable Stream,False,False
GROUP_04498,1,test,realwaste,Plastic,False,False
GROUP_04499,1,train,trashnet,Cardboard,False,False
GROUP_04500,1,train,phenomsg,Organic Stream,False,False
GROUP_04501,2,train,ewaste,Electronic Device,False,True
GROUP_04502,2,train,phenomsg,Hazardous Waste,True,True
GROUP_04503,1,train,phenomsg,Recyclable Stream,False,False
GROUP_04504,1,train,ewaste,Electronic Device,False,False
GROUP_04505,1,test,realwaste,Metal,False,False
GROUP_04506,1,train,ewaste,Electronic Device,False,False
GROUP_04507,1,train,realwaste,Metal,False,False
GROUP_04508,1,train,ewaste,Electronic Component,False,False
GROUP_04509,1,train,trashnet,Cardboard,False,False
GROUP_04510,1,train,phenomsg,Hazardous Waste,False,False
GROUP_04511,1,test,phenomsg,Organic Stream,False,False
GROUP_04512,1,val,ewaste,Electronic Device,False,False
GROUP_04513,1,train,realwaste,Metal,False,False
GROUP_04514,1,train,phenomsg,Hazardous Waste,False,False
GROUP_04515,2,train,ewaste,Electronic Device,True,True
GROUP_04516,2,train,phenomsg,Organic Stream,False,True
GROUP_04517,1,train,ewaste,Electronic Component,False,False
GROUP_04518,1,train,realwaste,Cardboard,False,False
GROUP_04519,1,train,trashnet,Metal,False,False
GROUP_04520,1,train,realwaste,Cardboard,False,False
GROUP_04521,1,train,trashnet,Glass,False,False
GROUP_04522,1,val,ewaste,Electronic Device,False,False
GROUP_04523,2,train,phenomsg,Hazardous Waste,True,True
GROUP_04524,1,train,trashnet,Plastic,False,False
GROUP_04525,1,train,ewaste,Large Electronic Appliance,False,False
GROUP_04526,1,train,trashnet,Plastic,False,False
GROUP_04527,1,train,phenomsg,Recyclable Stream,False,False
GROUP_04528,1,train,realwaste,Food Organics,False,False
GROUP_04529,1,train,ewaste,Electronic Device,False,False
GROUP_04530,1,train,phenomsg,Hazardous Waste,False,False
GROUP_04531,1,train,realwaste,Glass,False,False
GROUP_04532,1,train,realwaste,Textile,False,False
GROUP_04533,2,train,phenomsg,Hazardous Waste,True,True
GROUP_04534,1,train,phenomsg,Organic Stream,False,False
GROUP_04535,1,train,trashnet,Paper,False,False
GROUP_04536,1,train,trashnet,Plastic,False,False
GROUP_04537,1,train,realwaste,Vegetation,False,False
GROUP_04538,1,train,realwaste,Metal,False,False
GROUP_04539,2,train,phenomsg,Hazardous Waste,True,True
GROUP_04540,1,train,realwaste,Metal,False,False
GROUP_04541,2,train,phenomsg,Hazardous Waste,True,True
GROUP_04542,1,train,ewaste,Large Electronic Appliance,False,False
GROUP_04543,1,val,ewaste,Large Electronic Appliance,False,False
GROUP_04544,1,train,ewaste,Large Electronic Appliance,False,False
GROUP_04545,1,train,realwaste,Plastic,False,False
GROUP_04546,1,train,realwaste,Plastic,False,False
GROUP_04547,1,train,realwaste,Plastic,False,False
GROUP_04548,1,train,ewaste,Battery,False,False
GROUP_04549,1,train,realwaste,Metal,False,False
GROUP_04550,1,train,trashnet,Plastic,False,False
GROUP_04551,1,train,trashnet,Metal,False,False
GROUP_04552,1,train,ewaste,Electronic Component,False,False
GROUP_04553,1,val,realwaste,Plastic,False,False
GROUP_04554,1,train,trashnet,Plastic,False,False
GROUP_04555,1,train,phenomsg,Residual,False,False
GROUP_04556,1,train,phenomsg,Residual,False,False
GROUP_04557,1,test,realwaste,Paper,False,False
GROUP_04558,1,train,trashnet,Glass,False,False
GROUP_04559,1,train,realwaste,Plastic,False,False
GROUP_04560,1,train,phenomsg,Organic Stream,False,False
GROUP_04561,1,train,realwaste,Metal,False,False
GROUP_04562,1,val,ewaste,Electronic Device,False,False
GROUP_04563,1,train,realwaste,Plastic,False,False
GROUP_04564,1,train,ewaste,Battery,False,False
GROUP_04565,1,train,phenomsg,Hazardous Waste,False,False
GROUP_04566,2,train,realwaste,Food Organics|Metal,False,True
GROUP_04567,1,test,phenomsg,Residual,False,False
GROUP_04568,1,train,realwaste,Plastic,False,False
GROUP_04569,1,train,trashnet,Glass,False,False
GROUP_04570,1,train,realwaste,Metal,False,False
GROUP_04571,1,test,ewaste,Large Electronic Appliance,False,False
GROUP_04572,1,train,ewaste,Large Electronic Appliance,False,False
GROUP_04573,1,train,ewaste,Large Electronic Appliance,False,False
GROUP_04574,1,train,ewaste,Electronic Device,False,False
GROUP_04575,2,train,ewaste,Electronic Device,True,True
GROUP_04576,1,train,phenomsg,Organic Stream,False,False
GROUP_04577,1,train,realwaste,Food Organics,False,False
GROUP_04578,1,val,trashnet,Paper,False,False
GROUP_04579,1,train,realwaste,Textile,False,False
GROUP_04580,1,train,trashnet,Plastic,False,False
GROUP_04581,1,test,realwaste,Cardboard,False,False
GROUP_04582,1,val,phenomsg,Organic Stream,False,False
GROUP_04583,1,train,trashnet,Cardboard,False,False
GROUP_04584,1,train,phenomsg,Recyclable Stream,False,False
GROUP_04585,1,train,realwaste,Plastic,False,False
GROUP_04586,2,train,phenomsg,Hazardous Waste,False,True
GROUP_04587,1,val,phenomsg,Residual,False,False
GROUP_04588,2,train,phenomsg,Hazardous Waste,True,True
GROUP_04589,1,train,ewaste,Large Electronic Appliance,False,False
GROUP_04590,1,train,realwaste,Glass,False,False
GROUP_04591,1,val,realwaste,Residual,False,False
GROUP_04592,1,train,phenomsg,Hazardous Waste,False,False
GROUP_04593,1,train,realwaste,Textile,False,False
GROUP_04594,1,train,phenomsg,Residual,False,False
GROUP_04595,1,train,trashnet,Glass,False,False
GROUP_04596,1,train,ewaste,Electronic Device,False,False
GROUP_04597,1,train,realwaste,Textile,False,False
GROUP_04598,1,val,trashnet,Metal,False,False
GROUP_04599,1,train,realwaste,Metal,False,False
GROUP_04600,1,test,realwaste,Plastic,False,False
GROUP_04601,1,test,trashnet,Cardboard,False,False
GROUP_04602,1,val,realwaste,Plastic,False,False
GROUP_04603,1,test,trashnet,Glass,False,False
GROUP_04604,1,test,phenomsg,Organic Stream,False,False
GROUP_04605,2,train,phenomsg,Organic Stream,True,True
GROUP_04606,1,test,trashnet,Glass,False,False
GROUP_04607,1,train,trashnet,Metal,False,False
GROUP_04608,1,val,trashnet,Glass,False,False
GROUP_04609,1,train,realwaste,Metal,False,False
GROUP_04610,1,train,realwaste,Metal,False,False
GROUP_04611,1,val,trashnet,Cardboard,False,False
GROUP_04612,1,train,realwaste,Metal,False,False
GROUP_04613,1,train,realwaste,Plastic,False,False
GROUP_04614,1,train,realwaste,Food Organics,False,False
GROUP_04615,1,train,phenomsg,Residual,False,False
GROUP_04616,1,train,realwaste,Metal,False,False
GROUP_04617,1,train,trashnet,Paper,False,False
GROUP_04618,1,train,trashnet,Metal,False,False
GROUP_04619,1,test,phenomsg,Organic Stream,False,False
GROUP_04620,1,train,realwaste,Residual,False,False
GROUP_04621,4,train,ewaste,Electronic Component,True,True
GROUP_04622,1,train,realwaste,Paper,False,False
GROUP_04623,1,train,realwaste,Plastic,False,False
GROUP_04624,1,train,realwaste,Textile,False,False
GROUP_04625,1,train,ewaste,Battery,False,False
GROUP_04626,1,val,realwaste,Metal,False,False
GROUP_04627,1,val,realwaste,Vegetation,False,False
GROUP_04628,1,train,phenomsg,Hazardous Waste,False,False
GROUP_04629,1,test,trashnet,Plastic,False,False
GROUP_04630,1,test,trashnet,Glass,False,False
GROUP_04631,1,train,realwaste,Paper,False,False
GROUP_04632,1,train,trashnet,Paper,False,False
GROUP_04633,1,train,realwaste,Residual,False,False
GROUP_04634,1,train,ewaste,Large Electronic Appliance,False,False
GROUP_04635,1,train,realwaste,Food Organics,False,False
GROUP_04636,1,train,trashnet,Plastic,False,False
GROUP_04637,1,train,ewaste,Electronic Device,False,False
GROUP_04638,1,train,trashnet,Metal,False,False
GROUP_04639,1,train,ewaste,Battery,False,False
GROUP_04640,1,train,realwaste,Paper,False,False
GROUP_04641,1,train,phenomsg,Organic Stream,False,False
GROUP_04642,1,train,phenomsg,Recyclable Stream,False,False
GROUP_04643,1,train,trashnet,Metal,False,False
GROUP_04644,1,train,phenomsg,Recyclable Stream,False,False
GROUP_04645,1,train,realwaste,Textile,False,False
GROUP_04646,1,train,realwaste,Glass,False,False
GROUP_04647,1,train,trashnet,Glass,False,False
GROUP_04648,1,val,trashnet,Cardboard,False,False
GROUP_04649,1,train,trashnet,Glass,False,False
GROUP_04650,1,test,realwaste,Cardboard,False,False
GROUP_04651,1,test,trashnet,Paper,False,False
GROUP_04652,1,val,phenomsg,Recyclable Stream,False,False
GROUP_04653,1,train,trashnet,Paper,False,False
GROUP_04654,1,train,ewaste,Electronic Device,False,False
GROUP_04655,1,train,ewaste,Electronic Device,False,False
GROUP_04656,1,train,phenomsg,Recyclable Stream,False,False
GROUP_04657,1,val,realwaste,Plastic,False,False
GROUP_04658,1,train,realwaste,Vegetation,False,False
GROUP_04659,1,train,realwaste,Metal,False,False
GROUP_04660,1,train,trashnet,Metal,False,False
GROUP_04661,1,train,phenomsg,Hazardous Waste,False,False
GROUP_04662,1,train,phenomsg,Hazardous Waste,False,False
GROUP_04663,1,val,realwaste,Plastic,False,False
GROUP_04664,1,test,trashnet,Glass,False,False
GROUP_04665,1,test,realwaste,Cardboard,False,False
GROUP_04666,1,val,phenomsg,Organic Stream,False,False
GROUP_04667,1,val,trashnet,Paper,False,False
GROUP_04668,1,train,realwaste,Vegetation,False,False
GROUP_04669,2,train,phenomsg,Hazardous Waste,True,True
GROUP_04670,1,val,realwaste,Glass,False,False
GROUP_04671,1,val,phenomsg,Residual,False,False
GROUP_04672,1,train,ewaste,Electronic Device,False,False
GROUP_04673,1,train,realwaste,Cardboard,False,False
GROUP_04674,1,train,realwaste,Food Organics,False,False
GROUP_04675,1,train,phenomsg,Organic Stream,False,False
GROUP_04676,1,train,realwaste,Residual,False,False
GROUP_04677,1,train,realwaste,Glass,False,False
GROUP_04678,1,test,realwaste,Vegetation,False,False
GROUP_04679,1,train,ewaste,Large Electronic Appliance,False,False
GROUP_04680,1,val,trashnet,Paper,False,False
GROUP_04681,1,train,ewaste,Electronic Device,False,False
GROUP_04682,1,train,realwaste,Cardboard,False,False
GROUP_04683,1,train,realwaste,Metal,False,False
GROUP_04684,1,test,trashnet,Paper,False,False
GROUP_04685,1,test,realwaste,Glass,False,False
GROUP_04686,1,val,phenomsg,Organic Stream,False,False
GROUP_04687,1,test,ewaste,Large Electronic Appliance,False,False
GROUP_04688,1,train,realwaste,Residual,False,False
GROUP_04689,1,train,ewaste,Electronic Device,False,False
GROUP_04690,1,train,ewaste,Battery,False,False
GROUP_04691,1,train,ewaste,Electronic Device,False,False
GROUP_04692,1,test,realwaste,Textile,False,False
GROUP_04693,1,test,trashnet,Glass,False,False
GROUP_04694,1,test,ewaste,Electronic Component,False,False
GROUP_04695,1,val,phenomsg,Recyclable Stream,False,False
GROUP_04696,1,train,realwaste,Plastic,False,False
GROUP_04697,1,test,ewaste,Electronic Device,False,False
GROUP_04698,1,train,realwaste,Textile,False,False
GROUP_04699,2,train,phenomsg,Hazardous Waste,True,True
GROUP_04700,1,train,phenomsg,Organic Stream,False,False
GROUP_04701,1,train,ewaste,Electronic Component,False,False
GROUP_04702,1,train,ewaste,Electronic Device,False,False
GROUP_04703,1,train,ewaste,Large Electronic Appliance,False,False
GROUP_04704,1,test,ewaste,Large Electronic Appliance,False,False
GROUP_04705,1,train,ewaste,Electronic Device,False,False
GROUP_04706,1,train,realwaste,Residual,False,False
GROUP_04707,1,val,trashnet,Glass,False,False
GROUP_04708,1,train,realwaste,Cardboard,False,False
GROUP_04709,1,train,phenomsg,Residual,False,False
GROUP_04710,1,val,trashnet,Cardboard,False,False
GROUP_04711,1,train,trashnet,Cardboard,False,False
GROUP_04712,2,train,ewaste,Large Electronic Appliance,True,True
GROUP_04713,1,val,phenomsg,Organic Stream,False,False
GROUP_04714,1,train,ewaste,Electronic Device,False,False
GROUP_04715,2,train,phenomsg,Hazardous Waste,True,True
GROUP_04716,1,train,phenomsg,Recyclable Stream,False,False
GROUP_04717,1,val,ewaste,Electronic Device,False,False
GROUP_04718,1,train,trashnet,Paper,False,False
GROUP_04719,1,val,trashnet,Paper,False,False
GROUP_04720,1,train,ewaste,Electronic Device,False,False
GROUP_04721,1,test,realwaste,Metal,False,False
GROUP_04722,1,train,trashnet,Plastic,False,False
GROUP_04723,1,test,ewaste,Large Electronic Appliance,False,False
GROUP_04724,1,train,phenomsg,Hazardous Waste,False,False
GROUP_04725,1,train,phenomsg,Organic Stream,False,False
GROUP_04726,1,val,realwaste,Textile,False,False
GROUP_04727,1,train,ewaste,Battery,False,False
GROUP_04728,1,train,realwaste,Cardboard,False,False
GROUP_04729,2,train,phenomsg,Hazardous Waste,True,True
GROUP_04730,1,test,realwaste,Textile,False,False
GROUP_04731,1,train,trashnet,Paper,False,False
GROUP_04732,1,train,realwaste,Plastic,False,False
GROUP_04733,1,test,phenomsg,Organic Stream,False,False
GROUP_04734,1,train,trashnet,Cardboard,False,False
GROUP_04735,1,train,realwaste,Glass,False,False
GROUP_04736,1,train,realwaste,Plastic,False,False
GROUP_04737,1,train,ewaste,Electronic Device,False,False
GROUP_04738,1,train,phenomsg,Organic Stream,False,False
GROUP_04739,1,train,phenomsg,Residual,False,False
GROUP_04740,1,test,realwaste,Glass,False,False
GROUP_04741,1,val,phenomsg,Residual,False,False
GROUP_04742,1,val,realwaste,Glass,False,False
GROUP_04743,1,train,trashnet,Plastic,False,False
GROUP_04744,1,test,realwaste,Plastic,False,False
GROUP_04745,1,test,realwaste,Glass,False,False
GROUP_04746,1,train,trashnet,Cardboard,False,False
GROUP_04747,1,val,realwaste,Cardboard,False,False
GROUP_04748,1,train,realwaste,Residual,False,False
GROUP_04749,1,train,phenomsg,Organic Stream,False,False
GROUP_04750,1,train,ewaste,Battery,False,False
GROUP_04751,2,train,ewaste,Electronic Device,True,True
GROUP_04752,1,train,realwaste,Paper,False,False
GROUP_04753,1,train,phenomsg,Residual,False,False
GROUP_04754,1,train,ewaste,Electronic Device,False,False
GROUP_04755,1,train,realwaste,Plastic,False,False
GROUP_04756,1,train,phenomsg,Residual,False,False
GROUP_04757,1,val,ewaste,Electronic Component,False,False
GROUP_04758,1,train,phenomsg,Residual,False,False
GROUP_04759,1,train,trashnet,Cardboard,False,False
GROUP_04760,2,train,ewaste,Electronic Device,True,True
GROUP_04761,1,val,realwaste,Vegetation,False,False
GROUP_04762,1,train,ewaste,Battery,False,False
GROUP_04763,2,train,trashnet,Paper,False,True
GROUP_04764,1,test,trashnet,Plastic,False,False
GROUP_04765,1,train,ewaste,Large Electronic Appliance,False,False
GROUP_04766,1,train,ewaste,Electronic Device,False,False
GROUP_04767,1,train,trashnet,Glass,False,False
GROUP_04768,1,test,realwaste,Residual,False,False
GROUP_04769,1,train,ewaste,Large Electronic Appliance,False,False
GROUP_04770,1,train,ewaste,Electronic Device,False,False
GROUP_04771,1,train,phenomsg,Recyclable Stream,False,False
GROUP_04772,1,train,phenomsg,Recyclable Stream,False,False
GROUP_04773,1,test,realwaste,Food Organics,False,False
GROUP_04774,1,train,realwaste,Food Organics,False,False
GROUP_04775,1,test,realwaste,Metal,False,False
GROUP_04776,2,train,phenomsg,Hazardous Waste,True,True
GROUP_04777,1,train,realwaste,Food Organics,False,False
GROUP_04778,1,train,realwaste,Textile,False,False
GROUP_04779,1,train,realwaste,Paper,False,False
GROUP_04780,1,train,ewaste,Electronic Device,False,False
GROUP_04781,1,val,ewaste,Electronic Component,False,False
GROUP_04782,1,train,phenomsg,Organic Stream,False,False
GROUP_04783,1,val,realwaste,Cardboard,False,False
GROUP_04784,1,train,ewaste,Electronic Device,False,False
GROUP_04785,1,val,phenomsg,Organic Stream,False,False
GROUP_04786,1,train,realwaste,Food Organics,False,False
GROUP_04787,1,train,ewaste,Electronic Device,False,False
GROUP_04788,1,train,phenomsg,Recyclable Stream,False,False
GROUP_04789,1,train,realwaste,Plastic,False,False
GROUP_04790,1,train,ewaste,Electronic Device,False,False
GROUP_04791,1,train,ewaste,Electronic Device,False,False
GROUP_04792,1,train,phenomsg,Residual,False,False
GROUP_04793,1,val,realwaste,Residual,False,False
GROUP_04794,1,test,realwaste,Textile,False,False
GROUP_04795,1,train,trashnet,Paper,False,False
GROUP_04796,1,test,phenomsg,Residual,False,False
GROUP_04797,1,train,realwaste,Cardboard,False,False
GROUP_04798,1,train,phenomsg,Organic Stream,False,False
GROUP_04799,1,train,realwaste,Textile,False,False
GROUP_04800,1,train,realwaste,Glass,False,False
GROUP_04801,1,train,realwaste,Metal,False,False
GROUP_04802,1,train,realwaste,Metal,False,False
GROUP_04803,1,train,phenomsg,Organic Stream,False,False
GROUP_04804,1,train,realwaste,Cardboard,False,False
GROUP_04805,1,test,trashnet,Paper,False,False
GROUP_04806,1,train,trashnet,Plastic,False,False
GROUP_04807,1,train,ewaste,Large Electronic Appliance,False,False
GROUP_04808,1,val,phenomsg,Recyclable Stream,False,False
GROUP_04809,1,train,trashnet,Cardboard,False,False
GROUP_04810,1,train,realwaste,Vegetation,False,False
GROUP_04811,1,train,ewaste,Electronic Device,False,False
GROUP_04812,1,val,phenomsg,Hazardous Waste,False,False
GROUP_04813,1,train,trashnet,Residual,False,False
GROUP_04814,1,test,phenomsg,Residual,False,False
GROUP_04815,1,train,ewaste,Electronic Device,False,False
GROUP_04816,1,val,trashnet,Plastic,False,False
GROUP_04817,1,train,phenomsg,Residual,False,False
GROUP_04818,1,train,phenomsg,Recyclable Stream,False,False
GROUP_04819,1,train,realwaste,Food Organics,False,False
GROUP_04820,1,train,realwaste,Plastic,False,False
GROUP_04821,1,train,realwaste,Textile,False,False
GROUP_04822,1,val,phenomsg,Hazardous Waste,False,False
GROUP_04823,1,val,trashnet,Cardboard,False,False
GROUP_04824,1,train,realwaste,Textile,False,False
GROUP_04825,1,train,realwaste,Glass,False,False
GROUP_04826,1,train,phenomsg,Recyclable Stream,False,False
GROUP_04827,1,train,realwaste,Textile,False,False
GROUP_04828,1,train,realwaste,Food Organics,False,False
GROUP_04829,1,train,ewaste,Large Electronic Appliance,False,False
GROUP_04830,1,train,realwaste,Metal,False,False
GROUP_04831,1,train,ewaste,Electronic Component,False,False
GROUP_04832,1,train,realwaste,Metal,False,False
GROUP_04833,1,train,realwaste,Plastic,False,False
GROUP_04834,1,train,ewaste,Electronic Device,False,False
GROUP_04835,1,train,phenomsg,Recyclable Stream,False,False
GROUP_04836,1,test,realwaste,Textile,False,False
GROUP_04837,1,train,realwaste,Residual,False,False
GROUP_04838,1,val,realwaste,Cardboard,False,False
GROUP_04839,1,train,ewaste,Electronic Component,False,False
GROUP_04840,1,test,realwaste,Metal,False,False
GROUP_04841,1,train,trashnet,Paper,False,False
GROUP_04842,1,train,realwaste,Paper,False,False
GROUP_04843,1,train,trashnet,Glass,False,False
GROUP_04844,1,test,trashnet,Paper,False,False
GROUP_04845,1,train,phenomsg,Hazardous Waste,False,False
GROUP_04846,1,val,phenomsg,Hazardous Waste,False,False
GROUP_04847,1,train,ewaste,Electronic Device,False,False
GROUP_04848,1,train,ewaste,Electronic Device,False,False
GROUP_04849,1,train,ewaste,Electronic Component,False,False
GROUP_04850,1,val,ewaste,Electronic Device,False,False
GROUP_04851,1,val,realwaste,Metal,False,False
GROUP_04852,1,test,realwaste,Metal,False,False
GROUP_04853,1,train,ewaste,Electronic Device,False,False
GROUP_04854,1,train,phenomsg,Recyclable Stream,False,False
GROUP_04855,1,train,phenomsg,Recyclable Stream,False,False
GROUP_04856,1,train,realwaste,Plastic,False,False
GROUP_04857,1,train,trashnet,Paper,False,False
GROUP_04858,1,train,realwaste,Textile,False,False
GROUP_04859,1,train,ewaste,Electronic Device,False,False
GROUP_04860,1,train,realwaste,Plastic,False,False
GROUP_04861,1,train,phenomsg,Recyclable Stream,False,False
GROUP_04862,1,val,ewaste,Large Electronic Appliance,False,False
GROUP_04863,1,train,realwaste,Glass,False,False
GROUP_04864,1,train,trashnet,Plastic,False,False
GROUP_04865,1,train,realwaste,Residual,False,False
GROUP_04866,1,train,trashnet,Cardboard,False,False
GROUP_04867,1,val,realwaste,Vegetation,False,False
GROUP_04868,1,train,ewaste,Large Electronic Appliance,False,False
GROUP_04869,1,train,phenomsg,Hazardous Waste,False,False
GROUP_04870,1,val,realwaste,Food Organics,False,False
GROUP_04871,1,test,ewaste,Electronic Device,False,False
GROUP_04872,1,train,realwaste,Residual,False,False
GROUP_04873,1,val,trashnet,Metal,False,False
GROUP_04874,1,train,realwaste,Plastic,False,False
GROUP_04875,1,val,realwaste,Metal,False,False
GROUP_04876,1,train,trashnet,Cardboard,False,False
GROUP_04877,1,train,phenomsg,Recyclable Stream,False,False
GROUP_04878,1,test,realwaste,Glass,False,False
GROUP_04879,1,train,realwaste,Vegetation,False,False
GROUP_04880,1,train,realwaste,Food Organics,False,False
GROUP_04881,1,train,ewaste,Electronic Device,False,False
GROUP_04882,1,train,realwaste,Plastic,False,False
GROUP_04883,1,train,realwaste,Vegetation,False,False
GROUP_04884,1,test,trashnet,Cardboard,False,False
GROUP_04885,2,train,trashnet,Paper,False,True
GROUP_04886,1,val,phenomsg,Organic Stream,False,False
GROUP_04887,1,train,realwaste,Plastic,False,False
GROUP_04888,1,val,ewaste,Electronic Device,False,False
GROUP_04889,1,train,ewaste,Battery,False,False
GROUP_04890,1,train,trashnet,Plastic,False,False
GROUP_04891,1,test,realwaste,Plastic,False,False
GROUP_04892,1,train,ewaste,Electronic Device,False,False
GROUP_04893,1,test,ewaste,Electronic Component,False,False
GROUP_04894,1,train,trashnet,Plastic,False,False
GROUP_04895,1,train,ewaste,Large Electronic Appliance,False,False
GROUP_04896,1,val,ewaste,Electronic Device,False,False
GROUP_04897,1,val,realwaste,Metal,False,False
GROUP_04898,1,train,ewaste,Large Electronic Appliance,False,False
GROUP_04899,1,train,trashnet,Paper,False,False
GROUP_04900,1,test,trashnet,Metal,False,False
GROUP_04901,1,val,realwaste,Paper,False,False
GROUP_04902,1,train,realwaste,Metal,False,False
GROUP_04903,1,train,realwaste,Metal,False,False
GROUP_04904,1,test,realwaste,Paper,False,False
GROUP_04905,1,test,trashnet,Paper,False,False
GROUP_04906,1,train,trashnet,Cardboard,False,False
GROUP_04907,1,train,trashnet,Glass,False,False
GROUP_04908,1,train,ewaste,Large Electronic Appliance,False,False
GROUP_04909,1,train,ewaste,Large Electronic Appliance,False,False
GROUP_04910,1,train,phenomsg,Organic Stream,False,False
GROUP_04911,1,train,phenomsg,Recyclable Stream,False,False
GROUP_04912,1,train,phenomsg,Residual,False,False
GROUP_04913,1,train,realwaste,Metal,False,False
GROUP_04914,1,train,trashnet,Residual,False,False
GROUP_04915,1,train,trashnet,Paper,False,False
GROUP_04916,1,train,ewaste,Electronic Component,False,False
GROUP_04917,1,train,realwaste,Metal,False,False
GROUP_04918,1,train,realwaste,Paper,False,False
GROUP_04919,1,train,trashnet,Cardboard,False,False
GROUP_04920,1,train,ewaste,Battery,False,False
GROUP_04921,1,train,trashnet,Paper,False,False
GROUP_04922,1,train,trashnet,Plastic,False,False
GROUP_04923,1,train,realwaste,Vegetation,False,False
GROUP_04924,1,train,ewaste,Electronic Device,False,False
GROUP_04925,1,train,trashnet,Plastic,False,False
GROUP_04926,2,train,phenomsg,Hazardous Waste,True,True
GROUP_04927,1,test,ewaste,Electronic Device,False,False
GROUP_04928,1,train,realwaste,Metal,False,False
GROUP_04929,1,train,phenomsg,Hazardous Waste,False,False
GROUP_04930,1,train,realwaste,Plastic,False,False
GROUP_04931,1,train,ewaste,Electronic Component,False,False
GROUP_04932,1,train,ewaste,Electronic Component,False,False
GROUP_04933,1,train,phenomsg,Residual,False,False
GROUP_04934,1,train,realwaste,Metal,False,False
GROUP_04935,1,train,trashnet,Cardboard,False,False
GROUP_04936,1,train,trashnet,Paper,False,False
GROUP_04937,2,train,phenomsg,Hazardous Waste,True,True
GROUP_04938,1,val,realwaste,Cardboard,False,False
GROUP_04939,1,train,realwaste,Cardboard,False,False
GROUP_04940,1,train,realwaste,Glass,False,False
GROUP_04941,1,val,trashnet,Cardboard,False,False
GROUP_04942,1,val,phenomsg,Hazardous Waste,False,False
GROUP_04943,1,train,realwaste,Plastic,False,False
GROUP_04944,1,train,trashnet,Residual,False,False
GROUP_04945,2,train,ewaste,Electronic Device,True,True
GROUP_04946,1,train,ewaste,Electronic Device,False,False
GROUP_04947,2,train,phenomsg,Hazardous Waste,True,True
GROUP_04948,1,train,trashnet,Metal,False,False
GROUP_04949,1,train,realwaste,Plastic,False,False
GROUP_04950,1,test,trashnet,Cardboard,False,False
GROUP_04951,1,test,trashnet,Paper,False,False
GROUP_04952,1,train,realwaste,Plastic,False,False
GROUP_04953,1,train,trashnet,Glass,False,False
GROUP_04954,1,train,realwaste,Textile,False,False
GROUP_04955,1,train,ewaste,Electronic Device,False,False
GROUP_04956,1,train,ewaste,Large Electronic Appliance,False,False
GROUP_04957,1,train,trashnet,Glass,False,False
GROUP_04958,6,train,realwaste|trashnet,Food Organics|Metal|Plastic|Residual,False,True
GROUP_04959,1,val,ewaste,Large Electronic Appliance,False,False
GROUP_04960,1,train,realwaste,Food Organics,False,False
GROUP_04961,1,test,phenomsg,Organic Stream,False,False
GROUP_04962,1,test,trashnet,Paper,False,False
GROUP_04963,1,test,realwaste,Paper,False,False
GROUP_04964,1,train,ewaste,Electronic Device,False,False
GROUP_04965,1,test,ewaste,Electronic Device,False,False
GROUP_04966,1,train,ewaste,Electronic Device,False,False
GROUP_04967,1,test,realwaste,Paper,False,False
GROUP_04968,1,val,realwaste,Glass,False,False
GROUP_04969,1,train,trashnet,Glass,False,False
GROUP_04970,1,train,trashnet,Plastic,False,False
GROUP_04971,1,train,trashnet,Residual,False,False
GROUP_04972,1,train,realwaste,Plastic,False,False
GROUP_04973,1,train,trashnet,Paper,False,False
GROUP_04974,1,train,realwaste,Metal,False,False
GROUP_04975,2,train,phenomsg,Hazardous Waste,True,True
GROUP_04976,1,train,ewaste,Large Electronic Appliance,False,False
GROUP_04977,1,train,realwaste,Cardboard,False,False
GROUP_04978,1,train,trashnet,Paper,False,False
GROUP_04979,1,val,trashnet,Cardboard,False,False
GROUP_04980,1,train,ewaste,Electronic Device,False,False
GROUP_04981,1,train,realwaste,Plastic,False,False
GROUP_04982,1,train,trashnet,Plastic,False,False
GROUP_04983,1,train,trashnet,Glass,False,False
GROUP_04984,1,test,realwaste,Textile,False,False
GROUP_04985,1,val,phenomsg,Recyclable Stream,False,False
GROUP_04986,1,train,realwaste,Food Organics,False,False
GROUP_04987,1,train,ewaste,Large Electronic Appliance,False,False
GROUP_04988,1,train,phenomsg,Residual,False,False
GROUP_04989,1,train,trashnet,Glass,False,False
GROUP_04990,1,train,ewaste,Battery,False,False
GROUP_04991,1,val,phenomsg,Organic Stream,False,False
GROUP_04992,1,val,realwaste,Paper,False,False
GROUP_04993,1,test,phenomsg,Organic Stream,False,False
GROUP_04994,1,train,trashnet,Cardboard,False,False
GROUP_04995,1,val,trashnet,Paper,False,False
GROUP_04996,1,train,realwaste,Cardboard,False,False
GROUP_04997,1,val,realwaste,Plastic,False,False
GROUP_04998,1,train,trashnet,Glass,False,False
GROUP_04999,1,train,ewaste,Electronic Device,False,False
GROUP_05000,1,val,ewaste,Electronic Component,False,False
GROUP_05001,1,train,ewaste,Battery,False,False
GROUP_05002,1,train,ewaste,Large Electronic Appliance,False,False
GROUP_05003,1,train,realwaste,Food Organics,False,False
GROUP_05004,1,train,realwaste,Vegetation,False,False
GROUP_05005,2,train,phenomsg,Hazardous Waste,True,True
GROUP_05006,1,test,phenomsg,Organic Stream,False,False
GROUP_05007,1,train,phenomsg,Hazardous Waste,False,False
GROUP_05008,1,val,phenomsg,Residual,False,False
GROUP_05009,1,train,trashnet,Plastic,False,False
GROUP_05010,1,train,realwaste,Paper,False,False
GROUP_05011,1,train,realwaste,Residual,False,False
GROUP_05012,1,train,realwaste,Cardboard,False,False
GROUP_05013,1,train,realwaste,Plastic,False,False
GROUP_05014,1,train,realwaste,Plastic,False,False
GROUP_05015,1,train,phenomsg,Recyclable Stream,False,False
GROUP_05016,1,test,trashnet,Glass,False,False
GROUP_05017,1,train,realwaste,Plastic,False,False
GROUP_05018,1,train,realwaste,Plastic,False,False
GROUP_05019,1,train,realwaste,Paper,False,False
GROUP_05020,2,train,ewaste,Large Electronic Appliance,True,True
GROUP_05021,1,val,realwaste,Vegetation,False,False
GROUP_05022,1,train,trashnet,Glass,False,False
GROUP_05023,1,train,trashnet,Cardboard,False,False
GROUP_05024,1,train,phenomsg,Recyclable Stream,False,False
GROUP_05025,1,train,realwaste,Plastic,False,False
GROUP_05026,1,val,phenomsg,Recyclable Stream,False,False
GROUP_05027,1,test,phenomsg,Hazardous Waste,False,False
GROUP_05028,1,val,realwaste,Cardboard,False,False
GROUP_05029,1,val,realwaste,Cardboard,False,False
GROUP_05030,1,test,realwaste,Paper,False,False
GROUP_05031,1,train,realwaste,Plastic,False,False
GROUP_05032,1,test,realwaste,Textile,False,False
GROUP_05033,1,train,trashnet,Glass,False,False
GROUP_05034,1,val,realwaste,Vegetation,False,False
GROUP_05035,1,val,realwaste,Plastic,False,False
GROUP_05036,1,train,realwaste,Glass,False,False
GROUP_05037,1,train,realwaste,Metal,False,False
GROUP_05038,1,train,realwaste,Plastic,False,False
GROUP_05039,1,train,realwaste,Cardboard,False,False
GROUP_05040,1,test,realwaste,Plastic,False,False
GROUP_05041,1,train,trashnet,Plastic,False,False
GROUP_05042,1,train,ewaste,Large Electronic Appliance,False,False
GROUP_05043,1,train,phenomsg,Residual,False,False
GROUP_05044,1,train,trashnet,Paper,False,False
GROUP_05045,1,train,ewaste,Large Electronic Appliance,False,False
GROUP_05046,1,test,phenomsg,Recyclable Stream,False,False
GROUP_05047,1,train,ewaste,Battery,False,False
GROUP_05048,1,train,realwaste,Food Organics,False,False
GROUP_05049,1,test,realwaste,Paper,False,False
GROUP_05050,2,train,phenomsg,Hazardous Waste,True,True
GROUP_05051,1,train,realwaste,Textile,False,False
GROUP_05052,1,train,ewaste,Large Electronic Appliance,False,False
GROUP_05053,1,train,realwaste,Textile,False,False
GROUP_05054,1,train,phenomsg,Recyclable Stream,False,False
GROUP_05055,1,train,phenomsg,Organic Stream,False,False
GROUP_05056,1,train,realwaste,Plastic,False,False
GROUP_05057,1,train,phenomsg,Residual,False,False
GROUP_05058,1,train,phenomsg,Residual,False,False
GROUP_05059,1,train,realwaste,Food Organics,False,False
GROUP_05060,1,val,realwaste,Metal,False,False
GROUP_05061,1,train,realwaste,Metal,False,False
GROUP_05062,1,train,ewaste,Electronic Component,False,False
GROUP_05063,1,train,realwaste,Paper,False,False
GROUP_05064,1,train,realwaste,Plastic,False,False
GROUP_05065,1,val,phenomsg,Residual,False,False
GROUP_05066,2,train,phenomsg,Hazardous Waste,True,True
GROUP_05067,1,test,trashnet,Metal,False,False
GROUP_05068,1,val,phenomsg,Organic Stream,False,False
GROUP_05069,1,train,realwaste,Food Organics,False,False
GROUP_05070,1,train,realwaste,Paper,False,False
GROUP_05071,1,train,realwaste,Residual,False,False
GROUP_05072,1,val,realwaste,Cardboard,False,False
GROUP_05073,1,test,ewaste,Electronic Component,False,False
GROUP_05074,1,val,phenomsg,Residual,False,False
GROUP_05075,1,val,trashnet,Plastic,False,False
GROUP_05076,1,train,realwaste,Plastic,False,False
GROUP_05077,1,train,trashnet,Glass,False,False
GROUP_05078,1,val,trashnet,Cardboard,False,False
GROUP_05079,1,val,realwaste,Textile,False,False
GROUP_05080,1,train,realwaste,Metal,False,False
GROUP_05081,1,train,realwaste,Food Organics,False,False
GROUP_05082,1,train,ewaste,Large Electronic Appliance,False,False
GROUP_05083,1,train,realwaste,Residual,False,False
GROUP_05084,1,test,realwaste,Vegetation,False,False
GROUP_05085,1,train,realwaste,Plastic,False,False
GROUP_05086,1,train,realwaste,Plastic,False,False
GROUP_05087,1,test,realwaste,Food Organics,False,False
GROUP_05088,1,val,realwaste,Glass,False,False
GROUP_05089,1,train,phenomsg,Organic Stream,False,False
GROUP_05090,1,test,phenomsg,Organic Stream,False,False
GROUP_05091,1,train,ewaste,Battery,False,False
GROUP_05092,1,train,realwaste,Food Organics,False,False
GROUP_05093,1,train,realwaste,Paper,False,False
GROUP_05094,1,test,realwaste,Cardboard,False,False
GROUP_05095,1,val,realwaste,Residual,False,False
GROUP_05096,1,val,realwaste,Plastic,False,False
GROUP_05097,1,train,realwaste,Metal,False,False
GROUP_05098,1,train,ewaste,Electronic Device,False,False
GROUP_05099,1,val,ewaste,Large Electronic Appliance,False,False
GROUP_05100,1,val,trashnet,Glass,False,False
GROUP_05101,1,train,phenomsg,Recyclable Stream,False,False
GROUP_05102,1,train,ewaste,Large Electronic Appliance,False,False
GROUP_05103,1,test,realwaste,Residual,False,False
GROUP_05104,1,train,phenomsg,Recyclable Stream,False,False
GROUP_05105,1,train,realwaste,Cardboard,False,False
GROUP_05106,1,train,phenomsg,Organic Stream,False,False
GROUP_05107,1,train,ewaste,Large Electronic Appliance,False,False
GROUP_05108,1,train,ewaste,Large Electronic Appliance,False,False
GROUP_05109,1,train,phenomsg,Hazardous Waste,False,False
GROUP_05110,1,train,trashnet,Metal,False,False
GROUP_05111,1,test,realwaste,Textile,False,False
GROUP_05112,1,train,realwaste,Vegetation,False,False
GROUP_05113,1,test,realwaste,Vegetation,False,False
GROUP_05114,1,val,realwaste,Residual,False,False
GROUP_05115,1,test,realwaste,Cardboard,False,False
GROUP_05116,1,train,realwaste,Paper,False,False
GROUP_05117,1,train,realwaste,Plastic,False,False
GROUP_05118,1,train,phenomsg,Residual,False,False
GROUP_05119,1,test,realwaste,Paper,False,False
GROUP_05120,1,train,ewaste,Electronic Device,False,False
GROUP_05121,1,test,ewaste,Large Electronic Appliance,False,False
GROUP_05122,1,test,ewaste,Electronic Component,False,False
GROUP_05123,1,train,realwaste,Paper,False,False
GROUP_05124,1,train,phenomsg,Residual,False,False
GROUP_05125,1,test,realwaste,Paper,False,False
GROUP_05126,1,test,realwaste,Plastic,False,False
GROUP_05127,1,train,trashnet,Metal,False,False
GROUP_05128,1,train,ewaste,Electronic Component,False,False
GROUP_05129,1,train,trashnet,Residual,False,False
GROUP_05130,1,test,realwaste,Paper,False,False
GROUP_05131,1,train,ewaste,Electronic Device,False,False
GROUP_05132,1,train,realwaste,Textile,False,False
GROUP_05133,1,train,ewaste,Electronic Device,False,False
GROUP_05134,2,train,trashnet,Metal,False,True
GROUP_05135,1,train,realwaste,Paper,False,False
GROUP_05136,1,train,ewaste,Electronic Component,False,False
GROUP_05137,1,val,trashnet,Plastic,False,False
GROUP_05138,1,train,realwaste,Plastic,False,False
GROUP_05139,1,train,ewaste,Electronic Device,False,False
GROUP_05140,1,val,realwaste,Residual,False,False
GROUP_05141,1,test,realwaste,Paper,False,False
GROUP_05142,1,train,realwaste,Cardboard,False,False
GROUP_05143,1,train,ewaste,Electronic Device,False,False
GROUP_05144,1,train,ewaste,Large Electronic Appliance,False,False
GROUP_05145,1,train,phenomsg,Organic Stream,False,False
GROUP_05146,1,test,ewaste,Electronic Device,False,False
GROUP_05147,1,train,phenomsg,Organic Stream,False,False
GROUP_05148,1,train,realwaste,Residual,False,False
GROUP_05149,1,train,trashnet,Cardboard,False,False
GROUP_05150,1,train,phenomsg,Organic Stream,False,False
GROUP_05151,1,train,phenomsg,Hazardous Waste,False,False
GROUP_05152,1,train,phenomsg,Residual,False,False
GROUP_05153,2,train,phenomsg,Hazardous Waste,True,True
GROUP_05154,1,train,realwaste,Plastic,False,False
GROUP_05155,1,val,trashnet,Cardboard,False,False
GROUP_05156,1,train,ewaste,Electronic Component,False,False
GROUP_05157,1,train,realwaste,Cardboard,False,False
GROUP_05158,1,train,ewaste,Large Electronic Appliance,False,False
GROUP_05159,1,train,realwaste,Paper,False,False
GROUP_05160,1,val,ewaste,Large Electronic Appliance,False,False
GROUP_05161,1,train,realwaste,Plastic,False,False
GROUP_05162,1,train,realwaste,Metal,False,False
GROUP_05163,1,test,phenomsg,Hazardous Waste,False,False
GROUP_05164,2,train,phenomsg,Recyclable Stream,False,True
GROUP_05165,1,train,ewaste,Electronic Device,False,False
GROUP_05166,1,test,trashnet,Metal,False,False
GROUP_05167,1,train,ewaste,Large Electronic Appliance,False,False
GROUP_05168,1,train,phenomsg,Recyclable Stream,False,False
GROUP_05169,1,train,ewaste,Electronic Device,False,False
GROUP_05170,1,train,trashnet,Paper,False,False
GROUP_05171,1,train,ewaste,Large Electronic Appliance,False,False
GROUP_05172,1,train,realwaste,Paper,False,False
GROUP_05173,1,test,ewaste,Large Electronic Appliance,False,False
GROUP_05174,1,train,realwaste,Plastic,False,False
GROUP_05175,1,train,realwaste,Paper,False,False
GROUP_05176,1,train,phenomsg,Hazardous Waste,False,False
GROUP_05177,1,train,realwaste,Metal,False,False
GROUP_05178,1,train,realwaste,Vegetation,False,False
GROUP_05179,1,train,trashnet,Metal,False,False
GROUP_05180,1,val,realwaste,Cardboard,False,False
GROUP_05181,1,test,trashnet,Paper,False,False
GROUP_05182,1,val,realwaste,Residual,False,False
GROUP_05183,1,train,trashnet,Paper,False,False
GROUP_05184,1,train,phenomsg,Residual,False,False
GROUP_05185,1,test,trashnet,Plastic,False,False
GROUP_05186,1,val,phenomsg,Organic Stream,False,False
GROUP_05187,1,train,ewaste,Electronic Device,False,False
GROUP_05188,1,test,realwaste,Cardboard,False,False
GROUP_05189,1,val,phenomsg,Recyclable Stream,False,False
GROUP_05190,1,train,trashnet,Glass,False,False
GROUP_05191,1,train,ewaste,Large Electronic Appliance,False,False
GROUP_05192,1,train,ewaste,Battery,False,False
GROUP_05193,1,train,trashnet,Glass,False,False
GROUP_05194,1,train,realwaste,Metal,False,False
GROUP_05195,1,train,ewaste,Electronic Device,False,False
GROUP_05196,1,train,ewaste,Electronic Device,False,False
GROUP_05197,1,test,realwaste,Residual,False,False
GROUP_05198,1,train,realwaste,Plastic,False,False
GROUP_05199,1,train,realwaste,Textile,False,False
GROUP_05200,1,train,trashnet,Cardboard,False,False
GROUP_05201,1,val,phenomsg,Recyclable Stream,False,False
GROUP_05202,1,train,realwaste,Vegetation,False,False
GROUP_05203,1,val,trashnet,Glass,False,False
GROUP_05204,1,train,realwaste,Glass,False,False
GROUP_05205,1,val,trashnet,Cardboard,False,False
GROUP_05206,1,test,trashnet,Glass,False,False
GROUP_05207,1,train,phenomsg,Residual,False,False
GROUP_05208,1,train,ewaste,Electronic Device,False,False
GROUP_05209,1,test,ewaste,Electronic Device,False,False
GROUP_05210,1,train,ewaste,Electronic Device,False,False
GROUP_05211,1,val,realwaste,Glass,False,False
GROUP_05212,1,val,realwaste,Plastic,False,False
GROUP_05213,1,train,realwaste,Paper,False,False
GROUP_05214,1,val,trashnet,Metal,False,False
GROUP_05215,1,test,phenomsg,Organic Stream,False,False
GROUP_05216,1,train,realwaste,Food Organics,False,False
GROUP_05217,1,val,phenomsg,Residual,False,False
GROUP_05218,1,train,phenomsg,Recyclable Stream,False,False
GROUP_05219,1,train,realwaste,Textile,False,False
GROUP_05220,1,val,realwaste,Metal,False,False
GROUP_05221,2,train,realwaste,Plastic|Residual,False,True
GROUP_05222,1,train,realwaste,Metal,False,False
GROUP_05223,1,train,realwaste,Residual,False,False
GROUP_05224,1,test,phenomsg,Hazardous Waste,False,False
GROUP_05225,1,val,trashnet,Residual,False,False
GROUP_05226,1,val,realwaste,Cardboard,False,False
GROUP_05227,1,train,realwaste,Plastic,False,False
GROUP_05228,1,train,ewaste,Large Electronic Appliance,False,False
GROUP_05229,1,train,ewaste,Electronic Component,False,False
GROUP_05230,1,test,ewaste,Large Electronic Appliance,False,False
GROUP_05231,1,test,phenomsg,Hazardous Waste,False,False
GROUP_05232,1,train,trashnet,Metal,False,False
GROUP_05233,1,test,phenomsg,Residual,False,False
GROUP_05234,1,train,realwaste,Metal,False,False
GROUP_05235,1,train,realwaste,Paper,False,False
GROUP_05236,1,train,ewaste,Electronic Component,False,False
GROUP_05237,1,train,realwaste,Vegetation,False,False
GROUP_05238,1,test,realwaste,Glass,False,False
GROUP_05239,1,test,phenomsg,Residual,False,False
GROUP_05240,1,train,realwaste,Metal,False,False
GROUP_05241,1,test,realwaste,Vegetation,False,False
GROUP_05242,1,train,phenomsg,Recyclable Stream,False,False
GROUP_05243,1,val,realwaste,Cardboard,False,False
GROUP_05244,1,train,realwaste,Vegetation,False,False
GROUP_05245,1,train,phenomsg,Hazardous Waste,False,False
GROUP_05246,1,test,realwaste,Metal,False,False
GROUP_05247,1,train,ewaste,Electronic Device,False,False
GROUP_05248,1,train,realwaste,Cardboard,False,False
GROUP_05249,1,test,phenomsg,Recyclable Stream,False,False
GROUP_05250,2,train,phenomsg,Organic Stream,False,True
GROUP_05251,1,train,realwaste,Metal,False,False
GROUP_05252,1,train,realwaste,Vegetation,False,False
GROUP_05253,1,train,realwaste,Plastic,False,False
GROUP_05254,1,train,ewaste,Electronic Device,False,False
GROUP_05255,1,train,ewaste,Battery,False,False
GROUP_05256,1,val,realwaste,Food Organics,False,False
GROUP_05257,1,train,trashnet,Glass,False,False
GROUP_05258,1,train,realwaste,Vegetation,False,False
GROUP_05259,1,train,trashnet,Plastic,False,False
GROUP_05260,1,train,ewaste,Electronic Device,False,False
GROUP_05261,1,train,realwaste,Vegetation,False,False
GROUP_05262,1,train,phenomsg,Recyclable Stream,False,False
GROUP_05263,1,train,realwaste,Vegetation,False,False
GROUP_05264,2,train,realwaste,Cardboard|Residual,False,True
GROUP_05265,1,val,phenomsg,Residual,False,False
GROUP_05266,1,train,ewaste,Battery,False,False
GROUP_05267,1,train,ewaste,Electronic Device,False,False
GROUP_05268,1,test,realwaste,Textile,False,False
GROUP_05269,1,train,phenomsg,Residual,False,False
GROUP_05270,1,train,realwaste,Metal,False,False
GROUP_05271,1,val,realwaste,Metal,False,False
GROUP_05272,1,train,realwaste,Vegetation,False,False
GROUP_05273,1,train,realwaste,Metal,False,False
GROUP_05274,1,train,realwaste,Cardboard,False,False
GROUP_05275,2,train,ewaste,Large Electronic Appliance,False,True
GROUP_05276,1,train,realwaste,Food Organics,False,False
GROUP_05277,1,train,trashnet,Plastic,False,False
GROUP_05278,1,train,realwaste,Textile,False,False
GROUP_05279,1,val,ewaste,Electronic Component,False,False
GROUP_05280,1,train,ewaste,Large Electronic Appliance,False,False
GROUP_05281,2,train,phenomsg,Hazardous Waste,True,True
GROUP_05282,1,train,phenomsg,Residual,False,False
GROUP_05283,1,val,realwaste,Metal,False,False
GROUP_05284,1,train,realwaste,Metal,False,False
GROUP_05285,1,train,trashnet,Metal,False,False
GROUP_05286,1,val,phenomsg,Organic Stream,False,False
GROUP_05287,1,test,phenomsg,Recyclable Stream,False,False
GROUP_05288,1,train,realwaste,Plastic,False,False
GROUP_05289,1,train,ewaste,Battery,False,False
GROUP_05290,1,train,realwaste,Paper,False,False
GROUP_05291,1,train,phenomsg,Residual,False,False
GROUP_05292,1,val,realwaste,Vegetation,False,False
GROUP_05293,1,train,realwaste,Cardboard,False,False
GROUP_05294,1,train,trashnet,Metal,False,False
GROUP_05295,1,train,trashnet,Plastic,False,False
GROUP_05296,1,test,ewaste,Battery,False,False
GROUP_05297,1,val,ewaste,Large Electronic Appliance,False,False
GROUP_05298,1,train,realwaste,Plastic,False,False
GROUP_05299,1,train,trashnet,Plastic,False,False
GROUP_05300,1,train,ewaste,Large Electronic Appliance,False,False
GROUP_05301,1,train,phenomsg,Organic Stream,False,False
GROUP_05302,1,train,realwaste,Textile,False,False
GROUP_05303,1,train,realwaste,Metal,False,False
GROUP_05304,1,test,realwaste,Plastic,False,False
GROUP_05305,1,train,realwaste,Paper,False,False
GROUP_05306,1,train,phenomsg,Organic Stream,False,False
GROUP_05307,2,train,phenomsg,Hazardous Waste,True,True
GROUP_05308,1,train,realwaste,Glass,False,False
GROUP_05309,1,train,phenomsg,Recyclable Stream,False,False
GROUP_05310,1,train,realwaste,Metal,False,False
GROUP_05311,1,test,trashnet,Glass,False,False
GROUP_05312,1,train,trashnet,Glass,False,False
GROUP_05313,1,val,realwaste,Plastic,False,False
GROUP_05314,1,train,phenomsg,Residual,False,False
GROUP_05315,1,train,ewaste,Large Electronic Appliance,False,False
GROUP_05316,1,val,phenomsg,Residual,False,False
GROUP_05317,2,train,phenomsg,Hazardous Waste,True,True
GROUP_05318,1,train,realwaste,Metal,False,False
GROUP_05319,1,train,realwaste,Plastic,False,False
GROUP_05320,1,train,ewaste,Battery,False,False
GROUP_05321,1,train,phenomsg,Residual,False,False
GROUP_05322,1,val,ewaste,Large Electronic Appliance,False,False
GROUP_05323,1,train,realwaste,Paper,False,False
GROUP_05324,1,train,realwaste,Glass,False,False
GROUP_05325,1,train,realwaste,Textile,False,False
GROUP_05326,1,train,realwaste,Residual,False,False
GROUP_05327,1,train,trashnet,Metal,False,False
GROUP_05328,1,train,ewaste,Electronic Device,False,False
GROUP_05329,1,train,realwaste,Plastic,False,False
GROUP_05330,1,test,trashnet,Plastic,False,False
GROUP_05331,1,train,realwaste,Paper,False,False
GROUP_05332,2,train,ewaste,Electronic Component,False,True
GROUP_05333,1,train,trashnet,Paper,False,False
GROUP_05334,1,train,trashnet,Plastic,False,False
GROUP_05335,1,train,ewaste,Electronic Device,False,False
GROUP_05336,1,train,ewaste,Electronic Component,False,False
GROUP_05337,1,train,trashnet,Glass,False,False
GROUP_05338,1,train,phenomsg,Hazardous Waste,False,False
GROUP_05339,1,train,trashnet,Residual,False,False
GROUP_05340,1,train,trashnet,Plastic,False,False
GROUP_05341,1,test,phenomsg,Residual,False,False
GROUP_05342,1,train,realwaste,Vegetation,False,False
GROUP_05343,1,test,realwaste,Plastic,False,False
GROUP_05344,1,val,ewaste,Large Electronic Appliance,False,False
GROUP_05345,1,train,ewaste,Large Electronic Appliance,False,False
GROUP_05346,2,train,trashnet,Paper,False,True
GROUP_05347,1,train,realwaste,Textile,False,False
GROUP_05348,1,train,trashnet,Glass,False,False
GROUP_05349,1,test,realwaste,Metal,False,False
GROUP_05350,1,val,ewaste,Large Electronic Appliance,False,False
GROUP_05351,1,val,realwaste,Plastic,False,False
GROUP_05352,1,train,realwaste,Glass,False,False
GROUP_05353,1,train,trashnet,Glass,False,False
GROUP_05354,1,test,ewaste,Battery,False,False
GROUP_05355,1,test,phenomsg,Organic Stream,False,False
GROUP_05356,1,train,realwaste,Metal,False,False
GROUP_05357,1,train,realwaste,Plastic,False,False
GROUP_05358,2,train,phenomsg,Hazardous Waste,True,True
GROUP_05359,1,val,realwaste,Metal,False,False
GROUP_05360,1,test,ewaste,Electronic Device,False,False
GROUP_05361,1,train,ewaste,Electronic Device,False,False
GROUP_05362,1,test,phenomsg,Residual,False,False
GROUP_05363,1,train,ewaste,Electronic Device,False,False
GROUP_05364,1,test,realwaste,Residual,False,False
GROUP_05365,1,train,realwaste,Paper,False,False
GROUP_05366,1,train,realwaste,Metal,False,False
GROUP_05367,1,train,realwaste,Plastic,False,False
GROUP_05368,1,train,trashnet,Cardboard,False,False
GROUP_05369,1,train,realwaste,Residual,False,False
GROUP_05370,1,train,phenomsg,Residual,False,False
GROUP_05371,1,train,realwaste,Metal,False,False
GROUP_05372,1,test,trashnet,Metal,False,False
GROUP_05373,1,val,phenomsg,Residual,False,False
GROUP_05374,1,val,phenomsg,Recyclable Stream,False,False
GROUP_05375,1,train,realwaste,Plastic,False,False
GROUP_05376,2,train,ewaste,Electronic Component,False,True
GROUP_05377,1,test,ewaste,Large Electronic Appliance,False,False
GROUP_05378,1,train,realwaste,Metal,False,False
GROUP_05379,1,val,trashnet,Paper,False,False
GROUP_05380,1,train,realwaste,Glass,False,False
GROUP_05381,1,test,phenomsg,Organic Stream,False,False
GROUP_05382,1,train,ewaste,Large Electronic Appliance,False,False
GROUP_05383,1,train,phenomsg,Residual,False,False
GROUP_05384,1,train,ewaste,Large Electronic Appliance,False,False
GROUP_05385,1,train,ewaste,Electronic Component,False,False
GROUP_05386,1,val,trashnet,Paper,False,False
GROUP_05387,1,test,trashnet,Paper,False,False
GROUP_05388,1,train,phenomsg,Recyclable Stream,False,False
GROUP_05389,1,val,phenomsg,Recyclable Stream,False,False
GROUP_05390,1,train,trashnet,Metal,False,False
GROUP_05391,1,train,ewaste,Large Electronic Appliance,False,False
GROUP_05392,1,train,realwaste,Cardboard,False,False
GROUP_05393,1,test,trashnet,Glass,False,False
GROUP_05394,1,train,trashnet,Plastic,False,False
GROUP_05395,1,train,ewaste,Electronic Device,False,False
GROUP_05396,1,train,realwaste,Vegetation,False,False
GROUP_05397,2,train,realwaste,Metal|Plastic,False,True
GROUP_05398,1,test,realwaste,Cardboard,False,False
GROUP_05399,1,train,realwaste,Metal,False,False
GROUP_05400,1,train,ewaste,Battery,False,False
GROUP_05401,1,train,trashnet,Plastic,False,False
GROUP_05402,1,train,trashnet,Metal,False,False
GROUP_05403,1,test,ewaste,Electronic Device,False,False
GROUP_05404,2,train,phenomsg,Hazardous Waste,True,True
GROUP_05405,1,train,realwaste,Residual,False,False
GROUP_05406,1,train,trashnet,Paper,False,False
GROUP_05407,1,test,ewaste,Large Electronic Appliance,False,False
GROUP_05408,1,train,phenomsg,Hazardous Waste,False,False
GROUP_05409,1,train,realwaste,Textile,False,False
GROUP_05410,1,train,phenomsg,Hazardous Waste,False,False
GROUP_05411,1,train,phenomsg,Residual,False,False
GROUP_05412,1,train,trashnet,Residual,False,False
GROUP_05413,1,train,phenomsg,Recyclable Stream,False,False
GROUP_05414,3,train,ewaste,Electronic Device,True,True
GROUP_05415,1,train,phenomsg,Recyclable Stream,False,False
GROUP_05416,1,train,phenomsg,Hazardous Waste,False,False
GROUP_05417,1,train,realwaste,Vegetation,False,False
GROUP_05418,1,test,realwaste,Textile,False,False
GROUP_05419,1,train,phenomsg,Hazardous Waste,False,False
GROUP_05420,1,train,phenomsg,Organic Stream,False,False
GROUP_05421,1,train,realwaste,Cardboard,False,False
GROUP_05422,1,train,trashnet,Cardboard,False,False
GROUP_05423,1,val,realwaste,Residual,False,False
GROUP_05424,1,train,trashnet,Plastic,False,False
GROUP_05425,1,val,trashnet,Plastic,False,False
GROUP_05426,1,test,phenomsg,Hazardous Waste,False,False
GROUP_05427,1,train,trashnet,Paper,False,False
GROUP_05428,1,test,realwaste,Glass,False,False
GROUP_05429,1,val,realwaste,Metal,False,False
GROUP_05430,1,test,realwaste,Cardboard,False,False
GROUP_05431,1,train,phenomsg,Residual,False,False
GROUP_05432,1,train,realwaste,Paper,False,False
GROUP_05433,1,train,ewaste,Electronic Component,False,False
GROUP_05434,1,train,ewaste,Electronic Device,False,False
GROUP_05435,1,train,realwaste,Cardboard,False,False
GROUP_05436,1,test,phenomsg,Recyclable Stream,False,False
GROUP_05437,1,train,ewaste,Electronic Device,False,False
GROUP_05438,1,test,trashnet,Paper,False,False
GROUP_05439,1,train,realwaste,Paper,False,False
GROUP_05440,1,train,ewaste,Large Electronic Appliance,False,False
GROUP_05441,1,train,realwaste,Cardboard,False,False
GROUP_05442,1,test,phenomsg,Organic Stream,False,False
GROUP_05443,1,train,ewaste,Electronic Device,False,False
GROUP_05444,1,train,phenomsg,Residual,False,False
GROUP_05445,1,val,trashnet,Paper,False,False
GROUP_05446,1,val,realwaste,Food Organics,False,False
GROUP_05447,1,train,realwaste,Metal,False,False
GROUP_05448,1,val,realwaste,Plastic,False,False
GROUP_05449,1,train,phenomsg,Recyclable Stream,False,False
GROUP_05450,1,train,trashnet,Paper,False,False
GROUP_05451,1,train,phenomsg,Hazardous Waste,False,False
GROUP_05452,1,val,realwaste,Food Organics,False,False
GROUP_05453,1,test,realwaste,Plastic,False,False
GROUP_05454,1,train,trashnet,Cardboard,False,False
GROUP_05455,1,train,phenomsg,Recyclable Stream,False,False
GROUP_05456,1,val,trashnet,Glass,False,False
GROUP_05457,1,train,realwaste,Paper,False,False
GROUP_05458,1,train,ewaste,Battery,False,False
GROUP_05459,1,train,trashnet,Plastic,False,False
GROUP_05460,1,train,realwaste,Food Organics,False,False
GROUP_05461,1,train,realwaste,Cardboard,False,False
GROUP_05462,1,train,realwaste,Glass,False,False
GROUP_05463,1,train,realwaste,Food Organics,False,False
GROUP_05464,1,train,realwaste,Plastic,False,False
GROUP_05465,1,train,phenomsg,Hazardous Waste,False,False
GROUP_05466,1,train,ewaste,Electronic Device,False,False
GROUP_05467,1,train,phenomsg,Recyclable Stream,False,False
GROUP_05468,1,train,realwaste,Plastic,False,False
GROUP_05469,1,train,trashnet,Cardboard,False,False
GROUP_05470,1,train,ewaste,Large Electronic Appliance,False,False
GROUP_05471,1,test,ewaste,Electronic Device,False,False
GROUP_05472,1,train,realwaste,Metal,False,False
GROUP_05473,1,test,trashnet,Plastic,False,False
GROUP_05474,1,val,phenomsg,Residual,False,False
GROUP_05475,1,test,ewaste,Electronic Device,False,False
GROUP_05476,1,train,phenomsg,Hazardous Waste,False,False
GROUP_05477,1,train,ewaste,Electronic Device,False,False
GROUP_05478,1,train,ewaste,Electronic Device,False,False
GROUP_05479,1,train,ewaste,Large Electronic Appliance,False,False
GROUP_05480,1,val,trashnet,Paper,False,False
GROUP_05481,1,train,ewaste,Electronic Device,False,False
GROUP_05482,1,val,phenomsg,Recyclable Stream,False,False
GROUP_05483,1,val,realwaste,Paper,False,False
GROUP_05484,1,val,phenomsg,Organic Stream,False,False
GROUP_05485,1,train,realwaste,Metal,False,False
GROUP_05486,1,val,realwaste,Cardboard,False,False
GROUP_05487,1,train,realwaste,Residual,False,False
GROUP_05488,1,train,realwaste,Metal,False,False
GROUP_05489,1,train,trashnet,Plastic,False,False
GROUP_05490,1,train,realwaste,Vegetation,False,False
GROUP_05491,1,train,ewaste,Large Electronic Appliance,False,False
GROUP_05492,1,train,trashnet,Metal,False,False
GROUP_05493,1,train,trashnet,Plastic,False,False
GROUP_05494,1,train,ewaste,Large Electronic Appliance,False,False
GROUP_05495,1,test,trashnet,Metal,False,False
GROUP_05496,1,train,phenomsg,Residual,False,False
GROUP_05497,1,val,realwaste,Residual,False,False
GROUP_05498,1,train,phenomsg,Residual,False,False
GROUP_05499,1,test,realwaste,Vegetation,False,False
GROUP_05500,1,test,phenomsg,Recyclable Stream,False,False
GROUP_05501,2,train,ewaste,Electronic Device,False,True
GROUP_05502,1,train,ewaste,Electronic Device,False,False
GROUP_05503,1,val,realwaste,Plastic,False,False
GROUP_05504,1,test,realwaste,Glass,False,False
GROUP_05505,1,test,realwaste,Metal,False,False
GROUP_05506,1,test,trashnet,Metal,False,False
GROUP_05507,1,train,realwaste,Plastic,False,False
GROUP_05508,1,train,phenomsg,Recyclable Stream,False,False
GROUP_05509,1,test,ewaste,Large Electronic Appliance,False,False
GROUP_05510,1,train,realwaste,Residual,False,False
GROUP_05511,1,train,realwaste,Cardboard,False,False
GROUP_05512,2,train,ewaste,Electronic Component,True,True
GROUP_05513,1,val,ewaste,Electronic Device,False,False
GROUP_05514,1,train,phenomsg,Organic Stream,False,False
GROUP_05515,1,train,realwaste,Plastic,False,False
GROUP_05516,1,train,ewaste,Electronic Device,False,False
GROUP_05517,1,test,phenomsg,Residual,False,False
GROUP_05518,1,train,realwaste,Food Organics,False,False
GROUP_05519,2,train,phenomsg,Hazardous Waste,True,True
GROUP_05520,2,train,phenomsg,Hazardous Waste,True,True
GROUP_05521,1,train,realwaste,Glass,False,False
GROUP_05522,2,train,phenomsg,Hazardous Waste,True,True
GROUP_05523,1,train,phenomsg,Organic Stream,False,False
GROUP_05524,1,test,realwaste,Glass,False,False
GROUP_05525,1,train,realwaste,Glass,False,False
GROUP_05526,1,train,ewaste,Electronic Device,False,False
GROUP_05527,1,train,ewaste,Battery,False,False
GROUP_05528,1,train,trashnet,Glass,False,False
GROUP_05529,1,train,phenomsg,Hazardous Waste,False,False
GROUP_05530,1,val,ewaste,Large Electronic Appliance,False,False
GROUP_05531,1,train,realwaste,Residual,False,False
GROUP_05532,1,train,phenomsg,Recyclable Stream,False,False
GROUP_05533,1,val,phenomsg,Residual,False,False
GROUP_05534,1,train,trashnet,Glass,False,False
GROUP_05535,1,train,realwaste,Glass,False,False
GROUP_05536,1,train,phenomsg,Residual,False,False
GROUP_05537,1,val,realwaste,Paper,False,False
GROUP_05538,1,test,phenomsg,Hazardous Waste,False,False
GROUP_05539,1,val,realwaste,Glass,False,False
GROUP_05540,1,train,phenomsg,Organic Stream,False,False
GROUP_05541,1,train,trashnet,Glass,False,False
GROUP_05542,1,train,realwaste,Cardboard,False,False
GROUP_05543,1,train,ewaste,Electronic Device,False,False
GROUP_05544,1,val,phenomsg,Organic Stream,False,False
GROUP_05545,1,train,trashnet,Glass,False,False
GROUP_05546,1,val,ewaste,Large Electronic Appliance,False,False
GROUP_05547,1,test,ewaste,Large Electronic Appliance,False,False
GROUP_05548,2,train,phenomsg,Hazardous Waste,True,True
GROUP_05549,1,train,realwaste,Vegetation,False,False
GROUP_05550,1,test,ewaste,Electronic Device,False,False
GROUP_05551,2,train,phenomsg,Hazardous Waste,True,True
GROUP_05552,1,val,phenomsg,Organic Stream,False,False
GROUP_05553,1,val,trashnet,Paper,False,False
GROUP_05554,1,train,trashnet,Plastic,False,False
GROUP_05555,1,train,realwaste,Glass,False,False
GROUP_05556,1,train,realwaste,Plastic,False,False
GROUP_05557,1,test,trashnet,Cardboard,False,False
GROUP_05558,1,train,realwaste,Metal,False,False
GROUP_05559,1,train,realwaste,Cardboard,False,False
GROUP_05560,1,train,trashnet,Glass,False,False
GROUP_05561,1,test,trashnet,Metal,False,False
GROUP_05562,1,test,realwaste,Plastic,False,False
GROUP_05563,1,train,phenomsg,Organic Stream,False,False
GROUP_05564,1,val,ewaste,Electronic Device,False,False
GROUP_05565,1,train,realwaste,Plastic,False,False
GROUP_05566,1,test,trashnet,Paper,False,False
GROUP_05567,1,train,phenomsg,Recyclable Stream,False,False
GROUP_05568,1,train,ewaste,Large Electronic Appliance,False,False
GROUP_05569,1,test,realwaste,Plastic,False,False
GROUP_05570,1,val,realwaste,Textile,False,False
GROUP_05571,1,val,trashnet,Glass,False,False
GROUP_05572,1,train,trashnet,Paper,False,False
GROUP_05573,1,test,phenomsg,Residual,False,False
GROUP_05574,1,train,realwaste,Cardboard,False,False
GROUP_05575,1,test,realwaste,Food Organics,False,False
GROUP_05576,1,train,trashnet,Paper,False,False
GROUP_05577,1,val,realwaste,Plastic,False,False
GROUP_05578,1,train,realwaste,Cardboard,False,False
GROUP_05579,1,train,realwaste,Cardboard,False,False
GROUP_05580,1,val,realwaste,Residual,False,False
GROUP_05581,1,test,phenomsg,Recyclable Stream,False,False
GROUP_05582,1,train,ewaste,Electronic Device,False,False
GROUP_05583,2,train,phenomsg,Hazardous Waste,True,True
GROUP_05584,1,train,realwaste,Food Organics,False,False
GROUP_05585,1,test,phenomsg,Residual,False,False
GROUP_05586,1,train,ewaste,Electronic Component,False,False
GROUP_05587,1,train,ewaste,Electronic Component,False,False
GROUP_05588,1,train,realwaste,Vegetation,False,False
GROUP_05589,1,train,phenomsg,Organic Stream,False,False
GROUP_05590,1,val,realwaste,Glass,False,False
GROUP_05591,1,train,phenomsg,Residual,False,False
GROUP_05592,1,train,phenomsg,Recyclable Stream,False,False
GROUP_05593,1,train,realwaste,Plastic,False,False
GROUP_05594,1,train,ewaste,Large Electronic Appliance,False,False
GROUP_05595,1,train,realwaste,Cardboard,False,False
GROUP_05596,1,train,phenomsg,Organic Stream,False,False
GROUP_05597,1,train,ewaste,Electronic Device,False,False
GROUP_05598,1,val,realwaste,Food Organics,False,False
GROUP_05599,1,train,phenomsg,Organic Stream,False,False
GROUP_05600,1,test,trashnet,Plastic,False,False
GROUP_05601,1,test,realwaste,Vegetation,False,False
GROUP_05602,1,train,realwaste,Metal,False,False
GROUP_05603,1,train,trashnet,Residual,False,False
GROUP_05604,1,train,realwaste,Cardboard,False,False
GROUP_05605,1,train,phenomsg,Hazardous Waste,False,False
GROUP_05606,1,train,realwaste,Paper,False,False
GROUP_05607,1,test,phenomsg,Hazardous Waste,False,False
GROUP_05608,1,train,realwaste,Plastic,False,False
GROUP_05609,1,val,trashnet,Residual,False,False
GROUP_05610,1,val,phenomsg,Residual,False,False
GROUP_05611,1,test,trashnet,Metal,False,False
GROUP_05612,1,train,ewaste,Electronic Device,False,False
GROUP_05613,1,test,phenomsg,Hazardous Waste,False,False
GROUP_05614,1,train,phenomsg,Residual,False,False
GROUP_05615,1,val,phenomsg,Recyclable Stream,False,False
GROUP_05616,1,train,ewaste,Electronic Device,False,False
GROUP_05617,1,train,phenomsg,Recyclable Stream,False,False
GROUP_05618,1,test,realwaste,Food Organics,False,False
GROUP_05619,1,train,trashnet,Paper,False,False
GROUP_05620,1,train,phenomsg,Residual,False,False
GROUP_05621,1,train,trashnet,Metal,False,False
GROUP_05622,1,train,trashnet,Paper,False,False
GROUP_05623,1,val,ewaste,Large Electronic Appliance,False,False
GROUP_05624,1,train,phenomsg,Residual,False,False
GROUP_05625,1,train,realwaste,Metal,False,False
GROUP_05626,1,train,realwaste,Metal,False,False
GROUP_05627,1,train,realwaste,Cardboard,False,False
GROUP_05628,1,test,ewaste,Large Electronic Appliance,False,False
GROUP_05629,1,train,trashnet,Plastic,False,False
GROUP_05630,1,train,phenomsg,Organic Stream,False,False
GROUP_05631,1,train,trashnet,Paper,False,False
GROUP_05632,1,train,trashnet,Glass,False,False
GROUP_05633,1,val,ewaste,Large Electronic Appliance,False,False
GROUP_05634,1,train,realwaste,Metal,False,False
GROUP_05635,2,train,phenomsg,Hazardous Waste,True,True
GROUP_05636,1,test,realwaste,Food Organics,False,False
GROUP_05637,1,train,ewaste,Large Electronic Appliance,False,False
GROUP_05638,1,test,realwaste,Paper,False,False
GROUP_05639,1,train,realwaste,Vegetation,False,False
GROUP_05640,1,train,realwaste,Metal,False,False
GROUP_05641,1,train,trashnet,Cardboard,False,False
GROUP_05642,1,val,trashnet,Metal,False,False
GROUP_05643,1,val,ewaste,Large Electronic Appliance,False,False
GROUP_05644,1,test,ewaste,Electronic Device,False,False
GROUP_05645,1,train,realwaste,Cardboard,False,False
GROUP_05646,1,train,ewaste,Large Electronic Appliance,False,False
GROUP_05647,2,train,trashnet,Paper,False,True
GROUP_05648,1,train,trashnet,Paper,False,False
GROUP_05649,1,train,ewaste,Battery,False,False
GROUP_05650,1,train,phenomsg,Recyclable Stream,False,False
GROUP_05651,1,train,ewaste,Battery,False,False
GROUP_05652,1,train,ewaste,Electronic Component,False,False
GROUP_05653,1,train,realwaste,Food Organics,False,False
GROUP_05654,1,train,ewaste,Electronic Device,False,False
GROUP_05655,1,val,realwaste,Plastic,False,False
GROUP_05656,1,train,trashnet,Residual,False,False
GROUP_05657,1,train,phenomsg,Residual,False,False
GROUP_05658,1,train,trashnet,Glass,False,False
GROUP_05659,1,train,phenomsg,Recyclable Stream,False,False
GROUP_05660,1,train,realwaste,Plastic,False,False
GROUP_05661,1,val,realwaste,Metal,False,False
GROUP_05662,1,train,realwaste,Plastic,False,False
GROUP_05663,1,train,phenomsg,Organic Stream,False,False
GROUP_05664,2,train,phenomsg,Hazardous Waste,True,True
GROUP_05665,1,test,phenomsg,Organic Stream,False,False
GROUP_05666,1,train,realwaste,Paper,False,False
GROUP_05667,1,train,trashnet,Glass,False,False
GROUP_05668,1,train,ewaste,Electronic Component,False,False
GROUP_05669,1,train,ewaste,Electronic Device,False,False
GROUP_05670,1,train,realwaste,Cardboard,False,False
GROUP_05671,1,train,realwaste,Cardboard,False,False
GROUP_05672,1,train,ewaste,Battery,False,False
GROUP_05673,1,train,realwaste,Vegetation,False,False
GROUP_05674,1,test,trashnet,Metal,False,False
GROUP_05675,1,val,trashnet,Plastic,False,False
GROUP_05676,2,train,phenomsg,Hazardous Waste,True,True
GROUP_05677,1,train,phenomsg,Residual,False,False
GROUP_05678,1,test,realwaste,Food Organics,False,False
GROUP_05679,1,train,phenomsg,Organic Stream,False,False
GROUP_05680,1,train,realwaste,Residual,False,False
GROUP_05681,1,train,trashnet,Paper,False,False
GROUP_05682,1,train,trashnet,Plastic,False,False
GROUP_05683,1,train,trashnet,Glass,False,False
GROUP_05684,1,val,phenomsg,Recyclable Stream,False,False
GROUP_05685,1,train,ewaste,Large Electronic Appliance,False,False
GROUP_05686,1,train,phenomsg,Residual,False,False
GROUP_05687,1,test,phenomsg,Recyclable Stream,False,False
GROUP_05688,1,train,realwaste,Metal,False,False
GROUP_05689,1,train,ewaste,Electronic Device,False,False
GROUP_05690,1,test,ewaste,Electronic Device,False,False
GROUP_05691,1,test,trashnet,Cardboard,False,False
GROUP_05692,1,train,ewaste,Electronic Device,False,False
GROUP_05693,1,train,ewaste,Large Electronic Appliance,False,False
GROUP_05694,1,train,realwaste,Metal,False,False
GROUP_05695,1,train,realwaste,Paper,False,False
GROUP_05696,1,train,realwaste,Vegetation,False,False
GROUP_05697,1,train,realwaste,Residual,False,False
GROUP_05698,1,train,ewaste,Electronic Component,False,False
GROUP_05699,1,val,trashnet,Cardboard,False,False
GROUP_05700,1,test,realwaste,Glass,False,False
GROUP_05701,1,train,trashnet,Plastic,False,False
GROUP_05702,1,train,ewaste,Large Electronic Appliance,False,False
GROUP_05703,1,train,phenomsg,Hazardous Waste,False,False
GROUP_05704,1,train,phenomsg,Recyclable Stream,False,False
GROUP_05705,1,train,phenomsg,Organic Stream,False,False
GROUP_05706,1,val,trashnet,Metal,False,False
GROUP_05707,1,test,realwaste,Glass,False,False
GROUP_05708,2,train,realwaste,Plastic,False,True
GROUP_05709,1,val,ewaste,Electronic Device,False,False
GROUP_05710,1,train,trashnet,Paper,False,False
GROUP_05711,1,train,phenomsg,Recyclable Stream,False,False
GROUP_05712,1,train,realwaste,Metal,False,False
GROUP_05713,1,val,realwaste,Residual,False,False
GROUP_05714,1,test,trashnet,Paper,False,False
GROUP_05715,1,train,realwaste,Glass,False,False
GROUP_05716,1,train,realwaste,Plastic,False,False
GROUP_05717,1,val,ewaste,Large Electronic Appliance,False,False
GROUP_05718,1,train,phenomsg,Residual,False,False
GROUP_05719,1,train,trashnet,Cardboard,False,False
GROUP_05720,1,train,trashnet,Paper,False,False
GROUP_05721,1,train,phenomsg,Organic Stream,False,False
GROUP_05722,1,train,trashnet,Paper,False,False
GROUP_05723,1,val,phenomsg,Recyclable Stream,False,False
GROUP_05724,1,train,ewaste,Electronic Device,False,False
GROUP_05725,1,train,ewaste,Electronic Device,False,False
GROUP_05726,1,train,trashnet,Cardboard,False,False
GROUP_05727,1,val,ewaste,Large Electronic Appliance,False,False
GROUP_05728,1,train,realwaste,Metal,False,False
GROUP_05729,1,train,trashnet,Plastic,False,False
GROUP_05730,1,train,ewaste,Electronic Device,False,False
GROUP_05731,1,train,realwaste,Plastic,False,False
GROUP_05732,1,train,phenomsg,Residual,False,False
GROUP_05733,1,val,phenomsg,Organic Stream,False,False
GROUP_05734,1,train,phenomsg,Hazardous Waste,False,False
GROUP_05735,1,test,phenomsg,Residual,False,False
GROUP_05736,1,train,ewaste,Large Electronic Appliance,False,False
GROUP_05737,1,test,phenomsg,Recyclable Stream,False,False
GROUP_05738,1,train,ewaste,Electronic Device,False,False
GROUP_05739,1,val,realwaste,Cardboard,False,False
GROUP_05740,1,test,realwaste,Food Organics,False,False
GROUP_05741,1,val,realwaste,Residual,False,False
GROUP_05742,1,val,ewaste,Battery,False,False
GROUP_05743,1,train,realwaste,Plastic,False,False
GROUP_05744,1,train,phenomsg,Residual,False,False
GROUP_05745,1,test,realwaste,Food Organics,False,False
GROUP_05746,1,train,ewaste,Electronic Device,False,False
GROUP_05747,1,train,phenomsg,Residual,False,False
GROUP_05748,1,train,trashnet,Glass,False,False
GROUP_05749,1,train,phenomsg,Hazardous Waste,False,False
GROUP_05750,1,train,realwaste,Cardboard,False,False
GROUP_05751,1,train,realwaste,Paper,False,False
GROUP_05752,1,train,realwaste,Paper,False,False
GROUP_05753,1,train,ewaste,Large Electronic Appliance,False,False
GROUP_05754,1,test,realwaste,Glass,False,False
GROUP_05755,1,test,phenomsg,Residual,False,False
GROUP_05756,1,train,phenomsg,Organic Stream,False,False
GROUP_05757,1,train,realwaste,Vegetation,False,False
GROUP_05758,1,val,trashnet,Glass,False,False
GROUP_05759,1,test,realwaste,Paper,False,False
GROUP_05760,1,train,realwaste,Paper,False,False
GROUP_05761,1,train,phenomsg,Organic Stream,False,False
GROUP_05762,1,train,realwaste,Plastic,False,False
GROUP_05763,1,train,ewaste,Electronic Device,False,False
GROUP_05764,1,val,phenomsg,Organic Stream,False,False
GROUP_05765,1,test,realwaste,Metal,False,False
GROUP_05766,1,val,phenomsg,Hazardous Waste,False,False
GROUP_05767,1,test,ewaste,Large Electronic Appliance,False,False
GROUP_05768,1,train,realwaste,Residual,False,False
GROUP_05769,1,train,ewaste,Electronic Device,False,False
GROUP_05770,1,train,realwaste,Cardboard,False,False
GROUP_05771,1,val,realwaste,Glass,False,False
GROUP_05772,1,train,realwaste,Food Organics,False,False
GROUP_05773,1,train,trashnet,Paper,False,False
GROUP_05774,1,train,realwaste,Cardboard,False,False
GROUP_05775,1,train,realwaste,Food Organics,False,False
GROUP_05776,1,train,trashnet,Cardboard,False,False
GROUP_05777,1,train,trashnet,Residual,False,False
GROUP_05778,1,train,trashnet,Plastic,False,False
GROUP_05779,1,train,ewaste,Large Electronic Appliance,False,False
GROUP_05780,1,test,phenomsg,Hazardous Waste,False,False
GROUP_05781,1,test,trashnet,Cardboard,False,False
GROUP_05782,1,train,realwaste,Glass,False,False
GROUP_05783,1,train,ewaste,Large Electronic Appliance,False,False
GROUP_05784,1,train,realwaste,Cardboard,False,False
GROUP_05785,1,train,realwaste,Food Organics,False,False
GROUP_05786,1,train,trashnet,Metal,False,False
GROUP_05787,1,train,ewaste,Electronic Device,False,False
GROUP_05788,1,val,realwaste,Textile,False,False
GROUP_05789,2,train,phenomsg,Hazardous Waste,True,True
GROUP_05790,1,train,ewaste,Large Electronic Appliance,False,False
GROUP_05791,1,train,realwaste,Plastic,False,False
GROUP_05792,1,train,phenomsg,Hazardous Waste,False,False
GROUP_05793,1,val,realwaste,Plastic,False,False
GROUP_05794,1,train,trashnet,Paper,False,False
GROUP_05795,1,train,trashnet,Cardboard,False,False
GROUP_05796,1,train,realwaste,Plastic,False,False
GROUP_05797,1,train,realwaste,Plastic,False,False
GROUP_05798,1,test,trashnet,Paper,False,False
GROUP_05799,1,val,realwaste,Metal,False,False
GROUP_05800,1,train,realwaste,Cardboard,False,False
GROUP_05801,1,test,phenomsg,Recyclable Stream,False,False
GROUP_05802,1,train,ewaste,Large Electronic Appliance,False,False
GROUP_05803,1,test,phenomsg,Recyclable Stream,False,False
GROUP_05804,1,train,phenomsg,Residual,False,False
GROUP_05805,1,train,trashnet,Cardboard,False,False
GROUP_05806,2,train,phenomsg,Hazardous Waste,True,True
GROUP_05807,1,val,ewaste,Electronic Device,False,False
GROUP_05808,1,train,ewaste,Electronic Device,False,False
GROUP_05809,1,train,ewaste,Large Electronic Appliance,False,False
GROUP_05810,1,val,ewaste,Electronic Device,False,False
GROUP_05811,1,train,ewaste,Battery,False,False
GROUP_05812,1,val,phenomsg,Residual,False,False
GROUP_05813,1,train,phenomsg,Residual,False,False
GROUP_05814,1,train,realwaste,Plastic,False,False
GROUP_05815,1,test,trashnet,Paper,False,False
GROUP_05816,1,test,trashnet,Plastic,False,False
GROUP_05817,1,val,ewaste,Large Electronic Appliance,False,False
GROUP_05818,1,train,phenomsg,Hazardous Waste,False,False
GROUP_05819,1,train,phenomsg,Recyclable Stream,False,False
GROUP_05820,1,train,realwaste,Cardboard,False,False
GROUP_05821,1,test,realwaste,Cardboard,False,False
GROUP_05822,1,train,realwaste,Metal,False,False
GROUP_05823,1,train,realwaste,Paper,False,False
GROUP_05824,1,train,phenomsg,Residual,False,False
GROUP_05825,1,val,realwaste,Paper,False,False
GROUP_05826,1,train,realwaste,Residual,False,False
GROUP_05827,1,train,phenomsg,Organic Stream,False,False
GROUP_05828,1,val,ewaste,Electronic Device,False,False
GROUP_05829,1,train,realwaste,Cardboard,False,False
GROUP_05830,1,val,realwaste,Plastic,False,False
GROUP_05831,1,test,trashnet,Plastic,False,False
GROUP_05832,1,test,realwaste,Plastic,False,False
GROUP_05833,1,val,trashnet,Cardboard,False,False
GROUP_05834,1,test,trashnet,Plastic,False,False
GROUP_05835,1,val,realwaste,Textile,False,False
GROUP_05836,1,val,realwaste,Cardboard,False,False
GROUP_05837,1,train,ewaste,Large Electronic Appliance,False,False
GROUP_05838,1,train,realwaste,Paper,False,False
GROUP_05839,1,train,ewaste,Large Electronic Appliance,False,False
GROUP_05840,1,train,phenomsg,Recyclable Stream,False,False
GROUP_05841,1,train,trashnet,Cardboard,False,False
GROUP_05842,1,train,phenomsg,Recyclable Stream,False,False
GROUP_05843,1,test,realwaste,Residual,False,False
GROUP_05844,1,test,trashnet,Plastic,False,False
GROUP_05845,2,train,ewaste,Electronic Device,True,True
GROUP_05846,1,train,realwaste,Metal,False,False
GROUP_05847,2,train,ewaste,Electronic Component,True,True
GROUP_05848,2,train,ewaste|realwaste,Electronic Device|Food Organics,False,True
GROUP_05849,1,train,realwaste,Vegetation,False,False
GROUP_05850,1,train,ewaste,Electronic Device,False,False
GROUP_05851,1,train,trashnet,Paper,False,False
GROUP_05852,3,train,ewaste,Electronic Device,True,True
GROUP_05853,1,train,phenomsg,Residual,False,False
GROUP_05854,1,test,realwaste,Plastic,False,False
GROUP_05855,1,train,phenomsg,Hazardous Waste,False,False
GROUP_05856,1,train,realwaste,Plastic,False,False
GROUP_05857,1,test,ewaste,Electronic Device,False,False
GROUP_05858,1,train,ewaste,Electronic Device,False,False
GROUP_05859,1,train,realwaste,Vegetation,False,False
GROUP_05860,1,train,trashnet,Metal,False,False
GROUP_05861,1,test,realwaste,Plastic,False,False
GROUP_05862,1,train,ewaste,Large Electronic Appliance,False,False
GROUP_05863,1,val,ewaste,Large Electronic Appliance,False,False
GROUP_05864,1,val,ewaste,Large Electronic Appliance,False,False
GROUP_05865,1,train,trashnet,Paper,False,False
GROUP_05866,1,train,trashnet,Glass,False,False
GROUP_05867,1,train,trashnet,Paper,False,False
GROUP_05868,1,train,phenomsg,Residual,False,False
GROUP_05869,1,test,phenomsg,Recyclable Stream,False,False
GROUP_05870,1,val,trashnet,Glass,False,False
GROUP_05871,1,val,realwaste,Glass,False,False
GROUP_05872,1,train,ewaste,Electronic Device,False,False
GROUP_05873,1,train,realwaste,Vegetation,False,False
GROUP_05874,1,val,realwaste,Residual,False,False
GROUP_05875,1,train,ewaste,Electronic Device,False,False
GROUP_05876,1,train,realwaste,Plastic,False,False
GROUP_05877,1,train,phenomsg,Recyclable Stream,False,False
GROUP_05878,1,train,realwaste,Paper,False,False
GROUP_05879,1,val,trashnet,Paper,False,False
GROUP_05880,1,train,ewaste,Battery,False,False
GROUP_05881,1,train,ewaste,Electronic Device,False,False
GROUP_05882,1,train,trashnet,Glass,False,False
GROUP_05883,1,train,realwaste,Residual,False,False
GROUP_05884,1,test,phenomsg,Residual,False,False
GROUP_05885,1,train,phenomsg,Organic Stream,False,False
GROUP_05886,1,train,ewaste,Battery,False,False
GROUP_05887,1,test,realwaste,Metal,False,False
GROUP_05888,1,train,trashnet,Cardboard,False,False
GROUP_05889,1,train,trashnet,Paper,False,False
GROUP_05890,1,train,ewaste,Large Electronic Appliance,False,False
GROUP_05891,1,train,realwaste,Vegetation,False,False
GROUP_05892,1,val,ewaste,Electronic Device,False,False
GROUP_05893,1,train,ewaste,Electronic Device,False,False
GROUP_05894,1,test,realwaste,Paper,False,False
GROUP_05895,1,train,ewaste,Electronic Device,False,False
GROUP_05896,1,train,trashnet,Glass,False,False
GROUP_05897,1,val,realwaste,Cardboard,False,False
GROUP_05898,1,train,trashnet,Paper,False,False
GROUP_05899,1,train,realwaste,Textile,False,False
GROUP_05900,1,val,ewaste,Electronic Device,False,False
GROUP_05901,1,test,trashnet,Paper,False,False
GROUP_05902,1,train,realwaste,Metal,False,False
GROUP_05903,1,train,realwaste,Plastic,False,False
GROUP_05904,1,val,realwaste,Cardboard,False,False
GROUP_05905,1,train,phenomsg,Organic Stream,False,False
GROUP_05906,1,test,ewaste,Battery,False,False
GROUP_05907,1,val,realwaste,Residual,False,False
GROUP_05908,1,train,trashnet,Cardboard,False,False
GROUP_05909,1,train,trashnet,Metal,False,False
GROUP_05910,1,train,phenomsg,Residual,False,False
GROUP_05911,1,val,trashnet,Paper,False,False
GROUP_05912,1,train,ewaste,Electronic Device,False,False
GROUP_05913,1,val,ewaste,Electronic Device,False,False
GROUP_05914,1,train,phenomsg,Organic Stream,False,False
GROUP_05915,1,val,realwaste,Cardboard,False,False
GROUP_05916,1,test,phenomsg,Residual,False,False
GROUP_05917,1,val,realwaste,Food Organics,False,False
GROUP_05918,1,val,realwaste,Metal,False,False
GROUP_05919,1,train,realwaste,Residual,False,False
GROUP_05920,1,train,realwaste,Paper,False,False
GROUP_05921,1,train,realwaste,Plastic,False,False
GROUP_05922,1,train,ewaste,Large Electronic Appliance,False,False
GROUP_05923,1,train,realwaste,Plastic,False,False
GROUP_05924,1,val,phenomsg,Residual,False,False
GROUP_05925,1,val,ewaste,Electronic Device,False,False
GROUP_05926,1,train,trashnet,Plastic,False,False
GROUP_05927,1,train,phenomsg,Recyclable Stream,False,False
GROUP_05928,1,train,realwaste,Paper,False,False
GROUP_05929,1,train,ewaste,Electronic Component,False,False
GROUP_05930,1,train,realwaste,Metal,False,False
GROUP_05931,1,train,ewaste,Electronic Device,False,False
GROUP_05932,1,test,ewaste,Large Electronic Appliance,False,False
GROUP_05933,1,train,phenomsg,Residual,False,False
GROUP_05934,1,train,realwaste,Food Organics,False,False
GROUP_05935,1,train,trashnet,Metal,False,False
GROUP_05936,1,train,trashnet,Glass,False,False
GROUP_05937,1,test,phenomsg,Recyclable Stream,False,False
GROUP_05938,2,train,realwaste,Metal,False,True
GROUP_05939,1,train,realwaste,Cardboard,False,False
GROUP_05940,1,val,realwaste,Residual,False,False
GROUP_05941,1,train,realwaste,Residual,False,False
GROUP_05942,1,train,ewaste,Battery,False,False
GROUP_05943,1,train,realwaste,Residual,False,False
GROUP_05944,1,train,realwaste,Glass,False,False
GROUP_05945,1,train,phenomsg,Organic Stream,False,False
GROUP_05946,1,train,trashnet,Plastic,False,False
GROUP_05947,1,train,ewaste,Electronic Component,False,False
GROUP_05948,1,val,realwaste,Paper,False,False
GROUP_05949,1,train,phenomsg,Organic Stream,False,False
GROUP_05950,1,train,realwaste,Glass,False,False
GROUP_05951,1,train,realwaste,Paper,False,False
GROUP_05952,1,train,realwaste,Residual,False,False
GROUP_05953,1,train,phenomsg,Organic Stream,False,False
GROUP_05954,1,val,trashnet,Cardboard,False,False
GROUP_05955,1,test,trashnet,Cardboard,False,False
GROUP_05956,1,train,realwaste,Plastic,False,False
GROUP_05957,1,test,realwaste,Metal,False,False
GROUP_05958,1,train,realwaste,Paper,False,False
GROUP_05959,2,train,realwaste,Metal,False,True
GROUP_05960,1,train,trashnet,Metal,False,False
GROUP_05961,1,test,realwaste,Plastic,False,False
GROUP_05962,1,val,phenomsg,Recyclable Stream,False,False
GROUP_05963,1,train,trashnet,Glass,False,False
GROUP_05964,1,train,realwaste,Paper,False,False
GROUP_05965,1,test,trashnet,Residual,False,False
GROUP_05966,1,test,ewaste,Electronic Device,False,False
GROUP_05967,1,test,phenomsg,Organic Stream,False,False
GROUP_05968,1,train,trashnet,Glass,False,False
GROUP_05969,2,train,phenomsg,Hazardous Waste,False,True
GROUP_05970,1,train,realwaste,Metal,False,False
GROUP_05971,1,test,realwaste,Plastic,False,False
GROUP_05972,1,val,trashnet,Glass,False,False
GROUP_05973,1,val,trashnet,Paper,False,False
GROUP_05974,1,train,trashnet,Paper,False,False
GROUP_05975,1,train,ewaste,Large Electronic Appliance,False,False
GROUP_05976,1,train,realwaste,Vegetation,False,False
GROUP_05977,1,train,ewaste,Electronic Device,False,False
GROUP_05978,1,val,trashnet,Cardboard,False,False
GROUP_05979,1,train,trashnet,Paper,False,False
GROUP_05980,1,train,phenomsg,Hazardous Waste,False,False
GROUP_05981,1,train,realwaste,Metal,False,False
GROUP_05982,1,train,phenomsg,Organic Stream,False,False
GROUP_05983,1,train,realwaste,Paper,False,False
GROUP_05984,1,test,ewaste,Electronic Component,False,False
GROUP_05985,1,train,realwaste,Paper,False,False
GROUP_05986,1,train,realwaste,Metal,False,False
GROUP_05987,1,train,ewaste,Large Electronic Appliance,False,False
GROUP_05988,1,train,realwaste,Paper,False,False
GROUP_05989,3,train,realwaste,Food Organics|Glass|Metal,False,True
GROUP_05990,1,train,trashnet,Glass,False,False
GROUP_05991,1,test,trashnet,Plastic,False,False
GROUP_05992,1,test,ewaste,Electronic Device,False,False
GROUP_05993,2,train,phenomsg,Hazardous Waste,True,True
GROUP_05994,1,train,ewaste,Large Electronic Appliance,False,False
GROUP_05995,1,train,phenomsg,Recyclable Stream,False,False
GROUP_05996,1,train,realwaste,Plastic,False,False
GROUP_05997,1,val,trashnet,Metal,False,False
GROUP_05998,1,val,trashnet,Metal,False,False
GROUP_05999,1,test,realwaste,Plastic,False,False
GROUP_06000,1,test,ewaste,Large Electronic Appliance,False,False
GROUP_06001,1,val,realwaste,Food Organics,False,False
GROUP_06002,1,train,ewaste,Electronic Component,False,False
GROUP_06003,1,train,realwaste,Plastic,False,False
GROUP_06004,1,val,ewaste,Electronic Device,False,False
GROUP_06005,1,train,phenomsg,Organic Stream,False,False
GROUP_06006,1,test,ewaste,Electronic Device,False,False
GROUP_06007,1,train,realwaste,Plastic,False,False
GROUP_06008,1,train,realwaste,Plastic,False,False
GROUP_06009,1,train,ewaste,Electronic Device,False,False
GROUP_06010,1,val,phenomsg,Organic Stream,False,False
GROUP_06011,1,train,ewaste,Battery,False,False
GROUP_06012,1,train,realwaste,Food Organics,False,False
GROUP_06013,1,train,phenomsg,Organic Stream,False,False
GROUP_06014,1,test,ewaste,Electronic Device,False,False
GROUP_06015,1,val,realwaste,Metal,False,False
GROUP_06016,1,train,phenomsg,Recyclable Stream,False,False
GROUP_06017,1,train,realwaste,Plastic,False,False
GROUP_06018,1,train,ewaste,Large Electronic Appliance,False,False
GROUP_06019,1,test,phenomsg,Organic Stream,False,False
GROUP_06020,1,train,phenomsg,Recyclable Stream,False,False
GROUP_06021,1,train,trashnet,Glass,False,False
GROUP_06022,1,train,phenomsg,Organic Stream,False,False
GROUP_06023,1,train,phenomsg,Recyclable Stream,False,False
GROUP_06024,1,train,realwaste,Textile,False,False
GROUP_06025,1,train,phenomsg,Organic Stream,False,False
GROUP_06026,1,val,ewaste,Electronic Component,False,False
GROUP_06027,1,train,realwaste,Cardboard,False,False
GROUP_06028,1,val,ewaste,Large Electronic Appliance,False,False
GROUP_06029,1,train,realwaste,Vegetation,False,False
GROUP_06030,1,val,phenomsg,Recyclable Stream,False,False
GROUP_06031,1,train,realwaste,Food Organics,False,False
GROUP_06032,1,train,realwaste,Residual,False,False
GROUP_06033,1,train,trashnet,Cardboard,False,False
GROUP_06034,1,val,realwaste,Plastic,False,False
GROUP_06035,1,train,realwaste,Paper,False,False
GROUP_06036,1,val,phenomsg,Residual,False,False
GROUP_06037,1,train,realwaste,Plastic,False,False
GROUP_06038,1,train,realwaste,Plastic,False,False
GROUP_06039,1,train,ewaste,Large Electronic Appliance,False,False
GROUP_06040,1,train,realwaste,Plastic,False,False
GROUP_06041,1,train,realwaste,Metal,False,False
GROUP_06042,1,train,realwaste,Glass,False,False
GROUP_06043,1,train,trashnet,Plastic,False,False
GROUP_06044,1,train,realwaste,Paper,False,False
GROUP_06045,1,val,realwaste,Residual,False,False
GROUP_06046,1,val,realwaste,Vegetation,False,False
GROUP_06047,1,val,phenomsg,Organic Stream,False,False
GROUP_06048,1,test,ewaste,Electronic Device,False,False
GROUP_06049,1,val,phenomsg,Residual,False,False
GROUP_06050,1,train,realwaste,Cardboard,False,False
GROUP_06051,1,train,realwaste,Metal,False,False
GROUP_06052,1,train,realwaste,Residual,False,False
GROUP_06053,1,train,realwaste,Glass,False,False
GROUP_06054,1,train,trashnet,Paper,False,False
GROUP_06055,1,train,realwaste,Cardboard,False,False
GROUP_06056,1,val,realwaste,Plastic,False,False
GROUP_06057,1,test,realwaste,Vegetation,False,False
GROUP_06058,1,train,phenomsg,Hazardous Waste,False,False
GROUP_06059,1,train,ewaste,Electronic Device,False,False
GROUP_06060,1,train,realwaste,Textile,False,False
GROUP_06061,1,train,realwaste,Metal,False,False
GROUP_06062,1,train,ewaste,Electronic Device,False,False
GROUP_06063,1,val,realwaste,Paper,False,False
GROUP_06064,1,test,realwaste,Plastic,False,False
GROUP_06065,1,val,trashnet,Cardboard,False,False
GROUP_06066,1,test,trashnet,Plastic,False,False
GROUP_06067,1,train,trashnet,Cardboard,False,False
GROUP_06068,1,train,ewaste,Large Electronic Appliance,False,False
GROUP_06069,1,train,realwaste,Vegetation,False,False
GROUP_06070,1,train,realwaste,Textile,False,False
GROUP_06071,1,train,phenomsg,Organic Stream,False,False
GROUP_06072,1,train,phenomsg,Residual,False,False
GROUP_06073,1,val,realwaste,Vegetation,False,False
GROUP_06074,1,train,trashnet,Metal,False,False
GROUP_06075,1,train,realwaste,Metal,False,False
GROUP_06076,1,train,realwaste,Vegetation,False,False
GROUP_06077,2,train,phenomsg,Hazardous Waste,True,True
GROUP_06078,1,train,realwaste,Cardboard,False,False
GROUP_06079,1,train,phenomsg,Organic Stream,False,False
GROUP_06080,1,train,ewaste,Electronic Device,False,False
GROUP_06081,2,train,phenomsg,Hazardous Waste,True,True
GROUP_06082,1,val,phenomsg,Residual,False,False
GROUP_06083,1,train,realwaste,Plastic,False,False
GROUP_06084,1,train,realwaste,Textile,False,False
GROUP_06085,1,train,ewaste,Electronic Device,False,False
GROUP_06086,1,train,realwaste,Food Organics,False,False
GROUP_06087,1,train,phenomsg,Recyclable Stream,False,False
GROUP_06088,1,train,phenomsg,Organic Stream,False,False
GROUP_06089,1,train,realwaste,Textile,False,False
GROUP_06090,1,train,realwaste,Vegetation,False,False
GROUP_06091,1,train,ewaste,Electronic Device,False,False
GROUP_06092,1,train,realwaste,Plastic,False,False
GROUP_06093,1,train,realwaste,Vegetation,False,False
GROUP_06094,1,test,phenomsg,Hazardous Waste,False,False
GROUP_06095,1,train,ewaste,Electronic Component,False,False
GROUP_06096,1,train,realwaste,Glass,False,False
GROUP_06097,1,train,trashnet,Glass,False,False
GROUP_06098,1,test,realwaste,Metal,False,False
GROUP_06099,1,test,trashnet,Plastic,False,False
GROUP_06100,1,test,trashnet,Residual,False,False
GROUP_06101,1,train,trashnet,Plastic,False,False
GROUP_06102,1,val,ewaste,Electronic Device,False,False
GROUP_06103,1,train,realwaste,Plastic,False,False
GROUP_06104,1,train,trashnet,Glass,False,False
GROUP_06105,1,train,trashnet,Cardboard,False,False
GROUP_06106,1,train,realwaste,Metal,False,False
GROUP_06107,1,test,phenomsg,Organic Stream,False,False
GROUP_06108,1,train,realwaste,Paper,False,False
GROUP_06109,1,train,realwaste,Metal,False,False
GROUP_06110,1,train,trashnet,Plastic,False,False
GROUP_06111,1,train,trashnet,Cardboard,False,False
GROUP_06112,1,train,ewaste,Electronic Device,False,False
GROUP_06113,1,train,trashnet,Cardboard,False,False
GROUP_06114,1,test,ewaste,Large Electronic Appliance,False,False
GROUP_06115,1,train,realwaste,Paper,False,False
GROUP_06116,1,train,ewaste,Large Electronic Appliance,False,False
GROUP_06117,1,train,trashnet,Glass,False,False
GROUP_06118,1,train,ewaste,Battery,False,False
GROUP_06119,2,train,phenomsg,Hazardous Waste,True,True
GROUP_06120,1,val,realwaste,Food Organics,False,False
GROUP_06121,1,train,trashnet,Metal,False,False
GROUP_06122,1,test,realwaste,Metal,False,False
GROUP_06123,2,train,phenomsg,Hazardous Waste,True,True
GROUP_06124,1,train,ewaste,Electronic Device,False,False
GROUP_06125,1,test,realwaste,Plastic,False,False
GROUP_06126,1,train,phenomsg,Organic Stream,False,False
GROUP_06127,1,test,trashnet,Plastic,False,False
GROUP_06128,1,train,trashnet,Metal,False,False
GROUP_06129,1,train,ewaste,Electronic Device,False,False
GROUP_06130,1,train,ewaste,Large Electronic Appliance,False,False
GROUP_06131,1,train,realwaste,Glass,False,False
GROUP_06132,1,train,phenomsg,Recyclable Stream,False,False
GROUP_06133,1,val,phenomsg,Recyclable Stream,False,False
GROUP_06134,1,train,realwaste,Cardboard,False,False
GROUP_06135,1,test,phenomsg,Organic Stream,False,False
GROUP_06136,1,train,trashnet,Glass,False,False
GROUP_06137,1,train,ewaste,Large Electronic Appliance,False,False
GROUP_06138,1,train,realwaste,Paper,False,False
GROUP_06139,1,train,trashnet,Plastic,False,False
GROUP_06140,1,train,ewaste,Large Electronic Appliance,False,False
GROUP_06141,1,train,realwaste,Residual,False,False
GROUP_06142,1,test,phenomsg,Organic Stream,False,False
GROUP_06143,1,val,trashnet,Cardboard,False,False
GROUP_06144,1,train,phenomsg,Residual,False,False
GROUP_06145,1,val,phenomsg,Hazardous Waste,False,False
GROUP_06146,1,train,phenomsg,Recyclable Stream,False,False
GROUP_06147,1,test,realwaste,Food Organics,False,False
GROUP_06148,1,train,realwaste,Cardboard,False,False
GROUP_06149,1,train,realwaste,Residual,False,False
GROUP_06150,1,train,realwaste,Plastic,False,False
GROUP_06151,1,train,trashnet,Plastic,False,False
GROUP_06152,1,train,phenomsg,Hazardous Waste,False,False
GROUP_06153,1,train,realwaste,Plastic,False,False
GROUP_06154,1,train,ewaste,Electronic Device,False,False
GROUP_06155,1,test,trashnet,Glass,False,False
GROUP_06156,1,test,phenomsg,Organic Stream,False,False
GROUP_06157,1,train,trashnet,Plastic,False,False
GROUP_06158,1,test,phenomsg,Residual,False,False
GROUP_06159,1,train,trashnet,Plastic,False,False
GROUP_06160,1,val,realwaste,Metal,False,False
GROUP_06161,1,train,trashnet,Cardboard,False,False
GROUP_06162,1,train,realwaste,Metal,False,False
GROUP_06163,1,val,realwaste,Metal,False,False
GROUP_06164,1,train,realwaste,Residual,False,False
GROUP_06165,1,val,realwaste,Plastic,False,False
GROUP_06166,1,train,ewaste,Battery,False,False
GROUP_06167,1,train,trashnet,Cardboard,False,False
GROUP_06168,1,train,realwaste,Paper,False,False
GROUP_06169,1,train,ewaste,Large Electronic Appliance,False,False
GROUP_06170,1,val,ewaste,Electronic Device,False,False
GROUP_06171,1,val,phenomsg,Recyclable Stream,False,False
GROUP_06172,1,train,realwaste,Textile,False,False
GROUP_06173,1,test,phenomsg,Organic Stream,False,False
GROUP_06174,1,val,realwaste,Textile,False,False
GROUP_06175,1,train,trashnet,Metal,False,False
GROUP_06176,1,train,realwaste,Paper,False,False
GROUP_06177,1,train,ewaste,Electronic Device,False,False
GROUP_06178,1,train,realwaste,Food Organics,False,False
GROUP_06179,1,train,realwaste,Metal,False,False
GROUP_06180,1,train,phenomsg,Organic Stream,False,False
GROUP_06181,1,train,trashnet,Plastic,False,False
GROUP_06182,1,val,ewaste,Large Electronic Appliance,False,False
GROUP_06183,1,test,realwaste,Paper,False,False
GROUP_06184,1,train,phenomsg,Hazardous Waste,False,False
GROUP_06185,1,train,trashnet,Residual,False,False
GROUP_06186,1,train,realwaste,Vegetation,False,False
GROUP_06187,1,test,trashnet,Paper,False,False
GROUP_06188,1,train,phenomsg,Residual,False,False
GROUP_06189,1,train,realwaste,Vegetation,False,False
GROUP_06190,1,val,ewaste,Battery,False,False
GROUP_06191,1,train,ewaste,Large Electronic Appliance,False,False
GROUP_06192,1,train,realwaste,Food Organics,False,False
GROUP_06193,1,train,realwaste,Cardboard,False,False
GROUP_06194,1,train,trashnet,Paper,False,False
GROUP_06195,1,test,trashnet,Residual,False,False
GROUP_06196,1,train,realwaste,Glass,False,False
GROUP_06197,1,train,realwaste,Plastic,False,False
GROUP_06198,1,val,realwaste,Vegetation,False,False
GROUP_06199,1,val,realwaste,Metal,False,False
GROUP_06200,2,train,trashnet,Glass|Plastic,True,True
GROUP_06201,1,train,trashnet,Plastic,False,False
GROUP_06202,1,train,trashnet,Cardboard,False,False
GROUP_06203,1,train,realwaste,Textile,False,False
GROUP_06204,1,train,realwaste,Textile,False,False
GROUP_06205,1,train,ewaste,Large Electronic Appliance,False,False
GROUP_06206,1,test,trashnet,Cardboard,False,False
GROUP_06207,1,train,phenomsg,Organic Stream,False,False
GROUP_06208,1,train,trashnet,Glass,False,False
GROUP_06209,1,test,realwaste,Plastic,False,False
GROUP_06210,1,train,realwaste,Cardboard,False,False
GROUP_06211,1,train,phenomsg,Recyclable Stream,False,False
GROUP_06212,1,val,phenomsg,Recyclable Stream,False,False
GROUP_06213,1,train,ewaste,Electronic Device,False,False
GROUP_06214,1,train,phenomsg,Organic Stream,False,False
GROUP_06215,1,test,realwaste,Textile,False,False
GROUP_06216,1,train,trashnet,Plastic,False,False
GROUP_06217,1,train,phenomsg,Organic Stream,False,False
GROUP_06218,1,test,realwaste,Food Organics,False,False
GROUP_06219,1,train,ewaste,Electronic Device,False,False
GROUP_06220,1,train,phenomsg,Recyclable Stream,False,False
GROUP_06221,2,train,phenomsg,Hazardous Waste,True,True
GROUP_06222,2,train,realwaste,Residual,False,True
GROUP_06223,1,test,trashnet,Metal,False,False
GROUP_06224,1,train,trashnet,Paper,False,False
GROUP_06225,1,train,ewaste,Large Electronic Appliance,False,False
GROUP_06226,1,train,trashnet,Metal,False,False
GROUP_06227,1,test,ewaste,Electronic Device,False,False
GROUP_06228,1,train,realwaste,Metal,False,False
GROUP_06229,1,train,ewaste,Electronic Device,False,False
GROUP_06230,1,train,ewaste,Electronic Device,False,False
GROUP_06231,1,train,realwaste,Metal,False,False
GROUP_06232,1,train,realwaste,Residual,False,False
GROUP_06233,1,val,ewaste,Electronic Device,False,False
GROUP_06234,1,train,realwaste,Plastic,False,False
GROUP_06235,1,val,phenomsg,Residual,False,False
GROUP_06236,1,train,ewaste,Large Electronic Appliance,False,False
GROUP_06237,1,train,phenomsg,Recyclable Stream,False,False
GROUP_06238,1,train,realwaste,Textile,False,False
GROUP_06239,1,train,realwaste,Cardboard,False,False
GROUP_06240,1,train,realwaste,Residual,False,False
GROUP_06241,1,train,realwaste,Paper,False,False
GROUP_06242,1,val,phenomsg,Organic Stream,False,False
GROUP_06243,1,val,realwaste,Cardboard,False,False
GROUP_06244,1,val,realwaste,Metal,False,False
GROUP_06245,1,train,realwaste,Glass,False,False
GROUP_06246,1,val,phenomsg,Organic Stream,False,False
GROUP_06247,1,val,ewaste,Electronic Component,False,False
GROUP_06248,1,train,trashnet,Paper,False,False
GROUP_06249,1,train,realwaste,Food Organics,False,False
GROUP_06250,1,train,realwaste,Vegetation,False,False
GROUP_06251,1,test,realwaste,Vegetation,False,False
GROUP_06252,1,train,trashnet,Glass,False,False
GROUP_06253,1,train,realwaste,Textile,False,False
GROUP_06254,1,test,trashnet,Plastic,False,False
GROUP_06255,1,val,trashnet,Paper,False,False
GROUP_06256,1,train,phenomsg,Recyclable Stream,False,False
GROUP_06257,1,test,ewaste,Large Electronic Appliance,False,False
GROUP_06258,1,val,phenomsg,Organic Stream,False,False
GROUP_06259,1,train,realwaste,Textile,False,False
GROUP_06260,1,train,realwaste,Plastic,False,False
GROUP_06261,1,train,realwaste,Metal,False,False
GROUP_06262,1,train,ewaste,Electronic Component,False,False
GROUP_06263,1,train,realwaste,Paper,False,False
GROUP_06264,1,test,realwaste,Vegetation,False,False
GROUP_06265,1,train,phenomsg,Residual,False,False
GROUP_06266,1,train,trashnet,Paper,False,False
GROUP_06267,1,val,realwaste,Plastic,False,False
GROUP_06268,1,val,ewaste,Electronic Device,False,False
GROUP_06269,1,train,realwaste,Cardboard,False,False
GROUP_06270,1,train,phenomsg,Hazardous Waste,False,False
GROUP_06271,1,val,trashnet,Cardboard,False,False
GROUP_06272,1,train,realwaste,Plastic,False,False
GROUP_06273,1,train,realwaste,Glass,False,False
GROUP_06274,1,train,trashnet,Paper,False,False
GROUP_06275,1,test,ewaste,Large Electronic Appliance,False,False
GROUP_06276,1,test,phenomsg,Hazardous Waste,False,False
GROUP_06277,2,train,phenomsg,Hazardous Waste,True,True
GROUP_06278,1,train,trashnet,Residual,False,False
GROUP_06279,1,test,ewaste,Large Electronic Appliance,False,False
GROUP_06280,1,train,realwaste,Cardboard,False,False
GROUP_06281,1,val,realwaste,Plastic,False,False
GROUP_06282,1,train,trashnet,Metal,False,False
GROUP_06283,1,train,realwaste,Metal,False,False
GROUP_06284,1,test,ewaste,Battery,False,False
GROUP_06285,1,train,trashnet,Cardboard,False,False
GROUP_06286,1,train,realwaste,Food Organics,False,False
GROUP_06287,1,test,phenomsg,Organic Stream,False,False
GROUP_06288,1,train,phenomsg,Residual,False,False
GROUP_06289,1,val,ewaste,Electronic Device,False,False
GROUP_06290,1,train,realwaste,Metal,False,False
GROUP_06291,1,val,phenomsg,Organic Stream,False,False
GROUP_06292,1,train,phenomsg,Residual,False,False
GROUP_06293,1,train,ewaste,Electronic Device,False,False
GROUP_06294,1,train,realwaste,Textile,False,False
GROUP_06295,1,train,realwaste,Metal,False,False
GROUP_06296,1,test,realwaste,Metal,False,False
GROUP_06297,1,test,realwaste,Plastic,False,False
GROUP_06298,2,train,phenomsg,Hazardous Waste,True,True
GROUP_06299,1,test,realwaste,Paper,False,False
GROUP_06300,1,train,realwaste,Glass,False,False
GROUP_06301,1,train,realwaste,Textile,False,False
GROUP_06302,1,val,ewaste,Electronic Component,False,False
GROUP_06303,2,train,phenomsg,Organic Stream,True,True
GROUP_06304,1,train,phenomsg,Hazardous Waste,False,False
GROUP_06305,1,val,ewaste,Electronic Device,False,False
GROUP_06306,2,train,phenomsg,Recyclable Stream,False,True
GROUP_06307,1,val,ewaste,Electronic Component,False,False
GROUP_06308,1,test,phenomsg,Recyclable Stream,False,False
GROUP_06309,1,train,trashnet,Metal,False,False
GROUP_06310,1,train,phenomsg,Recyclable Stream,False,False
GROUP_06311,1,train,phenomsg,Residual,False,False
GROUP_06312,1,val,trashnet,Plastic,False,False
GROUP_06313,1,train,trashnet,Residual,False,False
GROUP_06314,1,val,phenomsg,Residual,False,False
GROUP_06315,1,test,trashnet,Glass,False,False
GROUP_06316,1,train,ewaste,Electronic Component,False,False
GROUP_06317,1,train,realwaste,Textile,False,False
GROUP_06318,1,train,trashnet,Glass,False,False
GROUP_06319,1,val,realwaste,Food Organics,False,False
GROUP_06320,1,train,phenomsg,Residual,False,False
GROUP_06321,1,train,realwaste,Residual,False,False
GROUP_06322,1,train,ewaste,Large Electronic Appliance,False,False
GROUP_06323,1,val,trashnet,Glass,False,False
GROUP_06324,1,val,phenomsg,Hazardous Waste,False,False
GROUP_06325,1,train,ewaste,Electronic Device,False,False
GROUP_06326,1,train,trashnet,Plastic,False,False
GROUP_06327,1,test,ewaste,Electronic Device,False,False
GROUP_06328,1,train,trashnet,Cardboard,False,False
GROUP_06329,1,train,trashnet,Metal,False,False
GROUP_06330,1,test,realwaste,Plastic,False,False
GROUP_06331,1,val,realwaste,Vegetation,False,False
GROUP_06332,1,train,realwaste,Plastic,False,False
GROUP_06333,1,train,ewaste,Battery,False,False
GROUP_06334,1,test,realwaste,Glass,False,False
GROUP_06335,1,test,ewaste,Battery,False,False
GROUP_06336,1,test,realwaste,Glass,False,False
GROUP_06337,1,val,ewaste,Electronic Device,False,False
GROUP_06338,1,val,phenomsg,Residual,False,False
GROUP_06339,1,train,realwaste,Textile,False,False
GROUP_06340,2,train,ewaste,Battery|Electronic Device,False,True
GROUP_06341,1,train,trashnet,Glass,False,False
GROUP_06342,1,val,realwaste,Plastic,False,False
GROUP_06343,1,train,realwaste,Metal,False,False
GROUP_06344,1,train,ewaste,Electronic Device,False,False
GROUP_06345,1,train,trashnet,Paper,False,False
GROUP_06346,1,val,phenomsg,Residual,False,False
GROUP_06347,1,train,realwaste,Residual,False,False
GROUP_06348,1,train,ewaste,Large Electronic Appliance,False,False
GROUP_06349,1,train,trashnet,Metal,False,False
GROUP_06350,1,train,realwaste,Plastic,False,False
GROUP_06351,1,train,trashnet,Paper,False,False
GROUP_06352,1,train,phenomsg,Organic Stream,False,False
GROUP_06353,1,train,trashnet,Glass,False,False
GROUP_06354,1,train,phenomsg,Residual,False,False
GROUP_06355,1,val,ewaste,Electronic Device,False,False
GROUP_06356,4,train,phenomsg,Hazardous Waste,True,True
GROUP_06357,1,train,ewaste,Electronic Device,False,False
GROUP_06358,1,train,ewaste,Electronic Device,False,False
GROUP_06359,1,test,phenomsg,Residual,False,False
GROUP_06360,1,val,phenomsg,Recyclable Stream,False,False
GROUP_06361,1,train,realwaste,Plastic,False,False
GROUP_06362,1,train,ewaste,Electronic Component,False,False
GROUP_06363,1,test,realwaste,Textile,False,False
GROUP_06364,1,train,realwaste,Cardboard,False,False
GROUP_06365,1,train,phenomsg,Hazardous Waste,False,False
GROUP_06366,1,train,phenomsg,Recyclable Stream,False,False
GROUP_06367,1,train,realwaste,Plastic,False,False
GROUP_06368,1,train,ewaste,Electronic Device,False,False
GROUP_06369,1,train,realwaste,Food Organics,False,False
GROUP_06370,1,train,realwaste,Plastic,False,False
GROUP_06371,1,train,realwaste,Metal,False,False
GROUP_06372,1,val,ewaste,Electronic Component,False,False
GROUP_06373,1,test,phenomsg,Organic Stream,False,False
GROUP_06374,1,train,trashnet,Plastic,False,False
GROUP_06375,1,test,phenomsg,Recyclable Stream,False,False
GROUP_06376,1,val,ewaste,Large Electronic Appliance,False,False
GROUP_06377,1,test,trashnet,Plastic,False,False
GROUP_06378,1,test,trashnet,Residual,False,False
GROUP_06379,1,train,phenomsg,Recyclable Stream,False,False
GROUP_06380,1,train,ewaste,Battery,False,False
GROUP_06381,1,val,phenomsg,Organic Stream,False,False
GROUP_06382,1,train,trashnet,Glass,False,False
GROUP_06383,1,train,realwaste,Cardboard,False,False
GROUP_06384,1,train,ewaste,Electronic Device,False,False
GROUP_06385,1,test,realwaste,Plastic,False,False
GROUP_06386,1,val,realwaste,Plastic,False,False
GROUP_06387,1,val,realwaste,Metal,False,False
GROUP_06388,2,train,trashnet,Paper,False,True
GROUP_06389,1,test,ewaste,Electronic Device,False,False
GROUP_06390,1,train,phenomsg,Recyclable Stream,False,False
GROUP_06391,1,val,ewaste,Electronic Device,False,False
GROUP_06392,1,train,realwaste,Paper,False,False
GROUP_06393,1,val,phenomsg,Recyclable Stream,False,False
GROUP_06394,1,test,realwaste,Residual,False,False
GROUP_06395,1,train,realwaste,Plastic,False,False
GROUP_06396,1,test,realwaste,Glass,False,False
GROUP_06397,1,val,realwaste,Plastic,False,False
GROUP_06398,1,train,trashnet,Paper,False,False
GROUP_06399,1,train,phenomsg,Organic Stream,False,False
GROUP_06400,1,train,ewaste,Large Electronic Appliance,False,False
GROUP_06401,1,train,realwaste,Residual,False,False
GROUP_06402,1,val,phenomsg,Hazardous Waste,False,False
GROUP_06403,1,train,realwaste,Paper,False,False
GROUP_06404,1,test,trashnet,Paper,False,False
GROUP_06405,1,test,ewaste,Electronic Device,False,False
GROUP_06406,1,train,ewaste,Electronic Device,False,False
GROUP_06407,1,val,phenomsg,Residual,False,False
GROUP_06408,1,val,phenomsg,Organic Stream,False,False
GROUP_06409,1,train,realwaste,Food Organics,False,False
GROUP_06410,1,train,realwaste,Paper,False,False
GROUP_06411,1,test,trashnet,Paper,False,False
GROUP_06412,1,train,trashnet,Metal,False,False
GROUP_06413,1,train,ewaste,Electronic Device,False,False
GROUP_06414,1,train,ewaste,Electronic Component,False,False
GROUP_06415,1,train,trashnet,Paper,False,False
GROUP_06416,1,train,realwaste,Metal,False,False
GROUP_06417,1,val,phenomsg,Residual,False,False
GROUP_06418,1,val,phenomsg,Recyclable Stream,False,False
GROUP_06419,1,train,phenomsg,Residual,False,False
GROUP_06420,1,train,realwaste,Paper,False,False
GROUP_06421,1,train,realwaste,Glass,False,False
GROUP_06422,1,test,phenomsg,Organic Stream,False,False
GROUP_06423,1,train,trashnet,Glass,False,False
GROUP_06424,1,train,trashnet,Paper,False,False
GROUP_06425,1,val,phenomsg,Organic Stream,False,False
GROUP_06426,1,val,realwaste,Paper,False,False
GROUP_06427,1,test,trashnet,Paper,False,False
GROUP_06428,1,train,realwaste,Cardboard,False,False
GROUP_06429,1,train,trashnet,Glass,False,False
GROUP_06430,1,test,ewaste,Electronic Device,False,False
GROUP_06431,1,test,trashnet,Paper,False,False
GROUP_06432,1,train,ewaste,Electronic Device,False,False
GROUP_06433,1,val,ewaste,Electronic Component,False,False
GROUP_06434,1,train,realwaste,Paper,False,False
GROUP_06435,1,train,ewaste,Electronic Device,False,False
GROUP_06436,1,train,realwaste,Food Organics,False,False
GROUP_06437,1,test,trashnet,Metal,False,False
GROUP_06438,1,train,ewaste,Electronic Device,False,False
GROUP_06439,1,train,realwaste,Cardboard,False,False
GROUP_06440,1,test,trashnet,Plastic,False,False
GROUP_06441,1,test,ewaste,Large Electronic Appliance,False,False
GROUP_06442,1,val,ewaste,Battery,False,False
GROUP_06443,1,test,realwaste,Metal,False,False
GROUP_06444,1,train,realwaste,Plastic,False,False
GROUP_06445,1,train,ewaste,Battery,False,False
GROUP_06446,1,train,ewaste,Large Electronic Appliance,False,False
GROUP_06447,1,val,realwaste,Metal,False,False
GROUP_06448,1,train,ewaste,Electronic Device,False,False
GROUP_06449,1,train,realwaste,Metal,False,False
GROUP_06450,1,train,realwaste,Plastic,False,False
GROUP_06451,1,val,ewaste,Battery,False,False
GROUP_06452,1,train,trashnet,Paper,False,False
GROUP_06453,1,train,realwaste,Plastic,False,False
GROUP_06454,1,train,ewaste,Battery,False,False
GROUP_06455,1,train,ewaste,Electronic Device,False,False
GROUP_06456,2,train,phenomsg|realwaste,Hazardous Waste|Plastic,False,True
GROUP_06457,2,train,phenomsg,Hazardous Waste,True,True
GROUP_06458,1,train,trashnet,Paper,False,False
GROUP_06459,1,test,realwaste,Paper,False,False
GROUP_06460,1,train,phenomsg,Recyclable Stream,False,False
GROUP_06461,1,train,realwaste,Food Organics,False,False
GROUP_06462,1,val,realwaste,Metal,False,False
GROUP_06463,1,val,phenomsg,Residual,False,False
GROUP_06464,1,val,realwaste,Paper,False,False
GROUP_06465,1,train,realwaste,Paper,False,False
GROUP_06466,1,train,realwaste,Textile,False,False
GROUP_06467,1,train,trashnet,Plastic,False,False
GROUP_06468,1,val,phenomsg,Hazardous Waste,False,False
GROUP_06469,1,test,phenomsg,Recyclable Stream,False,False
GROUP_06470,1,val,realwaste,Paper,False,False
GROUP_06471,1,val,ewaste,Electronic Component,False,False
GROUP_06472,1,train,realwaste,Textile,False,False
GROUP_06473,1,train,trashnet,Paper,False,False
GROUP_06474,1,test,ewaste,Electronic Device,False,False
GROUP_06475,1,train,ewaste,Electronic Device,False,False
GROUP_06476,1,train,trashnet,Glass,False,False
GROUP_06477,1,train,trashnet,Plastic,False,False
GROUP_06478,1,train,phenomsg,Organic Stream,False,False
GROUP_06479,1,val,trashnet,Glass,False,False
GROUP_06480,1,test,phenomsg,Organic Stream,False,False
GROUP_06481,1,train,realwaste,Food Organics,False,False
GROUP_06482,1,train,realwaste,Plastic,False,False
GROUP_06483,1,test,realwaste,Vegetation,False,False
GROUP_06484,1,test,trashnet,Glass,False,False
GROUP_06485,1,train,trashnet,Plastic,False,False
GROUP_06486,1,val,phenomsg,Organic Stream,False,False
GROUP_06487,1,train,realwaste,Cardboard,False,False
GROUP_06488,1,val,realwaste,Residual,False,False
GROUP_06489,1,train,phenomsg,Recyclable Stream,False,False
GROUP_06490,1,train,realwaste,Residual,False,False
GROUP_06491,1,train,realwaste,Food Organics,False,False
GROUP_06492,1,train,realwaste,Plastic,False,False
GROUP_06493,1,val,trashnet,Glass,False,False
GROUP_06494,1,train,phenomsg,Organic Stream,False,False
GROUP_06495,1,train,realwaste,Vegetation,False,False
GROUP_06496,1,test,trashnet,Glass,False,False
GROUP_06497,1,train,trashnet,Metal,False,False
GROUP_06498,1,val,ewaste,Electronic Component,False,False
GROUP_06499,1,test,realwaste,Metal,False,False
GROUP_06500,1,train,realwaste,Cardboard,False,False
GROUP_06501,1,train,ewaste,Large Electronic Appliance,False,False
GROUP_06502,2,train,phenomsg,Residual,False,True
GROUP_06503,1,test,realwaste,Vegetation,False,False
GROUP_06504,1,train,ewaste,Battery,False,False
GROUP_06505,1,train,ewaste,Electronic Device,False,False
GROUP_06506,1,train,trashnet,Plastic,False,False
GROUP_06507,1,train,phenomsg,Organic Stream,False,False
GROUP_06508,1,train,realwaste,Food Organics,False,False
GROUP_06509,1,train,phenomsg,Organic Stream,False,False
GROUP_06510,1,train,trashnet,Paper,False,False
GROUP_06511,1,val,realwaste,Metal,False,False
GROUP_06512,1,test,phenomsg,Organic Stream,False,False
GROUP_06513,1,train,ewaste,Large Electronic Appliance,False,False
GROUP_06514,2,train,ewaste,Electronic Component,True,True
GROUP_06515,1,train,trashnet,Metal,False,False
GROUP_06516,1,train,realwaste,Glass,False,False
GROUP_06517,1,val,realwaste,Vegetation,False,False
GROUP_06518,1,train,realwaste,Plastic,False,False
GROUP_06519,1,train,ewaste,Electronic Device,False,False
GROUP_06520,1,val,realwaste,Paper,False,False
GROUP_06521,1,val,realwaste,Food Organics,False,False
GROUP_06522,1,train,trashnet,Residual,False,False
GROUP_06523,1,train,ewaste,Electronic Device,False,False
GROUP_06524,1,train,realwaste,Food Organics,False,False
GROUP_06525,1,train,ewaste,Electronic Device,False,False
GROUP_06526,1,test,trashnet,Cardboard,False,False
GROUP_06527,1,test,ewaste,Electronic Device,False,False
GROUP_06528,1,train,realwaste,Textile,False,False
GROUP_06529,1,test,ewaste,Electronic Device,False,False
GROUP_06530,1,train,phenomsg,Residual,False,False
GROUP_06531,1,train,trashnet,Paper,False,False
GROUP_06532,1,train,realwaste,Residual,False,False
GROUP_06533,1,train,ewaste,Electronic Device,False,False
GROUP_06534,1,train,trashnet,Residual,False,False
GROUP_06535,1,train,ewaste,Electronic Device,False,False
GROUP_06536,1,train,ewaste,Battery,False,False
GROUP_06537,1,val,realwaste,Glass,False,False
GROUP_06538,1,test,ewaste,Large Electronic Appliance,False,False
GROUP_06539,1,train,ewaste,Electronic Device,False,False
GROUP_06540,1,test,phenomsg,Recyclable Stream,False,False
GROUP_06541,1,train,trashnet,Plastic,False,False
GROUP_06542,1,test,realwaste,Plastic,False,False
GROUP_06543,1,train,ewaste,Electronic Component,False,False
GROUP_06544,1,train,ewaste,Electronic Component,False,False
GROUP_06545,1,val,ewaste,Electronic Device,False,False
GROUP_06546,1,test,realwaste,Cardboard,False,False
GROUP_06547,1,train,realwaste,Food Organics,False,False
GROUP_06548,1,test,trashnet,Glass,False,False
GROUP_06549,1,train,trashnet,Plastic,False,False
GROUP_06550,1,train,realwaste,Vegetation,False,False
GROUP_06551,2,train,trashnet,Metal,False,True
GROUP_06552,1,train,realwaste,Plastic,False,False
GROUP_06553,1,test,phenomsg,Recyclable Stream,False,False
GROUP_06554,1,train,realwaste,Paper,False,False
GROUP_06555,1,test,realwaste,Vegetation,False,False
GROUP_06556,1,val,realwaste,Metal,False,False
GROUP_06557,1,train,ewaste,Large Electronic Appliance,False,False
GROUP_06558,1,val,realwaste,Cardboard,False,False
GROUP_06559,1,train,realwaste,Metal,False,False
GROUP_06560,1,val,realwaste,Food Organics,False,False
GROUP_06561,1,train,realwaste,Paper,False,False
GROUP_06562,1,train,ewaste,Large Electronic Appliance,False,False
GROUP_06563,1,train,ewaste,Electronic Component,False,False
GROUP_06564,1,train,realwaste,Glass,False,False
GROUP_06565,1,train,trashnet,Metal,False,False
GROUP_06566,1,train,ewaste,Large Electronic Appliance,False,False
GROUP_06567,1,train,realwaste,Paper,False,False
GROUP_06568,1,val,realwaste,Paper,False,False
GROUP_06569,1,train,realwaste,Paper,False,False
GROUP_06570,1,test,ewaste,Large Electronic Appliance,False,False
GROUP_06571,1,train,realwaste,Plastic,False,False
GROUP_06572,1,train,trashnet,Glass,False,False
GROUP_06573,1,train,ewaste,Electronic Device,False,False
GROUP_06574,1,test,realwaste,Plastic,False,False
GROUP_06575,1,train,realwaste,Plastic,False,False
GROUP_06576,1,train,ewaste,Electronic Device,False,False
GROUP_06577,1,train,phenomsg,Residual,False,False
GROUP_06578,1,train,realwaste,Plastic,False,False
GROUP_06579,2,train,phenomsg,Hazardous Waste,True,True
GROUP_06580,1,train,realwaste,Plastic,False,False
GROUP_06581,1,test,trashnet,Cardboard,False,False
GROUP_06582,1,train,phenomsg,Recyclable Stream,False,False
GROUP_06583,1,val,trashnet,Plastic,False,False
GROUP_06584,1,train,trashnet,Plastic,False,False
GROUP_06585,1,train,trashnet,Plastic,False,False
GROUP_06586,1,train,ewaste,Electronic Device,False,False
GROUP_06587,1,train,ewaste,Electronic Device,False,False
GROUP_06588,1,train,realwaste,Paper,False,False
GROUP_06589,2,train,phenomsg,Hazardous Waste,True,True
GROUP_06590,1,test,realwaste,Textile,False,False
GROUP_06591,1,train,phenomsg,Residual,False,False
GROUP_06592,1,train,trashnet,Plastic,False,False
GROUP_06593,1,train,realwaste,Metal,False,False
GROUP_06594,1,train,trashnet,Cardboard,False,False
GROUP_06595,1,train,ewaste,Electronic Device,False,False
GROUP_06596,1,train,trashnet,Metal,False,False
GROUP_06597,1,train,realwaste,Food Organics,False,False
GROUP_06598,1,train,trashnet,Metal,False,False
GROUP_06599,1,train,phenomsg,Residual,False,False
GROUP_06600,1,train,phenomsg,Recyclable Stream,False,False
GROUP_06601,1,train,realwaste,Metal,False,False
GROUP_06602,1,train,trashnet,Paper,False,False
GROUP_06603,1,train,ewaste,Battery,False,False
GROUP_06604,1,train,trashnet,Glass,False,False
GROUP_06605,1,train,phenomsg,Residual,False,False
GROUP_06606,1,train,realwaste,Cardboard,False,False
GROUP_06607,1,train,phenomsg,Organic Stream,False,False
GROUP_06608,1,train,phenomsg,Recyclable Stream,False,False
GROUP_06609,1,train,ewaste,Large Electronic Appliance,False,False
GROUP_06610,1,test,realwaste,Food Organics,False,False
GROUP_06611,1,train,realwaste,Cardboard,False,False
GROUP_06612,1,train,trashnet,Glass,False,False
GROUP_06613,1,train,realwaste,Paper,False,False
GROUP_06614,1,train,trashnet,Metal,False,False
GROUP_06615,1,train,realwaste,Glass,False,False
GROUP_06616,1,train,phenomsg,Residual,False,False
GROUP_06617,1,val,realwaste,Cardboard,False,False
GROUP_06618,1,val,phenomsg,Residual,False,False
GROUP_06619,1,train,trashnet,Glass,False,False
GROUP_06620,1,val,trashnet,Residual,False,False
GROUP_06621,1,train,ewaste,Electronic Device,False,False
GROUP_06622,1,train,realwaste,Metal,False,False
GROUP_06623,1,train,trashnet,Glass,False,False
GROUP_06624,1,train,phenomsg,Organic Stream,False,False
GROUP_06625,1,train,trashnet,Metal,False,False
GROUP_06626,1,test,realwaste,Paper,False,False
GROUP_06627,2,train,phenomsg,Hazardous Waste,True,True
GROUP_06628,1,train,ewaste,Large Electronic Appliance,False,False
GROUP_06629,1,train,ewaste,Electronic Device,False,False
GROUP_06630,1,train,phenomsg,Residual,False,False
GROUP_06631,1,train,phenomsg,Organic Stream,False,False
GROUP_06632,1,train,realwaste,Plastic,False,False
GROUP_06633,1,train,phenomsg,Hazardous Waste,False,False
GROUP_06634,1,train,ewaste,Electronic Device,False,False
GROUP_06635,1,train,phenomsg,Hazardous Waste,False,False
GROUP_06636,2,train,phenomsg,Residual,False,True
GROUP_06637,1,val,realwaste,Paper,False,False
GROUP_06638,1,val,realwaste,Food Organics,False,False
GROUP_06639,1,test,ewaste,Electronic Device,False,False
GROUP_06640,1,train,trashnet,Plastic,False,False
GROUP_06641,1,train,phenomsg,Residual,False,False
GROUP_06642,1,val,realwaste,Metal,False,False
GROUP_06643,1,train,realwaste,Paper,False,False
GROUP_06644,2,train,phenomsg,Hazardous Waste,True,True
GROUP_06645,1,test,realwaste,Plastic,False,False
GROUP_06646,1,train,ewaste,Electronic Device,False,False
GROUP_06647,1,train,trashnet,Plastic,False,False
GROUP_06648,1,test,realwaste,Metal,False,False
GROUP_06649,1,train,realwaste,Plastic,False,False
GROUP_06650,1,train,phenomsg,Organic Stream,False,False
GROUP_06651,1,train,realwaste,Plastic,False,False
GROUP_06652,1,train,realwaste,Paper,False,False
GROUP_06653,1,train,trashnet,Plastic,False,False
GROUP_06654,1,train,ewaste,Electronic Device,False,False
GROUP_06655,1,train,phenomsg,Recyclable Stream,False,False
GROUP_06656,1,val,realwaste,Textile,False,False
GROUP_06657,1,train,realwaste,Metal,False,False
GROUP_06658,1,train,phenomsg,Hazardous Waste,False,False
GROUP_06659,1,train,realwaste,Vegetation,False,False
GROUP_06660,1,val,ewaste,Large Electronic Appliance,False,False
GROUP_06661,1,val,realwaste,Food Organics,False,False
GROUP_06662,1,train,phenomsg,Hazardous Waste,False,False
GROUP_06663,1,train,realwaste,Paper,False,False
GROUP_06664,1,train,realwaste,Plastic,False,False
GROUP_06665,1,train,phenomsg,Residual,False,False
GROUP_06666,1,test,ewaste,Electronic Device,False,False
GROUP_06667,1,train,trashnet,Glass,False,False
GROUP_06668,1,train,trashnet,Metal,False,False
GROUP_06669,1,train,phenomsg,Organic Stream,False,False
GROUP_06670,1,train,realwaste,Food Organics,False,False
GROUP_06671,1,train,realwaste,Plastic,False,False
GROUP_06672,1,train,phenomsg,Hazardous Waste,False,False
GROUP_06673,1,train,phenomsg,Recyclable Stream,False,False
GROUP_06674,1,val,trashnet,Paper,False,False
GROUP_06675,1,train,trashnet,Plastic,False,False
GROUP_06676,1,train,trashnet,Residual,False,False
GROUP_06677,1,test,ewaste,Electronic Device,False,False
GROUP_06678,1,test,ewaste,Battery,False,False
GROUP_06679,1,train,ewaste,Electronic Device,False,False
GROUP_06680,1,test,ewaste,Battery,False,False
GROUP_06681,1,train,phenomsg,Recyclable Stream,False,False
GROUP_06682,1,train,trashnet,Glass,False,False
GROUP_06683,1,train,ewaste,Electronic Component,False,False
GROUP_06684,1,train,phenomsg,Residual,False,False
GROUP_06685,1,test,phenomsg,Organic Stream,False,False
GROUP_06686,1,train,trashnet,Cardboard,False,False
GROUP_06687,1,train,phenomsg,Recyclable Stream,False,False
GROUP_06688,1,train,ewaste,Electronic Device,False,False
GROUP_06689,1,train,phenomsg,Residual,False,False
GROUP_06690,1,train,realwaste,Textile,False,False
GROUP_06691,1,train,trashnet,Metal,False,False
GROUP_06692,1,test,phenomsg,Residual,False,False
GROUP_06693,1,train,phenomsg,Recyclable Stream,False,False
GROUP_06694,1,train,trashnet,Metal,False,False
GROUP_06695,1,train,realwaste,Plastic,False,False
GROUP_06696,1,train,trashnet,Cardboard,False,False
GROUP_06697,2,train,ewaste,Electronic Device,False,True
GROUP_06698,1,train,trashnet,Glass,False,False
GROUP_06699,1,train,realwaste,Cardboard,False,False
GROUP_06700,1,train,phenomsg,Organic Stream,False,False
GROUP_06701,1,train,trashnet,Glass,False,False
GROUP_06702,1,val,trashnet,Paper,False,False
GROUP_06703,1,val,realwaste,Plastic,False,False
GROUP_06704,1,train,trashnet,Cardboard,False,False
GROUP_06705,1,train,realwaste,Vegetation,False,False
GROUP_06706,1,train,trashnet,Glass,False,False
GROUP_06707,1,val,ewaste,Large Electronic Appliance,False,False
GROUP_06708,1,train,trashnet,Glass,False,False
GROUP_06709,1,train,ewaste,Large Electronic Appliance,False,False
GROUP_06710,1,train,trashnet,Glass,False,False
GROUP_06711,1,val,phenomsg,Residual,False,False
GROUP_06712,1,val,trashnet,Paper,False,False
GROUP_06713,2,train,phenomsg,Hazardous Waste,True,True
GROUP_06714,1,train,realwaste,Metal,False,False
GROUP_06715,1,train,phenomsg,Residual,False,False
GROUP_06716,1,train,phenomsg,Organic Stream,False,False
GROUP_06717,1,val,realwaste,Plastic,False,False
GROUP_06718,1,val,trashnet,Cardboard,False,False
GROUP_06719,1,train,trashnet,Metal,False,False
GROUP_06720,1,train,realwaste,Plastic,False,False
GROUP_06721,1,val,ewaste,Electronic Component,False,False
GROUP_06722,1,val,ewaste,Electronic Device,False,False
GROUP_06723,1,train,phenomsg,Hazardous Waste,False,False
GROUP_06724,1,val,ewaste,Large Electronic Appliance,False,False
GROUP_06725,1,test,phenomsg,Recyclable Stream,False,False
GROUP_06726,1,test,phenomsg,Organic Stream,False,False
GROUP_06727,1,train,ewaste,Electronic Component,False,False
GROUP_06728,1,train,trashnet,Plastic,False,False
GROUP_06729,1,train,ewaste,Large Electronic Appliance,False,False
GROUP_06730,1,train,realwaste,Textile,False,False
GROUP_06731,1,train,phenomsg,Organic Stream,False,False
GROUP_06732,1,train,realwaste,Plastic,False,False
GROUP_06733,1,train,ewaste,Battery,False,False
GROUP_06734,1,val,ewaste,Electronic Device,False,False
GROUP_06735,1,test,realwaste,Metal,False,False
GROUP_06736,1,train,realwaste,Plastic,False,False
GROUP_06737,1,train,realwaste,Plastic,False,False
GROUP_06738,1,train,realwaste,Plastic,False,False
GROUP_06739,1,test,ewaste,Battery,False,False
GROUP_06740,1,test,realwaste,Cardboard,False,False
GROUP_06741,1,train,realwaste,Plastic,False,False
GROUP_06742,1,test,trashnet,Residual,False,False
GROUP_06743,1,train,phenomsg,Hazardous Waste,False,False
GROUP_06744,1,train,trashnet,Metal,False,False
GROUP_06745,1,train,realwaste,Residual,False,False
GROUP_06746,1,train,ewaste,Electronic Device,False,False
GROUP_06747,1,train,realwaste,Plastic,False,False
GROUP_06748,1,train,phenomsg,Hazardous Waste,False,False
GROUP_06749,1,train,ewaste,Large Electronic Appliance,False,False
GROUP_06750,1,test,phenomsg,Residual,False,False
GROUP_06751,1,train,phenomsg,Organic Stream,False,False
GROUP_06752,1,test,realwaste,Food Organics,False,False
GROUP_06753,1,train,ewaste,Electronic Device,False,False
GROUP_06754,1,train,realwaste,Paper,False,False
GROUP_06755,1,train,phenomsg,Residual,False,False
GROUP_06756,1,val,ewaste,Electronic Component,False,False
GROUP_06757,1,train,phenomsg,Hazardous Waste,False,False
GROUP_06758,1,val,realwaste,Textile,False,False
GROUP_06759,1,train,trashnet,Glass,False,False
GROUP_06760,1,train,trashnet,Paper,False,False
GROUP_06761,1,test,trashnet,Cardboard,False,False
GROUP_06762,1,val,realwaste,Food Organics,False,False
GROUP_06763,1,train,realwaste,Food Organics,False,False
GROUP_06764,1,test,phenomsg,Organic Stream,False,False
GROUP_06765,1,train,ewaste,Large Electronic Appliance,False,False
GROUP_06766,1,test,ewaste,Large Electronic Appliance,False,False
GROUP_06767,1,train,ewaste,Electronic Component,False,False
GROUP_06768,1,train,ewaste,Battery,False,False
GROUP_06769,1,test,realwaste,Glass,False,False
GROUP_06770,1,val,realwaste,Plastic,False,False
GROUP_06771,1,train,realwaste,Metal,False,False
GROUP_06772,2,train,phenomsg,Hazardous Waste,True,True
GROUP_06773,1,train,phenomsg,Recyclable Stream,False,False
GROUP_06774,1,train,ewaste,Electronic Component,False,False
GROUP_06775,1,train,trashnet,Metal,False,False
GROUP_06776,1,val,phenomsg,Residual,False,False
GROUP_06777,1,train,realwaste,Food Organics,False,False
GROUP_06778,1,train,trashnet,Paper,False,False
GROUP_06779,1,val,trashnet,Glass,False,False
GROUP_06780,1,train,trashnet,Plastic,False,False
GROUP_06781,1,train,realwaste,Cardboard,False,False
GROUP_06782,1,val,realwaste,Paper,False,False
GROUP_06783,1,train,ewaste,Electronic Device,False,False
GROUP_06784,1,train,phenomsg,Hazardous Waste,False,False
GROUP_06785,1,train,realwaste,Glass,False,False
GROUP_06786,1,train,realwaste,Cardboard,False,False
GROUP_06787,1,train,ewaste,Electronic Device,False,False
GROUP_06788,1,train,trashnet,Cardboard,False,False
GROUP_06789,1,train,ewaste,Battery,False,False
GROUP_06790,1,train,trashnet,Metal,False,False
GROUP_06791,1,train,realwaste,Metal,False,False
GROUP_06792,1,train,ewaste,Electronic Device,False,False
GROUP_06793,1,train,realwaste,Plastic,False,False
GROUP_06794,1,train,ewaste,Large Electronic Appliance,False,False
GROUP_06795,1,train,ewaste,Electronic Device,False,False
GROUP_06796,1,train,ewaste,Electronic Device,False,False
GROUP_06797,1,train,trashnet,Plastic,False,False
GROUP_06798,1,test,trashnet,Paper,False,False
GROUP_06799,1,train,realwaste,Textile,False,False
GROUP_06800,1,train,phenomsg,Organic Stream,False,False
GROUP_06801,1,train,realwaste,Cardboard,False,False
GROUP_06802,1,train,realwaste,Glass,False,False
GROUP_06803,1,train,phenomsg,Recyclable Stream,False,False
GROUP_06804,1,val,trashnet,Metal,False,False
GROUP_06805,1,train,ewaste,Electronic Device,False,False
GROUP_06806,1,val,phenomsg,Residual,False,False
GROUP_06807,1,val,realwaste,Plastic,False,False
GROUP_06808,1,train,phenomsg,Organic Stream,False,False
GROUP_06809,1,test,ewaste,Large Electronic Appliance,False,False
GROUP_06810,1,train,ewaste,Electronic Device,False,False
GROUP_06811,1,train,realwaste,Residual,False,False
GROUP_06812,1,test,trashnet,Cardboard,False,False
GROUP_06813,1,train,phenomsg,Organic Stream,False,False
GROUP_06814,1,test,trashnet,Paper,False,False
GROUP_06815,1,val,phenomsg,Organic Stream,False,False
GROUP_06816,1,train,realwaste,Plastic,False,False
GROUP_06817,1,train,realwaste,Paper,False,False
GROUP_06818,1,train,ewaste,Electronic Device,False,False
GROUP_06819,1,train,trashnet,Glass,False,False
GROUP_06820,1,train,ewaste,Electronic Component,False,False
GROUP_06821,1,val,realwaste,Plastic,False,False
GROUP_06822,1,val,realwaste,Plastic,False,False
GROUP_06823,1,train,phenomsg,Organic Stream,False,False
GROUP_06824,1,val,realwaste,Vegetation,False,False
GROUP_06825,1,val,trashnet,Cardboard,False,False
GROUP_06826,1,train,phenomsg,Recyclable Stream,False,False
GROUP_06827,1,val,phenomsg,Recyclable Stream,False,False
GROUP_06828,1,val,phenomsg,Recyclable Stream,False,False
GROUP_06829,1,train,ewaste,Electronic Device,False,False
GROUP_06830,1,test,realwaste,Food Organics,False,False
GROUP_06831,1,train,ewaste,Large Electronic Appliance,False,False
GROUP_06832,1,train,trashnet,Cardboard,False,False
GROUP_06833,1,val,realwaste,Metal,False,False
GROUP_06834,1,test,realwaste,Textile,False,False
GROUP_06835,1,val,trashnet,Paper,False,False
GROUP_06836,1,train,realwaste,Vegetation,False,False
GROUP_06837,1,train,phenomsg,Recyclable Stream,False,False
GROUP_06838,1,train,realwaste,Plastic,False,False
GROUP_06839,1,train,realwaste,Vegetation,False,False
GROUP_06840,2,train,ewaste,Electronic Device,False,True
GROUP_06841,1,test,phenomsg,Organic Stream,False,False
GROUP_06842,1,train,trashnet,Plastic,False,False
GROUP_06843,1,train,realwaste,Vegetation,False,False
GROUP_06844,1,train,ewaste,Electronic Device,False,False
GROUP_06845,1,train,phenomsg,Residual,False,False
GROUP_06846,1,train,phenomsg,Residual,False,False
GROUP_06847,1,test,phenomsg,Hazardous Waste,False,False
GROUP_06848,1,val,phenomsg,Recyclable Stream,False,False
GROUP_06849,1,train,trashnet,Glass,False,False
GROUP_06850,1,train,trashnet,Metal,False,False
GROUP_06851,1,train,ewaste,Electronic Device,False,False
GROUP_06852,1,test,realwaste,Plastic,False,False
GROUP_06853,1,train,trashnet,Paper,False,False
GROUP_06854,1,train,ewaste,Electronic Device,False,False
GROUP_06855,1,train,ewaste,Large Electronic Appliance,False,False
GROUP_06856,1,train,trashnet,Metal,False,False
GROUP_06857,1,train,realwaste,Cardboard,False,False
GROUP_06858,1,val,phenomsg,Organic Stream,False,False
GROUP_06859,1,test,realwaste,Vegetation,False,False
GROUP_06860,1,train,realwaste,Residual,False,False
GROUP_06861,1,train,realwaste,Food Organics,False,False
GROUP_06862,1,val,ewaste,Electronic Device,False,False
GROUP_06863,1,val,realwaste,Food Organics,False,False
GROUP_06864,1,val,realwaste,Plastic,False,False
GROUP_06865,1,train,phenomsg,Hazardous Waste,False,False
GROUP_06866,1,train,realwaste,Glass,False,False
GROUP_06867,1,train,ewaste,Battery,False,False
GROUP_06868,1,test,trashnet,Cardboard,False,False
GROUP_06869,1,train,realwaste,Glass,False,False
GROUP_06870,1,train,ewaste,Large Electronic Appliance,False,False
GROUP_06871,1,train,trashnet,Glass,False,False
GROUP_06872,1,train,realwaste,Food Organics,False,False
GROUP_06873,2,train,phenomsg,Residual,False,True
GROUP_06874,1,train,trashnet,Cardboard,False,False
GROUP_06875,2,train,phenomsg,Hazardous Waste,True,True
GROUP_06876,1,train,ewaste,Electronic Device,False,False
GROUP_06877,1,train,realwaste,Metal,False,False
GROUP_06878,1,train,ewaste,Electronic Device,False,False
GROUP_06879,1,train,realwaste,Plastic,False,False
GROUP_06880,1,train,ewaste,Electronic Device,False,False
GROUP_06881,1,train,phenomsg,Hazardous Waste,False,False
GROUP_06882,1,train,phenomsg,Recyclable Stream,False,False
GROUP_06883,1,val,realwaste,Residual,False,False
GROUP_06884,1,train,phenomsg,Residual,False,False
GROUP_06885,1,train,ewaste,Electronic Device,False,False
GROUP_06886,1,test,phenomsg,Hazardous Waste,False,False
GROUP_06887,1,test,realwaste,Plastic,False,False
GROUP_06888,1,train,trashnet,Plastic,False,False
GROUP_06889,1,train,trashnet,Cardboard,False,False
GROUP_06890,1,train,realwaste,Plastic,False,False
GROUP_06891,1,val,phenomsg,Hazardous Waste,False,False
GROUP_06892,1,train,realwaste,Plastic,False,False
GROUP_06893,1,train,ewaste,Electronic Device,False,False
GROUP_06894,1,train,ewaste,Electronic Device,False,False
GROUP_06895,1,val,phenomsg,Hazardous Waste,False,False
GROUP_06896,1,test,realwaste,Glass,False,False
GROUP_06897,1,train,phenomsg,Residual,False,False
GROUP_06898,1,test,realwaste,Metal,False,False
GROUP_06899,1,train,ewaste,Electronic Device,False,False
GROUP_06900,1,train,phenomsg,Hazardous Waste,False,False
GROUP_06901,1,train,realwaste,Plastic,False,False
GROUP_06902,1,train,trashnet,Plastic,False,False
GROUP_06903,1,train,realwaste,Paper,False,False
GROUP_06904,1,val,realwaste,Paper,False,False
GROUP_06905,1,train,ewaste,Electronic Component,False,False
GROUP_06906,1,train,ewaste,Electronic Device,False,False
GROUP_06907,1,val,ewaste,Electronic Device,False,False
GROUP_06908,1,val,phenomsg,Residual,False,False
GROUP_06909,1,train,realwaste,Glass,False,False
GROUP_06910,1,train,ewaste,Electronic Device,False,False
GROUP_06911,1,train,ewaste,Electronic Device,False,False
GROUP_06912,1,val,trashnet,Glass,False,False
GROUP_06913,1,train,trashnet,Plastic,False,False
GROUP_06914,1,train,ewaste,Large Electronic Appliance,False,False
GROUP_06915,1,train,ewaste,Large Electronic Appliance,False,False
GROUP_06916,1,train,phenomsg,Organic Stream,False,False
GROUP_06917,1,test,trashnet,Cardboard,False,False
GROUP_06918,1,test,phenomsg,Organic Stream,False,False
GROUP_06919,1,train,ewaste,Large Electronic Appliance,False,False
GROUP_06920,1,val,ewaste,Battery,False,False
GROUP_06921,1,train,phenomsg,Recyclable Stream,False,False
GROUP_06922,2,train,trashnet,Cardboard,False,True
GROUP_06923,1,train,phenomsg,Recyclable Stream,False,False
GROUP_06924,1,test,phenomsg,Recyclable Stream,False,False
GROUP_06925,1,train,ewaste,Large Electronic Appliance,False,False
GROUP_06926,1,train,ewaste,Large Electronic Appliance,False,False
GROUP_06927,1,train,realwaste,Plastic,False,False
GROUP_06928,1,train,realwaste,Metal,False,False
GROUP_06929,1,train,realwaste,Textile,False,False
GROUP_06930,1,train,ewaste,Electronic Device,False,False
GROUP_06931,1,val,trashnet,Cardboard,False,False
GROUP_06932,1,test,phenomsg,Residual,False,False
GROUP_06933,1,train,realwaste,Plastic,False,False
GROUP_06934,1,train,phenomsg,Hazardous Waste,False,False
GROUP_06935,1,train,phenomsg,Residual,False,False
GROUP_06936,1,train,phenomsg,Recyclable Stream,False,False
GROUP_06937,1,train,realwaste,Residual,False,False
GROUP_06938,1,test,realwaste,Vegetation,False,False
GROUP_06939,1,train,realwaste,Paper,False,False
GROUP_06940,1,test,realwaste,Paper,False,False
GROUP_06941,1,val,trashnet,Metal,False,False
GROUP_06942,1,val,trashnet,Paper,False,False
GROUP_06943,1,val,realwaste,Metal,False,False
GROUP_06944,1,test,phenomsg,Organic Stream,False,False
GROUP_06945,1,train,trashnet,Glass,False,False
GROUP_06946,1,train,ewaste,Electronic Device,False,False
GROUP_06947,1,train,realwaste,Cardboard,False,False
GROUP_06948,1,val,trashnet,Cardboard,False,False
GROUP_06949,1,train,ewaste,Electronic Device,False,False
GROUP_06950,1,val,phenomsg,Recyclable Stream,False,False
GROUP_06951,1,train,ewaste,Electronic Device,False,False
GROUP_06952,1,train,realwaste,Paper,False,False
GROUP_06953,1,train,realwaste,Residual,False,False
GROUP_06954,1,train,trashnet,Paper,False,False
GROUP_06955,1,val,realwaste,Vegetation,False,False
GROUP_06956,1,train,phenomsg,Hazardous Waste,False,False
GROUP_06957,1,train,trashnet,Paper,False,False
GROUP_06958,1,test,ewaste,Large Electronic Appliance,False,False
GROUP_06959,1,train,realwaste,Residual,False,False
GROUP_06960,1,val,phenomsg,Recyclable Stream,False,False
GROUP_06961,1,val,realwaste,Glass,False,False
GROUP_06962,1,train,trashnet,Plastic,False,False
GROUP_06963,1,train,phenomsg,Recyclable Stream,False,False
GROUP_06964,1,test,phenomsg,Residual,False,False
GROUP_06965,1,val,realwaste,Plastic,False,False
GROUP_06966,1,val,trashnet,Glass,False,False
GROUP_06967,1,train,trashnet,Glass,False,False
GROUP_06968,1,train,realwaste,Food Organics,False,False
GROUP_06969,1,test,realwaste,Paper,False,False
GROUP_06970,1,train,realwaste,Textile,False,False
GROUP_06971,1,test,ewaste,Large Electronic Appliance,False,False
GROUP_06972,1,train,ewaste,Large Electronic Appliance,False,False
GROUP_06973,1,train,trashnet,Cardboard,False,False
GROUP_06974,1,val,trashnet,Paper,False,False
GROUP_06975,1,train,trashnet,Paper,False,False
GROUP_06976,1,train,phenomsg,Organic Stream,False,False
GROUP_06977,1,train,phenomsg,Residual,False,False
GROUP_06978,1,train,realwaste,Glass,False,False
GROUP_06979,1,train,realwaste,Plastic,False,False
GROUP_06980,1,train,realwaste,Vegetation,False,False
GROUP_06981,2,train,ewaste,Large Electronic Appliance,False,True
GROUP_06982,1,val,realwaste,Paper,False,False
GROUP_06983,1,test,realwaste,Textile,False,False
GROUP_06984,1,train,realwaste,Textile,False,False
GROUP_06985,1,train,ewaste,Large Electronic Appliance,False,False
GROUP_06986,1,train,phenomsg,Organic Stream,False,False
GROUP_06987,1,train,realwaste,Plastic,False,False
GROUP_06988,1,val,realwaste,Vegetation,False,False
GROUP_06989,1,train,realwaste,Textile,False,False
GROUP_06990,1,train,phenomsg,Hazardous Waste,False,False
GROUP_06991,1,test,ewaste,Electronic Component,False,False
GROUP_06992,1,train,phenomsg,Recyclable Stream,False,False
GROUP_06993,1,val,realwaste,Plastic,False,False
GROUP_06994,1,train,trashnet,Glass,False,False
GROUP_06995,1,train,ewaste,Electronic Device,False,False
GROUP_06996,1,test,ewaste,Large Electronic Appliance,False,False
GROUP_06997,1,val,phenomsg,Residual,False,False
GROUP_06998,1,val,realwaste,Metal,False,False
GROUP_06999,1,train,ewaste,Large Electronic Appliance,False,False
GROUP_07000,1,train,phenomsg,Hazardous Waste,False,False
GROUP_07001,1,train,ewaste,Battery,False,False
GROUP_07002,1,train,ewaste,Electronic Component,False,False
GROUP_07003,1,val,ewaste,Large Electronic Appliance,False,False
GROUP_07004,1,test,trashnet,Cardboard,False,False
GROUP_07005,1,test,realwaste,Food Organics,False,False
GROUP_07006,1,train,ewaste,Large Electronic Appliance,False,False
GROUP_07007,1,train,realwaste,Paper,False,False
GROUP_07008,1,train,trashnet,Cardboard,False,False
GROUP_07009,1,train,ewaste,Large Electronic Appliance,False,False
GROUP_07010,1,train,phenomsg,Recyclable Stream,False,False
GROUP_07011,2,train,realwaste,Residual,False,True
GROUP_07012,1,test,trashnet,Plastic,False,False
GROUP_07013,1,train,trashnet,Metal,False,False
GROUP_07014,1,val,trashnet,Plastic,False,False
GROUP_07015,1,train,ewaste,Large Electronic Appliance,False,False
GROUP_07016,1,test,ewaste,Electronic Device,False,False
GROUP_07017,1,val,ewaste,Battery,False,False
GROUP_07018,1,val,realwaste,Cardboard,False,False
GROUP_07019,1,train,phenomsg,Hazardous Waste,False,False
GROUP_07020,1,train,realwaste,Metal,False,False
GROUP_07021,1,train,phenomsg,Hazardous Waste,False,False
GROUP_07022,1,train,phenomsg,Residual,False,False
GROUP_07023,1,val,realwaste,Plastic,False,False
GROUP_07024,1,train,realwaste,Residual,False,False
GROUP_07025,1,train,realwaste,Textile,False,False
GROUP_07026,1,train,realwaste,Plastic,False,False
GROUP_07027,1,train,trashnet,Paper,False,False
GROUP_07028,1,train,phenomsg,Residual,False,False
GROUP_07029,1,test,realwaste,Food Organics,False,False
GROUP_07030,1,train,realwaste,Metal,False,False
GROUP_07031,1,train,trashnet,Plastic,False,False
GROUP_07032,1,val,trashnet,Plastic,False,False
GROUP_07033,1,val,realwaste,Cardboard,False,False
GROUP_07034,1,test,ewaste,Large Electronic Appliance,False,False
GROUP_07035,1,val,trashnet,Paper,False,False
GROUP_07036,1,train,trashnet,Residual,False,False
GROUP_07037,1,train,ewaste,Electronic Device,False,False
GROUP_07038,1,train,realwaste,Food Organics,False,False
GROUP_07039,1,train,realwaste,Paper,False,False
GROUP_07040,1,train,ewaste,Electronic Device,False,False
GROUP_07041,1,train,phenomsg,Recyclable Stream,False,False
GROUP_07042,1,train,ewaste,Electronic Component,False,False
GROUP_07043,1,train,realwaste,Cardboard,False,False
GROUP_07044,2,train,phenomsg,Hazardous Waste,True,True
GROUP_07045,1,train,realwaste,Plastic,False,False
GROUP_07046,1,test,phenomsg,Residual,False,False
GROUP_07047,1,val,ewaste,Large Electronic Appliance,False,False
GROUP_07048,1,val,ewaste,Battery,False,False
GROUP_07049,1,train,phenomsg,Residual,False,False
GROUP_07050,1,val,realwaste,Residual,False,False
GROUP_07051,1,val,phenomsg,Recyclable Stream,False,False
GROUP_07052,1,train,trashnet,Plastic,False,False
GROUP_07053,1,train,ewaste,Electronic Device,False,False
GROUP_07054,1,train,realwaste,Food Organics,False,False
GROUP_07055,1,train,trashnet,Cardboard,False,False
GROUP_07056,1,train,phenomsg,Hazardous Waste,False,False
GROUP_07057,1,train,phenomsg,Hazardous Waste,False,False
GROUP_07058,1,train,phenomsg,Hazardous Waste,False,False
GROUP_07059,1,train,phenomsg,Residual,False,False
GROUP_07060,1,train,trashnet,Cardboard,False,False
GROUP_07061,1,train,ewaste,Large Electronic Appliance,False,False
GROUP_07062,1,val,realwaste,Plastic,False,False
GROUP_07063,1,train,realwaste,Metal,False,False
GROUP_07064,1,train,realwaste,Cardboard,False,False
GROUP_07065,1,train,ewaste,Large Electronic Appliance,False,False
GROUP_07066,1,train,realwaste,Metal,False,False
GROUP_07067,1,val,trashnet,Paper,False,False
GROUP_07068,1,test,realwaste,Plastic,False,False
GROUP_07069,1,train,ewaste,Electronic Component,False,False
GROUP_07070,1,train,trashnet,Paper,False,False
GROUP_07071,1,val,ewaste,Battery,False,False
GROUP_07072,1,train,ewaste,Battery,False,False
GROUP_07073,1,train,realwaste,Cardboard,False,False
GROUP_07074,1,test,ewaste,Large Electronic Appliance,False,False
GROUP_07075,1,train,ewaste,Electronic Device,False,False
GROUP_07076,1,train,trashnet,Glass,False,False
GROUP_07077,1,test,realwaste,Vegetation,False,False
GROUP_07078,1,train,trashnet,Paper,False,False
GROUP_07079,1,train,trashnet,Plastic,False,False
GROUP_07080,1,train,realwaste,Vegetation,False,False
GROUP_07081,1,train,realwaste,Residual,False,False
GROUP_07082,1,train,trashnet,Plastic,False,False
GROUP_07083,1,val,trashnet,Paper,False,False
GROUP_07084,1,train,trashnet,Plastic,False,False
GROUP_07085,1,train,realwaste,Plastic,False,False
GROUP_07086,1,train,realwaste,Residual,False,False
GROUP_07087,1,train,trashnet,Paper,False,False
GROUP_07088,1,val,ewaste,Electronic Component,False,False
GROUP_07089,1,train,realwaste,Glass,False,False
GROUP_07090,1,test,phenomsg,Hazardous Waste,False,False
GROUP_07091,1,train,phenomsg,Recyclable Stream,False,False
GROUP_07092,1,train,realwaste,Residual,False,False
GROUP_07093,1,test,ewaste,Electronic Device,False,False
GROUP_07094,1,train,realwaste,Glass,False,False
GROUP_07095,1,train,ewaste,Large Electronic Appliance,False,False
GROUP_07096,1,train,realwaste,Vegetation,False,False
GROUP_07097,1,train,ewaste,Electronic Component,False,False
GROUP_07098,1,train,ewaste,Battery,False,False
GROUP_07099,1,val,ewaste,Large Electronic Appliance,False,False
GROUP_07100,1,train,ewaste,Electronic Component,False,False
GROUP_07101,1,train,realwaste,Plastic,False,False
GROUP_07102,1,train,ewaste,Battery,False,False
GROUP_07103,1,train,ewaste,Battery,False,False
GROUP_07104,1,val,realwaste,Metal,False,False
GROUP_07105,1,train,realwaste,Paper,False,False
GROUP_07106,1,val,realwaste,Plastic,False,False
GROUP_07107,1,val,trashnet,Glass,False,False
GROUP_07108,1,train,trashnet,Paper,False,False
GROUP_07109,1,test,realwaste,Metal,False,False
GROUP_07110,1,val,realwaste,Food Organics,False,False
GROUP_07111,1,train,realwaste,Vegetation,False,False
GROUP_07112,2,train,phenomsg,Hazardous Waste,True,True
GROUP_07113,1,val,ewaste,Large Electronic Appliance,False,False
GROUP_07114,1,test,ewaste,Electronic Device,False,False
GROUP_07115,2,train,phenomsg,Hazardous Waste,True,True
GROUP_07116,1,val,phenomsg,Hazardous Waste,False,False
GROUP_07117,1,train,realwaste,Glass,False,False
GROUP_07118,1,train,trashnet,Paper,False,False
GROUP_07119,1,test,realwaste,Glass,False,False
GROUP_07120,1,train,trashnet,Paper,False,False
GROUP_07121,1,train,realwaste,Cardboard,False,False
GROUP_07122,1,test,trashnet,Glass,False,False
GROUP_07123,1,train,trashnet,Metal,False,False
GROUP_07124,1,train,phenomsg,Hazardous Waste,False,False
GROUP_07125,1,train,realwaste,Glass,False,False
GROUP_07126,1,train,realwaste,Residual,False,False
GROUP_07127,1,train,trashnet,Plastic,False,False
GROUP_07128,1,train,ewaste,Large Electronic Appliance,False,False
GROUP_07129,1,val,phenomsg,Recyclable Stream,False,False
GROUP_07130,1,train,ewaste,Electronic Device,False,False
GROUP_07131,1,train,trashnet,Glass,False,False
GROUP_07132,1,val,phenomsg,Recyclable Stream,False,False
GROUP_07133,1,train,trashnet,Paper,False,False
GROUP_07134,1,train,phenomsg,Recyclable Stream,False,False
GROUP_07135,1,test,ewaste,Electronic Device,False,False
GROUP_07136,1,train,phenomsg,Recyclable Stream,False,False
GROUP_07137,1,train,realwaste,Residual,False,False
GROUP_07138,1,val,phenomsg,Hazardous Waste,False,False
GROUP_07139,2,train,phenomsg,Recyclable Stream,True,True
GROUP_07140,1,train,ewaste,Electronic Device,False,False
GROUP_07141,1,train,trashnet,Metal,False,False
GROUP_07142,1,train,ewaste,Large Electronic Appliance,False,False
GROUP_07143,1,test,realwaste,Plastic,False,False
GROUP_07144,1,train,realwaste,Metal,False,False
GROUP_07145,1,train,phenomsg,Recyclable Stream,False,False
GROUP_07146,1,train,ewaste,Electronic Device,False,False
GROUP_07147,1,test,realwaste,Plastic,False,False
GROUP_07148,1,train,trashnet,Metal,False,False
GROUP_07149,1,train,realwaste,Residual,False,False
GROUP_07150,1,train,realwaste,Cardboard,False,False
GROUP_07151,1,train,trashnet,Glass,False,False
GROUP_07152,1,train,phenomsg,Hazardous Waste,False,False
GROUP_07153,1,train,realwaste,Residual,False,False
GROUP_07154,1,val,trashnet,Plastic,False,False
GROUP_07155,1,train,ewaste,Electronic Device,False,False
GROUP_07156,1,train,realwaste,Metal,False,False
GROUP_07157,1,train,realwaste,Residual,False,False
GROUP_07158,1,train,realwaste,Cardboard,False,False
GROUP_07159,1,test,realwaste,Plastic,False,False
GROUP_07160,1,test,realwaste,Plastic,False,False
GROUP_07161,1,train,realwaste,Textile,False,False
GROUP_07162,1,train,realwaste,Cardboard,False,False
GROUP_07163,1,train,trashnet,Metal,False,False
GROUP_07164,1,train,phenomsg,Residual,False,False
GROUP_07165,1,train,realwaste,Metal,False,False
GROUP_07166,1,test,phenomsg,Residual,False,False
GROUP_07167,1,train,trashnet,Plastic,False,False
GROUP_07168,1,train,trashnet,Metal,False,False
GROUP_07169,1,train,ewaste,Battery,False,False
GROUP_07170,1,test,trashnet,Metal,False,False
GROUP_07171,1,val,phenomsg,Residual,False,False
GROUP_07172,1,train,realwaste,Plastic,False,False
GROUP_07173,1,train,realwaste,Paper,False,False
GROUP_07174,1,train,realwaste,Cardboard,False,False
GROUP_07175,1,train,realwaste,Metal,False,False
GROUP_07176,1,train,realwaste,Residual,False,False
GROUP_07177,1,train,phenomsg,Organic Stream,False,False
GROUP_07178,1,test,phenomsg,Recyclable Stream,False,False
GROUP_07179,1,train,realwaste,Glass,False,False
GROUP_07180,1,train,realwaste,Residual,False,False
GROUP_07181,1,train,realwaste,Vegetation,False,False
GROUP_07182,1,test,trashnet,Metal,False,False
GROUP_07183,1,train,phenomsg,Hazardous Waste,False,False
GROUP_07184,1,train,trashnet,Glass,False,False
GROUP_07185,1,val,ewaste,Electronic Device,False,False
GROUP_07186,1,train,realwaste,Residual,False,False
GROUP_07187,1,train,realwaste,Food Organics,False,False
GROUP_07188,2,train,trashnet,Plastic|Residual,False,True
GROUP_07189,1,train,ewaste,Battery,False,False
GROUP_07190,1,train,realwaste,Glass,False,False
GROUP_07191,1,train,trashnet,Paper,False,False
GROUP_07192,1,train,realwaste,Residual,False,False
GROUP_07193,1,train,ewaste,Electronic Device,False,False
GROUP_07194,1,train,phenomsg,Organic Stream,False,False
GROUP_07195,1,train,phenomsg,Recyclable Stream,False,False
GROUP_07196,1,test,realwaste,Paper,False,False
GROUP_07197,1,test,realwaste,Plastic,False,False
GROUP_07198,1,test,ewaste,Electronic Device,False,False
GROUP_07199,1,train,realwaste,Food Organics,False,False
GROUP_07200,1,val,trashnet,Paper,False,False
GROUP_07201,1,train,realwaste,Plastic,False,False
GROUP_07202,1,test,ewaste,Large Electronic Appliance,False,False
GROUP_07203,1,train,ewaste,Battery,False,False
GROUP_07204,1,train,realwaste,Metal,False,False
GROUP_07205,1,train,realwaste,Plastic,False,False
GROUP_07206,1,train,trashnet,Cardboard,False,False
GROUP_07207,1,val,realwaste,Cardboard,False,False
GROUP_07208,1,train,trashnet,Metal,False,False
GROUP_07209,1,test,trashnet,Glass,False,False
GROUP_07210,1,train,realwaste,Plastic,False,False
GROUP_07211,1,train,realwaste,Textile,False,False
GROUP_07212,1,train,trashnet,Cardboard,False,False
GROUP_07213,1,train,phenomsg,Recyclable Stream,False,False
GROUP_07214,1,train,ewaste,Electronic Device,False,False
GROUP_07215,1,train,realwaste,Glass,False,False
GROUP_07216,1,train,ewaste,Electronic Device,False,False
GROUP_07217,1,test,trashnet,Metal,False,False
GROUP_07218,1,train,realwaste,Residual,False,False
GROUP_07219,1,train,ewaste,Electronic Device,False,False
GROUP_07220,1,train,phenomsg,Hazardous Waste,False,False
GROUP_07221,1,train,realwaste,Glass,False,False
GROUP_07222,1,test,realwaste,Plastic,False,False
GROUP_07223,1,train,trashnet,Plastic,False,False
GROUP_07224,1,train,phenomsg,Organic Stream,False,False
GROUP_07225,1,val,realwaste,Food Organics,False,False
GROUP_07226,1,train,ewaste,Electronic Device,False,False
GROUP_07227,1,train,ewaste,Electronic Device,False,False
GROUP_07228,1,train,realwaste,Food Organics,False,False
GROUP_07229,1,train,ewaste,Electronic Device,False,False
GROUP_07230,1,train,realwaste,Cardboard,False,False
GROUP_07231,1,test,phenomsg,Hazardous Waste,False,False
GROUP_07232,1,train,ewaste,Electronic Device,False,False
GROUP_07233,1,train,realwaste,Cardboard,False,False
GROUP_07234,1,train,ewaste,Electronic Device,False,False
GROUP_07235,1,train,trashnet,Glass,False,False
GROUP_07236,1,train,realwaste,Textile,False,False
GROUP_07237,1,test,realwaste,Textile,False,False
GROUP_07238,1,val,ewaste,Large Electronic Appliance,False,False
GROUP_07239,1,train,trashnet,Cardboard,False,False
GROUP_07240,1,train,trashnet,Metal,False,False
GROUP_07241,1,test,realwaste,Plastic,False,False
GROUP_07242,1,test,ewaste,Electronic Device,False,False
GROUP_07243,1,train,phenomsg,Organic Stream,False,False
GROUP_07244,1,train,ewaste,Electronic Device,False,False
GROUP_07245,1,train,realwaste,Paper,False,False
GROUP_07246,1,train,realwaste,Residual,False,False
GROUP_07247,1,val,ewaste,Battery,False,False
GROUP_07248,1,val,realwaste,Plastic,False,False
GROUP_07249,1,train,realwaste,Cardboard,False,False
GROUP_07250,1,train,realwaste,Plastic,False,False
GROUP_07251,1,train,realwaste,Paper,False,False
GROUP_07252,1,val,realwaste,Residual,False,False
GROUP_07253,1,train,realwaste,Residual,False,False
GROUP_07254,1,train,ewaste,Electronic Device,False,False
GROUP_07255,1,test,ewaste,Large Electronic Appliance,False,False
GROUP_07256,1,train,phenomsg,Organic Stream,False,False
GROUP_07257,1,train,ewaste,Large Electronic Appliance,False,False
GROUP_07258,1,val,phenomsg,Residual,False,False
GROUP_07259,1,train,realwaste,Cardboard,False,False
GROUP_07260,1,train,trashnet,Metal,False,False
GROUP_07261,1,train,ewaste,Large Electronic Appliance,False,False
GROUP_07262,1,train,trashnet,Cardboard,False,False
GROUP_07263,1,train,phenomsg,Organic Stream,False,False
GROUP_07264,1,train,ewaste,Electronic Device,False,False
GROUP_07265,1,train,realwaste,Plastic,False,False
GROUP_07266,1,train,realwaste,Vegetation,False,False
GROUP_07267,1,val,trashnet,Metal,False,False
GROUP_07268,1,train,phenomsg,Hazardous Waste,False,False
GROUP_07269,1,train,phenomsg,Hazardous Waste,False,False
GROUP_07270,1,train,realwaste,Food Organics,False,False
GROUP_07271,1,train,ewaste,Electronic Device,False,False
GROUP_07272,1,val,phenomsg,Residual,False,False
GROUP_07273,1,val,realwaste,Food Organics,False,False
GROUP_07274,1,test,realwaste,Metal,False,False
GROUP_07275,1,train,ewaste,Large Electronic Appliance,False,False
GROUP_07276,1,train,realwaste,Residual,False,False
GROUP_07277,1,val,ewaste,Electronic Device,False,False
GROUP_07278,1,train,trashnet,Cardboard,False,False
GROUP_07279,1,test,phenomsg,Recyclable Stream,False,False
GROUP_07280,1,train,ewaste,Electronic Device,False,False
GROUP_07281,1,train,realwaste,Glass,False,False
GROUP_07282,2,train,phenomsg,Recyclable Stream,True,True
GROUP_07283,1,train,phenomsg,Residual,False,False
GROUP_07284,1,test,realwaste,Paper,False,False
GROUP_07285,1,train,trashnet,Plastic,False,False
GROUP_07286,1,test,ewaste,Large Electronic Appliance,False,False
GROUP_07287,1,test,trashnet,Plastic,False,False
GROUP_07288,1,train,realwaste,Metal,False,False
GROUP_07289,1,train,trashnet,Metal,False,False
GROUP_07290,1,train,realwaste,Plastic,False,False
GROUP_07291,4,train,phenomsg,Hazardous Waste,True,True
GROUP_07292,1,train,phenomsg,Hazardous Waste,False,False
GROUP_07293,1,train,ewaste,Electronic Device,False,False
GROUP_07294,1,train,phenomsg,Residual,False,False
GROUP_07295,1,train,realwaste,Glass,False,False
GROUP_07296,1,train,phenomsg,Organic Stream,False,False
GROUP_07297,1,val,ewaste,Large Electronic Appliance,False,False
GROUP_07298,1,train,realwaste,Metal,False,False
GROUP_07299,1,train,realwaste,Plastic,False,False
GROUP_07300,1,train,ewaste,Electronic Device,False,False
GROUP_07301,1,test,trashnet,Cardboard,False,False
GROUP_07302,1,train,trashnet,Plastic,False,False
GROUP_07303,1,val,ewaste,Battery,False,False
GROUP_07304,1,test,trashnet,Glass,False,False
GROUP_07305,1,train,ewaste,Battery,False,False
GROUP_07306,1,train,realwaste,Plastic,False,False
GROUP_07307,1,train,phenomsg,Recyclable Stream,False,False
GROUP_07308,1,test,phenomsg,Organic Stream,False,False
GROUP_07309,1,train,realwaste,Textile,False,False
GROUP_07310,1,train,ewaste,Electronic Device,False,False
GROUP_07311,1,test,phenomsg,Recyclable Stream,False,False
GROUP_07312,1,train,phenomsg,Organic Stream,False,False
GROUP_07313,1,test,ewaste,Large Electronic Appliance,False,False
GROUP_07314,1,train,ewaste,Electronic Device,False,False
GROUP_07315,1,train,realwaste,Cardboard,False,False
GROUP_07316,1,train,realwaste,Residual,False,False
GROUP_07317,1,test,phenomsg,Recyclable Stream,False,False
GROUP_07318,1,train,ewaste,Electronic Device,False,False
GROUP_07319,1,train,realwaste,Vegetation,False,False
GROUP_07320,1,train,ewaste,Large Electronic Appliance,False,False
GROUP_07321,1,train,phenomsg,Recyclable Stream,False,False
GROUP_07322,1,train,phenomsg,Organic Stream,False,False
GROUP_07323,1,train,trashnet,Glass,False,False
GROUP_07324,1,test,ewaste,Battery,False,False
GROUP_07325,1,train,trashnet,Plastic,False,False
GROUP_07326,1,train,realwaste,Residual,False,False
GROUP_07327,2,train,phenomsg,Hazardous Waste,True,True
GROUP_07328,1,train,realwaste,Glass,False,False
GROUP_07329,1,train,ewaste,Electronic Component,False,False
GROUP_07330,1,train,realwaste,Food Organics,False,False
GROUP_07331,1,train,ewaste,Electronic Device,False,False
GROUP_07332,1,train,realwaste,Metal,False,False
GROUP_07333,1,train,phenomsg,Recyclable Stream,False,False
GROUP_07334,1,train,realwaste,Paper,False,False
GROUP_07335,1,test,realwaste,Metal,False,False
GROUP_07336,1,test,trashnet,Paper,False,False
GROUP_07337,1,train,ewaste,Large Electronic Appliance,False,False
GROUP_07338,1,train,ewaste,Large Electronic Appliance,False,False
GROUP_07339,1,train,ewaste,Large Electronic Appliance,False,False
GROUP_07340,1,train,ewaste,Electronic Device,False,False
GROUP_07341,1,test,realwaste,Plastic,False,False
GROUP_07342,1,val,realwaste,Metal,False,False
GROUP_07343,2,train,trashnet,Paper,False,True
GROUP_07344,1,test,ewaste,Electronic Device,False,False
GROUP_07345,1,train,ewaste,Electronic Device,False,False
GROUP_07346,1,train,realwaste,Textile,False,False
GROUP_07347,1,train,trashnet,Paper,False,False
GROUP_07348,1,train,ewaste,Large Electronic Appliance,False,False
GROUP_07349,1,test,realwaste,Textile,False,False
GROUP_07350,1,val,trashnet,Cardboard,False,False
GROUP_07351,1,train,realwaste,Paper,False,False
GROUP_07352,1,test,trashnet,Glass,False,False
GROUP_07353,1,test,realwaste,Paper,False,False
GROUP_07354,1,train,phenomsg,Recyclable Stream,False,False
GROUP_07355,1,train,trashnet,Cardboard,False,False
GROUP_07356,1,val,trashnet,Metal,False,False
GROUP_07357,1,test,ewaste,Large Electronic Appliance,False,False
GROUP_07358,1,test,phenomsg,Residual,False,False
GROUP_07359,1,train,phenomsg,Residual,False,False
GROUP_07360,1,test,realwaste,Metal,False,False
GROUP_07361,1,train,realwaste,Paper,False,False
GROUP_07362,1,train,phenomsg,Residual,False,False
GROUP_07363,1,test,ewaste,Electronic Device,False,False
GROUP_07364,1,train,phenomsg,Recyclable Stream,False,False
GROUP_07365,1,train,phenomsg,Hazardous Waste,False,False
GROUP_07366,1,train,realwaste,Glass,False,False
GROUP_07367,1,train,realwaste,Metal,False,False
GROUP_07368,1,test,realwaste,Vegetation,False,False
GROUP_07369,1,train,ewaste,Electronic Device,False,False
GROUP_07370,1,test,realwaste,Metal,False,False
GROUP_07371,1,train,phenomsg,Residual,False,False
GROUP_07372,1,train,realwaste,Plastic,False,False
GROUP_07373,1,val,realwaste,Food Organics,False,False
GROUP_07374,1,val,trashnet,Paper,False,False
GROUP_07375,1,train,ewaste,Large Electronic Appliance,False,False
GROUP_07376,1,val,trashnet,Metal,False,False
GROUP_07377,1,test,trashnet,Paper,False,False
GROUP_07378,1,train,ewaste,Electronic Device,False,False
GROUP_07379,1,test,trashnet,Plastic,False,False
GROUP_07380,1,train,phenomsg,Organic Stream,False,False
GROUP_07381,1,train,ewaste,Battery,False,False
GROUP_07382,1,train,ewaste,Electronic Device,False,False
GROUP_07383,1,train,trashnet,Cardboard,False,False
GROUP_07384,1,train,phenomsg,Recyclable Stream,False,False
GROUP_07385,1,train,ewaste,Electronic Device,False,False
GROUP_07386,1,val,phenomsg,Organic Stream,False,False
GROUP_07387,1,val,realwaste,Cardboard,False,False
GROUP_07388,1,train,realwaste,Glass,False,False
GROUP_07389,1,train,realwaste,Metal,False,False
GROUP_07390,1,test,realwaste,Plastic,False,False
GROUP_07391,1,val,trashnet,Cardboard,False,False
GROUP_07392,1,train,phenomsg,Residual,False,False
GROUP_07393,1,train,ewaste,Battery,False,False
GROUP_07394,1,train,phenomsg,Organic Stream,False,False
GROUP_07395,1,val,realwaste,Metal,False,False
GROUP_07396,1,train,ewaste,Large Electronic Appliance,False,False
GROUP_07397,1,train,realwaste,Food Organics,False,False
GROUP_07398,1,test,realwaste,Plastic,False,False
GROUP_07399,1,train,ewaste,Electronic Device,False,False
GROUP_07400,1,train,realwaste,Metal,False,False
GROUP_07401,1,train,realwaste,Metal,False,False
GROUP_07402,1,train,ewaste,Large Electronic Appliance,False,False
GROUP_07403,1,train,trashnet,Metal,False,False
GROUP_07404,1,train,realwaste,Metal,False,False
GROUP_07405,1,train,ewaste,Electronic Device,False,False
GROUP_07406,1,train,realwaste,Residual,False,False
GROUP_07407,1,train,realwaste,Residual,False,False
GROUP_07408,1,train,trashnet,Cardboard,False,False
GROUP_07409,1,train,realwaste,Residual,False,False
GROUP_07410,1,train,realwaste,Metal,False,False
GROUP_07411,1,train,ewaste,Large Electronic Appliance,False,False
GROUP_07412,1,val,ewaste,Electronic Component,False,False
GROUP_07413,1,test,realwaste,Glass,False,False
GROUP_07414,1,test,realwaste,Vegetation,False,False
GROUP_07415,1,train,trashnet,Glass,False,False
GROUP_07416,1,train,trashnet,Glass,False,False
GROUP_07417,1,train,realwaste,Metal,False,False
GROUP_07418,1,test,realwaste,Vegetation,False,False
GROUP_07419,1,train,ewaste,Electronic Device,False,False
GROUP_07420,1,train,ewaste,Large Electronic Appliance,False,False
GROUP_07421,1,train,realwaste,Paper,False,False
GROUP_07422,1,train,trashnet,Paper,False,False
GROUP_07423,1,train,ewaste,Large Electronic Appliance,False,False
GROUP_07424,1,train,ewaste,Large Electronic Appliance,False,False
GROUP_07425,1,train,realwaste,Textile,False,False
GROUP_07426,1,train,trashnet,Glass,False,False
GROUP_07427,1,train,realwaste,Metal,False,False
GROUP_07428,1,train,trashnet,Paper,False,False
GROUP_07429,1,train,trashnet,Paper,False,False
GROUP_07430,1,test,realwaste,Textile,False,False
GROUP_07431,1,test,realwaste,Paper,False,False
GROUP_07432,1,train,realwaste,Vegetation,False,False
GROUP_07433,1,test,trashnet,Paper,False,False
GROUP_07434,1,train,trashnet,Paper,False,False
GROUP_07435,1,val,phenomsg,Hazardous Waste,False,False
GROUP_07436,1,val,realwaste,Glass,False,False
GROUP_07437,1,train,trashnet,Paper,False,False
GROUP_07438,1,train,realwaste,Cardboard,False,False
GROUP_07439,1,val,realwaste,Metal,False,False
GROUP_07440,1,train,phenomsg,Organic Stream,False,False
GROUP_07441,1,test,realwaste,Residual,False,False
GROUP_07442,1,train,ewaste,Electronic Device,False,False
GROUP_07443,1,train,trashnet,Paper,False,False
GROUP_07444,1,test,realwaste,Plastic,False,False
GROUP_07445,1,train,ewaste,Large Electronic Appliance,False,False
GROUP_07446,1,train,phenomsg,Organic Stream,False,False
GROUP_07447,1,train,trashnet,Metal,False,False
GROUP_07448,1,test,ewaste,Electronic Device,False,False
GROUP_07449,1,test,ewaste,Large Electronic Appliance,False,False
GROUP_07450,1,val,realwaste,Cardboard,False,False
GROUP_07451,1,test,realwaste,Plastic,False,False
GROUP_07452,1,train,trashnet,Plastic,False,False
GROUP_07453,1,test,realwaste,Food Organics,False,False
GROUP_07454,1,train,realwaste,Vegetation,False,False
GROUP_07455,1,train,phenomsg,Residual,False,False
GROUP_07456,1,train,phenomsg,Residual,False,False
GROUP_07457,1,train,realwaste,Paper,False,False
GROUP_07458,1,train,ewaste,Large Electronic Appliance,False,False
GROUP_07459,1,val,phenomsg,Recyclable Stream,False,False
GROUP_07460,1,train,realwaste,Plastic,False,False
GROUP_07461,1,train,ewaste,Electronic Component,False,False
GROUP_07462,1,train,phenomsg,Organic Stream,False,False
GROUP_07463,1,train,realwaste,Cardboard,False,False
GROUP_07464,1,train,realwaste,Food Organics,False,False
GROUP_07465,1,train,ewaste,Electronic Device,False,False
GROUP_07466,1,train,realwaste,Plastic,False,False
GROUP_07467,1,train,trashnet,Paper,False,False
GROUP_07468,1,test,trashnet,Paper,False,False
GROUP_07469,1,train,trashnet,Residual,False,False
GROUP_07470,1,train,phenomsg,Recyclable Stream,False,False
GROUP_07471,1,train,trashnet,Metal,False,False
GROUP_07472,1,test,ewaste,Electronic Device,False,False
GROUP_07473,1,train,trashnet,Metal,False,False
GROUP_07474,1,train,trashnet,Plastic,False,False
GROUP_07475,2,train,phenomsg,Hazardous Waste,True,True
GROUP_07476,1,train,trashnet,Glass,False,False
GROUP_07477,1,train,ewaste,Electronic Device,False,False
GROUP_07478,1,train,ewaste,Electronic Device,False,False
GROUP_07479,2,train,phenomsg,Hazardous Waste,True,True
GROUP_07480,1,train,realwaste,Vegetation,False,False
GROUP_07481,1,test,realwaste,Residual,False,False
GROUP_07482,1,test,realwaste,Metal,False,False
GROUP_07483,1,train,realwaste,Textile,False,False
GROUP_07484,1,train,ewaste,Electronic Device,False,False
GROUP_07485,1,train,realwaste,Cardboard,False,False
GROUP_07486,1,train,ewaste,Battery,False,False
GROUP_07487,1,val,realwaste,Cardboard,False,False
GROUP_07488,1,train,phenomsg,Organic Stream,False,False
GROUP_07489,1,train,realwaste,Glass,False,False
GROUP_07490,1,test,realwaste,Metal,False,False
GROUP_07491,1,train,trashnet,Cardboard,False,False
GROUP_07492,1,train,trashnet,Plastic,False,False
GROUP_07493,1,train,phenomsg,Recyclable Stream,False,False
GROUP_07494,1,train,ewaste,Electronic Device,False,False
GROUP_07495,1,train,phenomsg,Residual,False,False
GROUP_07496,1,train,ewaste,Large Electronic Appliance,False,False
GROUP_07497,1,train,phenomsg,Recyclable Stream,False,False
GROUP_07498,1,train,ewaste,Large Electronic Appliance,False,False
GROUP_07499,1,test,realwaste,Residual,False,False
GROUP_07500,1,train,realwaste,Cardboard,False,False
GROUP_07501,1,val,realwaste,Textile,False,False
GROUP_07502,1,train,trashnet,Glass,False,False
GROUP_07503,1,test,realwaste,Metal,False,False
GROUP_07504,1,train,ewaste,Electronic Device,False,False
GROUP_07505,1,val,realwaste,Metal,False,False
GROUP_07506,1,test,realwaste,Food Organics,False,False
GROUP_07507,1,val,trashnet,Glass,False,False
GROUP_07508,1,train,phenomsg,Residual,False,False
GROUP_07509,1,val,phenomsg,Recyclable Stream,False,False
GROUP_07510,1,train,ewaste,Electronic Device,False,False
GROUP_07511,1,test,realwaste,Glass,False,False
GROUP_07512,1,train,realwaste,Vegetation,False,False
GROUP_07513,1,train,trashnet,Cardboard,False,False
GROUP_07514,1,train,trashnet,Metal,False,False
GROUP_07515,1,train,realwaste,Metal,False,False
GROUP_07516,1,train,phenomsg,Residual,False,False
GROUP_07517,1,train,trashnet,Paper,False,False
GROUP_07518,1,train,realwaste,Food Organics,False,False
GROUP_07519,1,val,phenomsg,Hazardous Waste,False,False
GROUP_07520,1,train,phenomsg,Hazardous Waste,False,False
GROUP_07521,1,test,realwaste,Residual,False,False
GROUP_07522,1,train,ewaste,Battery,False,False
GROUP_07523,1,train,ewaste,Electronic Device,False,False
GROUP_07524,1,train,trashnet,Plastic,False,False
GROUP_07525,1,train,phenomsg,Residual,False,False
GROUP_07526,1,test,realwaste,Plastic,False,False
GROUP_07527,1,train,trashnet,Plastic,False,False
GROUP_07528,1,train,realwaste,Metal,False,False
GROUP_07529,1,train,trashnet,Plastic,False,False
GROUP_07530,1,test,ewaste,Electronic Device,False,False
GROUP_07531,1,train,realwaste,Paper,False,False
GROUP_07532,1,train,realwaste,Plastic,False,False
GROUP_07533,1,val,trashnet,Paper,False,False
GROUP_07534,1,train,ewaste,Electronic Component,False,False
GROUP_07535,1,val,realwaste,Metal,False,False
GROUP_07536,1,train,realwaste,Plastic,False,False
GROUP_07537,1,test,trashnet,Metal,False,False
GROUP_07538,1,train,realwaste,Metal,False,False
GROUP_07539,1,train,ewaste,Electronic Device,False,False
GROUP_07540,1,train,ewaste,Electronic Device,False,False
GROUP_07541,1,train,ewaste,Electronic Device,False,False
GROUP_07542,1,test,realwaste,Vegetation,False,False
GROUP_07543,1,test,ewaste,Large Electronic Appliance,False,False
GROUP_07544,1,train,realwaste,Plastic,False,False
GROUP_07545,1,train,ewaste,Large Electronic Appliance,False,False
GROUP_07546,1,train,trashnet,Glass,False,False
GROUP_07547,1,train,phenomsg,Organic Stream,False,False
GROUP_07548,1,train,trashnet,Glass,False,False
GROUP_07549,1,train,ewaste,Large Electronic Appliance,False,False
GROUP_07550,1,train,ewaste,Electronic Device,False,False
GROUP_07551,1,train,realwaste,Metal,False,False
GROUP_07552,1,test,realwaste,Plastic,False,False
GROUP_07553,1,train,trashnet,Cardboard,False,False
GROUP_07554,1,val,realwaste,Vegetation,False,False
GROUP_07555,1,train,trashnet,Glass,False,False
GROUP_07556,1,train,phenomsg,Residual,False,False
GROUP_07557,1,train,realwaste,Metal,False,False
GROUP_07558,1,train,realwaste,Cardboard,False,False
GROUP_07559,1,train,realwaste,Metal,False,False
GROUP_07560,1,train,realwaste,Plastic,False,False
GROUP_07561,1,train,realwaste,Vegetation,False,False
GROUP_07562,1,train,realwaste,Textile,False,False
GROUP_07563,1,test,realwaste,Paper,False,False
GROUP_07564,1,train,realwaste,Plastic,False,False
GROUP_07565,1,train,ewaste,Large Electronic Appliance,False,False
GROUP_07566,1,train,phenomsg,Organic Stream,False,False
GROUP_07567,1,val,phenomsg,Residual,False,False
GROUP_07568,1,val,realwaste,Paper,False,False
GROUP_07569,1,train,phenomsg,Hazardous Waste,False,False
GROUP_07570,1,val,trashnet,Metal,False,False
GROUP_07571,1,test,realwaste,Food Organics,False,False
GROUP_07572,1,train,realwaste,Paper,False,False
GROUP_07573,1,train,realwaste,Plastic,False,False
GROUP_07574,1,train,phenomsg,Recyclable Stream,False,False
GROUP_07575,1,train,realwaste,Plastic,False,False
GROUP_07576,1,train,trashnet,Paper,False,False
GROUP_07577,1,train,realwaste,Metal,False,False
GROUP_07578,1,test,trashnet,Metal,False,False
GROUP_07579,1,val,trashnet,Plastic,False,False
GROUP_07580,1,train,phenomsg,Recyclable Stream,False,False
GROUP_07581,1,train,trashnet,Glass,False,False
GROUP_07582,1,val,trashnet,Cardboard,False,False
GROUP_07583,1,train,realwaste,Metal,False,False
GROUP_07584,1,train,realwaste,Metal,False,False
GROUP_07585,1,train,ewaste,Battery,False,False
GROUP_07586,1,train,phenomsg,Residual,False,False
GROUP_07587,1,train,realwaste,Vegetation,False,False
GROUP_07588,1,val,phenomsg,Organic Stream,False,False
GROUP_07589,1,train,phenomsg,Recyclable Stream,False,False
GROUP_07590,1,train,realwaste,Cardboard,False,False
GROUP_07591,1,test,realwaste,Glass,False,False
GROUP_07592,1,train,realwaste,Metal,False,False
GROUP_07593,1,train,ewaste,Electronic Device,False,False
GROUP_07594,1,train,ewaste,Electronic Device,False,False
GROUP_07595,1,train,ewaste,Electronic Device,False,False
GROUP_07596,1,test,phenomsg,Organic Stream,False,False
GROUP_07597,1,train,realwaste,Metal,False,False
GROUP_07598,1,train,realwaste,Textile,False,False
GROUP_07599,1,train,realwaste,Vegetation,False,False
GROUP_07600,1,train,trashnet,Cardboard,False,False
GROUP_07601,1,train,trashnet,Metal,False,False
GROUP_07602,1,test,trashnet,Metal,False,False
GROUP_07603,1,train,realwaste,Metal,False,False
GROUP_07604,1,test,realwaste,Metal,False,False
GROUP_07605,1,train,realwaste,Paper,False,False
GROUP_07606,1,train,realwaste,Metal,False,False
GROUP_07607,1,train,phenomsg,Recyclable Stream,False,False
GROUP_07608,1,train,ewaste,Large Electronic Appliance,False,False
GROUP_07609,1,val,phenomsg,Organic Stream,False,False
GROUP_07610,1,val,phenomsg,Residual,False,False
GROUP_07611,1,train,realwaste,Residual,False,False
GROUP_07612,1,train,realwaste,Metal,False,False
GROUP_07613,1,train,realwaste,Plastic,False,False
GROUP_07614,1,train,trashnet,Glass,False,False
GROUP_07615,1,val,trashnet,Cardboard,False,False
GROUP_07616,1,val,ewaste,Electronic Device,False,False
GROUP_07617,1,train,realwaste,Paper,False,False
GROUP_07618,1,train,realwaste,Glass,False,False
GROUP_07619,2,train,trashnet,Glass|Plastic,True,True
GROUP_07620,1,test,realwaste,Paper,False,False
GROUP_07621,1,train,ewaste,Large Electronic Appliance,False,False
GROUP_07622,1,train,trashnet,Metal,False,False
GROUP_07623,1,train,trashnet,Glass,False,False
GROUP_07624,1,test,trashnet,Metal,False,False
GROUP_07625,1,train,realwaste,Glass,False,False
GROUP_07626,1,train,realwaste,Paper,False,False
GROUP_07627,1,train,phenomsg,Hazardous Waste,False,False
GROUP_07628,1,train,phenomsg,Residual,False,False
GROUP_07629,1,train,realwaste,Plastic,False,False
GROUP_07630,1,train,realwaste,Residual,False,False
GROUP_07631,1,train,phenomsg,Organic Stream,False,False
GROUP_07632,1,train,phenomsg,Recyclable Stream,False,False
GROUP_07633,2,train,ewaste,Electronic Device,False,True
GROUP_07634,1,val,phenomsg,Residual,False,False
GROUP_07635,1,val,ewaste,Large Electronic Appliance,False,False
GROUP_07636,1,val,realwaste,Glass,False,False
GROUP_07637,1,train,trashnet,Glass,False,False
GROUP_07638,1,train,trashnet,Glass,False,False
GROUP_07639,1,train,realwaste,Vegetation,False,False
GROUP_07640,1,train,realwaste,Paper,False,False
GROUP_07641,1,val,ewaste,Electronic Device,False,False
GROUP_07642,1,train,realwaste,Paper,False,False
GROUP_07643,1,val,phenomsg,Recyclable Stream,False,False
GROUP_07644,1,train,trashnet,Cardboard,False,False
GROUP_07645,1,train,ewaste,Electronic Device,False,False
GROUP_07646,1,train,ewaste,Large Electronic Appliance,False,False
GROUP_07647,1,train,realwaste,Paper,False,False
GROUP_07648,1,train,ewaste,Electronic Device,False,False
GROUP_07649,1,val,realwaste,Glass,False,False
GROUP_07650,1,train,ewaste,Electronic Device,False,False
GROUP_07651,1,val,realwaste,Paper,False,False
GROUP_07652,1,train,realwaste,Paper,False,False
GROUP_07653,1,train,phenomsg,Recyclable Stream,False,False
GROUP_07654,2,train,trashnet,Paper,False,True
GROUP_07655,1,train,trashnet,Glass,False,False
GROUP_07656,1,train,realwaste,Vegetation,False,False
GROUP_07657,1,train,ewaste,Battery,False,False
GROUP_07658,1,train,phenomsg,Organic Stream,False,False
GROUP_07659,1,train,ewaste,Electronic Device,False,False
GROUP_07660,1,test,phenomsg,Recyclable Stream,False,False
GROUP_07661,1,train,realwaste,Glass,False,False
GROUP_07662,1,test,realwaste,Metal,False,False
GROUP_07663,1,train,realwaste,Residual,False,False
GROUP_07664,1,train,ewaste,Electronic Device,False,False
GROUP_07665,1,train,phenomsg,Organic Stream,False,False
GROUP_07666,1,test,realwaste,Vegetation,False,False
GROUP_07667,1,val,phenomsg,Hazardous Waste,False,False
GROUP_07668,1,val,realwaste,Paper,False,False
GROUP_07669,1,val,ewaste,Electronic Device,False,False
GROUP_07670,1,train,ewaste,Large Electronic Appliance,False,False
GROUP_07671,1,train,trashnet,Plastic,False,False
GROUP_07672,1,train,trashnet,Residual,False,False
GROUP_07673,1,test,realwaste,Paper,False,False
GROUP_07674,1,train,ewaste,Electronic Device,False,False
GROUP_07675,1,train,realwaste,Plastic,False,False
GROUP_07676,2,train,phenomsg,Hazardous Waste,True,True
GROUP_07677,1,test,ewaste,Electronic Device,False,False
GROUP_07678,1,train,trashnet,Plastic,False,False
GROUP_07679,1,train,phenomsg,Recyclable Stream,False,False
GROUP_07680,1,test,ewaste,Electronic Device,False,False
GROUP_07681,1,train,trashnet,Plastic,False,False
GROUP_07682,1,val,trashnet,Glass,False,False
GROUP_07683,1,test,realwaste,Textile,False,False
GROUP_07684,1,train,realwaste,Cardboard,False,False
GROUP_07685,1,train,realwaste,Cardboard,False,False
GROUP_07686,1,train,ewaste,Electronic Device,False,False
GROUP_07687,1,train,trashnet,Glass,False,False
GROUP_07688,1,train,trashnet,Plastic,False,False
GROUP_07689,1,train,trashnet,Cardboard,False,False
GROUP_07690,1,val,ewaste,Electronic Device,False,False
GROUP_07691,1,train,ewaste,Electronic Device,False,False
GROUP_07692,1,train,realwaste,Paper,False,False
GROUP_07693,1,train,phenomsg,Organic Stream,False,False
GROUP_07694,1,test,trashnet,Metal,False,False
GROUP_07695,1,train,realwaste,Residual,False,False
GROUP_07696,1,train,realwaste,Glass,False,False
GROUP_07697,1,train,ewaste,Electronic Device,False,False
GROUP_07698,1,test,realwaste,Plastic,False,False
GROUP_07699,1,train,trashnet,Paper,False,False
GROUP_07700,1,train,phenomsg,Hazardous Waste,False,False
GROUP_07701,1,val,phenomsg,Recyclable Stream,False,False
GROUP_07702,1,train,ewaste,Electronic Device,False,False
GROUP_07703,1,train,ewaste,Large Electronic Appliance,False,False
GROUP_07704,1,train,realwaste,Glass,False,False
GROUP_07705,1,test,trashnet,Plastic,False,False
GROUP_07706,1,test,phenomsg,Recyclable Stream,False,False
GROUP_07707,1,train,phenomsg,Hazardous Waste,False,False
GROUP_07708,1,train,realwaste,Residual,False,False
GROUP_07709,1,train,realwaste,Vegetation,False,False
GROUP_07710,1,test,phenomsg,Organic Stream,False,False
GROUP_07711,1,train,realwaste,Plastic,False,False
GROUP_07712,1,train,realwaste,Vegetation,False,False
GROUP_07713,1,train,trashnet,Cardboard,False,False
GROUP_07714,1,train,ewaste,Battery,False,False
GROUP_07715,1,test,realwaste,Cardboard,False,False
GROUP_07716,1,test,realwaste,Plastic,False,False
GROUP_07717,1,train,realwaste,Metal,False,False
GROUP_07718,1,val,realwaste,Plastic,False,False
GROUP_07719,1,train,realwaste,Vegetation,False,False
GROUP_07720,1,train,trashnet,Residual,False,False
GROUP_07721,1,val,phenomsg,Hazardous Waste,False,False
GROUP_07722,1,test,phenomsg,Organic Stream,False,False
GROUP_07723,1,train,ewaste,Battery,False,False
GROUP_07724,1,train,ewaste,Electronic Device,False,False
GROUP_07725,1,train,phenomsg,Organic Stream,False,False
GROUP_07726,1,test,ewaste,Electronic Device,False,False
GROUP_07727,1,train,trashnet,Glass,False,False
GROUP_07728,1,train,ewaste,Electronic Device,False,False
GROUP_07729,1,train,trashnet,Metal,False,False
GROUP_07730,1,train,trashnet,Metal,False,False
GROUP_07731,1,train,realwaste,Plastic,False,False
GROUP_07732,1,train,trashnet,Metal,False,False
GROUP_07733,1,test,ewaste,Electronic Device,False,False
GROUP_07734,1,train,phenomsg,Organic Stream,False,False
GROUP_07735,1,test,phenomsg,Recyclable Stream,False,False
GROUP_07736,1,train,trashnet,Glass,False,False
GROUP_07737,1,test,realwaste,Glass,False,False
GROUP_07738,1,val,realwaste,Textile,False,False
GROUP_07739,1,test,trashnet,Paper,False,False
GROUP_07740,1,val,ewaste,Large Electronic Appliance,False,False
GROUP_07741,1,test,trashnet,Glass,False,False
GROUP_07742,1,train,trashnet,Plastic,False,False
GROUP_07743,1,test,realwaste,Residual,False,False
GROUP_07744,1,train,ewaste,Large Electronic Appliance,False,False
GROUP_07745,1,test,ewaste,Large Electronic Appliance,False,False
GROUP_07746,1,train,phenomsg,Organic Stream,False,False
GROUP_07747,1,train,realwaste,Metal,False,False
GROUP_07748,1,val,trashnet,Glass,False,False
GROUP_07749,1,train,realwaste,Plastic,False,False
GROUP_07750,1,test,realwaste,Plastic,False,False
GROUP_07751,1,train,trashnet,Plastic,False,False
GROUP_07752,1,train,realwaste,Glass,False,False
GROUP_07753,1,train,phenomsg,Recyclable Stream,False,False
GROUP_07754,1,val,realwaste,Cardboard,False,False
GROUP_07755,1,train,realwaste,Metal,False,False
GROUP_07756,1,train,realwaste,Residual,False,False
GROUP_07757,1,train,trashnet,Glass,False,False
GROUP_07758,1,val,realwaste,Glass,False,False
GROUP_07759,1,test,trashnet,Paper,False,False
GROUP_07760,1,val,realwaste,Plastic,False,False
GROUP_07761,1,test,realwaste,Food Organics,False,False
GROUP_07762,1,train,trashnet,Glass,False,False
GROUP_07763,1,val,realwaste,Residual,False,False
GROUP_07764,1,train,phenomsg,Hazardous Waste,False,False
GROUP_07765,1,val,realwaste,Residual,False,False
GROUP_07766,1,train,trashnet,Cardboard,False,False
GROUP_07767,1,val,realwaste,Metal,False,False
GROUP_07768,2,train,phenomsg,Hazardous Waste,True,True
GROUP_07769,1,train,trashnet,Cardboard,False,False
GROUP_07770,1,train,phenomsg,Organic Stream,False,False
GROUP_07771,1,train,ewaste,Electronic Device,False,False
GROUP_07772,1,train,ewaste,Electronic Device,False,False
GROUP_07773,1,test,ewaste,Electronic Component,False,False
GROUP_07774,1,train,ewaste,Large Electronic Appliance,False,False
GROUP_07775,1,train,realwaste,Cardboard,False,False
GROUP_07776,1,train,phenomsg,Residual,False,False
GROUP_07777,1,train,realwaste,Metal,False,False
GROUP_07778,1,train,trashnet,Cardboard,False,False
GROUP_07779,1,test,ewaste,Battery,False,False
GROUP_07780,1,train,trashnet,Cardboard,False,False
GROUP_07781,1,train,trashnet,Metal,False,False
GROUP_07782,1,val,trashnet,Paper,False,False
GROUP_07783,1,train,trashnet,Paper,False,False
GROUP_07784,1,train,phenomsg,Recyclable Stream,False,False
GROUP_07785,1,train,realwaste,Plastic,False,False
GROUP_07786,1,train,realwaste,Plastic,False,False
GROUP_07787,1,train,realwaste,Glass,False,False
GROUP_07788,1,train,ewaste,Large Electronic Appliance,False,False
GROUP_07789,1,test,realwaste,Metal,False,False
GROUP_07790,1,train,realwaste,Paper,False,False
GROUP_07791,1,train,trashnet,Residual,False,False
GROUP_07792,1,test,realwaste,Vegetation,False,False
GROUP_07793,1,train,trashnet,Metal,False,False
GROUP_07794,1,train,ewaste,Electronic Device,False,False
GROUP_07795,1,val,trashnet,Metal,False,False
GROUP_07796,1,train,ewaste,Large Electronic Appliance,False,False
GROUP_07797,1,test,trashnet,Paper,False,False
GROUP_07798,1,val,trashnet,Paper,False,False
GROUP_07799,1,train,realwaste,Residual,False,False
GROUP_07800,1,train,ewaste,Battery,False,False
GROUP_07801,1,val,ewaste,Electronic Device,False,False
GROUP_07802,1,train,phenomsg,Residual,False,False
GROUP_07803,1,test,ewaste,Electronic Device,False,False
GROUP_07804,1,train,ewaste,Large Electronic Appliance,False,False
GROUP_07805,1,val,realwaste,Plastic,False,False
GROUP_07806,1,test,ewaste,Electronic Component,False,False
GROUP_07807,1,train,trashnet,Plastic,False,False
GROUP_07808,1,train,ewaste,Electronic Device,False,False
GROUP_07809,1,train,trashnet,Glass,False,False
GROUP_07810,1,train,trashnet,Plastic,False,False
GROUP_07811,1,train,realwaste,Metal,False,False
GROUP_07812,1,val,phenomsg,Recyclable Stream,False,False
GROUP_07813,1,train,ewaste,Electronic Device,False,False
GROUP_07814,2,train,phenomsg,Hazardous Waste,True,True
GROUP_07815,1,train,ewaste,Electronic Component,False,False
GROUP_07816,1,val,phenomsg,Recyclable Stream,False,False
GROUP_07817,1,train,realwaste,Metal,False,False
GROUP_07818,1,train,trashnet,Metal,False,False
GROUP_07819,1,train,trashnet,Metal,False,False
GROUP_07820,1,train,ewaste,Electronic Component,False,False
GROUP_07821,1,test,realwaste,Glass,False,False
GROUP_07822,1,test,realwaste,Metal,False,False
GROUP_07823,1,test,realwaste,Textile,False,False
GROUP_07824,1,train,ewaste,Electronic Device,False,False
GROUP_07825,1,val,phenomsg,Residual,False,False
GROUP_07826,1,train,realwaste,Food Organics,False,False
GROUP_07827,1,train,trashnet,Glass,False,False
GROUP_07828,1,train,ewaste,Electronic Device,False,False
GROUP_07829,1,train,phenomsg,Residual,False,False
GROUP_07830,1,train,realwaste,Textile,False,False
GROUP_07831,1,train,phenomsg,Organic Stream,False,False
GROUP_07832,1,train,phenomsg,Organic Stream,False,False
GROUP_07833,1,train,phenomsg,Organic Stream,False,False
GROUP_07834,1,train,trashnet,Paper,False,False
GROUP_07835,1,val,trashnet,Plastic,False,False
GROUP_07836,1,train,realwaste,Residual,False,False
GROUP_07837,1,train,trashnet,Glass,False,False
GROUP_07838,1,val,trashnet,Paper,False,False
GROUP_07839,1,train,phenomsg,Organic Stream,False,False
GROUP_07840,1,train,realwaste,Plastic,False,False
GROUP_07841,1,val,trashnet,Cardboard,False,False
GROUP_07842,1,val,realwaste,Metal,False,False
GROUP_07843,1,val,realwaste,Textile,False,False
GROUP_07844,1,train,trashnet,Glass,False,False
GROUP_07845,1,train,trashnet,Metal,False,False
GROUP_07846,1,train,trashnet,Plastic,False,False
GROUP_07847,1,train,realwaste,Plastic,False,False
GROUP_07848,1,train,ewaste,Electronic Device,False,False
GROUP_07849,1,train,realwaste,Paper,False,False
GROUP_07850,1,train,phenomsg,Hazardous Waste,False,False
GROUP_07851,1,test,trashnet,Metal,False,False
GROUP_07852,1,val,realwaste,Metal,False,False
GROUP_07853,1,train,phenomsg,Hazardous Waste,False,False
GROUP_07854,1,train,ewaste,Electronic Component,False,False
GROUP_07855,1,train,realwaste,Metal,False,False
GROUP_07856,1,train,ewaste,Electronic Component,False,False
GROUP_07857,1,train,trashnet,Plastic,False,False
GROUP_07858,1,train,realwaste,Metal,False,False
GROUP_07859,1,train,realwaste,Residual,False,False
GROUP_07860,1,train,trashnet,Cardboard,False,False
GROUP_07861,1,test,trashnet,Glass,False,False
GROUP_07862,1,val,trashnet,Glass,False,False
GROUP_07863,1,val,realwaste,Plastic,False,False
GROUP_07864,1,train,trashnet,Glass,False,False
GROUP_07865,1,train,realwaste,Food Organics,False,False
GROUP_07866,1,train,realwaste,Glass,False,False
GROUP_07867,1,train,realwaste,Vegetation,False,False
GROUP_07868,1,val,trashnet,Plastic,False,False
GROUP_07869,1,train,realwaste,Residual,False,False
GROUP_07870,1,train,phenomsg,Recyclable Stream,False,False
GROUP_07871,1,test,trashnet,Plastic,False,False
GROUP_07872,1,train,ewaste,Large Electronic Appliance,False,False
GROUP_07873,1,test,ewaste,Electronic Device,False,False
GROUP_07874,1,train,realwaste,Plastic,False,False
GROUP_07875,1,train,ewaste,Battery,False,False
GROUP_07876,1,test,realwaste,Plastic,False,False
GROUP_07877,1,train,trashnet,Plastic,False,False
GROUP_07878,1,val,realwaste,Vegetation,False,False
GROUP_07879,1,train,phenomsg,Organic Stream,False,False
GROUP_07880,1,train,realwaste,Vegetation,False,False
GROUP_07881,1,train,realwaste,Plastic,False,False
GROUP_07882,1,train,realwaste,Food Organics,False,False
GROUP_07883,1,train,phenomsg,Organic Stream,False,False
GROUP_07884,1,train,trashnet,Glass,False,False
GROUP_07885,1,test,trashnet,Paper,False,False
GROUP_07886,1,train,realwaste,Cardboard,False,False
GROUP_07887,1,test,trashnet,Glass,False,False
GROUP_07888,1,train,ewaste,Electronic Component,False,False
GROUP_07889,1,train,ewaste,Electronic Component,False,False
GROUP_07890,1,train,realwaste,Residual,False,False
GROUP_07891,1,train,trashnet,Cardboard,False,False
GROUP_07892,1,val,trashnet,Plastic,False,False
GROUP_07893,1,val,phenomsg,Residual,False,False
GROUP_07894,1,test,realwaste,Plastic,False,False
GROUP_07895,1,train,ewaste,Electronic Component,False,False
GROUP_07896,1,train,trashnet,Cardboard,False,False
GROUP_07897,1,train,phenomsg,Residual,False,False
GROUP_07898,1,train,realwaste,Cardboard,False,False
GROUP_07899,1,train,realwaste,Glass,False,False
GROUP_07900,1,val,phenomsg,Organic Stream,False,False
GROUP_07901,1,val,phenomsg,Organic Stream,False,False
GROUP_07902,1,val,ewaste,Electronic Device,False,False
GROUP_07903,1,test,realwaste,Plastic,False,False
GROUP_07904,1,train,phenomsg,Recyclable Stream,False,False
GROUP_07905,1,train,realwaste,Metal,False,False
GROUP_07906,1,train,ewaste,Electronic Device,False,False
GROUP_07907,1,train,realwaste,Vegetation,False,False
GROUP_07908,1,train,realwaste,Plastic,False,False
GROUP_07909,1,test,realwaste,Glass,False,False
GROUP_07910,1,test,ewaste,Electronic Device,False,False
GROUP_07911,1,train,realwaste,Cardboard,False,False
GROUP_07912,2,train,realwaste|trashnet,Glass|Metal,False,True
GROUP_07913,2,train,phenomsg,Hazardous Waste,True,True
GROUP_07914,1,val,realwaste,Food Organics,False,False
GROUP_07915,1,train,trashnet,Glass,False,False
GROUP_07916,1,train,trashnet,Metal,False,False
GROUP_07917,1,val,trashnet,Metal,False,False
GROUP_07918,1,train,ewaste,Electronic Device,False,False
GROUP_07919,1,val,phenomsg,Organic Stream,False,False
GROUP_07920,1,train,realwaste,Metal,False,False
GROUP_07921,1,train,realwaste,Vegetation,False,False
GROUP_07922,1,train,realwaste,Vegetation,False,False
GROUP_07923,1,train,phenomsg,Residual,False,False
GROUP_07924,1,train,ewaste,Large Electronic Appliance,False,False
GROUP_07925,1,train,realwaste,Cardboard,False,False
GROUP_07926,1,test,ewaste,Electronic Device,False,False
GROUP_07927,1,test,phenomsg,Organic Stream,False,False
GROUP_07928,1,train,phenomsg,Recyclable Stream,False,False
GROUP_07929,2,train,ewaste,Electronic Device,True,True
GROUP_07930,1,train,trashnet,Plastic,False,False
GROUP_07931,1,train,realwaste,Textile,False,False
GROUP_07932,1,train,ewaste,Electronic Device,False,False
GROUP_07933,1,train,ewaste,Large Electronic Appliance,False,False
GROUP_07934,1,train,realwaste,Metal,False,False
GROUP_07935,1,train,phenomsg,Organic Stream,False,False
GROUP_07936,1,train,ewaste,Electronic Device,False,False
GROUP_07937,1,test,trashnet,Paper,False,False
GROUP_07938,1,train,ewaste,Large Electronic Appliance,False,False
GROUP_07939,1,train,realwaste,Paper,False,False
GROUP_07940,1,test,trashnet,Glass,False,False
GROUP_07941,1,train,trashnet,Metal,False,False
GROUP_07942,1,train,ewaste,Electronic Device,False,False
GROUP_07943,1,train,realwaste,Cardboard,False,False
GROUP_07944,1,train,realwaste,Food Organics,False,False
GROUP_07945,1,train,ewaste,Electronic Device,False,False
GROUP_07946,1,val,realwaste,Glass,False,False
GROUP_07947,1,val,trashnet,Metal,False,False
GROUP_07948,1,train,realwaste,Plastic,False,False
GROUP_07949,1,train,ewaste,Electronic Component,False,False
GROUP_07950,1,train,realwaste,Glass,False,False
GROUP_07951,1,test,realwaste,Paper,False,False
GROUP_07952,1,train,trashnet,Residual,False,False
GROUP_07953,1,test,realwaste,Residual,False,False
GROUP_07954,1,train,phenomsg,Residual,False,False
GROUP_07955,1,test,ewaste,Electronic Component,False,False
GROUP_07956,1,train,phenomsg,Organic Stream,False,False
GROUP_07957,1,train,realwaste,Plastic,False,False
GROUP_07958,1,train,ewaste,Battery,False,False
GROUP_07959,1,test,realwaste,Plastic,False,False
GROUP_07960,1,test,ewaste,Electronic Device,False,False
GROUP_07961,1,val,realwaste,Paper,False,False
GROUP_07962,1,train,realwaste,Metal,False,False
GROUP_07963,1,train,realwaste,Metal,False,False
GROUP_07964,1,train,phenomsg,Residual,False,False
GROUP_07965,1,test,ewaste,Large Electronic Appliance,False,False
GROUP_07966,1,train,trashnet,Glass,False,False
GROUP_07967,1,train,ewaste,Electronic Component,False,False
GROUP_07968,1,test,trashnet,Metal,False,False
GROUP_07969,1,train,realwaste,Textile,False,False
GROUP_07970,1,train,ewaste,Large Electronic Appliance,False,False
GROUP_07971,1,train,ewaste,Large Electronic Appliance,False,False
GROUP_07972,1,train,realwaste,Glass,False,False
GROUP_07973,1,train,realwaste,Paper,False,False
GROUP_07974,1,train,realwaste,Vegetation,False,False
GROUP_07975,1,train,realwaste,Cardboard,False,False
GROUP_07976,1,train,phenomsg,Recyclable Stream,False,False
GROUP_07977,1,val,realwaste,Metal,False,False
GROUP_07978,1,train,ewaste,Electronic Component,False,False
GROUP_07979,2,train,ewaste,Electronic Device,True,True
GROUP_07980,2,train,realwaste,Food Organics,False,True
GROUP_07981,1,val,trashnet,Glass,False,False
GROUP_07982,1,val,ewaste,Electronic Device,False,False
GROUP_07983,1,test,realwaste,Metal,False,False
GROUP_07984,1,val,realwaste,Vegetation,False,False
GROUP_07985,1,train,realwaste,Glass,False,False
GROUP_07986,1,train,realwaste,Vegetation,False,False
GROUP_07987,1,test,phenomsg,Recyclable Stream,False,False
GROUP_07988,1,test,phenomsg,Organic Stream,False,False
GROUP_07989,1,val,realwaste,Food Organics,False,False
GROUP_07990,1,val,phenomsg,Residual,False,False
GROUP_07991,1,train,realwaste,Paper,False,False
GROUP_07992,1,test,realwaste,Food Organics,False,False
GROUP_07993,1,val,trashnet,Plastic,False,False
GROUP_07994,1,val,realwaste,Paper,False,False
GROUP_07995,1,train,realwaste,Metal,False,False
GROUP_07996,1,train,realwaste,Plastic,False,False
GROUP_07997,1,train,trashnet,Cardboard,False,False
GROUP_07998,1,test,trashnet,Metal,False,False
GROUP_07999,1,train,ewaste,Large Electronic Appliance,False,False
GROUP_08000,1,train,realwaste,Plastic,False,False
GROUP_08001,1,train,realwaste,Textile,False,False
GROUP_08002,1,test,realwaste,Residual,False,False
GROUP_08003,1,test,ewaste,Electronic Device,False,False
GROUP_08004,1,train,realwaste,Vegetation,False,False
GROUP_08005,1,test,realwaste,Plastic,False,False
GROUP_08006,1,val,ewaste,Large Electronic Appliance,False,False
GROUP_08007,1,train,realwaste,Plastic,False,False
GROUP_08008,1,train,realwaste,Food Organics,False,False
GROUP_08009,1,train,ewaste,Electronic Device,False,False
GROUP_08010,1,val,realwaste,Residual,False,False
GROUP_08011,1,train,realwaste,Textile,False,False
GROUP_08012,1,train,realwaste,Residual,False,False
GROUP_08013,1,train,ewaste,Electronic Component,False,False
GROUP_08014,1,val,trashnet,Metal,False,False
GROUP_08015,1,val,realwaste,Food Organics,False,False
GROUP_08016,1,test,phenomsg,Organic Stream,False,False
GROUP_08017,1,test,ewaste,Large Electronic Appliance,False,False
GROUP_08018,1,train,realwaste,Food Organics,False,False
GROUP_08019,1,test,realwaste,Metal,False,False
GROUP_08020,1,train,phenomsg,Recyclable Stream,False,False
GROUP_08021,1,test,ewaste,Electronic Device,False,False
GROUP_08022,1,test,trashnet,Cardboard,False,False
GROUP_08023,1,val,ewaste,Electronic Device,False,False
GROUP_08024,1,train,phenomsg,Hazardous Waste,False,False
GROUP_08025,1,test,ewaste,Electronic Device,False,False
GROUP_08026,1,train,trashnet,Plastic,False,False
GROUP_08027,1,val,phenomsg,Hazardous Waste,False,False
GROUP_08028,1,train,realwaste,Metal,False,False
GROUP_08029,1,train,realwaste,Plastic,False,False
GROUP_08030,1,train,trashnet,Plastic,False,False
GROUP_08031,1,train,trashnet,Plastic,False,False
GROUP_08032,1,test,ewaste,Electronic Device,False,False
GROUP_08033,1,test,realwaste,Glass,False,False
GROUP_08034,1,test,realwaste,Paper,False,False
GROUP_08035,1,train,trashnet,Glass,False,False
GROUP_08036,1,train,trashnet,Cardboard,False,False
GROUP_08037,1,train,trashnet,Plastic,False,False
GROUP_08038,1,train,trashnet,Cardboard,False,False
GROUP_08039,1,train,ewaste,Large Electronic Appliance,False,False
GROUP_08040,2,train,phenomsg,Hazardous Waste,True,True
GROUP_08041,1,train,ewaste,Electronic Component,False,False
GROUP_08042,1,train,realwaste,Glass,False,False
GROUP_08043,1,train,realwaste,Metal,False,False
GROUP_08044,1,train,trashnet,Paper,False,False
GROUP_08045,2,train,trashnet,Paper,False,True
GROUP_08046,1,train,trashnet,Cardboard,False,False
GROUP_08047,1,train,realwaste,Plastic,False,False
GROUP_08048,1,train,ewaste,Electronic Device,False,False
GROUP_08049,1,test,phenomsg,Recyclable Stream,False,False
GROUP_08050,1,train,realwaste,Residual,False,False
GROUP_08051,1,train,phenomsg,Recyclable Stream,False,False
GROUP_08052,1,train,trashnet,Cardboard,False,False
GROUP_08053,1,val,trashnet,Metal,False,False
GROUP_08054,1,test,ewaste,Electronic Device,False,False
GROUP_08055,1,train,realwaste,Cardboard,False,False
GROUP_08056,1,train,realwaste,Metal,False,False
GROUP_08057,1,train,realwaste,Vegetation,False,False
GROUP_08058,2,train,phenomsg,Hazardous Waste,True,True
GROUP_08059,1,val,phenomsg,Recyclable Stream,False,False
GROUP_08060,1,train,trashnet,Glass,False,False
GROUP_08061,1,test,ewaste,Large Electronic Appliance,False,False
GROUP_08062,1,train,ewaste,Electronic Device,False,False
GROUP_08063,1,train,ewaste,Electronic Device,False,False
GROUP_08064,1,val,ewaste,Large Electronic Appliance,False,False
GROUP_08065,1,val,ewaste,Large Electronic Appliance,False,False
GROUP_08066,1,val,trashnet,Plastic,False,False
GROUP_08067,1,train,realwaste,Paper,False,False
GROUP_08068,1,train,realwaste,Glass,False,False
GROUP_08069,1,train,realwaste,Food Organics,False,False
GROUP_08070,1,train,phenomsg,Organic Stream,False,False
GROUP_08071,1,train,realwaste,Paper,False,False
GROUP_08072,1,train,ewaste,Electronic Device,False,False
GROUP_08073,1,train,realwaste,Paper,False,False
GROUP_08074,1,val,realwaste,Plastic,False,False
GROUP_08075,1,train,trashnet,Cardboard,False,False
GROUP_08076,1,test,phenomsg,Residual,False,False
GROUP_08077,1,train,phenomsg,Residual,False,False
GROUP_08078,1,val,trashnet,Plastic,False,False
GROUP_08079,1,test,ewaste,Electronic Device,False,False
GROUP_08080,1,train,realwaste,Metal,False,False
GROUP_08081,1,test,trashnet,Paper,False,False
GROUP_08082,1,train,realwaste,Metal,False,False
GROUP_08083,1,train,ewaste,Electronic Device,False,False
GROUP_08084,1,val,realwaste,Glass,False,False
GROUP_08085,1,test,realwaste,Textile,False,False
GROUP_08086,1,train,trashnet,Paper,False,False
GROUP_08087,1,test,ewaste,Electronic Device,False,False
GROUP_08088,1,val,trashnet,Metal,False,False
GROUP_08089,1,train,ewaste,Electronic Device,False,False
GROUP_08090,1,train,ewaste,Electronic Component,False,False
GROUP_08091,1,train,ewaste,Electronic Device,False,False
GROUP_08092,1,train,phenomsg,Residual,False,False
GROUP_08093,1,train,realwaste,Textile,False,False
GROUP_08094,1,train,ewaste,Large Electronic Appliance,False,False
GROUP_08095,3,train,ewaste,Large Electronic Appliance,False,True
GROUP_08096,1,train,realwaste,Glass,False,False
GROUP_08097,1,train,trashnet,Metal,False,False
GROUP_08098,1,train,ewaste,Large Electronic Appliance,False,False
GROUP_08099,1,train,realwaste,Metal,False,False
GROUP_08100,1,train,trashnet,Paper,False,False
GROUP_08101,1,val,ewaste,Battery,False,False
GROUP_08102,1,train,trashnet,Glass,False,False
GROUP_08103,1,train,realwaste,Plastic,False,False
GROUP_08104,1,train,trashnet,Glass,False,False
GROUP_08105,1,train,phenomsg,Hazardous Waste,False,False
GROUP_08106,1,train,phenomsg,Recyclable Stream,False,False
GROUP_08107,1,train,realwaste,Glass,False,False
GROUP_08108,1,train,realwaste,Residual,False,False
GROUP_08109,1,train,trashnet,Metal,False,False
GROUP_08110,1,val,ewaste,Electronic Device,False,False
GROUP_08111,1,train,trashnet,Metal,False,False
GROUP_08112,1,train,realwaste,Paper,False,False
GROUP_08113,1,train,realwaste,Cardboard,False,False
GROUP_08114,1,train,realwaste,Cardboard,False,False
GROUP_08115,1,train,realwaste,Metal,False,False
GROUP_08116,1,val,realwaste,Metal,False,False
GROUP_08117,1,train,realwaste,Plastic,False,False
GROUP_08118,1,train,ewaste,Electronic Device,False,False
GROUP_08119,2,train,trashnet,Metal,False,True
GROUP_08120,1,test,realwaste,Plastic,False,False
GROUP_08121,1,test,realwaste,Paper,False,False
GROUP_08122,1,train,realwaste,Vegetation,False,False
GROUP_08123,1,train,trashnet,Glass,False,False
GROUP_08124,1,train,phenomsg,Recyclable Stream,False,False
GROUP_08125,1,train,trashnet,Metal,False,False
GROUP_08126,1,train,trashnet,Paper,False,False
GROUP_08127,1,test,realwaste,Textile,False,False
GROUP_08128,1,test,realwaste,Food Organics,False,False
GROUP_08129,1,train,phenomsg,Recyclable Stream,False,False
GROUP_08130,1,test,realwaste,Food Organics,False,False
GROUP_08131,1,train,trashnet,Cardboard,False,False
GROUP_08132,1,train,realwaste,Food Organics,False,False
GROUP_08133,1,train,ewaste,Large Electronic Appliance,False,False
GROUP_08134,1,train,realwaste,Food Organics,False,False
GROUP_08135,1,train,realwaste,Cardboard,False,False
GROUP_08136,1,train,realwaste,Metal,False,False
GROUP_08137,1,val,realwaste,Textile,False,False
GROUP_08138,1,val,phenomsg,Recyclable Stream,False,False
GROUP_08139,1,train,ewaste,Electronic Device,False,False
GROUP_08140,1,test,realwaste,Metal,False,False
GROUP_08141,1,test,ewaste,Electronic Device,False,False
GROUP_08142,1,val,trashnet,Cardboard,False,False
GROUP_08143,1,val,ewaste,Electronic Device,False,False
GROUP_08144,1,train,ewaste,Large Electronic Appliance,False,False
GROUP_08145,1,val,realwaste,Food Organics,False,False
GROUP_08146,1,train,realwaste,Metal,False,False
GROUP_08147,1,train,ewaste,Electronic Device,False,False
GROUP_08148,1,test,trashnet,Paper,False,False
GROUP_08149,1,train,trashnet,Residual,False,False
GROUP_08150,1,train,trashnet,Metal,False,False
GROUP_08151,1,train,phenomsg,Recyclable Stream,False,False
GROUP_08152,1,test,trashnet,Plastic,False,False
GROUP_08153,1,val,ewaste,Electronic Device,False,False
GROUP_08154,1,val,realwaste,Plastic,False,False
GROUP_08155,1,test,trashnet,Paper,False,False
GROUP_08156,1,train,ewaste,Electronic Device,False,False
GROUP_08157,1,train,ewaste,Battery,False,False
GROUP_08158,1,train,trashnet,Cardboard,False,False
GROUP_08159,1,train,phenomsg,Recyclable Stream,False,False
GROUP_08160,1,test,phenomsg,Organic Stream,False,False
GROUP_08161,1,train,realwaste,Plastic,False,False
GROUP_08162,1,train,trashnet,Paper,False,False
GROUP_08163,1,train,phenomsg,Organic Stream,False,False
GROUP_08164,1,train,realwaste,Residual,False,False
GROUP_08165,1,train,realwaste,Textile,False,False
GROUP_08166,1,train,phenomsg,Recyclable Stream,False,False
GROUP_08167,1,test,realwaste,Textile,False,False
GROUP_08168,1,train,phenomsg,Recyclable Stream,False,False
GROUP_08169,1,val,realwaste,Residual,False,False
GROUP_08170,1,test,trashnet,Plastic,False,False
GROUP_08171,1,train,trashnet,Plastic,False,False
GROUP_08172,1,test,ewaste,Large Electronic Appliance,False,False
GROUP_08173,1,train,ewaste,Electronic Device,False,False
GROUP_08174,1,train,phenomsg,Organic Stream,False,False
GROUP_08175,1,train,realwaste,Paper,False,False
GROUP_08176,1,train,realwaste,Food Organics,False,False
GROUP_08177,1,train,realwaste,Paper,False,False
GROUP_08178,1,test,realwaste,Plastic,False,False
GROUP_08179,1,train,trashnet,Residual,False,False
GROUP_08180,1,train,ewaste,Large Electronic Appliance,False,False
GROUP_08181,1,train,realwaste,Plastic,False,False
GROUP_08182,1,val,realwaste,Cardboard,False,False
GROUP_08183,1,train,trashnet,Metal,False,False
GROUP_08184,1,test,phenomsg,Residual,False,False
GROUP_08185,1,train,ewaste,Large Electronic Appliance,False,False
GROUP_08186,1,train,ewaste,Battery,False,False
GROUP_08187,1,train,trashnet,Glass,False,False
GROUP_08188,1,train,ewaste,Large Electronic Appliance,False,False
GROUP_08189,1,val,trashnet,Metal,False,False
GROUP_08190,1,train,realwaste,Food Organics,False,False
GROUP_08191,1,train,realwaste,Plastic,False,False
GROUP_08192,1,test,ewaste,Electronic Component,False,False
GROUP_08193,1,test,ewaste,Electronic Device,False,False
GROUP_08194,1,train,phenomsg,Organic Stream,False,False
GROUP_08195,1,test,phenomsg,Organic Stream,False,False
GROUP_08196,1,train,ewaste,Large Electronic Appliance,False,False
GROUP_08197,1,train,phenomsg,Recyclable Stream,False,False
GROUP_08198,1,train,ewaste,Electronic Device,False,False
GROUP_08199,1,train,phenomsg,Organic Stream,False,False
GROUP_08200,1,train,realwaste,Glass,False,False
GROUP_08201,1,val,realwaste,Glass,False,False
GROUP_08202,1,train,realwaste,Paper,False,False
GROUP_08203,1,test,ewaste,Battery,False,False
GROUP_08204,1,train,ewaste,Electronic Device,False,False
GROUP_08205,1,train,phenomsg,Residual,False,False
GROUP_08206,2,train,trashnet,Cardboard,False,True
GROUP_08207,1,train,ewaste,Electronic Device,False,False
GROUP_08208,1,val,realwaste,Plastic,False,False
GROUP_08209,1,test,ewaste,Large Electronic Appliance,False,False
GROUP_08210,1,train,trashnet,Metal,False,False
GROUP_08211,1,train,trashnet,Cardboard,False,False
GROUP_08212,1,train,realwaste,Vegetation,False,False
GROUP_08213,1,val,realwaste,Residual,False,False
GROUP_08214,1,train,realwaste,Metal,False,False
GROUP_08215,1,train,realwaste,Metal,False,False
GROUP_08216,1,test,trashnet,Paper,False,False
GROUP_08217,1,test,realwaste,Plastic,False,False
GROUP_08218,1,train,ewaste,Large Electronic Appliance,False,False
GROUP_08219,1,test,realwaste,Food Organics,False,False
GROUP_08220,1,test,realwaste,Plastic,False,False
GROUP_08221,1,train,phenomsg,Organic Stream,False,False
GROUP_08222,1,train,realwaste,Glass,False,False
GROUP_08223,2,train,phenomsg,Residual,True,True
GROUP_08224,1,train,realwaste,Glass,False,False
GROUP_08225,1,train,phenomsg,Organic Stream,False,False
GROUP_08226,1,train,ewaste,Large Electronic Appliance,False,False
GROUP_08227,1,test,realwaste,Metal,False,False
GROUP_08228,1,test,phenomsg,Organic Stream,False,False
GROUP_08229,1,train,ewaste,Large Electronic Appliance,False,False
GROUP_08230,1,val,phenomsg,Hazardous Waste,False,False
GROUP_08231,1,test,ewaste,Large Electronic Appliance,False,False
GROUP_08232,1,train,ewaste,Electronic Device,False,False
GROUP_08233,1,train,realwaste,Food Organics,False,False
GROUP_08234,1,train,trashnet,Paper,False,False
GROUP_08235,1,test,ewaste,Large Electronic Appliance,False,False
GROUP_08236,1,test,ewaste,Electronic Device,False,False
GROUP_08237,1,train,trashnet,Residual,False,False
GROUP_08238,1,train,ewaste,Large Electronic Appliance,False,False
GROUP_08239,1,train,realwaste,Vegetation,False,False
GROUP_08240,1,train,realwaste,Vegetation,False,False
GROUP_08241,1,train,realwaste,Vegetation,False,False
GROUP_08242,1,test,realwaste,Food Organics,False,False
GROUP_08243,1,val,realwaste,Textile,False,False
GROUP_08244,1,train,ewaste,Large Electronic Appliance,False,False
GROUP_08245,1,test,realwaste,Cardboard,False,False
GROUP_08246,1,train,ewaste,Electronic Device,False,False
GROUP_08247,1,val,phenomsg,Recyclable Stream,False,False
GROUP_08248,1,train,realwaste,Paper,False,False
GROUP_08249,1,train,realwaste,Glass,False,False
GROUP_08250,1,train,phenomsg,Recyclable Stream,False,False
GROUP_08251,1,train,phenomsg,Organic Stream,False,False
GROUP_08252,1,train,realwaste,Plastic,False,False
GROUP_08253,1,train,trashnet,Plastic,False,False
GROUP_08254,1,train,trashnet,Metal,False,False
GROUP_08255,1,test,realwaste,Metal,False,False
GROUP_08256,1,val,ewaste,Electronic Device,False,False
GROUP_08257,1,train,realwaste,Cardboard,False,False
GROUP_08258,1,val,realwaste,Residual,False,False
GROUP_08259,1,train,trashnet,Paper,False,False
GROUP_08260,1,train,realwaste,Plastic,False,False
GROUP_08261,1,train,ewaste,Battery,False,False
GROUP_08262,1,train,phenomsg,Organic Stream,False,False
GROUP_08263,1,train,phenomsg,Hazardous Waste,False,False
GROUP_08264,1,train,realwaste,Plastic,False,False
GROUP_08265,1,train,trashnet,Residual,False,False
GROUP_08266,1,val,realwaste,Food Organics,False,False
GROUP_08267,1,train,phenomsg,Residual,False,False
GROUP_08268,1,test,trashnet,Cardboard,False,False
GROUP_08269,1,train,ewaste,Electronic Device,False,False
GROUP_08270,1,train,trashnet,Residual,False,False
GROUP_08271,1,train,ewaste,Electronic Device,False,False
GROUP_08272,1,train,ewaste,Electronic Device,False,False
GROUP_08273,2,train,phenomsg,Hazardous Waste,True,True
GROUP_08274,1,train,realwaste,Textile,False,False
GROUP_08275,1,train,realwaste,Vegetation,False,False
GROUP_08276,1,val,realwaste,Vegetation,False,False
GROUP_08277,1,train,realwaste,Paper,False,False
GROUP_08278,1,train,ewaste,Electronic Device,False,False
GROUP_08279,1,train,realwaste,Metal,False,False
GROUP_08280,1,val,phenomsg,Recyclable Stream,False,False
GROUP_08281,1,train,trashnet,Paper,False,False
GROUP_08282,1,test,realwaste,Plastic,False,False
GROUP_08283,1,val,realwaste,Metal,False,False
GROUP_08284,1,val,ewaste,Electronic Device,False,False
GROUP_08285,1,train,phenomsg,Recyclable Stream,False,False
GROUP_08286,1,val,trashnet,Glass,False,False
GROUP_08287,1,train,realwaste,Glass,False,False
GROUP_08288,1,val,realwaste,Plastic,False,False
GROUP_08289,1,train,trashnet,Plastic,False,False
GROUP_08290,1,test,realwaste,Cardboard,False,False
GROUP_08291,2,train,phenomsg,Hazardous Waste,True,True
GROUP_08292,1,train,phenomsg,Residual,False,False
GROUP_08293,1,train,ewaste,Electronic Device,False,False
GROUP_08294,1,train,ewaste,Large Electronic Appliance,False,False
GROUP_08295,1,train,phenomsg,Residual,False,False
GROUP_08296,1,test,realwaste,Metal,False,False
GROUP_08297,1,val,realwaste,Vegetation,False,False
GROUP_08298,1,val,phenomsg,Hazardous Waste,False,False
GROUP_08299,1,test,ewaste,Battery,False,False
GROUP_08300,1,train,phenomsg,Hazardous Waste,False,False
GROUP_08301,1,test,trashnet,Plastic,False,False
GROUP_08302,1,train,trashnet,Paper,False,False
GROUP_08303,1,test,realwaste,Vegetation,False,False
GROUP_08304,1,train,phenomsg,Recyclable Stream,False,False
GROUP_08305,1,val,realwaste,Cardboard,False,False
GROUP_08306,1,train,trashnet,Metal,False,False
GROUP_08307,1,train,ewaste,Electronic Component,False,False
GROUP_08308,1,train,realwaste,Metal,False,False
GROUP_08309,1,train,phenomsg,Organic Stream,False,False
GROUP_08310,1,test,phenomsg,Residual,False,False
GROUP_08311,1,train,realwaste,Cardboard,False,False
GROUP_08312,1,train,realwaste,Metal,False,False
GROUP_08313,1,train,realwaste,Residual,False,False
GROUP_08314,1,train,realwaste,Textile,False,False
GROUP_08315,1,test,realwaste,Metal,False,False
GROUP_08316,1,train,ewaste,Electronic Device,False,False
GROUP_08317,1,train,ewaste,Electronic Device,False,False
GROUP_08318,1,test,phenomsg,Recyclable Stream,False,False
GROUP_08319,1,train,phenomsg,Hazardous Waste,False,False
GROUP_08320,1,train,realwaste,Textile,False,False
GROUP_08321,1,train,ewaste,Large Electronic Appliance,False,False
GROUP_08322,1,train,trashnet,Paper,False,False
GROUP_08323,1,val,realwaste,Food Organics,False,False
GROUP_08324,1,val,realwaste,Textile,False,False
GROUP_08325,1,train,realwaste,Food Organics,False,False
GROUP_08326,1,test,realwaste,Plastic,False,False
GROUP_08327,1,train,trashnet,Paper,False,False
GROUP_08328,1,train,phenomsg,Recyclable Stream,False,False
GROUP_08329,1,train,trashnet,Residual,False,False
GROUP_08330,1,train,realwaste,Residual,False,False
GROUP_08331,1,train,realwaste,Glass,False,False
GROUP_08332,1,train,trashnet,Glass,False,False
GROUP_08333,1,train,realwaste,Plastic,False,False
GROUP_08334,1,val,realwaste,Food Organics,False,False
GROUP_08335,1,val,trashnet,Paper,False,False
GROUP_08336,1,train,phenomsg,Recyclable Stream,False,False
GROUP_08337,1,train,trashnet,Paper,False,False
GROUP_08338,1,train,ewaste,Electronic Device,False,False
GROUP_08339,1,train,realwaste,Residual,False,False
GROUP_08340,1,train,ewaste,Large Electronic Appliance,False,False
GROUP_08341,1,train,realwaste,Glass,False,False
GROUP_08342,1,train,phenomsg,Residual,False,False
GROUP_08343,1,train,phenomsg,Recyclable Stream,False,False
GROUP_08344,1,train,realwaste,Textile,False,False
GROUP_08345,1,train,ewaste,Electronic Device,False,False
GROUP_08346,1,train,trashnet,Paper,False,False
GROUP_08347,1,test,realwaste,Paper,False,False
GROUP_08348,1,val,realwaste,Vegetation,False,False
GROUP_08349,1,train,realwaste,Plastic,False,False
GROUP_08350,1,val,ewaste,Large Electronic Appliance,False,False
GROUP_08351,1,val,realwaste,Glass,False,False
GROUP_08352,1,val,realwaste,Metal,False,False
GROUP_08353,1,train,realwaste,Residual,False,False
GROUP_08354,1,train,trashnet,Residual,False,False
GROUP_08355,1,train,ewaste,Electronic Device,False,False
GROUP_08356,1,train,phenomsg,Organic Stream,False,False
GROUP_08357,1,train,phenomsg,Organic Stream,False,False
GROUP_08358,1,val,ewaste,Large Electronic Appliance,False,False
GROUP_08359,1,train,phenomsg,Residual,False,False
GROUP_08360,1,val,trashnet,Plastic,False,False
GROUP_08361,1,train,trashnet,Residual,False,False
GROUP_08362,1,train,ewaste,Large Electronic Appliance,False,False
GROUP_08363,1,train,realwaste,Plastic,False,False
GROUP_08364,1,train,realwaste,Plastic,False,False
GROUP_08365,1,train,realwaste,Plastic,False,False
GROUP_08366,1,train,realwaste,Glass,False,False
GROUP_08367,1,train,realwaste,Plastic,False,False
GROUP_08368,1,train,ewaste,Large Electronic Appliance,False,False
GROUP_08369,1,train,phenomsg,Organic Stream,False,False
GROUP_08370,1,train,realwaste,Food Organics,False,False
GROUP_08371,1,train,realwaste,Metal,False,False
GROUP_08372,1,train,ewaste,Battery,False,False
GROUP_08373,1,test,realwaste,Paper,False,False
GROUP_08374,1,train,ewaste,Large Electronic Appliance,False,False
GROUP_08375,1,train,ewaste,Electronic Component,False,False
GROUP_08376,1,test,ewaste,Electronic Device,False,False
GROUP_08377,1,train,ewaste,Electronic Device,False,False
GROUP_08378,1,train,realwaste,Metal,False,False
GROUP_08379,1,train,realwaste,Plastic,False,False
GROUP_08380,1,train,trashnet,Glass,False,False
GROUP_08381,1,val,phenomsg,Recyclable Stream,False,False
GROUP_08382,1,train,phenomsg,Residual,False,False
GROUP_08383,1,val,realwaste,Cardboard,False,False
GROUP_08384,1,train,realwaste,Plastic,False,False
GROUP_08385,1,train,ewaste,Electronic Component,False,False
GROUP_08386,1,train,trashnet,Glass,False,False
GROUP_08387,1,train,trashnet,Plastic,False,False
GROUP_08388,1,train,phenomsg,Organic Stream,False,False
GROUP_08389,1,train,phenomsg,Residual,False,False
GROUP_08390,1,val,trashnet,Plastic,False,False
GROUP_08391,1,train,ewaste,Electronic Device,False,False
GROUP_08392,1,train,realwaste,Residual,False,False
GROUP_08393,1,train,phenomsg,Recyclable Stream,False,False
GROUP_08394,1,train,ewaste,Electronic Device,False,False
GROUP_08395,1,train,realwaste,Food Organics,False,False
GROUP_08396,1,train,realwaste,Metal,False,False
GROUP_08397,1,test,ewaste,Large Electronic Appliance,False,False
GROUP_08398,2,train,phenomsg,Hazardous Waste,True,True
GROUP_08399,1,train,phenomsg,Residual,False,False
GROUP_08400,1,train,realwaste,Paper,False,False
GROUP_08401,1,train,trashnet,Cardboard,False,False
GROUP_08402,1,test,realwaste,Plastic,False,False
GROUP_08403,1,train,phenomsg,Organic Stream,False,False
GROUP_08404,1,train,realwaste,Cardboard,False,False
GROUP_08405,1,train,realwaste,Plastic,False,False
GROUP_08406,1,val,realwaste,Plastic,False,False
GROUP_08407,1,val,realwaste,Metal,False,False
GROUP_08408,1,train,trashnet,Cardboard,False,False
GROUP_08409,2,train,phenomsg,Hazardous Waste,True,True
GROUP_08410,1,train,phenomsg,Residual,False,False
GROUP_08411,1,test,phenomsg,Residual,False,False
GROUP_08412,1,train,phenomsg,Recyclable Stream,False,False
GROUP_08413,1,train,realwaste,Glass,False,False
GROUP_08414,1,train,trashnet,Glass,False,False
GROUP_08415,1,train,phenomsg,Residual,False,False
GROUP_08416,2,train,phenomsg,Hazardous Waste,True,True
GROUP_08417,1,val,realwaste,Vegetation,False,False
GROUP_08418,1,train,trashnet,Glass,False,False
GROUP_08419,1,train,ewaste,Electronic Device,False,False
GROUP_08420,1,train,realwaste,Vegetation,False,False
GROUP_08421,1,train,realwaste,Glass,False,False
GROUP_08422,1,train,realwaste,Food Organics,False,False
GROUP_08423,1,train,ewaste,Electronic Device,False,False
GROUP_08424,1,val,ewaste,Electronic Device,False,False
GROUP_08425,1,val,realwaste,Paper,False,False
GROUP_08426,1,val,realwaste,Plastic,False,False
GROUP_08427,1,train,trashnet,Glass,False,False
GROUP_08428,1,train,realwaste,Residual,False,False
GROUP_08429,1,train,trashnet,Metal,False,False
GROUP_08430,1,train,realwaste,Food Organics,False,False
GROUP_08431,1,train,ewaste,Large Electronic Appliance,False,False
GROUP_08432,1,test,phenomsg,Organic Stream,False,False
GROUP_08433,1,train,realwaste,Paper,False,False
GROUP_08434,1,train,trashnet,Paper,False,False
GROUP_08435,1,train,phenomsg,Hazardous Waste,False,False
GROUP_08436,1,test,realwaste,Cardboard,False,False
GROUP_08437,1,val,ewaste,Large Electronic Appliance,False,False
GROUP_08438,1,train,realwaste,Residual,False,False
GROUP_08439,1,train,ewaste,Battery,False,False
GROUP_08440,1,val,trashnet,Cardboard,False,False
GROUP_08441,1,train,phenomsg,Organic Stream,False,False
GROUP_08442,1,train,realwaste,Plastic,False,False
GROUP_08443,1,train,trashnet,Residual,False,False
GROUP_08444,1,test,realwaste,Paper,False,False
GROUP_08445,1,train,phenomsg,Recyclable Stream,False,False
GROUP_08446,1,train,phenomsg,Hazardous Waste,False,False
GROUP_08447,1,train,realwaste,Plastic,False,False
GROUP_08448,1,train,phenomsg,Residual,False,False
GROUP_08449,1,train,realwaste,Textile,False,False
GROUP_08450,1,train,realwaste,Vegetation,False,False
GROUP_08451,1,val,realwaste,Metal,False,False
GROUP_08452,1,train,trashnet,Metal,False,False
GROUP_08453,1,train,trashnet,Paper,False,False
GROUP_08454,1,train,phenomsg,Organic Stream,False,False
GROUP_08455,1,train,trashnet,Cardboard,False,False
GROUP_08456,1,train,phenomsg,Organic Stream,False,False
GROUP_08457,1,train,realwaste,Plastic,False,False
GROUP_08458,1,val,ewaste,Electronic Device,False,False
GROUP_08459,1,val,phenomsg,Residual,False,False
GROUP_08460,1,val,ewaste,Large Electronic Appliance,False,False
GROUP_08461,1,train,trashnet,Cardboard,False,False
GROUP_08462,1,train,ewaste,Battery,False,False
GROUP_08463,1,train,realwaste,Cardboard,False,False
GROUP_08464,1,train,realwaste,Glass,False,False
GROUP_08465,1,train,realwaste,Paper,False,False
GROUP_08466,1,val,ewaste,Electronic Device,False,False
GROUP_08467,1,train,realwaste,Vegetation,False,False
GROUP_08468,1,test,ewaste,Electronic Device,False,False
GROUP_08469,1,train,realwaste,Metal,False,False
GROUP_08470,1,train,ewaste,Electronic Device,False,False
GROUP_08471,1,test,ewaste,Battery,False,False
GROUP_08472,1,train,realwaste,Vegetation,False,False
GROUP_08473,1,train,ewaste,Electronic Component,False,False
GROUP_08474,1,val,realwaste,Metal,False,False
GROUP_08475,1,train,trashnet,Cardboard,False,False
GROUP_08476,1,test,trashnet,Glass,False,False
GROUP_08477,1,train,phenomsg,Residual,False,False
GROUP_08478,1,test,realwaste,Plastic,False,False
GROUP_08479,1,train,trashnet,Plastic,False,False
GROUP_08480,1,train,trashnet,Paper,False,False
GROUP_08481,1,test,trashnet,Plastic,False,False
GROUP_08482,1,train,realwaste,Paper,False,False
GROUP_08483,1,train,realwaste,Textile,False,False
GROUP_08484,1,val,phenomsg,Residual,False,False
GROUP_08485,1,train,ewaste,Large Electronic Appliance,False,False
GROUP_08486,1,train,realwaste,Metal,False,False
GROUP_08487,1,train,trashnet,Metal,False,False
GROUP_08488,1,train,ewaste,Electronic Device,False,False
GROUP_08489,1,train,trashnet,Glass,False,False
GROUP_08490,1,test,trashnet,Glass,False,False
GROUP_08491,1,train,realwaste,Vegetation,False,False
GROUP_08492,1,train,ewaste,Large Electronic Appliance,False,False
GROUP_08493,1,train,realwaste,Vegetation,False,False
GROUP_08494,1,train,trashnet,Plastic,False,False
GROUP_08495,1,train,realwaste,Residual,False,False
GROUP_08496,1,test,trashnet,Cardboard,False,False
GROUP_08497,1,train,realwaste,Metal,False,False
GROUP_08498,1,val,realwaste,Residual,False,False
GROUP_08499,1,train,ewaste,Electronic Component,False,False
GROUP_08500,1,test,ewaste,Electronic Component,False,False
GROUP_08501,1,train,phenomsg,Organic Stream,False,False
GROUP_08502,1,train,realwaste,Cardboard,False,False
GROUP_08503,1,train,realwaste,Glass,False,False
GROUP_08504,1,train,trashnet,Glass,False,False
GROUP_08505,1,train,ewaste,Electronic Device,False,False
GROUP_08506,1,test,trashnet,Paper,False,False
GROUP_08507,1,train,realwaste,Glass,False,False
GROUP_08508,1,test,trashnet,Paper,False,False
GROUP_08509,1,train,phenomsg,Hazardous Waste,False,False
GROUP_08510,1,train,realwaste,Textile,False,False
GROUP_08511,1,test,realwaste,Residual,False,False
GROUP_08512,1,val,realwaste,Paper,False,False
GROUP_08513,1,train,ewaste,Electronic Component,False,False
GROUP_08514,1,val,ewaste,Electronic Device,False,False
GROUP_08515,1,train,realwaste,Metal,False,False
GROUP_08516,1,test,trashnet,Cardboard,False,False
GROUP_08517,1,val,phenomsg,Recyclable Stream,False,False
GROUP_08518,1,train,trashnet,Metal,False,False
GROUP_08519,1,train,realwaste,Plastic,False,False
GROUP_08520,1,train,trashnet,Paper,False,False
GROUP_08521,1,test,realwaste,Paper,False,False
GROUP_08522,1,train,trashnet,Cardboard,False,False
GROUP_08523,1,test,ewaste,Large Electronic Appliance,False,False
GROUP_08524,1,train,ewaste,Large Electronic Appliance,False,False
GROUP_08525,1,train,phenomsg,Organic Stream,False,False
GROUP_08526,1,train,realwaste,Glass,False,False
GROUP_08527,1,train,realwaste,Plastic,False,False
GROUP_08528,1,test,trashnet,Cardboard,False,False
GROUP_08529,1,train,phenomsg,Recyclable Stream,False,False
GROUP_08530,1,train,realwaste,Paper,False,False
GROUP_08531,1,train,trashnet,Paper,False,False
GROUP_08532,1,train,realwaste,Textile,False,False
GROUP_08533,1,test,realwaste,Cardboard,False,False
GROUP_08534,1,val,ewaste,Large Electronic Appliance,False,False
GROUP_08535,1,train,trashnet,Paper,False,False
GROUP_08536,1,test,ewaste,Electronic Device,False,False
GROUP_08537,1,train,trashnet,Plastic,False,False
GROUP_08538,1,val,ewaste,Electronic Device,False,False
GROUP_08539,1,train,ewaste,Large Electronic Appliance,False,False
GROUP_08540,1,train,ewaste,Electronic Device,False,False
GROUP_08541,1,train,phenomsg,Recyclable Stream,False,False
GROUP_08542,1,train,realwaste,Residual,False,False
GROUP_08543,1,test,realwaste,Metal,False,False
GROUP_08544,1,train,ewaste,Electronic Device,False,False
GROUP_08545,1,train,trashnet,Plastic,False,False
GROUP_08546,1,train,realwaste,Plastic,False,False
GROUP_08547,1,train,ewaste,Electronic Device,False,False
GROUP_08548,1,val,ewaste,Electronic Component,False,False
GROUP_08549,1,train,realwaste,Glass,False,False
GROUP_08550,1,val,phenomsg,Organic Stream,False,False
GROUP_08551,1,train,realwaste,Vegetation,False,False
GROUP_08552,1,train,ewaste,Battery,False,False
GROUP_08553,1,train,trashnet,Residual,False,False
GROUP_08554,1,train,ewaste,Large Electronic Appliance,False,False
GROUP_08555,1,train,phenomsg,Residual,False,False
GROUP_08556,1,train,ewaste,Large Electronic Appliance,False,False
GROUP_08557,1,train,trashnet,Plastic,False,False
GROUP_08558,1,val,ewaste,Electronic Device,False,False
GROUP_08559,1,train,trashnet,Plastic,False,False
GROUP_08560,1,train,trashnet,Plastic,False,False
GROUP_08561,1,val,ewaste,Electronic Device,False,False
GROUP_08562,1,val,realwaste,Plastic,False,False
GROUP_08563,1,train,phenomsg,Recyclable Stream,False,False
GROUP_08564,1,train,realwaste,Glass,False,False
GROUP_08565,1,train,trashnet,Glass,False,False
GROUP_08566,1,train,realwaste,Plastic,False,False
GROUP_08567,1,val,realwaste,Residual,False,False
GROUP_08568,1,test,phenomsg,Organic Stream,False,False
GROUP_08569,1,val,trashnet,Plastic,False,False
GROUP_08570,1,train,phenomsg,Hazardous Waste,False,False
GROUP_08571,1,val,realwaste,Glass,False,False
GROUP_08572,1,val,realwaste,Plastic,False,False
GROUP_08573,1,train,realwaste,Paper,False,False
GROUP_08574,1,val,trashnet,Plastic,False,False
GROUP_08575,1,train,ewaste,Electronic Device,False,False
GROUP_08576,1,train,realwaste,Cardboard,False,False
GROUP_08577,1,test,ewaste,Large Electronic Appliance,False,False
GROUP_08578,1,train,ewaste,Large Electronic Appliance,False,False
GROUP_08579,1,val,ewaste,Large Electronic Appliance,False,False
GROUP_08580,1,train,trashnet,Paper,False,False
GROUP_08581,1,train,realwaste,Metal,False,False
GROUP_08582,1,train,ewaste,Battery,False,False
GROUP_08583,1,train,realwaste,Residual,False,False
GROUP_08584,1,train,trashnet,Glass,False,False
GROUP_08585,1,train,realwaste,Residual,False,False
GROUP_08586,1,val,trashnet,Glass,False,False
GROUP_08587,1,train,ewaste,Electronic Device,False,False
GROUP_08588,1,test,realwaste,Plastic,False,False
GROUP_08589,1,train,phenomsg,Residual,False,False
GROUP_08590,1,train,ewaste,Battery,False,False
GROUP_08591,1,train,phenomsg,Recyclable Stream,False,False
GROUP_08592,1,train,trashnet,Cardboard,False,False
GROUP_08593,1,train,realwaste,Residual,False,False
GROUP_08594,1,train,realwaste,Paper,False,False
GROUP_08595,1,train,ewaste,Large Electronic Appliance,False,False
GROUP_08596,1,test,trashnet,Cardboard,False,False
GROUP_08597,1,train,realwaste,Vegetation,False,False
GROUP_08598,1,train,trashnet,Paper,False,False
GROUP_08599,1,test,phenomsg,Hazardous Waste,False,False
GROUP_08600,1,test,ewaste,Electronic Device,False,False
GROUP_08601,1,val,phenomsg,Residual,False,False
GROUP_08602,1,train,ewaste,Battery,False,False
GROUP_08603,1,train,ewaste,Electronic Device,False,False
GROUP_08604,1,val,phenomsg,Residual,False,False
GROUP_08605,1,train,trashnet,Residual,False,False
GROUP_08606,1,train,trashnet,Residual,False,False
GROUP_08607,1,train,ewaste,Large Electronic Appliance,False,False
GROUP_08608,1,val,phenomsg,Residual,False,False
GROUP_08609,1,train,realwaste,Cardboard,False,False
GROUP_08610,1,val,realwaste,Plastic,False,False
GROUP_08611,1,train,realwaste,Metal,False,False
GROUP_08612,1,train,trashnet,Residual,False,False
GROUP_08613,1,train,ewaste,Electronic Device,False,False
GROUP_08614,1,train,trashnet,Plastic,False,False
GROUP_08615,1,train,realwaste,Textile,False,False
GROUP_08616,1,train,realwaste,Plastic,False,False
GROUP_08617,1,train,realwaste,Residual,False,False
GROUP_08618,1,test,phenomsg,Residual,False,False
GROUP_08619,1,test,trashnet,Paper,False,False
GROUP_08620,1,test,ewaste,Battery,False,False
GROUP_08621,1,test,realwaste,Textile,False,False
GROUP_08622,1,train,ewaste,Electronic Device,False,False
GROUP_08623,1,test,ewaste,Large Electronic Appliance,False,False
GROUP_08624,1,val,ewaste,Electronic Device,False,False
GROUP_08625,1,train,ewaste,Large Electronic Appliance,False,False
GROUP_08626,1,train,phenomsg,Hazardous Waste,False,False
GROUP_08627,1,train,trashnet,Cardboard,False,False
GROUP_08628,1,train,ewaste,Electronic Component,False,False
GROUP_08629,1,train,realwaste,Glass,False,False
GROUP_08630,1,train,ewaste,Electronic Device,False,False
GROUP_08631,1,train,trashnet,Glass,False,False
GROUP_08632,1,val,realwaste,Textile,False,False
GROUP_08633,1,test,realwaste,Textile,False,False
GROUP_08634,1,test,phenomsg,Hazardous Waste,False,False
GROUP_08635,1,train,realwaste,Food Organics,False,False
GROUP_08636,1,train,ewaste,Large Electronic Appliance,False,False
GROUP_08637,1,train,trashnet,Metal,False,False
GROUP_08638,1,train,trashnet,Metal,False,False
GROUP_08639,1,test,ewaste,Large Electronic Appliance,False,False
GROUP_08640,1,train,realwaste,Plastic,False,False
GROUP_08641,1,train,ewaste,Electronic Component,False,False
GROUP_08642,1,val,realwaste,Metal,False,False
GROUP_08643,1,test,realwaste,Vegetation,False,False
GROUP_08644,1,val,realwaste,Vegetation,False,False
GROUP_08645,1,train,trashnet,Paper,False,False
GROUP_08646,1,test,ewaste,Electronic Device,False,False
GROUP_08647,1,train,trashnet,Glass,False,False
GROUP_08648,1,val,realwaste,Plastic,False,False
GROUP_08649,1,train,ewaste,Electronic Device,False,False
GROUP_08650,1,val,trashnet,Metal,False,False
GROUP_08651,1,val,phenomsg,Organic Stream,False,False
GROUP_08652,1,train,phenomsg,Recyclable Stream,False,False
GROUP_08653,1,test,realwaste,Textile,False,False
GROUP_08654,1,val,trashnet,Cardboard,False,False
GROUP_08655,1,train,trashnet,Metal,False,False
GROUP_08656,1,val,trashnet,Paper,False,False
GROUP_08657,2,train,ewaste,Electronic Device,False,True
GROUP_08658,1,test,ewaste,Electronic Device,False,False
GROUP_08659,1,train,ewaste,Electronic Device,False,False
GROUP_08660,1,train,phenomsg,Organic Stream,False,False
GROUP_08661,1,train,ewaste,Electronic Component,False,False
GROUP_08662,1,train,realwaste,Plastic,False,False
GROUP_08663,1,train,ewaste,Electronic Device,False,False
GROUP_08664,1,train,realwaste,Vegetation,False,False
GROUP_08665,1,test,trashnet,Glass,False,False
GROUP_08666,1,test,realwaste,Metal,False,False
GROUP_08667,1,val,trashnet,Paper,False,False
GROUP_08668,1,train,phenomsg,Organic Stream,False,False
GROUP_08669,1,val,phenomsg,Organic Stream,False,False
GROUP_08670,1,val,realwaste,Metal,False,False
GROUP_08671,1,train,realwaste,Plastic,False,False
GROUP_08672,1,train,realwaste,Vegetation,False,False
GROUP_08673,1,val,trashnet,Paper,False,False
GROUP_08674,1,train,trashnet,Metal,False,False
GROUP_08675,1,test,ewaste,Electronic Device,False,False
GROUP_08676,1,val,trashnet,Metal,False,False
GROUP_08677,1,train,realwaste,Metal,False,False
GROUP_08678,1,test,trashnet,Metal,False,False
GROUP_08679,1,train,ewaste,Electronic Device,False,False
GROUP_08680,1,val,phenomsg,Residual,False,False
GROUP_08681,1,train,trashnet,Metal,False,False
GROUP_08682,1,train,ewaste,Electronic Device,False,False
GROUP_08683,1,val,realwaste,Vegetation,False,False
GROUP_08684,1,train,realwaste,Glass,False,False
GROUP_08685,1,train,ewaste,Large Electronic Appliance,False,False
GROUP_08686,1,test,phenomsg,Hazardous Waste,False,False
GROUP_08687,1,train,realwaste,Plastic,False,False
GROUP_08688,1,train,realwaste,Metal,False,False
GROUP_08689,1,test,realwaste,Metal,False,False
GROUP_08690,1,val,realwaste,Vegetation,False,False
GROUP_08691,1,val,trashnet,Cardboard,False,False
GROUP_08692,1,test,trashnet,Paper,False,False
GROUP_08693,1,train,trashnet,Plastic,False,False
GROUP_08694,1,train,realwaste,Cardboard,False,False
GROUP_08695,1,test,realwaste,Textile,False,False
GROUP_08696,1,train,phenomsg,Organic Stream,False,False
GROUP_08697,1,train,phenomsg,Residual,False,False
GROUP_08698,1,test,phenomsg,Hazardous Waste,False,False
GROUP_08699,1,train,phenomsg,Recyclable Stream,False,False
GROUP_08700,1,train,realwaste,Food Organics,False,False
GROUP_08701,1,train,realwaste,Paper,False,False
GROUP_08702,1,train,realwaste,Metal,False,False
GROUP_08703,1,train,realwaste,Residual,False,False
GROUP_08704,1,train,realwaste,Metal,False,False
GROUP_08705,1,test,ewaste,Battery,False,False
GROUP_08706,1,val,realwaste,Vegetation,False,False
GROUP_08707,1,train,ewaste,Electronic Device,False,False
GROUP_08708,1,test,phenomsg,Residual,False,False
GROUP_08709,1,val,phenomsg,Hazardous Waste,False,False
GROUP_08710,1,train,ewaste,Battery,False,False
GROUP_08711,1,train,ewaste,Battery,False,False
GROUP_08712,1,val,realwaste,Residual,False,False
GROUP_08713,1,train,phenomsg,Residual,False,False
GROUP_08714,1,test,phenomsg,Residual,False,False
GROUP_08715,1,train,realwaste,Plastic,False,False
GROUP_08716,1,val,realwaste,Food Organics,False,False
GROUP_08717,1,train,realwaste,Glass,False,False
GROUP_08718,2,train,trashnet,Paper,False,True
GROUP_08719,1,train,phenomsg,Recyclable Stream,False,False
GROUP_08720,1,val,ewaste,Electronic Device,False,False
GROUP_08721,1,val,trashnet,Metal,False,False
GROUP_08722,1,test,trashnet,Paper,False,False
GROUP_08723,1,train,trashnet,Cardboard,False,False
GROUP_08724,1,train,trashnet,Glass,False,False
GROUP_08725,1,train,realwaste,Metal,False,False
GROUP_08726,2,train,phenomsg,Hazardous Waste,True,True
GROUP_08727,1,train,realwaste,Plastic,False,False
GROUP_08728,1,train,realwaste,Glass,False,False
GROUP_08729,1,train,ewaste,Electronic Device,False,False
GROUP_08730,1,val,trashnet,Glass,False,False
GROUP_08731,1,train,realwaste,Metal,False,False
GROUP_08732,1,val,ewaste,Electronic Device,False,False
GROUP_08733,1,test,ewaste,Electronic Device,False,False
GROUP_08734,1,val,trashnet,Metal,False,False
GROUP_08735,1,train,ewaste,Large Electronic Appliance,False,False
GROUP_08736,1,test,phenomsg,Recyclable Stream,False,False
GROUP_08737,1,test,realwaste,Plastic,False,False
GROUP_08738,1,train,trashnet,Residual,False,False
GROUP_08739,1,train,realwaste,Textile,False,False
GROUP_08740,1,train,ewaste,Electronic Device,False,False
GROUP_08741,1,train,trashnet,Paper,False,False
GROUP_08742,2,train,phenomsg,Hazardous Waste,True,True
GROUP_08743,1,train,realwaste,Plastic,False,False
GROUP_08744,1,train,realwaste,Cardboard,False,False
GROUP_08745,1,val,trashnet,Glass,False,False
GROUP_08746,1,train,realwaste,Metal,False,False
GROUP_08747,1,val,realwaste,Paper,False,False
GROUP_08748,1,train,realwaste,Glass,False,False
GROUP_08749,1,train,ewaste,Large Electronic Appliance,False,False
GROUP_08750,1,train,ewaste,Large Electronic Appliance,False,False
GROUP_08751,1,test,realwaste,Metal,False,False
GROUP_08752,1,train,trashnet,Metal,False,False
GROUP_08753,1,train,phenomsg,Recyclable Stream,False,False
GROUP_08754,1,train,realwaste,Plastic,False,False
GROUP_08755,1,train,ewaste,Electronic Device,False,False
GROUP_08756,1,train,realwaste,Plastic,False,False
GROUP_08757,1,train,trashnet,Paper,False,False
GROUP_08758,1,train,phenomsg,Residual,False,False
GROUP_08759,1,train,ewaste,Electronic Device,False,False
GROUP_08760,1,train,trashnet,Paper,False,False
GROUP_08761,1,train,phenomsg,Hazardous Waste,False,False
GROUP_08762,1,train,realwaste,Metal,False,False
GROUP_08763,1,val,realwaste,Food Organics,False,False
GROUP_08764,2,train,phenomsg,Hazardous Waste,True,True
GROUP_08765,1,train,realwaste,Food Organics,False,False
GROUP_08766,1,test,ewaste,Battery,False,False
GROUP_08767,1,test,ewaste,Electronic Component,False,False
GROUP_08768,1,test,realwaste,Food Organics,False,False
GROUP_08769,1,train,realwaste,Residual,False,False
GROUP_08770,1,train,realwaste,Paper,False,False
GROUP_08771,1,train,trashnet,Plastic,False,False
GROUP_08772,1,train,phenomsg,Residual,False,False
GROUP_08773,1,train,realwaste,Plastic,False,False
GROUP_08774,1,train,realwaste,Residual,False,False
GROUP_08775,1,val,realwaste,Plastic,False,False
GROUP_08776,1,test,trashnet,Glass,False,False
GROUP_08777,1,val,realwaste,Paper,False,False
GROUP_08778,1,test,ewaste,Electronic Component,False,False
GROUP_08779,1,train,phenomsg,Residual,False,False
GROUP_08780,1,train,realwaste,Residual,False,False
GROUP_08781,1,train,realwaste,Plastic,False,False
GROUP_08782,1,train,ewaste,Electronic Device,False,False
GROUP_08783,1,train,realwaste,Plastic,False,False
GROUP_08784,1,train,realwaste,Cardboard,False,False
GROUP_08785,1,val,realwaste,Paper,False,False
GROUP_08786,1,train,ewaste,Electronic Device,False,False
GROUP_08787,1,train,trashnet,Residual,False,False
GROUP_08788,1,test,ewaste,Electronic Device,False,False
GROUP_08789,1,val,realwaste,Metal,False,False
GROUP_08790,1,train,ewaste,Electronic Device,False,False
GROUP_08791,1,train,trashnet,Paper,False,False
GROUP_08792,1,val,trashnet,Paper,False,False
GROUP_08793,1,train,realwaste,Residual,False,False
GROUP_08794,1,test,realwaste,Cardboard,False,False
GROUP_08795,1,train,trashnet,Glass,False,False
GROUP_08796,1,train,phenomsg,Recyclable Stream,False,False
GROUP_08797,2,train,phenomsg,Hazardous Waste,True,True
GROUP_08798,1,train,realwaste,Vegetation,False,False
GROUP_08799,1,train,ewaste,Electronic Device,False,False
GROUP_08800,1,train,trashnet,Plastic,False,False
GROUP_08801,1,train,ewaste,Electronic Device,False,False
GROUP_08802,1,val,ewaste,Electronic Device,False,False
GROUP_08803,1,train,ewaste,Large Electronic Appliance,False,False
GROUP_08804,1,train,phenomsg,Recyclable Stream,False,False
GROUP_08805,1,train,phenomsg,Hazardous Waste,False,False
GROUP_08806,1,test,phenomsg,Hazardous Waste,False,False
GROUP_08807,1,train,phenomsg,Recyclable Stream,False,False
GROUP_08808,1,train,realwaste,Glass,False,False
GROUP_08809,1,test,realwaste,Food Organics,False,False
GROUP_08810,1,train,realwaste,Plastic,False,False
GROUP_08811,1,train,trashnet,Glass,False,False
GROUP_08812,1,train,phenomsg,Recyclable Stream,False,False
GROUP_08813,1,val,trashnet,Plastic,False,False
GROUP_08814,1,train,realwaste,Metal,False,False
GROUP_08815,1,train,phenomsg,Residual,False,False
GROUP_08816,1,test,ewaste,Electronic Device,False,False
GROUP_08817,1,val,phenomsg,Residual,False,False
GROUP_08818,1,test,trashnet,Glass,False,False
GROUP_08819,1,train,realwaste,Food Organics,False,False
GROUP_08820,1,test,realwaste,Vegetation,False,False
GROUP_08821,1,val,realwaste,Food Organics,False,False
GROUP_08822,1,train,realwaste,Plastic,False,False
GROUP_08823,1,train,realwaste,Metal,False,False
GROUP_08824,1,val,phenomsg,Recyclable Stream,False,False
GROUP_08825,1,train,phenomsg,Organic Stream,False,False
GROUP_08826,1,val,realwaste,Metal,False,False
GROUP_08827,1,val,realwaste,Residual,False,False
GROUP_08828,1,test,realwaste,Residual,False,False
GROUP_08829,1,test,trashnet,Metal,False,False
GROUP_08830,1,train,realwaste,Vegetation,False,False
GROUP_08831,1,train,trashnet,Metal,False,False
GROUP_08832,2,train,trashnet,Glass|Metal,True,True
GROUP_08833,1,train,phenomsg,Recyclable Stream,False,False
GROUP_08834,1,train,trashnet,Paper,False,False
GROUP_08835,1,train,realwaste,Metal,False,False
GROUP_08836,1,test,realwaste,Metal,False,False
GROUP_08837,1,train,realwaste,Metal,False,False
GROUP_08838,1,train,ewaste,Electronic Device,False,False
GROUP_08839,1,train,realwaste,Metal,False,False
GROUP_08840,1,train,realwaste,Metal,False,False
GROUP_08841,1,train,ewaste,Electronic Device,False,False
GROUP_08842,1,train,ewaste,Electronic Device,False,False
GROUP_08843,1,train,realwaste,Glass,False,False
GROUP_08844,1,train,phenomsg,Residual,False,False
GROUP_08845,1,train,realwaste,Metal,False,False
GROUP_08846,1,train,trashnet,Cardboard,False,False
GROUP_08847,1,train,trashnet,Paper,False,False
GROUP_08848,1,train,realwaste,Paper,False,False
GROUP_08849,1,test,realwaste,Plastic,False,False
GROUP_08850,1,val,phenomsg,Recyclable Stream,False,False
GROUP_08851,1,train,realwaste,Vegetation,False,False
GROUP_08852,1,val,ewaste,Battery,False,False
GROUP_08853,1,train,realwaste,Glass,False,False
GROUP_08854,1,train,ewaste,Electronic Device,False,False
GROUP_08855,1,test,trashnet,Glass,False,False
GROUP_08856,1,test,phenomsg,Organic Stream,False,False
GROUP_08857,1,train,realwaste,Paper,False,False
GROUP_08858,1,train,trashnet,Glass,False,False
GROUP_08859,1,train,ewaste,Large Electronic Appliance,False,False
GROUP_08860,1,train,ewaste,Electronic Device,False,False
GROUP_08861,2,train,phenomsg,Hazardous Waste,True,True
GROUP_08862,1,val,realwaste,Metal,False,False
GROUP_08863,1,train,ewaste,Electronic Component,False,False
GROUP_08864,1,train,trashnet,Cardboard,False,False
GROUP_08865,1,train,trashnet,Residual,False,False
GROUP_08866,1,val,trashnet,Residual,False,False
GROUP_08867,1,train,phenomsg,Recyclable Stream,False,False
GROUP_08868,1,train,realwaste,Plastic,False,False
GROUP_08869,1,train,trashnet,Glass,False,False
GROUP_08870,1,val,realwaste,Glass,False,False
GROUP_08871,1,train,ewaste,Electronic Device,False,False
GROUP_08872,1,train,trashnet,Paper,False,False
GROUP_08873,1,train,phenomsg,Organic Stream,False,False
GROUP_08874,1,train,phenomsg,Recyclable Stream,False,False
GROUP_08875,1,train,phenomsg,Recyclable Stream,False,False
GROUP_08876,1,train,realwaste,Glass,False,False
GROUP_08877,1,train,phenomsg,Recyclable Stream,False,False
GROUP_08878,1,test,phenomsg,Residual,False,False
GROUP_08879,1,val,realwaste,Glass,False,False
GROUP_08880,1,val,trashnet,Metal,False,False
GROUP_08881,1,test,phenomsg,Residual,False,False
GROUP_08882,1,train,phenomsg,Recyclable Stream,False,False
GROUP_08883,1,train,realwaste,Paper,False,False
GROUP_08884,1,train,realwaste,Plastic,False,False
GROUP_08885,1,train,realwaste,Cardboard,False,False
GROUP_08886,1,train,phenomsg,Recyclable Stream,False,False
GROUP_08887,1,train,ewaste,Electronic Device,False,False
GROUP_08888,1,train,realwaste,Cardboard,False,False
GROUP_08889,1,train,trashnet,Cardboard,False,False
GROUP_08890,1,train,phenomsg,Residual,False,False
GROUP_08891,1,test,realwaste,Food Organics,False,False
GROUP_08892,1,train,ewaste,Large Electronic Appliance,False,False
GROUP_08893,1,train,trashnet,Plastic,False,False
GROUP_08894,1,train,trashnet,Cardboard,False,False
GROUP_08895,1,train,trashnet,Metal,False,False
GROUP_08896,1,train,phenomsg,Residual,False,False
GROUP_08897,1,train,realwaste,Textile,False,False
GROUP_08898,1,train,realwaste,Vegetation,False,False
GROUP_08899,1,val,phenomsg,Residual,False,False
GROUP_08900,1,train,ewaste,Battery,False,False
GROUP_08901,1,train,realwaste,Food Organics,False,False
GROUP_08902,1,train,realwaste,Cardboard,False,False
GROUP_08903,1,test,realwaste,Vegetation,False,False
GROUP_08904,1,train,ewaste,Electronic Device,False,False
GROUP_08905,1,train,ewaste,Electronic Device,False,False
GROUP_08906,1,train,realwaste,Paper,False,False
GROUP_08907,1,test,trashnet,Metal,False,False
GROUP_08908,1,train,realwaste,Metal,False,False
GROUP_08909,1,train,trashnet,Plastic,False,False
GROUP_08910,1,train,ewaste,Electronic Device,False,False
GROUP_08911,1,train,trashnet,Paper,False,False
GROUP_08912,1,train,ewaste,Large Electronic Appliance,False,False
GROUP_08913,1,train,phenomsg,Organic Stream,False,False
GROUP_08914,1,train,realwaste,Food Organics,False,False
GROUP_08915,1,train,trashnet,Glass,False,False
GROUP_08916,1,train,phenomsg,Organic Stream,False,False
GROUP_08917,1,test,realwaste,Metal,False,False
GROUP_08918,1,test,trashnet,Plastic,False,False
GROUP_08919,1,train,phenomsg,Residual,False,False
GROUP_08920,1,train,realwaste,Food Organics,False,False
GROUP_08921,1,train,phenomsg,Organic Stream,False,False
GROUP_08922,2,train,phenomsg,Hazardous Waste,True,True
GROUP_08923,1,train,realwaste,Cardboard,False,False
GROUP_08924,1,test,trashnet,Cardboard,False,False
GROUP_08925,1,train,trashnet,Cardboard,False,False
GROUP_08926,1,val,realwaste,Residual,False,False
GROUP_08927,1,train,ewaste,Large Electronic Appliance,False,False
GROUP_08928,1,train,ewaste,Electronic Device,False,False
GROUP_08929,1,val,ewaste,Electronic Device,False,False
GROUP_08930,1,test,phenomsg,Recyclable Stream,False,False
GROUP_08931,1,val,ewaste,Electronic Device,False,False
GROUP_08932,1,train,trashnet,Plastic,False,False
GROUP_08933,1,train,ewaste,Electronic Device,False,False
GROUP_08934,1,train,phenomsg,Recyclable Stream,False,False
GROUP_08935,1,test,realwaste,Food Organics,False,False
GROUP_08936,1,val,realwaste,Plastic,False,False
GROUP_08937,1,train,realwaste,Plastic,False,False
GROUP_08938,1,train,realwaste,Food Organics,False,False
GROUP_08939,1,test,ewaste,Electronic Device,False,False
GROUP_08940,1,val,phenomsg,Recyclable Stream,False,False
GROUP_08941,1,test,phenomsg,Recyclable Stream,False,False
GROUP_08942,1,val,ewaste,Electronic Device,False,False
GROUP_08943,1,train,phenomsg,Hazardous Waste,False,False
GROUP_08944,1,train,realwaste,Food Organics,False,False
GROUP_08945,1,train,realwaste,Metal,False,False
GROUP_08946,1,test,ewaste,Large Electronic Appliance,False,False
GROUP_08947,1,val,realwaste,Metal,False,False
GROUP_08948,1,train,trashnet,Glass,False,False
GROUP_08949,2,train,ewaste,Large Electronic Appliance,True,True
GROUP_08950,1,train,ewaste,Electronic Device,False,False
GROUP_08951,1,train,phenomsg,Residual,False,False
GROUP_08952,1,val,trashnet,Cardboard,False,False
GROUP_08953,1,val,trashnet,Glass,False,False
GROUP_08954,1,train,trashnet,Plastic,False,False
GROUP_08955,1,train,ewaste,Large Electronic Appliance,False,False
GROUP_08956,1,test,realwaste,Textile,False,False
GROUP_08957,1,train,realwaste,Residual,False,False
GROUP_08958,1,test,ewaste,Large Electronic Appliance,False,False
GROUP_08959,1,train,phenomsg,Residual,False,False
GROUP_08960,1,val,trashnet,Metal,False,False
GROUP_08961,1,train,realwaste,Plastic,False,False
GROUP_08962,1,train,realwaste,Plastic,False,False
GROUP_08963,1,train,ewaste,Battery,False,False
GROUP_08964,1,val,realwaste,Metal,False,False
GROUP_08965,1,train,realwaste,Paper,False,False
GROUP_08966,1,val,realwaste,Metal,False,False
GROUP_08967,1,train,realwaste,Glass,False,False
GROUP_08968,1,val,realwaste,Plastic,False,False
GROUP_08969,1,train,trashnet,Glass,False,False
GROUP_08970,1,test,realwaste,Paper,False,False
GROUP_08971,1,val,realwaste,Metal,False,False
GROUP_08972,1,train,realwaste,Glass,False,False
GROUP_08973,1,train,realwaste,Residual,False,False
GROUP_08974,1,train,trashnet,Residual,False,False
GROUP_08975,1,train,ewaste,Battery,False,False
GROUP_08976,1,train,realwaste,Residual,False,False
GROUP_08977,1,train,realwaste,Glass,False,False
GROUP_08978,1,train,trashnet,Paper,False,False
GROUP_08979,1,train,trashnet,Plastic,False,False
GROUP_08980,1,train,realwaste,Plastic,False,False
GROUP_08981,1,train,realwaste,Plastic,False,False
GROUP_08982,1,train,realwaste,Cardboard,False,False
GROUP_08983,1,train,realwaste,Residual,False,False
GROUP_08984,1,train,ewaste,Electronic Device,False,False
GROUP_08985,1,train,ewaste,Large Electronic Appliance,False,False
GROUP_08986,1,test,phenomsg,Recyclable Stream,False,False
GROUP_08987,1,train,ewaste,Large Electronic Appliance,False,False
GROUP_08988,1,train,trashnet,Paper,False,False
GROUP_08989,1,train,ewaste,Electronic Component,False,False
GROUP_08990,1,test,ewaste,Electronic Device,False,False
GROUP_08991,1,val,realwaste,Food Organics,False,False
GROUP_08992,1,train,ewaste,Electronic Device,False,False
GROUP_08993,2,train,phenomsg,Hazardous Waste,True,True
GROUP_08994,1,train,realwaste,Cardboard,False,False
GROUP_08995,1,train,realwaste,Glass,False,False
GROUP_08996,1,train,realwaste,Vegetation,False,False
GROUP_08997,1,val,ewaste,Electronic Device,False,False
GROUP_08998,1,train,trashnet,Cardboard,False,False
GROUP_08999,1,train,phenomsg,Residual,False,False
GROUP_09000,1,train,ewaste,Electronic Device,False,False
GROUP_09001,1,train,trashnet,Paper,False,False
GROUP_09002,2,train,phenomsg,Hazardous Waste,True,True
GROUP_09003,1,train,ewaste,Large Electronic Appliance,False,False
GROUP_09004,1,train,ewaste,Large Electronic Appliance,False,False
GROUP_09005,1,train,phenomsg,Residual,False,False
GROUP_09006,1,train,realwaste,Paper,False,False
GROUP_09007,1,train,ewaste,Electronic Component,False,False
GROUP_09008,1,val,realwaste,Food Organics,False,False
GROUP_09009,1,train,realwaste,Plastic,False,False
GROUP_09010,1,val,ewaste,Battery,False,False
GROUP_09011,1,test,ewaste,Electronic Component,False,False
GROUP_09012,1,train,phenomsg,Hazardous Waste,False,False
GROUP_09013,1,train,realwaste,Cardboard,False,False
GROUP_09014,1,train,realwaste,Cardboard,False,False
GROUP_09015,1,train,realwaste,Plastic,False,False
GROUP_09016,1,train,realwaste,Residual,False,False
GROUP_09017,1,val,trashnet,Paper,False,False
GROUP_09018,1,test,phenomsg,Residual,False,False
GROUP_09019,1,train,ewaste,Battery,False,False
GROUP_09020,1,train,realwaste,Residual,False,False
GROUP_09021,1,train,realwaste,Metal,False,False
GROUP_09022,1,val,phenomsg,Organic Stream,False,False
GROUP_09023,1,val,realwaste,Textile,False,False
GROUP_09024,1,train,phenomsg,Recyclable Stream,False,False
GROUP_09025,1,test,ewaste,Large Electronic Appliance,False,False
GROUP_09026,1,val,ewaste,Large Electronic Appliance,False,False
GROUP_09027,1,train,trashnet,Paper,False,False
GROUP_09028,1,train,ewaste,Large Electronic Appliance,False,False
GROUP_09029,1,train,realwaste,Metal,False,False
GROUP_09030,1,train,phenomsg,Hazardous Waste,False,False
GROUP_09031,1,train,ewaste,Large Electronic Appliance,False,False
GROUP_09032,1,train,realwaste,Paper,False,False
GROUP_09033,1,test,trashnet,Cardboard,False,False
GROUP_09034,1,train,trashnet,Cardboard,False,False
GROUP_09035,1,train,phenomsg,Organic Stream,False,False
GROUP_09036,1,train,realwaste,Residual,False,False
GROUP_09037,1,train,phenomsg,Organic Stream,False,False
GROUP_09038,1,train,phenomsg,Hazardous Waste,False,False
GROUP_09039,1,test,phenomsg,Organic Stream,False,False
GROUP_09040,1,train,realwaste,Paper,False,False
GROUP_09041,1,train,phenomsg,Residual,False,False
GROUP_09042,1,train,realwaste,Vegetation,False,False
GROUP_09043,1,train,phenomsg,Organic Stream,False,False
GROUP_09044,1,train,realwaste,Plastic,False,False
GROUP_09045,1,test,ewaste,Large Electronic Appliance,False,False
GROUP_09046,1,val,realwaste,Plastic,False,False
GROUP_09047,1,test,ewaste,Electronic Device,False,False
GROUP_09048,1,val,realwaste,Textile,False,False
GROUP_09049,1,train,ewaste,Large Electronic Appliance,False,False
GROUP_09050,1,train,realwaste,Plastic,False,False
GROUP_09051,1,test,trashnet,Residual,False,False
GROUP_09052,1,train,phenomsg,Residual,False,False
GROUP_09053,1,val,ewaste,Electronic Device,False,False
GROUP_09054,1,train,phenomsg,Residual,False,False
GROUP_09055,1,val,realwaste,Residual,False,False
GROUP_09056,1,train,trashnet,Glass,False,False
GROUP_09057,1,train,trashnet,Plastic,False,False
GROUP_09058,1,test,trashnet,Glass,False,False
GROUP_09059,1,val,trashnet,Plastic,False,False
GROUP_09060,1,train,realwaste,Food Organics,False,False
GROUP_09061,1,val,realwaste,Residual,False,False
GROUP_09062,1,train,realwaste,Plastic,False,False
GROUP_09063,1,train,phenomsg,Organic Stream,False,False
GROUP_09064,2,train,phenomsg,Hazardous Waste,True,True
GROUP_09065,1,train,trashnet,Paper,False,False
GROUP_09066,1,train,trashnet,Cardboard,False,False
GROUP_09067,1,test,ewaste,Electronic Device,False,False
GROUP_09068,1,train,trashnet,Cardboard,False,False
GROUP_09069,1,train,phenomsg,Organic Stream,False,False
GROUP_09070,1,train,phenomsg,Recyclable Stream,False,False
GROUP_09071,1,train,realwaste,Food Organics,False,False
GROUP_09072,1,train,realwaste,Cardboard,False,False
GROUP_09073,1,train,realwaste,Glass,False,False
GROUP_09074,1,train,trashnet,Plastic,False,False
GROUP_09075,1,val,realwaste,Glass,False,False
GROUP_09076,1,train,ewaste,Electronic Device,False,False
GROUP_09077,2,train,phenomsg,Hazardous Waste,True,True
GROUP_09078,1,train,ewaste,Electronic Device,False,False
GROUP_09079,1,val,phenomsg,Residual,False,False
GROUP_09080,1,test,realwaste,Cardboard,False,False
GROUP_09081,1,train,realwaste,Residual,False,False
GROUP_09082,1,train,realwaste,Plastic,False,False
GROUP_09083,1,test,realwaste,Vegetation,False,False
GROUP_09084,1,val,phenomsg,Organic Stream,False,False
GROUP_09085,1,train,realwaste,Food Organics,False,False
GROUP_09086,1,train,ewaste,Electronic Device,False,False
GROUP_09087,1,train,realwaste,Metal,False,False
GROUP_09088,1,train,realwaste,Metal,False,False
GROUP_09089,1,val,realwaste,Residual,False,False
GROUP_09090,1,train,realwaste,Textile,False,False
GROUP_09091,1,test,trashnet,Residual,False,False
GROUP_09092,1,train,trashnet,Plastic,False,False
GROUP_09093,1,train,ewaste,Battery,False,False
GROUP_09094,1,train,ewaste,Large Electronic Appliance,False,False
GROUP_09095,1,train,realwaste,Vegetation,False,False
GROUP_09096,1,test,realwaste,Cardboard,False,False
GROUP_09097,1,train,ewaste,Large Electronic Appliance,False,False
GROUP_09098,1,train,realwaste,Paper,False,False
GROUP_09099,1,test,trashnet,Residual,False,False
GROUP_09100,1,train,realwaste,Glass,False,False
GROUP_09101,1,test,phenomsg,Recyclable Stream,False,False
GROUP_09102,1,test,ewaste,Electronic Device,False,False
GROUP_09103,1,test,trashnet,Cardboard,False,False
GROUP_09104,1,test,realwaste,Residual,False,False
GROUP_09105,1,train,ewaste,Large Electronic Appliance,False,False
GROUP_09106,1,train,phenomsg,Recyclable Stream,False,False
GROUP_09107,1,train,ewaste,Electronic Device,False,False
GROUP_09108,1,train,realwaste,Metal,False,False
GROUP_09109,1,test,realwaste,Residual,False,False
GROUP_09110,1,train,phenomsg,Residual,False,False
GROUP_09111,1,train,phenomsg,Recyclable Stream,False,False
GROUP_09112,1,train,phenomsg,Organic Stream,False,False
GROUP_09113,1,val,realwaste,Paper,False,False
GROUP_09114,1,val,trashnet,Metal,False,False
GROUP_09115,1,test,trashnet,Cardboard,False,False
GROUP_09116,1,test,ewaste,Large Electronic Appliance,False,False
GROUP_09117,1,val,phenomsg,Residual,False,False
GROUP_09118,1,test,realwaste,Textile,False,False
GROUP_09119,1,train,phenomsg,Recyclable Stream,False,False
GROUP_09120,1,val,realwaste,Paper,False,False
GROUP_09121,1,train,trashnet,Paper,False,False
GROUP_09122,1,val,ewaste,Large Electronic Appliance,False,False
GROUP_09123,1,test,realwaste,Residual,False,False
GROUP_09124,1,test,realwaste,Paper,False,False
GROUP_09125,1,train,realwaste,Paper,False,False
GROUP_09126,1,train,realwaste,Vegetation,False,False
GROUP_09127,1,train,realwaste,Metal,False,False
GROUP_09128,1,val,ewaste,Large Electronic Appliance,False,False
GROUP_09129,1,train,phenomsg,Organic Stream,False,False
GROUP_09130,1,val,realwaste,Vegetation,False,False
GROUP_09131,1,train,trashnet,Glass,False,False
GROUP_09132,1,train,ewaste,Electronic Device,False,False
GROUP_09133,1,train,realwaste,Food Organics,False,False
GROUP_09134,1,val,trashnet,Glass,False,False
GROUP_09135,1,train,phenomsg,Hazardous Waste,False,False
GROUP_09136,1,test,trashnet,Paper,False,False
GROUP_09137,1,val,realwaste,Plastic,False,False
GROUP_09138,1,train,ewaste,Electronic Device,False,False
GROUP_09139,1,train,realwaste,Residual,False,False
GROUP_09140,1,train,trashnet,Paper,False,False
GROUP_09141,1,test,realwaste,Metal,False,False
GROUP_09142,1,val,ewaste,Large Electronic Appliance,False,False
GROUP_09143,1,train,realwaste,Cardboard,False,False
GROUP_09144,1,train,phenomsg,Hazardous Waste,False,False
GROUP_09145,1,train,phenomsg,Recyclable Stream,False,False
GROUP_09146,1,train,realwaste,Glass,False,False
GROUP_09147,1,train,realwaste,Residual,False,False
GROUP_09148,1,val,ewaste,Electronic Device,False,False
GROUP_09149,1,train,realwaste,Cardboard,False,False
GROUP_09150,1,train,realwaste,Residual,False,False
GROUP_09151,1,train,trashnet,Metal,False,False
GROUP_09152,1,train,trashnet,Cardboard,False,False
GROUP_09153,1,train,phenomsg,Residual,False,False
GROUP_09154,1,val,trashnet,Plastic,False,False
GROUP_09155,1,train,phenomsg,Residual,False,False
GROUP_09156,1,train,realwaste,Food Organics,False,False
GROUP_09157,1,test,realwaste,Metal,False,False
GROUP_09158,1,train,realwaste,Cardboard,False,False
GROUP_09159,1,train,ewaste,Electronic Device,False,False
GROUP_09160,1,train,realwaste,Metal,False,False
GROUP_09161,1,train,phenomsg,Residual,False,False
GROUP_09162,1,test,realwaste,Metal,False,False
GROUP_09163,1,val,realwaste,Food Organics,False,False
GROUP_09164,1,train,trashnet,Paper,False,False
GROUP_09165,1,test,ewaste,Electronic Device,False,False
GROUP_09166,1,train,realwaste,Plastic,False,False
GROUP_09167,1,train,ewaste,Battery,False,False
GROUP_09168,1,test,ewaste,Large Electronic Appliance,False,False
GROUP_09169,1,train,ewaste,Large Electronic Appliance,False,False
GROUP_09170,1,val,trashnet,Paper,False,False
GROUP_09171,1,train,trashnet,Plastic,False,False
GROUP_09172,1,val,realwaste,Cardboard,False,False
GROUP_09173,1,val,phenomsg,Residual,False,False
GROUP_09174,1,test,ewaste,Battery,False,False
GROUP_09175,1,test,realwaste,Plastic,False,False
GROUP_09176,1,train,phenomsg,Recyclable Stream,False,False
GROUP_09177,1,train,ewaste,Electronic Device,False,False
GROUP_09178,1,test,realwaste,Glass,False,False
GROUP_09179,1,train,realwaste,Metal,False,False
GROUP_09180,1,train,ewaste,Electronic Device,False,False
GROUP_09181,1,train,ewaste,Electronic Device,False,False
GROUP_09182,1,train,realwaste,Residual,False,False
GROUP_09183,1,train,realwaste,Plastic,False,False
GROUP_09184,1,train,ewaste,Large Electronic Appliance,False,False
GROUP_09185,1,train,ewaste,Large Electronic Appliance,False,False
GROUP_09186,1,train,phenomsg,Residual,False,False
GROUP_09187,1,train,phenomsg,Residual,False,False
GROUP_09188,1,test,trashnet,Glass,False,False
GROUP_09189,1,train,phenomsg,Organic Stream,False,False
GROUP_09190,1,train,trashnet,Glass,False,False
GROUP_09191,1,train,realwaste,Textile,False,False
GROUP_09192,1,val,realwaste,Food Organics,False,False
GROUP_09193,1,train,realwaste,Metal,False,False
GROUP_09194,1,train,phenomsg,Residual,False,False
GROUP_09195,1,test,realwaste,Paper,False,False
GROUP_09196,1,train,trashnet,Paper,False,False
GROUP_09197,1,val,realwaste,Metal,False,False
GROUP_09198,1,train,trashnet,Cardboard,False,False
GROUP_09199,1,train,trashnet,Paper,False,False
GROUP_09200,1,train,trashnet,Paper,False,False
GROUP_09201,1,train,trashnet,Metal,False,False
GROUP_09202,1,train,trashnet,Paper,False,False
GROUP_09203,1,train,realwaste,Cardboard,False,False
GROUP_09204,1,train,phenomsg,Recyclable Stream,False,False
GROUP_09205,1,val,realwaste,Vegetation,False,False
GROUP_09206,1,test,ewaste,Electronic Device,False,False
GROUP_09207,1,test,phenomsg,Recyclable Stream,False,False
GROUP_09208,1,val,phenomsg,Residual,False,False
GROUP_09209,1,train,phenomsg,Residual,False,False
GROUP_09210,1,train,trashnet,Cardboard,False,False
GROUP_09211,1,train,ewaste,Large Electronic Appliance,False,False
GROUP_09212,1,train,realwaste,Metal,False,False
GROUP_09213,1,val,realwaste,Plastic,False,False
GROUP_09214,1,test,ewaste,Large Electronic Appliance,False,False
GROUP_09215,1,train,trashnet,Cardboard,False,False
GROUP_09216,1,test,trashnet,Paper,False,False
GROUP_09217,1,train,ewaste,Electronic Device,False,False
GROUP_09218,1,train,realwaste,Paper,False,False
GROUP_09219,1,test,phenomsg,Organic Stream,False,False
GROUP_09220,1,train,phenomsg,Organic Stream,False,False
GROUP_09221,1,train,realwaste,Residual,False,False
GROUP_09222,1,test,realwaste,Residual,False,False
GROUP_09223,1,val,trashnet,Cardboard,False,False
GROUP_09224,1,train,trashnet,Residual,False,False
GROUP_09225,1,train,trashnet,Glass,False,False
GROUP_09226,1,train,ewaste,Large Electronic Appliance,False,False
GROUP_09227,1,test,ewaste,Electronic Device,False,False
GROUP_09228,1,train,phenomsg,Hazardous Waste,False,False
GROUP_09229,1,train,ewaste,Electronic Device,False,False
GROUP_09230,1,train,phenomsg,Hazardous Waste,False,False
GROUP_09231,1,val,ewaste,Battery,False,False
GROUP_09232,1,train,phenomsg,Hazardous Waste,False,False
GROUP_09233,1,train,realwaste,Residual,False,False
GROUP_09234,1,train,trashnet,Paper,False,False
GROUP_09235,1,test,phenomsg,Hazardous Waste,False,False
GROUP_09236,1,train,trashnet,Glass,False,False
GROUP_09237,1,train,ewaste,Electronic Component,False,False
GROUP_09238,1,test,realwaste,Cardboard,False,False
GROUP_09239,1,train,phenomsg,Hazardous Waste,False,False
GROUP_09240,1,test,trashnet,Paper,False,False
GROUP_09241,1,train,ewaste,Battery,False,False
GROUP_09242,1,train,trashnet,Cardboard,False,False
GROUP_09243,1,val,phenomsg,Recyclable Stream,False,False
GROUP_09244,1,train,realwaste,Plastic,False,False
GROUP_09245,1,val,phenomsg,Hazardous Waste,False,False
GROUP_09246,1,val,realwaste,Cardboard,False,False
GROUP_09247,1,train,phenomsg,Recyclable Stream,False,False
GROUP_09248,1,val,ewaste,Electronic Device,False,False
GROUP_09249,2,train,ewaste,Electronic Device,False,True
GROUP_09250,1,val,phenomsg,Organic Stream,False,False
GROUP_09251,1,val,realwaste,Residual,False,False
GROUP_09252,1,train,realwaste,Vegetation,False,False
GROUP_09253,1,train,phenomsg,Organic Stream,False,False
GROUP_09254,1,train,trashnet,Cardboard,False,False
GROUP_09255,1,train,phenomsg,Organic Stream,False,False
GROUP_09256,1,train,trashnet,Glass,False,False
GROUP_09257,1,test,phenomsg,Recyclable Stream,False,False
GROUP_09258,1,test,realwaste,Metal,False,False
GROUP_09259,1,test,ewaste,Electronic Device,False,False
GROUP_09260,1,val,ewaste,Electronic Device,False,False
GROUP_09261,1,train,phenomsg,Organic Stream,False,False
GROUP_09262,1,test,ewaste,Large Electronic Appliance,False,False
GROUP_09263,1,train,phenomsg,Organic Stream,False,False
GROUP_09264,1,val,phenomsg,Organic Stream,False,False
GROUP_09265,1,train,phenomsg,Recyclable Stream,False,False
GROUP_09266,1,train,realwaste,Plastic,False,False
GROUP_09267,1,train,ewaste,Large Electronic Appliance,False,False
GROUP_09268,1,train,phenomsg,Hazardous Waste,False,False
GROUP_09269,1,train,realwaste,Glass,False,False
GROUP_09270,1,train,realwaste,Food Organics,False,False
GROUP_09271,1,train,ewaste,Electronic Device,False,False
GROUP_09272,1,train,phenomsg,Recyclable Stream,False,False
GROUP_09273,1,val,phenomsg,Organic Stream,False,False
GROUP_09274,1,train,phenomsg,Hazardous Waste,False,False
GROUP_09275,1,test,realwaste,Residual,False,False
GROUP_09276,1,train,realwaste,Plastic,False,False
GROUP_09277,1,train,realwaste,Food Organics,False,False
GROUP_09278,1,test,realwaste,Metal,False,False
GROUP_09279,1,val,realwaste,Metal,False,False
GROUP_09280,1,train,realwaste,Cardboard,False,False
GROUP_09281,1,test,phenomsg,Residual,False,False
GROUP_09282,1,train,realwaste,Plastic,False,False
GROUP_09283,1,train,realwaste,Vegetation,False,False
GROUP_09284,1,train,trashnet,Paper,False,False
GROUP_09285,1,train,trashnet,Metal,False,False
GROUP_09286,1,train,phenomsg,Organic Stream,False,False
GROUP_09287,1,train,realwaste,Vegetation,False,False
GROUP_09288,1,test,phenomsg,Recyclable Stream,False,False
GROUP_09289,1,val,realwaste,Plastic,False,False
GROUP_09290,1,train,ewaste,Electronic Device,False,False
GROUP_09291,1,val,realwaste,Plastic,False,False
GROUP_09292,1,train,ewaste,Electronic Device,False,False
GROUP_09293,1,train,trashnet,Plastic,False,False
GROUP_09294,1,train,realwaste,Residual,False,False
GROUP_09295,1,test,ewaste,Electronic Device,False,False
GROUP_09296,2,train,phenomsg,Hazardous Waste,True,True
GROUP_09297,1,train,realwaste,Residual,False,False
GROUP_09298,1,train,realwaste,Plastic,False,False
GROUP_09299,2,train,phenomsg,Hazardous Waste,True,True
GROUP_09300,1,train,phenomsg,Residual,False,False
GROUP_09301,1,train,realwaste,Textile,False,False
GROUP_09302,1,train,trashnet,Glass,False,False
GROUP_09303,1,train,ewaste,Electronic Device,False,False
GROUP_09304,1,val,realwaste,Textile,False,False
GROUP_09305,1,train,realwaste,Plastic,False,False
GROUP_09306,1,test,trashnet,Metal,False,False
GROUP_09307,1,train,ewaste,Electronic Component,False,False
GROUP_09308,1,train,phenomsg,Organic Stream,False,False
GROUP_09309,1,train,ewaste,Large Electronic Appliance,False,False
GROUP_09310,1,train,phenomsg,Residual,False,False
GROUP_09311,1,val,realwaste,Metal,False,False
GROUP_09312,1,val,realwaste,Plastic,False,False
GROUP_09313,1,val,phenomsg,Organic Stream,False,False
GROUP_09314,1,train,phenomsg,Residual,False,False
GROUP_09315,1,train,ewaste,Electronic Device,False,False
GROUP_09316,1,train,phenomsg,Organic Stream,False,False
GROUP_09317,1,train,phenomsg,Organic Stream,False,False
GROUP_09318,1,train,ewaste,Electronic Device,False,False
GROUP_09319,1,val,trashnet,Metal,False,False
GROUP_09320,1,val,trashnet,Paper,False,False
GROUP_09321,1,val,ewaste,Electronic Device,False,False
GROUP_09322,1,train,phenomsg,Organic Stream,False,False
GROUP_09323,1,test,realwaste,Residual,False,False
GROUP_09324,1,test,realwaste,Glass,False,False
GROUP_09325,1,val,realwaste,Plastic,False,False
GROUP_09326,1,val,ewaste,Large Electronic Appliance,False,False
GROUP_09327,1,train,phenomsg,Residual,False,False
GROUP_09328,1,train,realwaste,Vegetation,False,False
GROUP_09329,1,train,ewaste,Large Electronic Appliance,False,False
GROUP_09330,1,train,ewaste,Electronic Device,False,False
GROUP_09331,1,val,realwaste,Residual,False,False
GROUP_09332,1,train,phenomsg,Residual,False,False
GROUP_09333,1,test,phenomsg,Recyclable Stream,False,False
GROUP_09334,1,train,ewaste,Electronic Device,False,False
GROUP_09335,1,val,realwaste,Plastic,False,False
GROUP_09336,1,train,realwaste,Vegetation,False,False
GROUP_09337,1,test,phenomsg,Organic Stream,False,False
GROUP_09338,1,test,realwaste,Plastic,False,False
GROUP_09339,1,train,trashnet,Paper,False,False
GROUP_09340,1,train,trashnet,Metal,False,False
GROUP_09341,1,test,realwaste,Vegetation,False,False
GROUP_09342,1,train,ewaste,Electronic Device,False,False
GROUP_09343,1,train,realwaste,Metal,False,False
GROUP_09344,1,train,ewaste,Electronic Component,False,False
GROUP_09345,1,val,phenomsg,Organic Stream,False,False
GROUP_09346,1,train,realwaste,Residual,False,False
GROUP_09347,1,test,ewaste,Electronic Device,False,False
GROUP_09348,1,train,phenomsg,Hazardous Waste,False,False
GROUP_09349,1,train,phenomsg,Recyclable Stream,False,False
GROUP_09350,1,train,realwaste,Textile,False,False
GROUP_09351,1,val,phenomsg,Recyclable Stream,False,False
GROUP_09352,1,test,ewaste,Electronic Device,False,False
GROUP_09353,1,val,realwaste,Paper,False,False
GROUP_09354,1,train,ewaste,Electronic Device,False,False
GROUP_09355,1,val,ewaste,Electronic Device,False,False
GROUP_09356,1,train,ewaste,Large Electronic Appliance,False,False
GROUP_09357,1,val,ewaste,Electronic Device,False,False
GROUP_09358,1,test,realwaste,Plastic,False,False
GROUP_09359,1,train,trashnet,Cardboard,False,False
GROUP_09360,1,train,trashnet,Glass,False,False
GROUP_09361,1,train,realwaste,Residual,False,False
GROUP_09362,1,test,realwaste,Residual,False,False
GROUP_09363,1,train,ewaste,Electronic Device,False,False
GROUP_09364,1,train,realwaste,Vegetation,False,False
GROUP_09365,1,train,trashnet,Cardboard,False,False
GROUP_09366,1,train,ewaste,Electronic Device,False,False
GROUP_09367,1,train,realwaste,Glass,False,False
GROUP_09368,1,test,ewaste,Battery,False,False
GROUP_09369,1,train,trashnet,Paper,False,False
GROUP_09370,1,val,trashnet,Residual,False,False
GROUP_09371,1,val,realwaste,Cardboard,False,False
GROUP_09372,1,val,realwaste,Plastic,False,False
GROUP_09373,1,val,realwaste,Vegetation,False,False
GROUP_09374,1,train,ewaste,Battery,False,False
GROUP_09375,1,train,ewaste,Electronic Component,False,False
GROUP_09376,1,train,ewaste,Electronic Device,False,False
GROUP_09377,1,test,ewaste,Electronic Component,False,False
GROUP_09378,1,val,trashnet,Cardboard,False,False
GROUP_09379,1,test,phenomsg,Organic Stream,False,False
GROUP_09380,1,test,realwaste,Plastic,False,False
GROUP_09381,1,train,realwaste,Paper,False,False
GROUP_09382,1,train,realwaste,Cardboard,False,False
GROUP_09383,1,train,realwaste,Plastic,False,False
GROUP_09384,1,train,phenomsg,Residual,False,False
GROUP_09385,1,val,ewaste,Large Electronic Appliance,False,False
GROUP_09386,1,train,ewaste,Large Electronic Appliance,False,False
GROUP_09387,1,test,ewaste,Electronic Device,False,False
GROUP_09388,1,train,realwaste,Food Organics,False,False
GROUP_09389,1,val,phenomsg,Hazardous Waste,False,False
GROUP_09390,1,train,trashnet,Plastic,False,False
GROUP_09391,1,val,trashnet,Plastic,False,False
GROUP_09392,1,val,phenomsg,Residual,False,False
GROUP_09393,1,train,ewaste,Large Electronic Appliance,False,False
GROUP_09394,1,test,realwaste,Cardboard,False,False
GROUP_09395,1,val,realwaste,Metal,False,False
GROUP_09396,1,test,phenomsg,Recyclable Stream,False,False
GROUP_09397,1,train,realwaste,Textile,False,False
GROUP_09398,1,val,realwaste,Residual,False,False
GROUP_09399,1,train,realwaste,Food Organics,False,False
GROUP_09400,1,train,realwaste,Paper,False,False
GROUP_09401,1,train,ewaste,Large Electronic Appliance,False,False
GROUP_09402,1,test,phenomsg,Organic Stream,False,False
GROUP_09403,1,train,ewaste,Electronic Component,False,False
GROUP_09404,1,train,trashnet,Paper,False,False
GROUP_09405,1,train,realwaste,Vegetation,False,False
GROUP_09406,1,test,ewaste,Electronic Device,False,False
GROUP_09407,1,train,ewaste,Electronic Component,False,False
GROUP_09408,2,train,phenomsg,Hazardous Waste,True,True
GROUP_09409,1,train,trashnet,Metal,False,False
GROUP_09410,1,test,ewaste,Electronic Device,False,False
GROUP_09411,1,train,ewaste,Electronic Device,False,False
GROUP_09412,1,train,realwaste,Plastic,False,False
GROUP_09413,1,train,realwaste,Paper,False,False
GROUP_09414,1,train,realwaste,Plastic,False,False
GROUP_09415,1,train,realwaste,Cardboard,False,False
GROUP_09416,1,train,phenomsg,Residual,False,False
GROUP_09417,1,val,phenomsg,Recyclable Stream,False,False
GROUP_09418,1,train,ewaste,Battery,False,False
GROUP_09419,1,test,realwaste,Metal,False,False
GROUP_09420,1,train,realwaste,Cardboard,False,False
GROUP_09421,1,train,realwaste,Cardboard,False,False
GROUP_09422,1,val,trashnet,Plastic,False,False
GROUP_09423,1,test,ewaste,Large Electronic Appliance,False,False
GROUP_09424,1,train,realwaste,Metal,False,False
GROUP_09425,1,val,realwaste,Metal,False,False
GROUP_09426,1,train,realwaste,Vegetation,False,False
GROUP_09427,1,train,phenomsg,Organic Stream,False,False
GROUP_09428,1,test,trashnet,Paper,False,False
GROUP_09429,1,train,trashnet,Metal,False,False
GROUP_09430,1,test,phenomsg,Organic Stream,False,False
GROUP_09431,1,train,trashnet,Metal,False,False
GROUP_09432,1,train,ewaste,Large Electronic Appliance,False,False
GROUP_09433,1,train,realwaste,Plastic,False,False
GROUP_09434,1,val,trashnet,Paper,False,False
GROUP_09435,1,val,phenomsg,Organic Stream,False,False
GROUP_09436,1,train,ewaste,Large Electronic Appliance,False,False
GROUP_09437,1,train,trashnet,Glass,False,False
GROUP_09438,2,train,phenomsg,Hazardous Waste,True,True
GROUP_09439,1,train,trashnet,Cardboard,False,False
GROUP_09440,1,train,realwaste,Plastic,False,False
GROUP_09441,1,test,realwaste,Food Organics,False,False
GROUP_09442,1,train,realwaste,Paper,False,False
GROUP_09443,1,train,phenomsg,Organic Stream,False,False
GROUP_09444,1,train,realwaste,Glass,False,False
GROUP_09445,1,train,phenomsg,Recyclable Stream,False,False
GROUP_09446,1,train,phenomsg,Organic Stream,False,False
GROUP_09447,1,train,trashnet,Cardboard,False,False
GROUP_09448,1,train,trashnet,Metal,False,False
GROUP_09449,1,train,phenomsg,Recyclable Stream,False,False
GROUP_09450,1,train,phenomsg,Hazardous Waste,False,False
GROUP_09451,1,train,phenomsg,Residual,False,False
GROUP_09452,1,train,realwaste,Paper,False,False
GROUP_09453,1,train,realwaste,Textile,False,False
GROUP_09454,1,test,ewaste,Large Electronic Appliance,False,False
GROUP_09455,1,val,realwaste,Paper,False,False
GROUP_09456,1,train,realwaste,Glass,False,False
GROUP_09457,1,train,phenomsg,Residual,False,False
GROUP_09458,1,val,phenomsg,Organic Stream,False,False
GROUP_09459,1,test,realwaste,Cardboard,False,False
GROUP_09460,1,train,phenomsg,Residual,False,False
GROUP_09461,1,train,trashnet,Paper,False,False
GROUP_09462,1,train,trashnet,Paper,False,False
GROUP_09463,1,train,realwaste,Plastic,False,False
GROUP_09464,1,train,trashnet,Paper,False,False
GROUP_09465,1,val,ewaste,Electronic Component,False,False
GROUP_09466,1,train,phenomsg,Hazardous Waste,False,False
GROUP_09467,1,train,ewaste,Electronic Device,False,False
GROUP_09468,1,val,ewaste,Electronic Device,False,False
GROUP_09469,1,train,realwaste,Paper,False,False
GROUP_09470,1,train,trashnet,Glass,False,False
GROUP_09471,1,train,ewaste,Large Electronic Appliance,False,False
GROUP_09472,1,val,phenomsg,Residual,False,False
GROUP_09473,1,val,realwaste,Plastic,False,False
GROUP_09474,1,val,trashnet,Paper,False,False
GROUP_09475,1,test,realwaste,Cardboard,False,False
GROUP_09476,1,train,phenomsg,Organic Stream,False,False
GROUP_09477,1,val,realwaste,Plastic,False,False
GROUP_09478,1,test,realwaste,Residual,False,False
GROUP_09479,1,val,realwaste,Paper,False,False
GROUP_09480,1,train,ewaste,Electronic Device,False,False
GROUP_09481,1,train,phenomsg,Recyclable Stream,False,False
GROUP_09482,1,train,ewaste,Electronic Device,False,False
GROUP_09483,1,test,realwaste,Metal,False,False
GROUP_09484,1,train,realwaste,Plastic,False,False
GROUP_09485,1,train,trashnet,Glass,False,False
GROUP_09486,1,train,phenomsg,Residual,False,False
GROUP_09487,1,train,ewaste,Large Electronic Appliance,False,False
GROUP_09488,1,train,realwaste,Cardboard,False,False
GROUP_09489,2,train,phenomsg,Hazardous Waste,True,True
GROUP_09490,1,train,ewaste,Large Electronic Appliance,False,False
GROUP_09491,1,train,phenomsg,Residual,False,False
GROUP_09492,1,test,phenomsg,Organic Stream,False,False
GROUP_09493,1,val,realwaste,Residual,False,False
GROUP_09494,1,val,phenomsg,Residual,False,False
GROUP_09495,1,train,ewaste,Electronic Device,False,False
GROUP_09496,1,train,realwaste,Vegetation,False,False
GROUP_09497,1,train,trashnet,Glass,False,False
GROUP_09498,1,train,trashnet,Paper,False,False
GROUP_09499,1,train,trashnet,Glass,False,False
GROUP_09500,1,test,trashnet,Metal,False,False
GROUP_09501,1,train,ewaste,Electronic Device,False,False
GROUP_09502,1,train,ewaste,Battery,False,False
GROUP_09503,1,train,phenomsg,Residual,False,False
GROUP_09504,1,train,phenomsg,Hazardous Waste,False,False
GROUP_09505,1,train,trashnet,Plastic,False,False
GROUP_09506,1,val,realwaste,Metal,False,False
GROUP_09507,1,train,trashnet,Cardboard,False,False
GROUP_09508,1,test,realwaste,Paper,False,False
GROUP_09509,1,val,phenomsg,Residual,False,False
GROUP_09510,1,train,realwaste,Textile,False,False
GROUP_09511,1,test,phenomsg,Hazardous Waste,False,False
GROUP_09512,1,train,realwaste,Plastic,False,False
GROUP_09513,1,train,ewaste,Large Electronic Appliance,False,False
GROUP_09514,1,train,ewaste,Electronic Device,False,False
GROUP_09515,1,train,realwaste,Metal,False,False
GROUP_09516,1,train,ewaste,Electronic Component,False,False
GROUP_09517,1,test,phenomsg,Residual,False,False
GROUP_09518,1,val,realwaste,Vegetation,False,False
GROUP_09519,1,train,ewaste,Electronic Device,False,False
GROUP_09520,1,train,phenomsg,Residual,False,False
GROUP_09521,1,train,phenomsg,Recyclable Stream,False,False
GROUP_09522,1,train,phenomsg,Organic Stream,False,False
GROUP_09523,1,train,realwaste,Cardboard,False,False
GROUP_09524,1,test,realwaste,Plastic,False,False
GROUP_09525,1,test,ewaste,Electronic Device,False,False
GROUP_09526,1,train,realwaste,Plastic,False,False
GROUP_09527,1,train,realwaste,Plastic,False,False
GROUP_09528,1,train,trashnet,Glass,False,False
GROUP_09529,1,train,ewaste,Large Electronic Appliance,False,False
GROUP_09530,1,test,ewaste,Large Electronic Appliance,False,False
GROUP_09531,1,test,realwaste,Food Organics,False,False
GROUP_09532,1,val,realwaste,Paper,False,False
GROUP_09533,1,train,realwaste,Textile,False,False
GROUP_09534,1,train,phenomsg,Residual,False,False
GROUP_09535,1,train,realwaste,Residual,False,False
GROUP_09536,1,train,ewaste,Electronic Device,False,False
GROUP_09537,1,train,realwaste,Paper,False,False
GROUP_09538,1,train,realwaste,Paper,False,False
GROUP_09539,1,train,trashnet,Metal,False,False
GROUP_09540,1,train,trashnet,Glass,False,False
GROUP_09541,1,train,realwaste,Glass,False,False
GROUP_09542,1,train,realwaste,Cardboard,False,False
GROUP_09543,1,train,realwaste,Plastic,False,False
GROUP_09544,1,train,realwaste,Plastic,False,False
GROUP_09545,1,test,realwaste,Textile,False,False
GROUP_09546,1,val,phenomsg,Residual,False,False
GROUP_09547,1,val,realwaste,Cardboard,False,False
GROUP_09548,1,train,phenomsg,Recyclable Stream,False,False
GROUP_09549,2,train,trashnet,Paper,False,True
GROUP_09550,1,train,trashnet,Plastic,False,False
GROUP_09551,1,train,ewaste,Electronic Device,False,False
GROUP_09552,1,test,realwaste,Vegetation,False,False
GROUP_09553,1,train,ewaste,Large Electronic Appliance,False,False
GROUP_09554,1,train,trashnet,Glass,False,False
GROUP_09555,1,train,trashnet,Metal,False,False
GROUP_09556,2,train,phenomsg,Hazardous Waste,True,True
GROUP_09557,1,train,realwaste,Plastic,False,False
GROUP_09558,1,test,trashnet,Paper,False,False
GROUP_09559,1,val,realwaste,Food Organics,False,False
GROUP_09560,1,train,realwaste,Food Organics,False,False
GROUP_09561,1,test,realwaste,Metal,False,False
GROUP_09562,1,train,trashnet,Paper,False,False
GROUP_09563,1,test,realwaste,Glass,False,False
GROUP_09564,1,train,ewaste,Large Electronic Appliance,False,False
GROUP_09565,1,test,trashnet,Plastic,False,False
GROUP_09566,1,train,ewaste,Large Electronic Appliance,False,False
GROUP_09567,1,train,realwaste,Metal,False,False
GROUP_09568,1,test,ewaste,Electronic Device,False,False
GROUP_09569,1,train,ewaste,Large Electronic Appliance,False,False
GROUP_09570,1,train,realwaste,Plastic,False,False
GROUP_09571,1,train,ewaste,Large Electronic Appliance,False,False
GROUP_09572,1,train,realwaste,Glass,False,False
GROUP_09573,1,val,ewaste,Large Electronic Appliance,False,False
GROUP_09574,1,test,trashnet,Cardboard,False,False
GROUP_09575,1,train,phenomsg,Residual,False,False
GROUP_09576,1,train,realwaste,Plastic,False,False
GROUP_09577,1,train,ewaste,Large Electronic Appliance,False,False
GROUP_09578,1,val,ewaste,Electronic Device,False,False
GROUP_09579,1,train,ewaste,Electronic Device,False,False
GROUP_09580,2,train,ewaste,Large Electronic Appliance,False,True
GROUP_09581,1,train,realwaste,Metal,False,False
GROUP_09582,1,val,phenomsg,Organic Stream,False,False
GROUP_09583,1,val,realwaste,Vegetation,False,False
GROUP_09584,1,train,ewaste,Electronic Device,False,False
GROUP_09585,1,train,ewaste,Battery,False,False
GROUP_09586,1,test,phenomsg,Organic Stream,False,False
GROUP_09587,1,train,realwaste,Metal,False,False
GROUP_09588,1,test,realwaste,Textile,False,False
GROUP_09589,1,train,phenomsg,Recyclable Stream,False,False
GROUP_09590,1,train,realwaste,Plastic,False,False
GROUP_09591,1,train,phenomsg,Recyclable Stream,False,False
GROUP_09592,1,train,trashnet,Metal,False,False
GROUP_09593,1,train,trashnet,Plastic,False,False
GROUP_09594,1,train,realwaste,Cardboard,False,False
GROUP_09595,1,train,trashnet,Glass,False,False
GROUP_09596,1,val,trashnet,Paper,False,False
GROUP_09597,1,train,phenomsg,Hazardous Waste,False,False
GROUP_09598,1,test,phenomsg,Recyclable Stream,False,False
GROUP_09599,1,val,trashnet,Paper,False,False
GROUP_09600,1,train,realwaste,Vegetation,False,False
GROUP_09601,1,val,ewaste,Battery,False,False
GROUP_09602,1,train,ewaste,Electronic Device,False,False
GROUP_09603,1,train,realwaste,Residual,False,False
GROUP_09604,1,train,realwaste,Plastic,False,False
GROUP_09605,1,test,trashnet,Metal,False,False
GROUP_09606,1,train,ewaste,Electronic Device,False,False
GROUP_09607,1,train,phenomsg,Organic Stream,False,False
GROUP_09608,1,train,ewaste,Electronic Device,False,False
GROUP_09609,2,train,phenomsg,Hazardous Waste,True,True
GROUP_09610,1,val,ewaste,Electronic Component,False,False
GROUP_09611,1,train,trashnet,Paper,False,False
GROUP_09612,1,val,trashnet,Plastic,False,False
GROUP_09613,1,train,ewaste,Electronic Device,False,False
GROUP_09614,1,train,trashnet,Cardboard,False,False
GROUP_09615,1,train,realwaste,Cardboard,False,False
GROUP_09616,1,train,trashnet,Glass,False,False
GROUP_09617,1,train,trashnet,Cardboard,False,False
GROUP_09618,1,train,ewaste,Electronic Device,False,False
GROUP_09619,1,train,phenomsg,Hazardous Waste,False,False
GROUP_09620,1,train,ewaste,Electronic Device,False,False
GROUP_09621,1,train,realwaste,Plastic,False,False
GROUP_09622,1,train,phenomsg,Hazardous Waste,False,False
GROUP_09623,1,train,ewaste,Electronic Device,False,False
GROUP_09624,1,test,realwaste,Paper,False,False
GROUP_09625,1,train,realwaste,Vegetation,False,False
GROUP_09626,1,val,phenomsg,Recyclable Stream,False,False
GROUP_09627,1,train,realwaste,Residual,False,False
GROUP_09628,1,train,realwaste,Glass,False,False
GROUP_09629,1,val,trashnet,Cardboard,False,False
GROUP_09630,1,train,trashnet,Metal,False,False
GROUP_09631,1,val,trashnet,Paper,False,False
GROUP_09632,1,train,realwaste,Food Organics,False,False
GROUP_09633,1,train,realwaste,Residual,False,False
GROUP_09634,1,val,realwaste,Residual,False,False
GROUP_09635,1,train,realwaste,Metal,False,False
GROUP_09636,1,train,realwaste,Paper,False,False
GROUP_09637,1,test,realwaste,Metal,False,False
GROUP_09638,1,train,trashnet,Plastic,False,False
GROUP_09639,1,val,trashnet,Metal,False,False
GROUP_09640,1,test,realwaste,Paper,False,False
GROUP_09641,1,train,phenomsg,Recyclable Stream,False,False
GROUP_09642,1,train,realwaste,Plastic,False,False
GROUP_09643,1,val,ewaste,Large Electronic Appliance,False,False
GROUP_09644,1,val,phenomsg,Residual,False,False
GROUP_09645,1,val,realwaste,Plastic,False,False
GROUP_09646,1,train,phenomsg,Hazardous Waste,False,False
GROUP_09647,1,val,realwaste,Glass,False,False
GROUP_09648,1,train,trashnet,Glass,False,False
GROUP_09649,1,train,trashnet,Glass,False,False
GROUP_09650,1,train,trashnet,Cardboard,False,False
GROUP_09651,1,train,trashnet,Plastic,False,False
GROUP_09652,1,train,ewaste,Electronic Component,False,False
GROUP_09653,1,train,trashnet,Metal,False,False
GROUP_09654,1,train,realwaste,Plastic,False,False
GROUP_09655,1,train,phenomsg,Organic Stream,False,False
GROUP_09656,1,train,realwaste,Glass,False,False
GROUP_09657,1,train,realwaste,Plastic,False,False
GROUP_09658,1,train,ewaste,Electronic Device,False,False
GROUP_09659,1,train,phenomsg,Recyclable Stream,False,False
GROUP_09660,1,train,ewaste,Electronic Device,False,False
GROUP_09661,1,test,realwaste,Metal,False,False
GROUP_09662,1,val,realwaste,Residual,False,False
GROUP_09663,1,train,realwaste,Plastic,False,False
GROUP_09664,1,train,trashnet,Residual,False,False
GROUP_09665,1,train,ewaste,Electronic Device,False,False
GROUP_09666,1,test,phenomsg,Residual,False,False
GROUP_09667,1,train,ewaste,Electronic Device,False,False
GROUP_09668,1,test,ewaste,Large Electronic Appliance,False,False
GROUP_09669,3,train,ewaste,Electronic Component,False,True
GROUP_09670,1,train,ewaste,Battery,False,False
GROUP_09671,2,train,phenomsg,Organic Stream,False,True
GROUP_09672,1,train,phenomsg,Residual,False,False
GROUP_09673,1,test,realwaste,Food Organics,False,False
GROUP_09674,1,train,realwaste,Food Organics,False,False
GROUP_09675,1,train,phenomsg,Organic Stream,False,False
GROUP_09676,1,train,ewaste,Electronic Device,False,False
GROUP_09677,1,train,phenomsg,Organic Stream,False,False
GROUP_09678,1,train,realwaste,Metal,False,False
GROUP_09679,1,val,ewaste,Large Electronic Appliance,False,False
GROUP_09680,1,test,trashnet,Paper,False,False
GROUP_09681,1,train,realwaste,Food Organics,False,False
GROUP_09682,1,train,realwaste,Food Organics,False,False
GROUP_09683,1,train,realwaste,Vegetation,False,False
GROUP_09684,1,test,trashnet,Paper,False,False
GROUP_09685,1,train,realwaste,Residual,False,False
GROUP_09686,1,train,realwaste,Residual,False,False
GROUP_09687,1,val,realwaste,Food Organics,False,False
GROUP_09688,1,train,realwaste,Cardboard,False,False
GROUP_09689,1,train,realwaste,Paper,False,False
GROUP_09690,1,val,ewaste,Electronic Device,False,False
GROUP_09691,1,train,phenomsg,Residual,False,False
GROUP_09692,1,train,phenomsg,Recyclable Stream,False,False
GROUP_09693,1,train,trashnet,Paper,False,False
GROUP_09694,1,train,realwaste,Textile,False,False
GROUP_09695,1,train,realwaste,Plastic,False,False
GROUP_09696,1,test,realwaste,Plastic,False,False
GROUP_09697,1,train,trashnet,Paper,False,False
GROUP_09698,1,test,trashnet,Plastic,False,False
GROUP_09699,1,test,trashnet,Paper,False,False
GROUP_09700,1,test,realwaste,Residual,False,False
GROUP_09701,1,train,ewaste,Electronic Device,False,False
GROUP_09702,1,train,realwaste,Food Organics,False,False
GROUP_09703,2,train,phenomsg,Hazardous Waste,True,True
GROUP_09704,1,test,realwaste,Textile,False,False
GROUP_09705,1,train,realwaste,Metal,False,False
GROUP_09706,1,val,phenomsg,Organic Stream,False,False
GROUP_09707,1,train,trashnet,Plastic,False,False
GROUP_09708,1,val,trashnet,Plastic,False,False
GROUP_09709,1,train,realwaste,Plastic,False,False
GROUP_09710,1,val,realwaste,Plastic,False,False
GROUP_09711,1,train,realwaste,Cardboard,False,False
GROUP_09712,1,train,trashnet,Paper,False,False
GROUP_09713,1,val,phenomsg,Residual,False,False
GROUP_09714,1,train,realwaste,Plastic,False,False
GROUP_09715,1,train,trashnet,Paper,False,False
GROUP_09716,1,train,realwaste,Vegetation,False,False
GROUP_09717,1,val,realwaste,Metal,False,False
GROUP_09718,1,train,ewaste,Electronic Device,False,False
GROUP_09719,1,train,ewaste,Electronic Device,False,False
GROUP_09720,1,test,phenomsg,Residual,False,False
GROUP_09721,1,train,realwaste,Cardboard,False,False
GROUP_09722,1,train,trashnet,Paper,False,False
GROUP_09723,1,train,trashnet,Cardboard,False,False
GROUP_09724,1,train,realwaste,Metal,False,False
GROUP_09725,1,train,realwaste,Metal,False,False
GROUP_09726,1,val,trashnet,Paper,False,False
GROUP_09727,1,test,ewaste,Electronic Device,False,False
GROUP_09728,1,val,trashnet,Metal,False,False
GROUP_09729,1,train,realwaste,Residual,False,False
GROUP_09730,1,train,ewaste,Large Electronic Appliance,False,False
GROUP_09731,1,train,phenomsg,Residual,False,False
GROUP_09732,1,train,trashnet,Cardboard,False,False
GROUP_09733,1,train,realwaste,Vegetation,False,False
GROUP_09734,1,train,realwaste,Paper,False,False
GROUP_09735,1,train,phenomsg,Residual,False,False
GROUP_09736,1,train,realwaste,Textile,False,False
GROUP_09737,1,train,phenomsg,Organic Stream,False,False
GROUP_09738,1,train,trashnet,Paper,False,False
GROUP_09739,1,test,ewaste,Electronic Component,False,False
GROUP_09740,1,val,realwaste,Metal,False,False
GROUP_09741,1,train,realwaste,Glass,False,False
GROUP_09742,1,test,phenomsg,Recyclable Stream,False,False
GROUP_09743,2,train,phenomsg,Recyclable Stream,False,True
GROUP_09744,1,train,realwaste,Vegetation,False,False
GROUP_09745,1,test,ewaste,Electronic Device,False,False
GROUP_09746,2,train,phenomsg,Hazardous Waste,True,True
GROUP_09747,1,train,realwaste,Plastic,False,False
GROUP_09748,1,train,phenomsg,Recyclable Stream,False,False
GROUP_09749,1,train,trashnet,Glass,False,False
GROUP_09750,1,train,phenomsg,Hazardous Waste,False,False
GROUP_09751,1,test,trashnet,Cardboard,False,False
GROUP_09752,1,val,realwaste,Cardboard,False,False
GROUP_09753,1,train,ewaste,Electronic Device,False,False
GROUP_09754,1,val,ewaste,Electronic Device,False,False
GROUP_09755,1,train,phenomsg,Residual,False,False
GROUP_09756,1,val,phenomsg,Hazardous Waste,False,False
GROUP_09757,1,train,trashnet,Plastic,False,False
GROUP_09758,1,train,realwaste,Cardboard,False,False
GROUP_09759,1,train,phenomsg,Hazardous Waste,False,False
GROUP_09760,1,train,realwaste,Paper,False,False
GROUP_09761,1,train,trashnet,Metal,False,False
GROUP_09762,1,train,trashnet,Plastic,False,False
GROUP_09763,1,train,phenomsg,Organic Stream,False,False
GROUP_09764,1,train,ewaste,Electronic Component,False,False
GROUP_09765,1,train,ewaste,Large Electronic Appliance,False,False
GROUP_09766,1,train,ewaste,Battery,False,False
GROUP_09767,1,train,realwaste,Cardboard,False,False
GROUP_09768,1,train,realwaste,Paper,False,False
GROUP_09769,1,train,realwaste,Textile,False,False
GROUP_09770,1,train,trashnet,Paper,False,False
GROUP_09771,1,test,trashnet,Cardboard,False,False
GROUP_09772,1,train,trashnet,Metal,False,False
GROUP_09773,1,test,trashnet,Paper,False,False
GROUP_09774,1,train,realwaste,Food Organics,False,False
GROUP_09775,1,val,phenomsg,Residual,False,False
GROUP_09776,1,train,ewaste,Electronic Device,False,False
GROUP_09777,1,train,realwaste,Metal,False,False
GROUP_09778,1,train,ewaste,Battery,False,False
GROUP_09779,1,train,phenomsg,Hazardous Waste,False,False
GROUP_09780,1,train,trashnet,Cardboard,False,False
GROUP_09781,1,train,trashnet,Cardboard,False,False
GROUP_09782,1,test,realwaste,Glass,False,False
GROUP_09783,1,train,realwaste,Vegetation,False,False
GROUP_09784,1,train,trashnet,Residual,False,False
GROUP_09785,1,train,trashnet,Metal,False,False
GROUP_09786,1,val,realwaste,Metal,False,False
GROUP_09787,1,test,realwaste,Residual,False,False
GROUP_09788,2,train,ewaste,Electronic Device,True,True
GROUP_09789,1,train,trashnet,Paper,False,False
GROUP_09790,1,val,phenomsg,Hazardous Waste,False,False
GROUP_09791,1,train,ewaste,Electronic Component,False,False
GROUP_09792,1,val,realwaste,Residual,False,False
GROUP_09793,2,train,ewaste,Electronic Device,True,True
GROUP_09794,1,train,realwaste,Plastic,False,False
GROUP_09795,1,train,trashnet,Paper,False,False
GROUP_09796,1,train,realwaste,Metal,False,False
GROUP_09797,1,val,realwaste,Plastic,False,False
GROUP_09798,1,train,trashnet,Glass,False,False
GROUP_09799,1,train,trashnet,Glass,False,False
GROUP_09800,1,train,realwaste,Paper,False,False
GROUP_09801,1,test,realwaste,Paper,False,False
GROUP_09802,1,train,ewaste,Electronic Device,False,False
GROUP_09803,1,test,realwaste,Residual,False,False
GROUP_09804,1,train,phenomsg,Organic Stream,False,False
GROUP_09805,1,train,realwaste,Textile,False,False
GROUP_09806,1,train,ewaste,Electronic Device,False,False
GROUP_09807,1,test,ewaste,Electronic Device,False,False
GROUP_09808,1,train,trashnet,Metal,False,False
GROUP_09809,1,train,realwaste,Plastic,False,False
GROUP_09810,1,val,phenomsg,Organic Stream,False,False
GROUP_09811,1,train,phenomsg,Residual,False,False
GROUP_09812,1,train,realwaste,Glass,False,False
GROUP_09813,1,val,trashnet,Cardboard,False,False
GROUP_09814,1,train,trashnet,Glass,False,False
GROUP_09815,1,train,ewaste,Electronic Device,False,False
GROUP_09816,1,train,ewaste,Electronic Component,False,False
GROUP_09817,1,train,ewaste,Electronic Device,False,False
GROUP_09818,1,train,realwaste,Metal,False,False
GROUP_09819,1,val,trashnet,Glass,False,False
GROUP_09820,1,train,trashnet,Plastic,False,False
GROUP_09821,1,val,phenomsg,Recyclable Stream,False,False
GROUP_09822,1,test,realwaste,Food Organics,False,False
GROUP_09823,1,test,ewaste,Electronic Device,False,False
GROUP_09824,1,train,phenomsg,Hazardous Waste,False,False
GROUP_09825,1,train,trashnet,Metal,False,False
GROUP_09826,1,train,ewaste,Electronic Device,False,False
GROUP_09827,1,test,trashnet,Paper,False,False
GROUP_09828,1,train,ewaste,Large Electronic Appliance,False,False
GROUP_09829,1,train,ewaste,Large Electronic Appliance,False,False
GROUP_09830,1,val,ewaste,Electronic Device,False,False
GROUP_09831,1,test,phenomsg,Hazardous Waste,False,False
GROUP_09832,1,train,phenomsg,Recyclable Stream,False,False
GROUP_09833,1,train,realwaste,Food Organics,False,False
GROUP_09834,1,val,realwaste,Residual,False,False
GROUP_09835,1,train,trashnet,Paper,False,False
GROUP_09836,1,train,realwaste,Glass,False,False
GROUP_09837,1,test,ewaste,Battery,False,False
GROUP_09838,1,train,trashnet,Metal,False,False
GROUP_09839,1,test,trashnet,Paper,False,False
GROUP_09840,1,train,realwaste,Plastic,False,False
GROUP_09841,1,val,ewaste,Large Electronic Appliance,False,False
GROUP_09842,1,train,realwaste,Cardboard,False,False
GROUP_09843,1,train,ewaste,Electronic Device,False,False
GROUP_09844,1,train,realwaste,Paper,False,False
GROUP_09845,1,train,realwaste,Textile,False,False
GROUP_09846,1,train,trashnet,Paper,False,False
GROUP_09847,1,train,ewaste,Electronic Device,False,False
GROUP_09848,1,train,ewaste,Electronic Device,False,False
GROUP_09849,2,train,phenomsg,Hazardous Waste,True,True
GROUP_09850,1,train,ewaste,Electronic Component,False,False
GROUP_09851,1,train,realwaste,Glass,False,False
GROUP_09852,1,train,ewaste,Large Electronic Appliance,False,False
GROUP_09853,1,train,ewaste,Electronic Device,False,False
GROUP_09854,1,train,realwaste,Vegetation,False,False
GROUP_09855,1,train,trashnet,Metal,False,False
GROUP_09856,1,train,trashnet,Metal,False,False
GROUP_09857,1,train,realwaste,Paper,False,False
GROUP_09858,1,train,ewaste,Electronic Device,False,False
GROUP_09859,1,train,realwaste,Vegetation,False,False
GROUP_09860,1,train,realwaste,Paper,False,False
GROUP_09861,1,train,realwaste,Metal,False,False
GROUP_09862,1,test,ewaste,Electronic Device,False,False
GROUP_09863,1,test,realwaste,Metal,False,False
GROUP_09864,1,train,phenomsg,Residual,False,False
GROUP_09865,1,train,phenomsg,Recyclable Stream,False,False
GROUP_09866,1,train,phenomsg,Organic Stream,False,False
GROUP_09867,1,test,realwaste,Plastic,False,False
GROUP_09868,1,val,phenomsg,Residual,False,False
GROUP_09869,1,train,realwaste,Plastic,False,False
GROUP_09870,1,val,trashnet,Glass,False,False
GROUP_09871,1,train,trashnet,Paper,False,False
GROUP_09872,1,train,ewaste,Large Electronic Appliance,False,False
GROUP_09873,1,test,realwaste,Vegetation,False,False
GROUP_09874,1,train,realwaste,Metal,False,False
GROUP_09875,1,test,ewaste,Battery,False,False
GROUP_09876,1,val,phenomsg,Residual,False,False
GROUP_09877,1,train,trashnet,Plastic,False,False
GROUP_09878,1,train,trashnet,Plastic,False,False
GROUP_09879,1,train,realwaste,Paper,False,False
GROUP_09880,1,train,trashnet,Plastic,False,False
GROUP_09881,1,val,ewaste,Electronic Device,False,False
GROUP_09882,1,test,trashnet,Metal,False,False
GROUP_09883,1,test,realwaste,Metal,False,False
GROUP_09884,1,train,trashnet,Glass,False,False
GROUP_09885,1,train,ewaste,Electronic Device,False,False
GROUP_09886,1,train,phenomsg,Organic Stream,False,False
GROUP_09887,1,train,realwaste,Plastic,False,False
GROUP_09888,1,train,trashnet,Glass,False,False
GROUP_09889,1,train,realwaste,Metal,False,False
GROUP_09890,1,train,ewaste,Large Electronic Appliance,False,False
GROUP_09891,1,test,trashnet,Metal,False,False
GROUP_09892,1,val,realwaste,Glass,False,False
GROUP_09893,1,train,realwaste,Glass,False,False
GROUP_09894,1,test,trashnet,Paper,False,False
GROUP_09895,1,val,realwaste,Metal,False,False
GROUP_09896,1,train,phenomsg,Organic Stream,False,False
GROUP_09897,1,train,phenomsg,Residual,False,False
GROUP_09898,1,train,phenomsg,Residual,False,False
GROUP_09899,1,train,ewaste,Large Electronic Appliance,False,False
GROUP_09900,1,train,realwaste,Vegetation,False,False
GROUP_09901,1,test,trashnet,Glass,False,False
GROUP_09902,1,val,trashnet,Metal,False,False
GROUP_09903,1,train,trashnet,Plastic,False,False
GROUP_09904,1,train,phenomsg,Recyclable Stream,False,False
GROUP_09905,1,val,trashnet,Paper,False,False
GROUP_09906,1,train,realwaste,Plastic,False,False
GROUP_09907,1,train,phenomsg,Residual,False,False
GROUP_09908,1,test,realwaste,Metal,False,False
GROUP_09909,1,train,phenomsg,Organic Stream,False,False
GROUP_09910,1,val,trashnet,Cardboard,False,False
GROUP_09911,1,train,realwaste,Cardboard,False,False
GROUP_09912,1,train,phenomsg,Hazardous Waste,False,False
GROUP_09913,1,train,realwaste,Vegetation,False,False
GROUP_09914,1,train,realwaste,Residual,False,False
GROUP_09915,1,val,trashnet,Paper,False,False
GROUP_09916,1,train,trashnet,Glass,False,False
GROUP_09917,1,test,realwaste,Plastic,False,False
GROUP_09918,1,train,trashnet,Metal,False,False
GROUP_09919,1,train,ewaste,Electronic Device,False,False
GROUP_09920,1,train,phenomsg,Recyclable Stream,False,False
GROUP_09921,1,val,phenomsg,Residual,False,False
GROUP_09922,1,train,ewaste,Battery,False,False
GROUP_09923,1,val,phenomsg,Residual,False,False
GROUP_09924,1,train,realwaste,Metal,False,False
GROUP_09925,1,train,phenomsg,Organic Stream,False,False
GROUP_09926,1,train,phenomsg,Residual,False,False
GROUP_09927,1,train,ewaste,Battery,False,False
GROUP_09928,1,train,realwaste,Textile,False,False
GROUP_09929,1,val,trashnet,Cardboard,False,False
GROUP_09930,1,val,ewaste,Electronic Device,False,False
GROUP_09931,1,train,realwaste,Metal,False,False
GROUP_09932,1,train,realwaste,Plastic,False,False
GROUP_09933,1,train,trashnet,Glass,False,False
GROUP_09934,1,train,realwaste,Cardboard,False,False
GROUP_09935,1,train,realwaste,Residual,False,False
GROUP_09936,1,train,trashnet,Paper,False,False
GROUP_09937,1,test,realwaste,Residual,False,False
GROUP_09938,1,test,trashnet,Cardboard,False,False
GROUP_09939,1,train,realwaste,Glass,False,False
GROUP_09940,1,train,realwaste,Plastic,False,False
GROUP_09941,1,test,realwaste,Paper,False,False
GROUP_09942,1,train,phenomsg,Recyclable Stream,False,False
GROUP_09943,1,test,realwaste,Glass,False,False
GROUP_09944,1,train,phenomsg,Recyclable Stream,False,False
GROUP_09945,1,train,realwaste,Plastic,False,False
GROUP_09946,1,val,ewaste,Large Electronic Appliance,False,False
GROUP_09947,1,val,trashnet,Plastic,False,False
GROUP_09948,1,train,phenomsg,Recyclable Stream,False,False
GROUP_09949,2,train,phenomsg,Recyclable Stream,False,True
GROUP_09950,1,test,realwaste,Textile,False,False
GROUP_09951,1,train,realwaste,Food Organics,False,False
GROUP_09952,1,train,ewaste,Electronic Device,False,False
GROUP_09953,1,test,phenomsg,Organic Stream,False,False
GROUP_09954,1,train,ewaste,Electronic Device,False,False
GROUP_09955,1,val,phenomsg,Recyclable Stream,False,False
GROUP_09956,1,train,ewaste,Battery,False,False
GROUP_09957,1,train,phenomsg,Organic Stream,False,False
GROUP_09958,1,val,ewaste,Electronic Device,False,False
GROUP_09959,1,train,ewaste,Electronic Device,False,False
GROUP_09960,1,test,realwaste,Cardboard,False,False
GROUP_09961,1,train,ewaste,Electronic Component,False,False
GROUP_09962,1,train,phenomsg,Hazardous Waste,False,False
GROUP_09963,1,train,ewaste,Electronic Device,False,False
GROUP_09964,1,train,ewaste,Battery,False,False
GROUP_09965,1,train,phenomsg,Organic Stream,False,False
GROUP_09966,1,train,ewaste,Battery,False,False
GROUP_09967,1,test,realwaste,Metal,False,False
GROUP_09968,1,train,trashnet,Paper,False,False
GROUP_09969,1,train,realwaste,Glass,False,False
GROUP_09970,1,train,realwaste,Plastic,False,False
GROUP_09971,1,train,ewaste,Electronic Device,False,False
GROUP_09972,1,train,trashnet,Paper,False,False
GROUP_09973,1,train,phenomsg,Recyclable Stream,False,False
GROUP_09974,1,train,realwaste,Plastic,False,False
GROUP_09975,1,train,realwaste,Vegetation,False,False
GROUP_09976,1,val,trashnet,Metal,False,False
GROUP_09977,1,train,ewaste,Electronic Component,False,False
GROUP_09978,1,train,realwaste,Food Organics,False,False
GROUP_09979,1,train,phenomsg,Residual,False,False
GROUP_09980,1,train,ewaste,Large Electronic Appliance,False,False
GROUP_09981,1,train,realwaste,Food Organics,False,False
GROUP_09982,1,train,ewaste,Electronic Device,False,False
GROUP_09983,1,train,trashnet,Cardboard,False,False
GROUP_09984,1,train,ewaste,Large Electronic Appliance,False,False
GROUP_09985,1,train,ewaste,Electronic Device,False,False
GROUP_09986,1,train,ewaste,Electronic Device,False,False
GROUP_09987,1,train,realwaste,Plastic,False,False
GROUP_09988,1,train,realwaste,Residual,False,False
GROUP_09989,1,train,phenomsg,Hazardous Waste,False,False
GROUP_09990,1,train,trashnet,Glass,False,False
GROUP_09991,1,val,phenomsg,Hazardous Waste,False,False
GROUP_09992,1,train,realwaste,Food Organics,False,False
GROUP_09993,1,train,ewaste,Battery,False,False
GROUP_09994,1,train,trashnet,Glass,False,False
GROUP_09995,1,train,ewaste,Large Electronic Appliance,False,False
GROUP_09996,1,val,ewaste,Large Electronic Appliance,False,False
GROUP_09997,1,train,realwaste,Metal,False,False
GROUP_09998,1,train,realwaste,Plastic,False,False
GROUP_09999,1,train,trashnet,Metal,False,False
GROUP_10000,1,train,realwaste,Plastic,False,False
GROUP_10001,1,train,realwaste,Vegetation,False,False
GROUP_10002,1,train,phenomsg,Recyclable Stream,False,False
GROUP_10003,1,train,realwaste,Paper,False,False
GROUP_10004,1,train,trashnet,Cardboard,False,False
GROUP_10005,1,test,realwaste,Vegetation,False,False
GROUP_10006,1,train,trashnet,Paper,False,False
GROUP_10007,1,train,phenomsg,Organic Stream,False,False
GROUP_10008,1,test,realwaste,Vegetation,False,False
GROUP_10009,1,train,realwaste,Metal,False,False
GROUP_10010,1,val,phenomsg,Residual,False,False
GROUP_10011,1,train,realwaste,Cardboard,False,False
GROUP_10012,1,train,phenomsg,Organic Stream,False,False
GROUP_10013,1,train,ewaste,Electronic Component,False,False
GROUP_10014,1,train,realwaste,Glass,False,False
GROUP_10015,1,train,realwaste,Plastic,False,False
GROUP_10016,1,val,ewaste,Electronic Component,False,False
GROUP_10017,1,val,phenomsg,Residual,False,False
GROUP_10018,1,train,ewaste,Large Electronic Appliance,False,False
GROUP_10019,1,train,phenomsg,Hazardous Waste,False,False
GROUP_10020,1,test,realwaste,Cardboard,False,False
GROUP_10021,1,test,realwaste,Paper,False,False
GROUP_10022,1,train,realwaste,Cardboard,False,False
GROUP_10023,1,val,trashnet,Glass,False,False
GROUP_10024,1,val,ewaste,Large Electronic Appliance,False,False
GROUP_10025,1,train,phenomsg,Residual,False,False
GROUP_10026,1,train,ewaste,Electronic Device,False,False
GROUP_10027,1,train,ewaste,Electronic Device,False,False
GROUP_10028,1,train,realwaste,Cardboard,False,False
GROUP_10029,1,train,realwaste,Metal,False,False
GROUP_10030,1,train,realwaste,Residual,False,False
GROUP_10031,1,train,realwaste,Metal,False,False
GROUP_10032,1,val,phenomsg,Organic Stream,False,False
GROUP_10033,1,train,ewaste,Electronic Device,False,False
GROUP_10034,1,train,phenomsg,Organic Stream,False,False
GROUP_10035,1,test,phenomsg,Recyclable Stream,False,False
GROUP_10036,1,val,realwaste,Glass,False,False
GROUP_10037,1,train,trashnet,Metal,False,False
GROUP_10038,1,test,phenomsg,Residual,False,False
GROUP_10039,1,train,trashnet,Plastic,False,False
GROUP_10040,1,train,realwaste,Cardboard,False,False
GROUP_10041,1,train,realwaste,Plastic,False,False
GROUP_10042,1,train,realwaste,Paper,False,False
GROUP_10043,1,test,phenomsg,Recyclable Stream,False,False
GROUP_10044,1,train,realwaste,Metal,False,False
GROUP_10045,1,val,trashnet,Plastic,False,False
GROUP_10046,1,train,ewaste,Large Electronic Appliance,False,False
GROUP_10047,1,val,phenomsg,Recyclable Stream,False,False
GROUP_10048,1,val,phenomsg,Residual,False,False
GROUP_10049,1,train,realwaste,Metal,False,False
GROUP_10050,1,test,realwaste,Paper,False,False
GROUP_10051,1,train,trashnet,Glass,False,False
GROUP_10052,1,train,realwaste,Plastic,False,False
GROUP_10053,1,test,realwaste,Food Organics,False,False
GROUP_10054,1,train,realwaste,Textile,False,False
GROUP_10055,1,train,phenomsg,Residual,False,False
GROUP_10056,1,train,phenomsg,Residual,False,False
GROUP_10057,1,test,realwaste,Metal,False,False
GROUP_10058,1,train,trashnet,Glass,False,False
GROUP_10059,1,train,realwaste,Glass,False,False
GROUP_10060,1,val,realwaste,Textile,False,False
GROUP_10061,1,val,ewaste,Large Electronic Appliance,False,False
GROUP_10062,1,train,realwaste,Vegetation,False,False
GROUP_10063,1,train,realwaste,Plastic,False,False
GROUP_10064,1,test,ewaste,Large Electronic Appliance,False,False
GROUP_10065,1,train,phenomsg,Recyclable Stream,False,False
GROUP_10066,1,val,phenomsg,Hazardous Waste,False,False
GROUP_10067,1,train,trashnet,Metal,False,False
GROUP_10068,1,train,ewaste,Electronic Device,False,False
GROUP_10069,1,train,trashnet,Paper,False,False
GROUP_10070,1,train,phenomsg,Recyclable Stream,False,False
GROUP_10071,1,val,ewaste,Electronic Device,False,False
GROUP_10072,1,test,trashnet,Glass,False,False
GROUP_10073,1,train,ewaste,Electronic Device,False,False
GROUP_10074,1,val,ewaste,Electronic Device,False,False
GROUP_10075,1,train,ewaste,Battery,False,False
GROUP_10076,1,train,ewaste,Electronic Device,False,False
GROUP_10077,1,train,realwaste,Plastic,False,False
GROUP_10078,1,val,trashnet,Paper,False,False
GROUP_10079,1,train,phenomsg,Hazardous Waste,False,False
GROUP_10080,1,train,realwaste,Cardboard,False,False
GROUP_10081,1,test,ewaste,Large Electronic Appliance,False,False
GROUP_10082,1,val,trashnet,Cardboard,False,False
GROUP_10083,1,train,trashnet,Cardboard,False,False
GROUP_10084,1,val,trashnet,Paper,False,False
GROUP_10085,1,train,realwaste,Glass,False,False
GROUP_10086,1,train,ewaste,Electronic Component,False,False
GROUP_10087,1,train,trashnet,Metal,False,False
GROUP_10088,1,train,ewaste,Large Electronic Appliance,False,False
GROUP_10089,1,test,trashnet,Cardboard,False,False
GROUP_10090,1,test,trashnet,Plastic,False,False
GROUP_10091,1,val,phenomsg,Recyclable Stream,False,False
GROUP_10092,1,train,realwaste,Paper,False,False
GROUP_10093,1,val,realwaste,Metal,False,False
GROUP_10094,1,train,realwaste,Vegetation,False,False
GROUP_10095,1,test,trashnet,Metal,False,False
GROUP_10096,1,test,phenomsg,Organic Stream,False,False
GROUP_10097,1,train,realwaste,Food Organics,False,False
GROUP_10098,1,val,realwaste,Textile,False,False
GROUP_10099,1,test,ewaste,Large Electronic Appliance,False,False
GROUP_10100,1,test,phenomsg,Residual,False,False
GROUP_10101,1,val,realwaste,Paper,False,False
GROUP_10102,1,train,realwaste,Metal,False,False
GROUP_10103,1,train,phenomsg,Organic Stream,False,False
GROUP_10104,1,test,phenomsg,Organic Stream,False,False
GROUP_10105,1,test,ewaste,Battery,False,False
GROUP_10106,1,val,phenomsg,Recyclable Stream,False,False
GROUP_10107,1,test,realwaste,Textile,False,False
GROUP_10108,1,train,realwaste,Metal,False,False
GROUP_10109,1,test,phenomsg,Recyclable Stream,False,False
GROUP_10110,1,train,phenomsg,Hazardous Waste,False,False
GROUP_10111,1,train,ewaste,Battery,False,False
GROUP_10112,1,test,realwaste,Plastic,False,False
GROUP_10113,1,val,realwaste,Plastic,False,False
GROUP_10114,1,train,trashnet,Cardboard,False,False
GROUP_10115,1,train,realwaste,Metal,False,False
GROUP_10116,1,train,realwaste,Metal,False,False
GROUP_10117,1,train,realwaste,Paper,False,False
GROUP_10118,1,train,realwaste,Plastic,False,False
GROUP_10119,1,train,trashnet,Metal,False,False
GROUP_10120,1,train,realwaste,Paper,False,False
GROUP_10121,1,train,ewaste,Electronic Device,False,False
GROUP_10122,1,train,phenomsg,Residual,False,False
GROUP_10123,1,train,trashnet,Paper,False,False
GROUP_10124,1,val,phenomsg,Hazardous Waste,False,False
GROUP_10125,1,train,realwaste,Paper,False,False
GROUP_10126,1,train,realwaste,Metal,False,False
GROUP_10127,1,train,phenomsg,Organic Stream,False,False
GROUP_10128,1,train,realwaste,Residual,False,False
GROUP_10129,1,test,phenomsg,Recyclable Stream,False,False
GROUP_10130,1,train,phenomsg,Residual,False,False
GROUP_10131,1,val,realwaste,Metal,False,False
GROUP_10132,1,test,ewaste,Electronic Device,False,False
GROUP_10133,1,train,realwaste,Textile,False,False
GROUP_10134,1,test,trashnet,Paper,False,False
GROUP_10135,1,train,realwaste,Residual,False,False
GROUP_10136,1,train,realwaste,Glass,False,False
GROUP_10137,1,val,realwaste,Paper,False,False
GROUP_10138,1,train,trashnet,Paper,False,False
GROUP_10139,1,train,realwaste,Glass,False,False
GROUP_10140,1,train,realwaste,Textile,False,False
GROUP_10141,1,train,realwaste,Food Organics,False,False
GROUP_10142,1,val,phenomsg,Recyclable Stream,False,False
GROUP_10143,1,train,phenomsg,Organic Stream,False,False
GROUP_10144,1,train,trashnet,Paper,False,False
GROUP_10145,1,train,trashnet,Metal,False,False
GROUP_10146,1,train,trashnet,Paper,False,False
GROUP_10147,1,val,trashnet,Metal,False,False
GROUP_10148,1,test,phenomsg,Organic Stream,False,False
GROUP_10149,1,test,realwaste,Cardboard,False,False
GROUP_10150,1,train,realwaste,Food Organics,False,False
GROUP_10151,1,val,realwaste,Glass,False,False
GROUP_10152,1,train,trashnet,Paper,False,False
GROUP_10153,1,train,realwaste,Textile,False,False
GROUP_10154,1,train,trashnet,Plastic,False,False
GROUP_10155,1,train,realwaste,Plastic,False,False
GROUP_10156,1,train,trashnet,Paper,False,False
GROUP_10157,1,test,realwaste,Food Organics,False,False
GROUP_10158,1,train,realwaste,Metal,False,False
GROUP_10159,1,train,ewaste,Electronic Device,False,False
GROUP_10160,1,val,ewaste,Electronic Device,False,False
GROUP_10161,1,val,ewaste,Large Electronic Appliance,False,False
GROUP_10162,1,train,realwaste,Plastic,False,False
GROUP_10163,1,train,trashnet,Cardboard,False,False
GROUP_10164,1,train,phenomsg,Organic Stream,False,False
GROUP_10165,1,train,trashnet,Plastic,False,False
GROUP_10166,1,train,trashnet,Residual,False,False
GROUP_10167,1,train,trashnet,Plastic,False,False
GROUP_10168,1,train,realwaste,Textile,False,False
GROUP_10169,1,val,trashnet,Metal,False,False
GROUP_10170,1,train,ewaste,Large Electronic Appliance,False,False
GROUP_10171,1,test,realwaste,Food Organics,False,False
GROUP_10172,1,train,trashnet,Glass,False,False
GROUP_10173,1,train,ewaste,Electronic Component,False,False
GROUP_10174,1,train,ewaste,Electronic Device,False,False
GROUP_10175,1,val,phenomsg,Hazardous Waste,False,False
GROUP_10176,1,val,phenomsg,Residual,False,False
GROUP_10177,1,val,realwaste,Cardboard,False,False
GROUP_10178,1,train,realwaste,Food Organics,False,False
GROUP_10179,1,train,ewaste,Large Electronic Appliance,False,False
GROUP_10180,1,val,ewaste,Electronic Device,False,False
GROUP_10181,1,train,phenomsg,Recyclable Stream,False,False
GROUP_10182,1,train,realwaste,Metal,False,False
GROUP_10183,1,train,realwaste,Paper,False,False
GROUP_10184,1,train,realwaste,Cardboard,False,False
GROUP_10185,1,train,ewaste,Electronic Device,False,False
GROUP_10186,1,test,ewaste,Large Electronic Appliance,False,False
GROUP_10187,1,train,realwaste,Paper,False,False
GROUP_10188,1,train,realwaste,Vegetation,False,False
GROUP_10189,1,train,phenomsg,Recyclable Stream,False,False
GROUP_10190,1,train,phenomsg,Organic Stream,False,False
GROUP_10191,1,test,trashnet,Glass,False,False
GROUP_10192,1,train,realwaste,Plastic,False,False
GROUP_10193,1,train,realwaste,Metal,False,False
GROUP_10194,1,train,phenomsg,Residual,False,False
GROUP_10195,1,train,realwaste,Plastic,False,False
GROUP_10196,1,val,phenomsg,Organic Stream,False,False
GROUP_10197,1,train,ewaste,Large Electronic Appliance,False,False
GROUP_10198,1,train,ewaste,Electronic Device,False,False
GROUP_10199,1,test,phenomsg,Residual,False,False
GROUP_10200,1,val,trashnet,Paper,False,False
GROUP_10201,1,train,realwaste,Cardboard,False,False
GROUP_10202,1,val,ewaste,Large Electronic Appliance,False,False
GROUP_10203,1,train,phenomsg,Organic Stream,False,False
GROUP_10204,1,train,ewaste,Electronic Device,False,False
GROUP_10205,1,val,realwaste,Food Organics,False,False
GROUP_10206,1,train,ewaste,Electronic Device,False,False
GROUP_10207,1,train,ewaste,Electronic Device,False,False
GROUP_10208,1,train,realwaste,Vegetation,False,False
GROUP_10209,1,train,trashnet,Glass,False,False
GROUP_10210,1,val,ewaste,Electronic Device,False,False
GROUP_10211,1,train,realwaste,Metal,False,False
GROUP_10212,1,train,realwaste,Residual,False,False
GROUP_10213,1,train,realwaste,Plastic,False,False
GROUP_10214,1,val,realwaste,Metal,False,False
GROUP_10215,1,train,realwaste,Metal,False,False
GROUP_10216,2,train,phenomsg,Hazardous Waste,True,True
GROUP_10217,1,train,realwaste,Residual,False,False
GROUP_10218,1,val,realwaste,Glass,False,False
GROUP_10219,1,train,realwaste,Food Organics,False,False
GROUP_10220,1,train,ewaste,Large Electronic Appliance,False,False
GROUP_10221,1,train,realwaste,Textile,False,False
GROUP_10222,1,train,realwaste,Metal,False,False
GROUP_10223,1,train,trashnet,Paper,False,False
GROUP_10224,1,test,trashnet,Cardboard,False,False
GROUP_10225,1,test,trashnet,Glass,False,False
GROUP_10226,1,val,realwaste,Plastic,False,False
GROUP_10227,1,train,ewaste,Electronic Device,False,False
GROUP_10228,1,test,realwaste,Metal,False,False
GROUP_10229,1,train,phenomsg,Residual,False,False
GROUP_10230,1,test,trashnet,Glass,False,False
GROUP_10231,1,train,ewaste,Battery,False,False
GROUP_10232,1,val,phenomsg,Recyclable Stream,False,False
GROUP_10233,1,train,realwaste,Plastic,False,False
GROUP_10234,1,train,realwaste,Plastic,False,False
GROUP_10235,1,test,realwaste,Plastic,False,False
GROUP_10236,1,train,trashnet,Metal,False,False
GROUP_10237,1,train,trashnet,Paper,False,False
GROUP_10238,1,test,ewaste,Electronic Device,False,False
GROUP_10239,1,train,phenomsg,Residual,False,False
GROUP_10240,1,train,phenomsg,Recyclable Stream,False,False
GROUP_10241,1,val,realwaste,Metal,False,False
GROUP_10242,1,test,phenomsg,Recyclable Stream,False,False
GROUP_10243,1,train,realwaste,Vegetation,False,False
GROUP_10244,1,train,ewaste,Large Electronic Appliance,False,False
GROUP_10245,1,test,ewaste,Battery,False,False
GROUP_10246,1,train,ewaste,Large Electronic Appliance,False,False
GROUP_10247,1,test,realwaste,Glass,False,False
GROUP_10248,2,train,ewaste,Electronic Device,False,True
GROUP_10249,1,test,ewaste,Large Electronic Appliance,False,False
GROUP_10250,1,val,realwaste,Plastic,False,False
GROUP_10251,1,train,realwaste,Food Organics,False,False
GROUP_10252,1,train,trashnet,Glass,False,False
GROUP_10253,1,train,ewaste,Electronic Device,False,False
GROUP_10254,1,train,ewaste,Electronic Device,False,False
GROUP_10255,1,test,realwaste,Plastic,False,False
GROUP_10256,1,train,trashnet,Glass,False,False
GROUP_10257,1,train,realwaste,Vegetation,False,False
GROUP_10258,1,train,phenomsg,Organic Stream,False,False
GROUP_10259,1,train,phenomsg,Recyclable Stream,False,False
GROUP_10260,1,val,phenomsg,Recyclable Stream,False,False
GROUP_10261,1,train,realwaste,Glass,False,False
GROUP_10262,1,train,realwaste,Plastic,False,False
GROUP_10263,1,train,trashnet,Paper,False,False
GROUP_10264,1,test,phenomsg,Organic Stream,False,False
GROUP_10265,1,val,realwaste,Food Organics,False,False
GROUP_10266,1,train,phenomsg,Recyclable Stream,False,False
GROUP_10267,1,train,trashnet,Paper,False,False
GROUP_10268,1,train,realwaste,Paper,False,False
GROUP_10269,1,train,ewaste,Electronic Device,False,False
GROUP_10270,1,train,trashnet,Cardboard,False,False
GROUP_10271,1,train,phenomsg,Organic Stream,False,False
GROUP_10272,1,test,trashnet,Metal,False,False
GROUP_10273,1,train,realwaste,Cardboard,False,False
GROUP_10274,1,val,realwaste,Food Organics,False,False
GROUP_10275,1,train,realwaste,Cardboard,False,False
GROUP_10276,1,train,phenomsg,Residual,False,False
GROUP_10277,1,train,ewaste,Large Electronic Appliance,False,False
GROUP_10278,1,train,realwaste,Residual,False,False
GROUP_10279,1,train,trashnet,Paper,False,False
GROUP_10280,1,train,trashnet,Plastic,False,False
GROUP_10281,1,train,realwaste,Metal,False,False
GROUP_10282,1,val,realwaste,Textile,False,False
GROUP_10283,1,train,realwaste,Glass,False,False
GROUP_10284,1,train,phenomsg,Residual,False,False
GROUP_10285,1,val,ewaste,Large Electronic Appliance,False,False
GROUP_10286,1,train,ewaste,Large Electronic Appliance,False,False
GROUP_10287,1,val,realwaste,Plastic,False,False
GROUP_10288,1,train,phenomsg,Hazardous Waste,False,False
GROUP_10289,1,val,ewaste,Electronic Device,False,False
GROUP_10290,1,train,ewaste,Electronic Device,False,False
GROUP_10291,1,train,ewaste,Large Electronic Appliance,False,False
GROUP_10292,1,train,phenomsg,Residual,False,False
GROUP_10293,1,train,realwaste,Residual,False,False
GROUP_10294,1,train,phenomsg,Recyclable Stream,False,False
GROUP_10295,1,train,trashnet,Glass,False,False
GROUP_10296,1,test,realwaste,Metal,False,False
GROUP_10297,1,test,trashnet,Plastic,False,False
GROUP_10298,1,train,ewaste,Electronic Device,False,False
GROUP_10299,1,train,realwaste,Residual,False,False
GROUP_10300,1,train,trashnet,Plastic,False,False
GROUP_10301,1,train,realwaste,Residual,False,False
GROUP_10302,1,test,trashnet,Plastic,False,False
GROUP_10303,1,train,realwaste,Glass,False,False
GROUP_10304,1,test,phenomsg,Organic Stream,False,False
GROUP_10305,1,test,ewaste,Electronic Device,False,False
GROUP_10306,1,train,realwaste,Paper,False,False
GROUP_10307,1,train,realwaste,Plastic,False,False
GROUP_10308,1,train,phenomsg,Residual,False,False
GROUP_10309,1,train,realwaste,Metal,False,False
GROUP_10310,1,train,ewaste,Large Electronic Appliance,False,False
GROUP_10311,1,train,realwaste,Paper,False,False
GROUP_10312,1,val,phenomsg,Residual,False,False
GROUP_10313,1,train,realwaste,Food Organics,False,False
GROUP_10314,1,test,trashnet,Paper,False,False
GROUP_10315,1,val,trashnet,Plastic,False,False
GROUP_10316,1,train,realwaste,Metal,False,False
GROUP_10317,1,train,ewaste,Large Electronic Appliance,False,False
GROUP_10318,1,train,ewaste,Large Electronic Appliance,False,False
GROUP_10319,1,train,ewaste,Large Electronic Appliance,False,False
GROUP_10320,1,train,ewaste,Electronic Component,False,False
GROUP_10321,1,train,phenomsg,Recyclable Stream,False,False
GROUP_10322,1,train,realwaste,Metal,False,False
GROUP_10323,1,train,trashnet,Plastic,False,False
GROUP_10324,1,test,ewaste,Electronic Device,False,False
GROUP_10325,1,val,phenomsg,Residual,False,False
GROUP_10326,1,train,ewaste,Electronic Device,False,False
GROUP_10327,1,train,phenomsg,Residual,False,False
GROUP_10328,1,train,ewaste,Electronic Device,False,False
GROUP_10329,1,train,ewaste,Electronic Device,False,False
GROUP_10330,1,val,trashnet,Glass,False,False
GROUP_10331,1,test,realwaste,Plastic,False,False
GROUP_10332,1,test,ewaste,Electronic Device,False,False
GROUP_10333,1,train,realwaste,Metal,False,False
GROUP_10334,1,train,realwaste,Plastic,False,False
GROUP_10335,1,train,ewaste,Large Electronic Appliance,False,False
GROUP_10336,1,train,trashnet,Paper,False,False
GROUP_10337,1,train,realwaste,Food Organics,False,False
GROUP_10338,1,train,realwaste,Residual,False,False
GROUP_10339,1,train,realwaste,Paper,False,False
GROUP_10340,1,train,trashnet,Plastic,False,False
GROUP_10341,1,test,ewaste,Electronic Device,False,False
GROUP_10342,1,test,ewaste,Large Electronic Appliance,False,False
GROUP_10343,1,val,ewaste,Electronic Device,False,False
GROUP_10344,1,train,realwaste,Glass,False,False
GROUP_10345,1,test,realwaste,Metal,False,False
GROUP_10346,1,train,realwaste,Food Organics,False,False
GROUP_10347,1,train,realwaste,Textile,False,False
GROUP_10348,1,train,ewaste,Electronic Component,False,False
GROUP_10349,1,val,ewaste,Large Electronic Appliance,False,False
GROUP_10350,1,test,ewaste,Large Electronic Appliance,False,False
GROUP_10351,1,train,ewaste,Large Electronic Appliance,False,False
GROUP_10352,2,train,phenomsg,Recyclable Stream|Residual,False,True
GROUP_10353,1,train,realwaste,Food Organics,False,False
GROUP_10354,1,test,realwaste,Plastic,False,False
GROUP_10355,1,val,realwaste,Metal,False,False
GROUP_10356,1,val,phenomsg,Recyclable Stream,False,False
GROUP_10357,1,train,trashnet,Cardboard,False,False
GROUP_10358,1,test,trashnet,Plastic,False,False
GROUP_10359,1,val,realwaste,Cardboard,False,False
GROUP_10360,1,train,realwaste,Paper,False,False
GROUP_10361,1,test,realwaste,Glass,False,False
GROUP_10362,1,test,realwaste,Paper,False,False
GROUP_10363,1,train,ewaste,Electronic Device,False,False
GROUP_10364,1,train,realwaste,Vegetation,False,False
GROUP_10365,1,test,ewaste,Battery,False,False
GROUP_10366,1,val,realwaste,Paper,False,False
GROUP_10367,1,train,ewaste,Battery,False,False
GROUP_10368,1,train,trashnet,Glass,False,False
GROUP_10369,1,test,trashnet,Metal,False,False
GROUP_10370,1,test,trashnet,Metal,False,False
GROUP_10371,1,train,trashnet,Plastic,False,False
GROUP_10372,1,val,realwaste,Glass,False,False
GROUP_10373,1,train,realwaste,Vegetation,False,False
GROUP_10374,1,test,phenomsg,Organic Stream,False,False
GROUP_10375,1,val,trashnet,Metal,False,False
GROUP_10376,1,test,phenomsg,Recyclable Stream,False,False
GROUP_10377,1,train,trashnet,Glass,False,False
GROUP_10378,1,test,ewaste,Electronic Device,False,False
GROUP_10379,1,train,realwaste,Paper,False,False
GROUP_10380,1,train,realwaste,Glass,False,False
GROUP_10381,1,train,realwaste,Paper,False,False
GROUP_10382,1,train,realwaste,Vegetation,False,False
GROUP_10383,1,test,trashnet,Plastic,False,False
GROUP_10384,1,train,trashnet,Cardboard,False,False
GROUP_10385,1,test,realwaste,Cardboard,False,False
GROUP_10386,1,train,realwaste,Metal,False,False
GROUP_10387,1,train,realwaste,Residual,False,False
GROUP_10388,1,train,trashnet,Plastic,False,False
GROUP_10389,1,train,realwaste,Cardboard,False,False
GROUP_10390,1,train,trashnet,Residual,False,False
GROUP_10391,1,test,trashnet,Metal,False,False
GROUP_10392,1,train,trashnet,Plastic,False,False
GROUP_10393,1,train,realwaste,Glass,False,False
GROUP_10394,1,val,phenomsg,Residual,False,False
GROUP_10395,2,train,phenomsg,Hazardous Waste,True,True
GROUP_10396,1,train,ewaste,Electronic Device,False,False
GROUP_10397,1,test,phenomsg,Organic Stream,False,False
GROUP_10398,1,train,realwaste,Food Organics,False,False
GROUP_10399,1,train,realwaste,Food Organics,False,False
GROUP_10400,1,val,realwaste,Residual,False,False
GROUP_10401,1,train,ewaste,Electronic Device,False,False
GROUP_10402,1,train,realwaste,Paper,False,False
GROUP_10403,2,train,ewaste,Electronic Device,True,True
GROUP_10404,1,val,phenomsg,Residual,False,False
GROUP_10405,1,train,trashnet,Plastic,False,False
GROUP_10406,1,val,ewaste,Large Electronic Appliance,False,False
GROUP_10407,1,train,realwaste,Paper,False,False
GROUP_10408,1,test,ewaste,Electronic Device,False,False
GROUP_10409,1,train,phenomsg,Organic Stream,False,False
GROUP_10410,1,train,realwaste,Metal,False,False
GROUP_10411,1,train,realwaste,Paper,False,False
GROUP_10412,1,train,trashnet,Cardboard,False,False
GROUP_10413,1,test,trashnet,Glass,False,False
GROUP_10414,1,train,ewaste,Large Electronic Appliance,False,False
GROUP_10415,1,val,phenomsg,Organic Stream,False,False
GROUP_10416,1,train,phenomsg,Hazardous Waste,False,False
GROUP_10417,1,train,realwaste,Vegetation,False,False
GROUP_10418,1,train,realwaste,Vegetation,False,False
GROUP_10419,1,train,realwaste,Cardboard,False,False
GROUP_10420,1,train,trashnet,Paper,False,False
GROUP_10421,1,train,realwaste,Glass,False,False
GROUP_10422,1,train,realwaste,Vegetation,False,False
GROUP_10423,1,train,phenomsg,Recyclable Stream,False,False
GROUP_10424,1,train,phenomsg,Recyclable Stream,False,False
GROUP_10425,1,test,realwaste,Plastic,False,False
GROUP_10426,1,test,ewaste,Electronic Component,False,False
GROUP_10427,1,val,phenomsg,Organic Stream,False,False
GROUP_10428,1,train,realwaste,Vegetation,False,False
GROUP_10429,1,train,phenomsg,Recyclable Stream,False,False
GROUP_10430,1,train,realwaste,Residual,False,False
GROUP_10431,1,train,realwaste,Plastic,False,False
GROUP_10432,1,test,ewaste,Electronic Device,False,False
GROUP_10433,1,test,trashnet,Plastic,False,False
GROUP_10434,1,train,trashnet,Plastic,False,False
GROUP_10435,1,val,ewaste,Large Electronic Appliance,False,False
GROUP_10436,1,train,phenomsg,Hazardous Waste,False,False
GROUP_10437,1,test,realwaste,Plastic,False,False
GROUP_10438,1,train,realwaste,Paper,False,False
GROUP_10439,1,train,trashnet,Metal,False,False
GROUP_10440,1,train,phenomsg,Organic Stream,False,False
GROUP_10441,1,train,trashnet,Residual,False,False
GROUP_10442,1,test,ewaste,Electronic Device,False,False
GROUP_10443,1,train,realwaste,Plastic,False,False
GROUP_10444,1,train,ewaste,Electronic Component,False,False
GROUP_10445,1,train,ewaste,Large Electronic Appliance,False,False
GROUP_10446,1,train,ewaste,Large Electronic Appliance,False,False
GROUP_10447,1,train,realwaste,Paper,False,False
GROUP_10448,1,train,ewaste,Electronic Device,False,False
GROUP_10449,1,train,realwaste,Cardboard,False,False
GROUP_10450,2,train,ewaste,Electronic Device,False,True
GROUP_10451,1,train,realwaste,Vegetation,False,False
GROUP_10452,2,train,phenomsg,Hazardous Waste,True,True
GROUP_10453,1,train,realwaste,Plastic,False,False
GROUP_10454,1,train,realwaste,Residual,False,False
GROUP_10455,1,val,phenomsg,Recyclable Stream,False,False
GROUP_10456,1,val,trashnet,Residual,False,False
GROUP_10457,1,train,ewaste,Battery,False,False
GROUP_10458,1,train,realwaste,Plastic,False,False
GROUP_10459,1,train,realwaste,Residual,False,False
GROUP_10460,1,train,ewaste,Electronic Device,False,False
GROUP_10461,1,train,ewaste,Electronic Device,False,False
GROUP_10462,1,train,realwaste,Plastic,False,False
GROUP_10463,1,train,trashnet,Cardboard,False,False
GROUP_10464,1,train,trashnet,Plastic,False,False
GROUP_10465,1,val,phenomsg,Organic Stream,False,False
GROUP_10466,1,test,trashnet,Metal,False,False
GROUP_10467,1,val,realwaste,Vegetation,False,False
GROUP_10468,1,train,phenomsg,Recyclable Stream,False,False
GROUP_10469,1,train,phenomsg,Hazardous Waste,False,False
GROUP_10470,1,train,phenomsg,Hazardous Waste,False,False
GROUP_10471,1,test,ewaste,Large Electronic Appliance,False,False
GROUP_10472,1,train,trashnet,Cardboard,False,False
GROUP_10473,1,train,trashnet,Residual,False,False
GROUP_10474,1,train,phenomsg,Residual,False,False
GROUP_10475,1,train,phenomsg,Organic Stream,False,False
GROUP_10476,1,train,realwaste,Cardboard,False,False
GROUP_10477,1,train,realwaste,Glass,False,False
GROUP_10478,1,train,ewaste,Large Electronic Appliance,False,False
GROUP_10479,1,train,ewaste,Electronic Device,False,False
GROUP_10480,1,test,phenomsg,Organic Stream,False,False
GROUP_10481,1,train,ewaste,Electronic Device,False,False
GROUP_10482,1,train,ewaste,Electronic Device,False,False
GROUP_10483,1,train,realwaste,Food Organics,False,False
GROUP_10484,1,train,realwaste,Paper,False,False
GROUP_10485,1,train,ewaste,Electronic Device,False,False
GROUP_10486,1,train,phenomsg,Recyclable Stream,False,False
GROUP_10487,1,train,ewaste,Electronic Device,False,False
GROUP_10488,1,train,realwaste,Residual,False,False
GROUP_10489,1,train,ewaste,Large Electronic Appliance,False,False
GROUP_10490,1,train,phenomsg,Recyclable Stream,False,False
GROUP_10491,1,val,phenomsg,Organic Stream,False,False
GROUP_10492,1,train,phenomsg,Hazardous Waste,False,False
GROUP_10493,1,train,phenomsg,Residual,False,False
GROUP_10494,1,test,ewaste,Electronic Device,False,False
GROUP_10495,1,train,realwaste,Textile,False,False
GROUP_10496,1,train,realwaste,Metal,False,False
GROUP_10497,1,train,realwaste,Paper,False,False
GROUP_10498,1,train,ewaste,Electronic Device,False,False
GROUP_10499,1,train,trashnet,Plastic,False,False
GROUP_10500,1,train,realwaste,Glass,False,False
GROUP_10501,1,train,realwaste,Metal,False,False
GROUP_10502,1,train,trashnet,Glass,False,False
GROUP_10503,1,train,trashnet,Residual,False,False
GROUP_10504,1,train,trashnet,Glass,False,False
GROUP_10505,1,test,ewaste,Electronic Device,False,False
GROUP_10506,1,train,phenomsg,Hazardous Waste,False,False
GROUP_10507,2,train,phenomsg,Hazardous Waste,True,True
GROUP_10508,1,train,ewaste,Electronic Component,False,False
GROUP_10509,1,train,realwaste,Metal,False,False
GROUP_10510,1,train,trashnet,Plastic,False,False
GROUP_10511,2,train,phenomsg,Hazardous Waste,True,True
GROUP_10512,1,train,phenomsg,Recyclable Stream,False,False
GROUP_10513,1,train,ewaste,Electronic Component,False,False
GROUP_10514,1,train,realwaste,Food Organics,False,False
GROUP_10515,1,train,ewaste,Battery,False,False
GROUP_10516,1,val,realwaste,Residual,False,False
GROUP_10517,1,train,ewaste,Electronic Device,False,False
GROUP_10518,1,train,realwaste,Glass,False,False
GROUP_10519,1,train,ewaste,Electronic Device,False,False
GROUP_10520,1,train,trashnet,Glass,False,False
GROUP_10521,1,train,trashnet,Plastic,False,False
GROUP_10522,1,train,ewaste,Electronic Component,False,False
GROUP_10523,1,val,phenomsg,Organic Stream,False,False
GROUP_10524,1,test,ewaste,Electronic Device,False,False
GROUP_10525,1,train,realwaste,Residual,False,False
GROUP_10526,1,train,phenomsg,Organic Stream,False,False
GROUP_10527,1,train,ewaste,Electronic Device,False,False
GROUP_10528,1,val,realwaste,Vegetation,False,False
GROUP_10529,1,train,realwaste,Food Organics,False,False
GROUP_10530,1,train,ewaste,Battery,False,False
GROUP_10531,1,test,trashnet,Metal,False,False
GROUP_10532,1,test,phenomsg,Organic Stream,False,False
GROUP_10533,1,train,phenomsg,Organic Stream,False,False
GROUP_10534,1,train,realwaste,Plastic,False,False
GROUP_10535,1,val,trashnet,Paper,False,False
GROUP_10536,1,train,trashnet,Plastic,False,False
GROUP_10537,1,train,realwaste,Glass,False,False
GROUP_10538,1,test,realwaste,Cardboard,False,False
GROUP_10539,1,test,realwaste,Food Organics,False,False
GROUP_10540,1,test,realwaste,Metal,False,False
GROUP_10541,1,val,phenomsg,Residual,False,False
GROUP_10542,1,train,trashnet,Paper,False,False
GROUP_10543,1,train,realwaste,Food Organics,False,False
GROUP_10544,1,val,phenomsg,Organic Stream,False,False
GROUP_10545,1,val,trashnet,Residual,False,False
GROUP_10546,1,train,phenomsg,Hazardous Waste,False,False
GROUP_10547,1,test,trashnet,Cardboard,False,False
GROUP_10548,1,train,ewaste,Battery,False,False
GROUP_10549,1,train,ewaste,Electronic Device,False,False
GROUP_10550,1,test,trashnet,Cardboard,False,False
GROUP_10551,1,train,trashnet,Glass,False,False
GROUP_10552,1,train,realwaste,Cardboard,False,False
GROUP_10553,1,test,trashnet,Glass,False,False
GROUP_10554,1,val,realwaste,Plastic,False,False
GROUP_10555,1,train,realwaste,Plastic,False,False
GROUP_10556,1,train,phenomsg,Residual,False,False
GROUP_10557,1,train,realwaste,Plastic,False,False
GROUP_10558,1,test,realwaste,Glass,False,False
GROUP_10559,1,train,phenomsg,Organic Stream,False,False
GROUP_10560,1,train,trashnet,Metal,False,False
GROUP_10561,1,test,ewaste,Electronic Device,False,False
GROUP_10562,1,val,trashnet,Paper,False,False
GROUP_10563,1,train,realwaste,Textile,False,False
GROUP_10564,1,train,phenomsg,Recyclable Stream,False,False
GROUP_10565,1,train,ewaste,Electronic Component,False,False
GROUP_10566,1,train,realwaste,Plastic,False,False
GROUP_10567,1,val,ewaste,Electronic Component,False,False
GROUP_10568,1,test,ewaste,Electronic Device,False,False
GROUP_10569,1,test,realwaste,Metal,False,False
GROUP_10570,1,test,realwaste,Plastic,False,False
GROUP_10571,1,train,ewaste,Electronic Component,False,False
GROUP_10572,1,train,realwaste,Textile,False,False
GROUP_10573,1,train,trashnet,Metal,False,False
GROUP_10574,1,test,trashnet,Paper,False,False
GROUP_10575,1,train,realwaste,Glass,False,False
GROUP_10576,1,val,ewaste,Electronic Device,False,False
GROUP_10577,1,train,realwaste,Food Organics,False,False
GROUP_10578,1,val,realwaste,Residual,False,False
GROUP_10579,1,train,trashnet,Paper,False,False
GROUP_10580,1,train,phenomsg,Recyclable Stream,False,False
GROUP_10581,1,train,ewaste,Large Electronic Appliance,False,False
GROUP_10582,1,train,phenomsg,Residual,False,False
GROUP_10583,1,train,realwaste,Metal,False,False
GROUP_10584,1,val,trashnet,Cardboard,False,False
GROUP_10585,1,val,phenomsg,Hazardous Waste,False,False
GROUP_10586,1,train,phenomsg,Hazardous Waste,False,False
GROUP_10587,1,test,realwaste,Plastic,False,False
GROUP_10588,1,val,realwaste,Paper,False,False
GROUP_10589,1,val,phenomsg,Recyclable Stream,False,False
GROUP_10590,1,train,ewaste,Battery,False,False
GROUP_10591,1,train,phenomsg,Hazardous Waste,False,False
GROUP_10592,1,train,realwaste,Cardboard,False,False
GROUP_10593,1,train,trashnet,Paper,False,False
GROUP_10594,1,train,realwaste,Metal,False,False
GROUP_10595,1,train,ewaste,Electronic Device,False,False
GROUP_10596,1,train,trashnet,Glass,False,False
GROUP_10597,1,train,realwaste,Metal,False,False
GROUP_10598,1,train,realwaste,Plastic,False,False
GROUP_10599,1,train,realwaste,Residual,False,False
GROUP_10600,1,train,trashnet,Plastic,False,False
GROUP_10601,1,train,trashnet,Cardboard,False,False
GROUP_10602,1,val,trashnet,Glass,False,False
GROUP_10603,1,train,trashnet,Plastic,False,False
GROUP_10604,1,train,ewaste,Electronic Device,False,False
GROUP_10605,1,train,phenomsg,Residual,False,False
GROUP_10606,1,test,phenomsg,Residual,False,False
GROUP_10607,1,test,realwaste,Paper,False,False
GROUP_10608,1,train,phenomsg,Recyclable Stream,False,False
GROUP_10609,1,val,phenomsg,Recyclable Stream,False,False
GROUP_10610,1,train,ewaste,Electronic Device,False,False
GROUP_10611,1,train,phenomsg,Hazardous Waste,False,False
GROUP_10612,1,train,realwaste,Glass,False,False
GROUP_10613,1,train,realwaste,Metal,False,False
GROUP_10614,2,train,phenomsg,Hazardous Waste,True,True
GROUP_10615,1,train,trashnet,Metal,False,False
GROUP_10616,1,train,realwaste,Paper,False,False
GROUP_10617,1,train,realwaste,Metal,False,False
GROUP_10618,1,test,ewaste,Electronic Device,False,False
GROUP_10619,1,train,phenomsg,Organic Stream,False,False
GROUP_10620,1,train,realwaste,Textile,False,False
GROUP_10621,1,train,ewaste,Electronic Device,False,False
GROUP_10622,1,train,realwaste,Vegetation,False,False
GROUP_10623,1,test,trashnet,Metal,False,False
GROUP_10624,1,train,trashnet,Metal,False,False
GROUP_10625,1,train,realwaste,Residual,False,False
GROUP_10626,1,val,ewaste,Electronic Device,False,False
GROUP_10627,1,train,trashnet,Metal,False,False
GROUP_10628,1,train,realwaste,Residual,False,False
GROUP_10629,1,val,realwaste,Textile,False,False
GROUP_10630,1,test,trashnet,Cardboard,False,False
GROUP_10631,1,val,realwaste,Plastic,False,False
GROUP_10632,1,train,ewaste,Electronic Device,False,False
GROUP_10633,1,train,realwaste,Metal,False,False
GROUP_10634,1,train,realwaste,Vegetation,False,False
GROUP_10635,1,train,trashnet,Metal,False,False
GROUP_10636,1,train,trashnet,Paper,False,False
GROUP_10637,1,val,trashnet,Metal,False,False
GROUP_10638,1,train,trashnet,Paper,False,False
GROUP_10639,1,train,phenomsg,Organic Stream,False,False
GROUP_10640,1,train,realwaste,Food Organics,False,False
GROUP_10641,1,val,realwaste,Glass,False,False
GROUP_10642,1,test,realwaste,Cardboard,False,False
GROUP_10643,1,train,realwaste,Paper,False,False
GROUP_10644,1,val,ewaste,Electronic Device,False,False
GROUP_10645,1,train,realwaste,Glass,False,False
GROUP_10646,1,val,phenomsg,Organic Stream,False,False
GROUP_10647,1,train,trashnet,Glass,False,False
GROUP_10648,1,train,realwaste,Plastic,False,False
GROUP_10649,1,test,trashnet,Paper,False,False
GROUP_10650,1,val,trashnet,Glass,False,False
GROUP_10651,1,train,phenomsg,Recyclable Stream,False,False
GROUP_10652,1,train,realwaste,Residual,False,False
GROUP_10653,1,train,trashnet,Glass,False,False
GROUP_10654,1,train,realwaste,Vegetation,False,False
GROUP_10655,1,train,realwaste,Paper,False,False
GROUP_10656,1,train,ewaste,Electronic Device,False,False
GROUP_10657,1,train,realwaste,Food Organics,False,False
GROUP_10658,1,train,trashnet,Cardboard,False,False
GROUP_10659,1,val,ewaste,Electronic Device,False,False
GROUP_10660,1,train,trashnet,Paper,False,False
GROUP_10661,1,train,realwaste,Metal,False,False
GROUP_10662,1,train,realwaste,Vegetation,False,False
GROUP_10663,1,train,trashnet,Glass,False,False
GROUP_10664,1,train,trashnet,Plastic,False,False
GROUP_10665,1,train,trashnet,Plastic,False,False
GROUP_10666,1,train,realwaste,Residual,False,False
GROUP_10667,1,test,phenomsg,Hazardous Waste,False,False
GROUP_10668,1,train,trashnet,Paper,False,False
GROUP_10669,1,train,realwaste,Plastic,False,False
GROUP_10670,1,train,realwaste,Food Organics,False,False
GROUP_10671,1,val,realwaste,Metal,False,False
GROUP_10672,1,train,realwaste,Residual,False,False
GROUP_10673,1,train,phenomsg,Residual,False,False
GROUP_10674,1,test,ewaste,Electronic Device,False,False
GROUP_10675,1,train,realwaste,Metal,False,False
GROUP_10676,1,train,ewaste,Large Electronic Appliance,False,False
GROUP_10677,1,train,trashnet,Glass,False,False
GROUP_10678,1,val,ewaste,Electronic Device,False,False
GROUP_10679,1,test,phenomsg,Organic Stream,False,False
GROUP_10680,1,test,phenomsg,Organic Stream,False,False
GROUP_10681,1,val,phenomsg,Hazardous Waste,False,False
GROUP_10682,1,train,realwaste,Metal,False,False
GROUP_10683,1,train,realwaste,Food Organics,False,False
GROUP_10684,1,train,phenomsg,Hazardous Waste,False,False
GROUP_10685,1,train,ewaste,Electronic Device,False,False
GROUP_10686,1,val,realwaste,Cardboard,False,False
GROUP_10687,1,train,realwaste,Plastic,False,False
GROUP_10688,1,train,phenomsg,Organic Stream,False,False
GROUP_10689,1,train,phenomsg,Hazardous Waste,False,False
GROUP_10690,1,val,phenomsg,Recyclable Stream,False,False
GROUP_10691,1,val,realwaste,Cardboard,False,False
GROUP_10692,1,train,realwaste,Vegetation,False,False
GROUP_10693,1,train,realwaste,Residual,False,False
GROUP_10694,1,test,realwaste,Cardboard,False,False
GROUP_10695,2,train,phenomsg,Hazardous Waste,True,True
GROUP_10696,1,test,realwaste,Metal,False,False
GROUP_10697,1,test,realwaste,Residual,False,False
GROUP_10698,1,train,ewaste,Electronic Component,False,False
GROUP_10699,1,train,trashnet,Glass,False,False
GROUP_10700,1,train,realwaste,Paper,False,False
GROUP_10701,1,train,ewaste,Large Electronic Appliance,False,False
GROUP_10702,1,train,trashnet,Glass,False,False
GROUP_10703,1,test,trashnet,Glass,False,False
GROUP_10704,1,val,phenomsg,Recyclable Stream,False,False
GROUP_10705,1,train,ewaste,Electronic Device,False,False
GROUP_10706,1,train,trashnet,Glass,False,False
GROUP_10707,1,train,trashnet,Metal,False,False
GROUP_10708,1,train,realwaste,Paper,False,False
GROUP_10709,1,train,phenomsg,Recyclable Stream,False,False
GROUP_10710,1,train,realwaste,Plastic,False,False
GROUP_10711,1,test,realwaste,Paper,False,False
GROUP_10712,1,train,ewaste,Battery,False,False
GROUP_10713,1,train,realwaste,Vegetation,False,False
GROUP_10714,1,train,phenomsg,Recyclable Stream,False,False
GROUP_10715,1,train,realwaste,Food Organics,False,False
GROUP_10716,1,train,realwaste,Glass,False,False
GROUP_10717,1,train,realwaste,Plastic,False,False
GROUP_10718,1,train,realwaste,Food Organics,False,False
GROUP_10719,1,train,ewaste,Electronic Device,False,False
GROUP_10720,1,train,ewaste,Large Electronic Appliance,False,False
GROUP_10721,1,val,realwaste,Paper,False,False
GROUP_10722,1,train,realwaste,Textile,False,False
GROUP_10723,1,test,trashnet,Residual,False,False
GROUP_10724,1,train,ewaste,Electronic Device,False,False
GROUP_10725,1,train,ewaste,Large Electronic Appliance,False,False
GROUP_10726,1,val,trashnet,Plastic,False,False
GROUP_10727,1,train,ewaste,Electronic Device,False,False
GROUP_10728,1,train,realwaste,Textile,False,False
GROUP_10729,1,train,phenomsg,Recyclable Stream,False,False
GROUP_10730,1,train,phenomsg,Residual,False,False
GROUP_10731,1,train,phenomsg,Hazardous Waste,False,False
GROUP_10732,1,test,realwaste,Residual,False,False
GROUP_10733,1,val,ewaste,Electronic Device,False,False
GROUP_10734,1,train,phenomsg,Residual,False,False
GROUP_10735,1,train,ewaste,Electronic Device,False,False
GROUP_10736,1,test,trashnet,Glass,False,False
GROUP_10737,1,train,realwaste,Plastic,False,False
GROUP_10738,1,train,phenomsg,Hazardous Waste,False,False
GROUP_10739,1,train,trashnet,Metal,False,False
GROUP_10740,1,train,ewaste,Electronic Device,False,False
GROUP_10741,1,val,realwaste,Plastic,False,False
GROUP_10742,1,train,trashnet,Metal,False,False
GROUP_10743,1,train,realwaste,Residual,False,False
GROUP_10744,1,train,phenomsg,Residual,False,False
GROUP_10745,1,train,ewaste,Electronic Device,False,False
GROUP_10746,1,train,ewaste,Electronic Device,False,False
GROUP_10747,1,train,realwaste,Plastic,False,False
GROUP_10748,1,train,ewaste,Electronic Device,False,False
GROUP_10749,1,val,phenomsg,Residual,False,False
GROUP_10750,1,val,trashnet,Paper,False,False
GROUP_10751,1,test,ewaste,Large Electronic Appliance,False,False
GROUP_10752,1,train,trashnet,Metal,False,False
GROUP_10753,1,train,ewaste,Electronic Device,False,False
GROUP_10754,1,train,realwaste,Metal,False,False
GROUP_10755,1,val,phenomsg,Organic Stream,False,False
GROUP_10756,1,val,realwaste,Food Organics,False,False
GROUP_10757,1,train,realwaste,Plastic,False,False
GROUP_10758,1,train,ewaste,Electronic Component,False,False
GROUP_10759,1,train,trashnet,Glass,False,False
GROUP_10760,1,train,phenomsg,Organic Stream,False,False
GROUP_10761,1,train,realwaste,Textile,False,False
GROUP_10762,1,test,ewaste,Electronic Device,False,False
GROUP_10763,1,train,realwaste,Food Organics,False,False
GROUP_10764,1,train,realwaste,Metal,False,False
GROUP_10765,1,val,realwaste,Plastic,False,False
GROUP_10766,1,val,phenomsg,Organic Stream,False,False
GROUP_10767,1,train,trashnet,Cardboard,False,False
GROUP_10768,1,val,ewaste,Electronic Device,False,False
GROUP_10769,1,train,phenomsg,Organic Stream,False,False
GROUP_10770,1,train,realwaste,Paper,False,False
GROUP_10771,1,train,phenomsg,Organic Stream,False,False
GROUP_10772,1,train,realwaste,Plastic,False,False
GROUP_10773,1,train,trashnet,Paper,False,False
GROUP_10774,1,train,realwaste,Cardboard,False,False
GROUP_10775,1,train,realwaste,Plastic,False,False
GROUP_10776,1,train,ewaste,Electronic Device,False,False
GROUP_10777,1,train,realwaste,Residual,False,False
GROUP_10778,1,val,phenomsg,Organic Stream,False,False
GROUP_10779,1,train,realwaste,Residual,False,False
GROUP_10780,1,val,phenomsg,Organic Stream,False,False
GROUP_10781,1,train,trashnet,Paper,False,False
GROUP_10782,1,train,phenomsg,Hazardous Waste,False,False
GROUP_10783,1,test,ewaste,Electronic Device,False,False
GROUP_10784,1,val,ewaste,Electronic Device,False,False
GROUP_10785,1,test,ewaste,Electronic Device,False,False
GROUP_10786,1,train,phenomsg,Organic Stream,False,False
GROUP_10787,1,train,trashnet,Paper,False,False
GROUP_10788,1,test,trashnet,Paper,False,False
GROUP_10789,1,train,trashnet,Glass,False,False
GROUP_10790,1,train,ewaste,Electronic Device,False,False
GROUP_10791,1,val,phenomsg,Organic Stream,False,False
GROUP_10792,1,train,realwaste,Cardboard,False,False
GROUP_10793,1,train,ewaste,Electronic Device,False,False
GROUP_10794,1,test,realwaste,Paper,False,False
GROUP_10795,1,train,realwaste,Vegetation,False,False
GROUP_10796,1,train,realwaste,Paper,False,False
GROUP_10797,1,train,realwaste,Glass,False,False
GROUP_10798,1,train,realwaste,Metal,False,False
GROUP_10799,1,train,realwaste,Residual,False,False
GROUP_10800,1,test,trashnet,Cardboard,False,False
GROUP_10801,1,train,realwaste,Vegetation,False,False
GROUP_10802,1,train,trashnet,Glass,False,False
GROUP_10803,1,train,phenomsg,Residual,False,False
GROUP_10804,1,train,realwaste,Metal,False,False
GROUP_10805,1,test,realwaste,Residual,False,False
GROUP_10806,1,train,ewaste,Electronic Device,False,False
GROUP_10807,1,train,realwaste,Paper,False,False
GROUP_10808,1,train,realwaste,Plastic,False,False
GROUP_10809,1,train,realwaste,Glass,False,False
GROUP_10810,1,train,realwaste,Glass,False,False
GROUP_10811,1,test,realwaste,Vegetation,False,False
GROUP_10812,1,train,realwaste,Glass,False,False
GROUP_10813,1,train,realwaste,Vegetation,False,False
GROUP_10814,1,test,trashnet,Paper,False,False
GROUP_10815,1,val,trashnet,Plastic,False,False
GROUP_10816,1,val,phenomsg,Organic Stream,False,False
GROUP_10817,1,train,realwaste,Plastic,False,False
GROUP_10818,1,train,realwaste,Paper,False,False
GROUP_10819,1,train,realwaste,Plastic,False,False
GROUP_10820,1,train,trashnet,Metal,False,False
GROUP_10821,1,val,phenomsg,Residual,False,False
GROUP_10822,1,train,realwaste,Glass,False,False
GROUP_10823,1,train,ewaste,Large Electronic Appliance,False,False
GROUP_10824,1,train,ewaste,Large Electronic Appliance,False,False
GROUP_10825,1,train,trashnet,Metal,False,False
GROUP_10826,1,train,trashnet,Plastic,False,False
GROUP_10827,1,test,phenomsg,Organic Stream,False,False
GROUP_10828,1,val,ewaste,Electronic Component,False,False
GROUP_10829,1,train,trashnet,Cardboard,False,False
GROUP_10830,1,val,trashnet,Metal,False,False
GROUP_10831,1,test,realwaste,Residual,False,False
GROUP_10832,1,train,trashnet,Glass,False,False
GROUP_10833,1,val,realwaste,Plastic,False,False
GROUP_10834,1,train,ewaste,Electronic Device,False,False
GROUP_10835,1,train,realwaste,Metal,False,False
GROUP_10836,1,test,phenomsg,Organic Stream,False,False
GROUP_10837,1,train,ewaste,Electronic Component,False,False
GROUP_10838,1,val,realwaste,Metal,False,False
GROUP_10839,1,val,realwaste,Residual,False,False
GROUP_10840,1,train,trashnet,Glass,False,False
GROUP_10841,1,train,realwaste,Metal,False,False
GROUP_10842,1,train,realwaste,Residual,False,False
GROUP_10843,1,val,realwaste,Metal,False,False
GROUP_10844,1,train,trashnet,Glass,False,False
GROUP_10845,1,train,ewaste,Electronic Component,False,False
GROUP_10846,1,train,trashnet,Glass,False,False
GROUP_10847,1,train,ewaste,Battery,False,False
GROUP_10848,1,train,realwaste,Cardboard,False,False
GROUP_10849,1,train,ewaste,Electronic Device,False,False
GROUP_10850,1,train,realwaste,Food Organics,False,False
GROUP_10851,1,train,phenomsg,Residual,False,False
GROUP_10852,1,val,realwaste,Residual,False,False
GROUP_10853,1,train,phenomsg,Residual,False,False
GROUP_10854,1,train,realwaste,Glass,False,False
GROUP_10855,1,train,realwaste,Cardboard,False,False
GROUP_10856,2,train,phenomsg,Hazardous Waste,True,True
GROUP_10857,1,train,ewaste,Electronic Device,False,False
GROUP_10858,1,train,realwaste,Plastic,False,False
GROUP_10859,1,test,realwaste,Vegetation,False,False
GROUP_10860,1,train,realwaste,Cardboard,False,False
GROUP_10861,1,train,trashnet,Plastic,False,False
GROUP_10862,1,test,phenomsg,Recyclable Stream,False,False
GROUP_10863,1,train,trashnet,Paper,False,False
GROUP_10864,1,train,phenomsg,Hazardous Waste,False,False
GROUP_10865,1,train,realwaste,Residual,False,False
GROUP_10866,1,test,realwaste,Vegetation,False,False
GROUP_10867,1,train,realwaste,Metal,False,False
GROUP_10868,1,train,realwaste,Residual,False,False
GROUP_10869,1,train,realwaste,Vegetation,False,False
GROUP_10870,1,train,trashnet,Metal,False,False
GROUP_10871,1,val,ewaste,Electronic Component,False,False
GROUP_10872,2,train,phenomsg,Hazardous Waste,True,True
GROUP_10873,1,train,trashnet,Cardboard,False,False
GROUP_10874,1,val,realwaste,Glass,False,False
GROUP_10875,1,train,realwaste,Glass,False,False
GROUP_10876,1,train,trashnet,Plastic,False,False
GROUP_10877,1,train,ewaste,Electronic Device,False,False
GROUP_10878,1,val,phenomsg,Recyclable Stream,False,False
GROUP_10879,1,train,realwaste,Vegetation,False,False
GROUP_10880,1,train,ewaste,Large Electronic Appliance,False,False
GROUP_10881,1,train,phenomsg,Residual,False,False
GROUP_10882,1,test,realwaste,Cardboard,False,False
GROUP_10883,1,train,realwaste,Vegetation,False,False
GROUP_10884,1,train,ewaste,Large Electronic Appliance,False,False
GROUP_10885,1,train,phenomsg,Residual,False,False
GROUP_10886,1,train,realwaste,Metal,False,False
GROUP_10887,1,train,realwaste,Textile,False,False
GROUP_10888,1,test,trashnet,Glass,False,False
GROUP_10889,1,train,trashnet,Plastic,False,False
GROUP_10890,1,test,realwaste,Textile,False,False
GROUP_10891,1,train,realwaste,Glass,False,False
GROUP_10892,1,val,realwaste,Plastic,False,False
GROUP_10893,1,train,trashnet,Plastic,False,False
GROUP_10894,1,train,ewaste,Battery,False,False
GROUP_10895,1,val,ewaste,Large Electronic Appliance,False,False
GROUP_10896,1,test,realwaste,Glass,False,False
GROUP_10897,1,train,ewaste,Electronic Component,False,False
GROUP_10898,1,train,trashnet,Glass,False,False
GROUP_10899,1,train,ewaste,Electronic Device,False,False
GROUP_10900,1,train,trashnet,Cardboard,False,False
GROUP_10901,1,train,trashnet,Plastic,False,False
GROUP_10902,1,train,realwaste,Textile,False,False
GROUP_10903,1,train,realwaste,Metal,False,False
GROUP_10904,1,val,ewaste,Electronic Device,False,False
GROUP_10905,1,test,phenomsg,Residual,False,False
GROUP_10906,1,test,realwaste,Metal,False,False
GROUP_10907,1,val,ewaste,Large Electronic Appliance,False,False
GROUP_10908,1,test,phenomsg,Residual,False,False
GROUP_10909,1,train,phenomsg,Recyclable Stream,False,False
GROUP_10910,1,train,ewaste,Large Electronic Appliance,False,False
GROUP_10911,1,train,realwaste,Glass,False,False
GROUP_10912,1,val,trashnet,Glass,False,False
GROUP_10913,1,train,realwaste,Metal,False,False
GROUP_10914,1,test,trashnet,Glass,False,False
GROUP_10915,1,val,ewaste,Battery,False,False
GROUP_10916,1,train,realwaste,Metal,False,False
GROUP_10917,1,train,realwaste,Plastic,False,False
GROUP_10918,1,train,realwaste,Residual,False,False
GROUP_10919,1,test,ewaste,Electronic Component,False,False
GROUP_10920,1,train,realwaste,Residual,False,False
GROUP_10921,1,val,trashnet,Paper,False,False
GROUP_10922,1,train,ewaste,Large Electronic Appliance,False,False
GROUP_10923,1,val,trashnet,Paper,False,False
GROUP_10924,1,train,trashnet,Cardboard,False,False
GROUP_10925,1,train,realwaste,Textile,False,False
GROUP_10926,1,test,ewaste,Battery,False,False
GROUP_10927,1,test,phenomsg,Hazardous Waste,False,False
GROUP_10928,1,train,realwaste,Metal,False,False
GROUP_10929,1,test,trashnet,Paper,False,False
GROUP_10930,1,test,realwaste,Food Organics,False,False
GROUP_10931,1,train,phenomsg,Organic Stream,False,False
GROUP_10932,1,train,ewaste,Electronic Device,False,False
GROUP_10933,1,val,ewaste,Electronic Device,False,False
GROUP_10934,1,train,realwaste,Cardboard,False,False
GROUP_10935,1,val,trashnet,Paper,False,False
GROUP_10936,1,test,phenomsg,Organic Stream,False,False
GROUP_10937,1,train,ewaste,Large Electronic Appliance,False,False
GROUP_10938,1,train,phenomsg,Organic Stream,False,False
GROUP_10939,1,val,ewaste,Large Electronic Appliance,False,False
GROUP_10940,1,train,realwaste,Textile,False,False
GROUP_10941,1,train,trashnet,Cardboard,False,False
GROUP_10942,1,test,realwaste,Metal,False,False
GROUP_10943,1,train,realwaste,Vegetation,False,False
GROUP_10944,1,val,phenomsg,Recyclable Stream,False,False
GROUP_10945,1,val,realwaste,Vegetation,False,False
GROUP_10946,1,train,ewaste,Electronic Device,False,False
GROUP_10947,1,test,ewaste,Electronic Device,False,False
GROUP_10948,1,val,ewaste,Large Electronic Appliance,False,False
GROUP_10949,1,val,phenomsg,Recyclable Stream,False,False
GROUP_10950,1,train,realwaste,Residual,False,False
GROUP_10951,1,train,trashnet,Cardboard,False,False
GROUP_10952,1,train,ewaste,Large Electronic Appliance,False,False
GROUP_10953,1,train,ewaste,Large Electronic Appliance,False,False
GROUP_10954,1,train,realwaste,Textile,False,False
GROUP_10955,1,train,trashnet,Paper,False,False
GROUP_10956,1,train,realwaste,Textile,False,False
GROUP_10957,1,val,realwaste,Metal,False,False
GROUP_10958,1,train,phenomsg,Residual,False,False
GROUP_10959,1,val,trashnet,Plastic,False,False
GROUP_10960,1,train,ewaste,Battery,False,False
GROUP_10961,1,test,phenomsg,Organic Stream,False,False
GROUP_10962,1,train,ewaste,Electronic Device,False,False
GROUP_10963,1,test,realwaste,Cardboard,False,False
GROUP_10964,1,val,realwaste,Paper,False,False
GROUP_10965,1,train,trashnet,Glass,False,False
GROUP_10966,1,train,realwaste,Metal,False,False
GROUP_10967,1,train,phenomsg,Residual,False,False
GROUP_10968,1,train,trashnet,Metal,False,False
GROUP_10969,1,test,phenomsg,Residual,False,False
GROUP_10970,1,train,phenomsg,Recyclable Stream,False,False
GROUP_10971,1,train,realwaste,Paper,False,False
GROUP_10972,1,test,trashnet,Cardboard,False,False
GROUP_10973,1,train,realwaste,Cardboard,False,False
GROUP_10974,1,val,ewaste,Electronic Device,False,False
GROUP_10975,1,train,realwaste,Textile,False,False
GROUP_10976,1,train,realwaste,Plastic,False,False
GROUP_10977,1,train,realwaste,Glass,False,False
GROUP_10978,1,val,trashnet,Metal,False,False
GROUP_10979,1,train,ewaste,Electronic Device,False,False
GROUP_10980,1,train,realwaste,Plastic,False,False
GROUP_10981,1,train,trashnet,Cardboard,False,False
GROUP_10982,1,train,phenomsg,Organic Stream,False,False
GROUP_10983,1,train,ewaste,Electronic Component,False,False
GROUP_10984,1,val,phenomsg,Organic Stream,False,False
GROUP_10985,1,train,trashnet,Plastic,False,False
GROUP_10986,1,train,ewaste,Electronic Device,False,False
GROUP_10987,1,train,trashnet,Cardboard,False,False
GROUP_10988,1,train,realwaste,Paper,False,False
GROUP_10989,1,val,realwaste,Residual,False,False
GROUP_10990,1,train,phenomsg,Residual,False,False
GROUP_10991,1,train,phenomsg,Recyclable Stream,False,False
GROUP_10992,1,train,ewaste,Electronic Device,False,False
GROUP_10993,1,test,ewaste,Electronic Device,False,False
GROUP_10994,1,test,realwaste,Cardboard,False,False
GROUP_10995,1,train,realwaste,Residual,False,False
GROUP_10996,1,test,realwaste,Textile,False,False
GROUP_10997,1,train,trashnet,Metal,False,False
GROUP_10998,1,train,trashnet,Metal,False,False
GROUP_10999,1,train,phenomsg,Hazardous Waste,False,False
GROUP_11000,1,val,phenomsg,Hazardous Waste,False,False
GROUP_11001,1,test,trashnet,Cardboard,False,False
GROUP_11002,1,test,ewaste,Electronic Device,False,False
GROUP_11003,1,train,phenomsg,Organic Stream,False,False
GROUP_11004,1,train,trashnet,Cardboard,False,False
GROUP_11005,1,train,ewaste,Large Electronic Appliance,False,False
GROUP_11006,1,val,phenomsg,Recyclable Stream,False,False
GROUP_11007,1,test,realwaste,Residual,False,False
GROUP_11008,1,train,ewaste,Electronic Device,False,False
GROUP_11009,2,train,phenomsg,Hazardous Waste,True,True
GROUP_11010,1,train,phenomsg,Hazardous Waste,False,False
GROUP_11011,1,train,realwaste,Textile,False,False
GROUP_11012,1,train,realwaste,Plastic,False,False
GROUP_11013,1,test,realwaste,Textile,False,False
GROUP_11014,1,train,trashnet,Plastic,False,False
GROUP_11015,2,train,phenomsg,Hazardous Waste,True,True
GROUP_11016,1,test,ewaste,Large Electronic Appliance,False,False
GROUP_11017,1,train,realwaste,Residual,False,False
GROUP_11018,1,train,phenomsg,Residual,False,False
GROUP_11019,1,train,trashnet,Glass,False,False
GROUP_11020,1,val,phenomsg,Recyclable Stream,False,False
GROUP_11021,1,train,trashnet,Paper,False,False
GROUP_11022,1,train,realwaste,Plastic,False,False
GROUP_11023,1,train,phenomsg,Residual,False,False
GROUP_11024,1,train,phenomsg,Recyclable Stream,False,False
GROUP_11025,1,train,phenomsg,Organic Stream,False,False
GROUP_11026,1,train,ewaste,Large Electronic Appliance,False,False
GROUP_11027,1,train,phenomsg,Residual,False,False
GROUP_11028,1,train,phenomsg,Organic Stream,False,False
GROUP_11029,1,train,realwaste,Glass,False,False
GROUP_11030,1,train,trashnet,Glass,False,False
GROUP_11031,1,train,ewaste,Large Electronic Appliance,False,False
GROUP_11032,1,train,trashnet,Metal,False,False
GROUP_11033,1,test,realwaste,Textile,False,False
GROUP_11034,1,val,phenomsg,Residual,False,False
GROUP_11035,1,test,trashnet,Plastic,False,False
GROUP_11036,1,test,phenomsg,Hazardous Waste,False,False
GROUP_11037,1,train,realwaste,Plastic,False,False
GROUP_11038,1,val,phenomsg,Organic Stream,False,False
GROUP_11039,1,train,phenomsg,Organic Stream,False,False
GROUP_11040,1,train,realwaste,Metal,False,False
GROUP_11041,1,train,realwaste,Glass,False,False
GROUP_11042,1,val,realwaste,Metal,False,False
GROUP_11043,1,train,realwaste,Paper,False,False
GROUP_11044,1,train,realwaste,Vegetation,False,False
GROUP_11045,1,train,trashnet,Plastic,False,False
GROUP_11046,1,train,realwaste,Paper,False,False
GROUP_11047,1,val,ewaste,Electronic Device,False,False
GROUP_11048,1,train,realwaste,Residual,False,False
GROUP_11049,1,train,trashnet,Cardboard,False,False
GROUP_11050,1,train,phenomsg,Residual,False,False
GROUP_11051,1,train,phenomsg,Hazardous Waste,False,False
GROUP_11052,1,val,ewaste,Electronic Device,False,False
GROUP_11053,1,train,realwaste,Paper,False,False
GROUP_11054,1,test,ewaste,Electronic Device,False,False
GROUP_11055,1,train,realwaste,Metal,False,False
GROUP_11056,1,train,ewaste,Electronic Device,False,False
GROUP_11057,1,test,ewaste,Large Electronic Appliance,False,False
GROUP_11058,1,train,realwaste,Textile,False,False
GROUP_11059,1,test,ewaste,Large Electronic Appliance,False,False
GROUP_11060,1,train,trashnet,Glass,False,False
GROUP_11061,1,train,phenomsg,Residual,False,False
GROUP_11062,1,train,phenomsg,Residual,False,False
GROUP_11063,1,test,trashnet,Plastic,False,False
GROUP_11064,1,train,phenomsg,Recyclable Stream,False,False
GROUP_11065,1,val,realwaste,Textile,False,False
GROUP_11066,1,train,realwaste,Vegetation,False,False
GROUP_11067,1,train,realwaste,Food Organics,False,False
GROUP_11068,1,train,trashnet,Metal,False,False
GROUP_11069,1,train,phenomsg,Residual,False,False
GROUP_11070,1,train,phenomsg,Organic Stream,False,False
GROUP_11071,1,train,ewaste,Electronic Device,False,False
GROUP_11072,1,train,realwaste,Glass,False,False
GROUP_11073,1,test,realwaste,Plastic,False,False
GROUP_11074,1,test,ewaste,Large Electronic Appliance,False,False
GROUP_11075,1,train,phenomsg,Recyclable Stream,False,False
GROUP_11076,1,train,ewaste,Electronic Device,False,False
GROUP_11077,1,test,trashnet,Cardboard,False,False
GROUP_11078,1,train,phenomsg,Organic Stream,False,False
GROUP_11079,1,test,ewaste,Electronic Device,False,False
GROUP_11080,1,train,realwaste,Glass,False,False
GROUP_11081,1,val,realwaste,Plastic,False,False
GROUP_11082,1,test,phenomsg,Recyclable Stream,False,False
GROUP_11083,1,train,ewaste,Large Electronic Appliance,False,False
GROUP_11084,1,train,trashnet,Paper,False,False
GROUP_11085,1,train,ewaste,Electronic Component,False,False
GROUP_11086,1,test,realwaste,Plastic,False,False
GROUP_11087,1,train,phenomsg,Organic Stream,False,False
GROUP_11088,1,test,realwaste,Glass,False,False
GROUP_11089,1,val,phenomsg,Organic Stream,False,False
GROUP_11090,1,val,phenomsg,Residual,False,False
GROUP_11091,1,train,realwaste,Textile,False,False
GROUP_11092,1,train,realwaste,Textile,False,False
GROUP_11093,1,val,realwaste,Food Organics,False,False
GROUP_11094,1,test,phenomsg,Recyclable Stream,False,False
GROUP_11095,1,train,realwaste,Textile,False,False
GROUP_11096,1,train,realwaste,Metal,False,False
GROUP_11097,1,val,ewaste,Large Electronic Appliance,False,False
GROUP_11098,1,train,realwaste,Paper,False,False
GROUP_11099,1,test,ewaste,Large Electronic Appliance,False,False
GROUP_11100,1,train,phenomsg,Residual,False,False
GROUP_11101,1,val,realwaste,Metal,False,False
GROUP_11102,1,test,realwaste,Cardboard,False,False
GROUP_11103,1,val,realwaste,Plastic,False,False
GROUP_11104,1,train,trashnet,Metal,False,False
GROUP_11105,1,train,phenomsg,Recyclable Stream,False,False
GROUP_11106,1,train,trashnet,Paper,False,False
GROUP_11107,1,train,realwaste,Paper,False,False
GROUP_11108,1,train,phenomsg,Residual,False,False
GROUP_11109,1,val,realwaste,Textile,False,False
GROUP_11110,1,train,realwaste,Vegetation,False,False
GROUP_11111,1,val,ewaste,Battery,False,False
GROUP_11112,1,train,trashnet,Plastic,False,False
GROUP_11113,1,val,realwaste,Glass,False,False
GROUP_11114,1,test,ewaste,Battery,False,False
GROUP_11115,1,train,ewaste,Large Electronic Appliance,False,False
GROUP_11116,1,train,ewaste,Electronic Device,False,False
GROUP_11117,1,train,ewaste,Battery,False,False
GROUP_11118,1,train,ewaste,Electronic Device,False,False
GROUP_11119,1,train,phenomsg,Recyclable Stream,False,False
GROUP_11120,1,val,trashnet,Paper,False,False
GROUP_11121,1,val,phenomsg,Residual,False,False
GROUP_11122,1,test,trashnet,Metal,False,False
GROUP_11123,1,train,realwaste,Cardboard,False,False
GROUP_11124,1,val,trashnet,Metal,False,False
GROUP_11125,1,train,realwaste,Food Organics,False,False
GROUP_11126,1,train,realwaste,Metal,False,False
GROUP_11127,1,train,ewaste,Electronic Device,False,False
GROUP_11128,1,train,trashnet,Paper,False,False
GROUP_11129,1,test,realwaste,Textile,False,False
GROUP_11130,1,val,phenomsg,Recyclable Stream,False,False
GROUP_11131,1,train,phenomsg,Recyclable Stream,False,False
GROUP_11132,1,train,ewaste,Large Electronic Appliance,False,False
GROUP_11133,1,train,trashnet,Paper,False,False
GROUP_11134,1,train,realwaste,Metal,False,False
GROUP_11135,1,train,realwaste,Plastic,False,False
GROUP_11136,1,train,ewaste,Large Electronic Appliance,False,False
GROUP_11137,1,train,ewaste,Battery,False,False
GROUP_11138,1,val,realwaste,Paper,False,False
GROUP_11139,1,test,realwaste,Plastic,False,False
GROUP_11140,1,test,ewaste,Electronic Device,False,False
GROUP_11141,1,train,ewaste,Large Electronic Appliance,False,False
GROUP_11142,1,train,phenomsg,Hazardous Waste,False,False
GROUP_11143,1,train,realwaste,Cardboard,False,False
GROUP_11144,1,train,realwaste,Plastic,False,False
GROUP_11145,1,train,ewaste,Large Electronic Appliance,False,False
GROUP_11146,1,val,realwaste,Residual,False,False
GROUP_11147,1,train,realwaste,Plastic,False,False
GROUP_11148,1,train,realwaste,Glass,False,False
GROUP_11149,1,train,ewaste,Large Electronic Appliance,False,False
GROUP_11150,1,train,phenomsg,Residual,False,False
GROUP_11151,1,train,phenomsg,Recyclable Stream,False,False
GROUP_11152,1,train,realwaste,Metal,False,False
GROUP_11153,1,train,ewaste,Electronic Device,False,False
GROUP_11154,1,test,trashnet,Plastic,False,False
GROUP_11155,1,train,realwaste,Cardboard,False,False
GROUP_11156,1,train,ewaste,Electronic Device,False,False
GROUP_11157,1,train,trashnet,Glass,False,False
GROUP_11158,1,train,ewaste,Large Electronic Appliance,False,False
GROUP_11159,1,train,realwaste,Glass,False,False
GROUP_11160,1,test,realwaste,Cardboard,False,False
GROUP_11161,1,val,trashnet,Glass,False,False
GROUP_11162,1,train,trashnet,Glass,False,False
GROUP_11163,1,train,phenomsg,Residual,False,False
GROUP_11164,1,train,ewaste,Large Electronic Appliance,False,False
GROUP_11165,1,train,ewaste,Electronic Device,False,False
GROUP_11166,1,test,trashnet,Cardboard,False,False
GROUP_11167,1,val,realwaste,Paper,False,False
GROUP_11168,1,train,phenomsg,Recyclable Stream,False,False
GROUP_11169,1,train,ewaste,Large Electronic Appliance,False,False
GROUP_11170,1,train,ewaste,Large Electronic Appliance,False,False
GROUP_11171,1,train,ewaste,Battery,False,False
GROUP_11172,1,test,trashnet,Glass,False,False
GROUP_11173,1,val,realwaste,Cardboard,False,False
GROUP_11174,1,val,phenomsg,Recyclable Stream,False,False
GROUP_11175,1,train,realwaste,Vegetation,False,False
GROUP_11176,1,train,phenomsg,Residual,False,False
GROUP_11177,1,train,ewaste,Large Electronic Appliance,False,False
GROUP_11178,1,test,realwaste,Textile,False,False
GROUP_11179,1,train,ewaste,Electronic Device,False,False
GROUP_11180,1,train,phenomsg,Organic Stream,False,False
GROUP_11181,1,test,realwaste,Food Organics,False,False
GROUP_11182,1,train,realwaste,Vegetation,False,False
GROUP_11183,1,val,trashnet,Plastic,False,False
GROUP_11184,1,train,ewaste,Battery,False,False
GROUP_11185,1,train,ewaste,Electronic Device,False,False
GROUP_11186,1,val,ewaste,Large Electronic Appliance,False,False
GROUP_11187,1,train,ewaste,Electronic Device,False,False
GROUP_11188,1,train,realwaste,Paper,False,False
GROUP_11189,1,test,trashnet,Paper,False,False
GROUP_11190,1,val,ewaste,Electronic Device,False,False
GROUP_11191,1,train,realwaste,Food Organics,False,False
GROUP_11192,1,train,trashnet,Cardboard,False,False
GROUP_11193,1,test,realwaste,Metal,False,False
GROUP_11194,1,train,trashnet,Glass,False,False
GROUP_11195,1,val,ewaste,Electronic Device,False,False
GROUP_11196,1,test,trashnet,Paper,False,False
GROUP_11197,1,train,ewaste,Electronic Device,False,False
GROUP_11198,1,val,trashnet,Plastic,False,False
GROUP_11199,1,train,realwaste,Paper,False,False
GROUP_11200,1,test,phenomsg,Organic Stream,False,False
GROUP_11201,1,val,ewaste,Battery,False,False
GROUP_11202,1,train,trashnet,Residual,False,False
GROUP_11203,1,test,realwaste,Metal,False,False
GROUP_11204,1,train,phenomsg,Residual,False,False
GROUP_11205,1,train,phenomsg,Recyclable Stream,False,False
GROUP_11206,1,train,trashnet,Glass,False,False
GROUP_11207,1,val,ewaste,Electronic Device,False,False
GROUP_11208,1,train,phenomsg,Hazardous Waste,False,False
GROUP_11209,1,train,phenomsg,Hazardous Waste,False,False
GROUP_11210,1,train,phenomsg,Recyclable Stream,False,False
GROUP_11211,1,test,ewaste,Large Electronic Appliance,False,False
GROUP_11212,1,train,realwaste,Food Organics,False,False
GROUP_11213,1,train,realwaste,Metal,False,False
GROUP_11214,1,val,realwaste,Cardboard,False,False
GROUP_11215,1,train,realwaste,Residual,False,False
GROUP_11216,1,train,trashnet,Paper,False,False
GROUP_11217,1,train,realwaste,Metal,False,False
GROUP_11218,1,train,trashnet,Cardboard,False,False
GROUP_11219,1,test,trashnet,Glass,False,False
GROUP_11220,1,val,trashnet,Paper,False,False
GROUP_11221,1,train,ewaste,Electronic Device,False,False
GROUP_11222,1,train,realwaste,Cardboard,False,False
GROUP_11223,1,train,realwaste,Glass,False,False
GROUP_11224,1,test,realwaste,Metal,False,False
GROUP_11225,1,train,ewaste,Electronic Device,False,False
GROUP_11226,1,test,ewaste,Electronic Device,False,False
GROUP_11227,1,val,phenomsg,Residual,False,False
GROUP_11228,1,val,realwaste,Metal,False,False
GROUP_11229,1,train,realwaste,Metal,False,False
GROUP_11230,1,test,realwaste,Plastic,False,False
GROUP_11231,1,train,realwaste,Plastic,False,False
GROUP_11232,1,train,ewaste,Electronic Device,False,False
GROUP_11233,1,train,trashnet,Paper,False,False
GROUP_11234,1,train,realwaste,Glass,False,False
GROUP_11235,2,train,phenomsg,Recyclable Stream,False,True
GROUP_11236,1,train,trashnet,Plastic,False,False
GROUP_11237,1,test,ewaste,Electronic Device,False,False
GROUP_11238,1,train,ewaste,Battery,False,False
GROUP_11239,1,test,ewaste,Electronic Device,False,False
GROUP_11240,1,test,ewaste,Electronic Component,False,False
GROUP_11241,1,train,realwaste,Metal,False,False
GROUP_11242,1,train,ewaste,Electronic Device,False,False
GROUP_11243,1,test,realwaste,Glass,False,False
GROUP_11244,1,val,phenomsg,Hazardous Waste,False,False
GROUP_11245,1,test,realwaste,Plastic,False,False
GROUP_11246,1,train,realwaste,Residual,False,False
GROUP_11247,1,train,realwaste,Plastic,False,False
GROUP_11248,1,val,realwaste,Paper,False,False
GROUP_11249,1,train,phenomsg,Residual,False,False
GROUP_11250,1,val,realwaste,Plastic,False,False
GROUP_11251,1,train,trashnet,Paper,False,False
GROUP_11252,1,train,ewaste,Electronic Device,False,False
GROUP_11253,1,train,realwaste,Cardboard,False,False
GROUP_11254,1,train,trashnet,Plastic,False,False
GROUP_11255,1,train,phenomsg,Recyclable Stream,False,False
GROUP_11256,1,test,phenomsg,Hazardous Waste,False,False
GROUP_11257,1,val,trashnet,Glass,False,False
GROUP_11258,1,train,phenomsg,Residual,False,False
GROUP_11259,1,train,realwaste,Plastic,False,False
GROUP_11260,1,train,trashnet,Plastic,False,False
GROUP_11261,1,train,trashnet,Metal,False,False
GROUP_11262,1,train,ewaste,Electronic Device,False,False
GROUP_11263,1,train,trashnet,Paper,False,False
GROUP_11264,1,train,trashnet,Paper,False,False
GROUP_11265,1,train,phenomsg,Recyclable Stream,False,False
GROUP_11266,1,test,trashnet,Paper,False,False
GROUP_11267,1,val,realwaste,Paper,False,False
GROUP_11268,1,train,phenomsg,Recyclable Stream,False,False
GROUP_11269,1,train,realwaste,Plastic,False,False
GROUP_11270,1,train,phenomsg,Residual,False,False
GROUP_11271,1,test,ewaste,Large Electronic Appliance,False,False
GROUP_11272,1,train,ewaste,Battery,False,False
GROUP_11273,1,train,ewaste,Electronic Device,False,False
GROUP_11274,1,train,phenomsg,Residual,False,False
GROUP_11275,1,train,phenomsg,Residual,False,False
GROUP_11276,1,train,ewaste,Battery,False,False
GROUP_11277,1,test,ewaste,Electronic Device,False,False
GROUP_11278,1,train,realwaste,Metal,False,False
GROUP_11279,1,train,trashnet,Paper,False,False
GROUP_11280,1,train,realwaste,Residual,False,False
GROUP_11281,1,val,phenomsg,Recyclable Stream,False,False
GROUP_11282,1,train,ewaste,Electronic Component,False,False
GROUP_11283,1,train,ewaste,Large Electronic Appliance,False,False
GROUP_11284,1,train,trashnet,Paper,False,False
GROUP_11285,1,train,ewaste,Electronic Device,False,False
GROUP_11286,1,train,phenomsg,Organic Stream,False,False
GROUP_11287,1,train,phenomsg,Residual,False,False
GROUP_11288,1,train,realwaste,Plastic,False,False
GROUP_11289,1,train,phenomsg,Organic Stream,False,False
GROUP_11290,1,train,ewaste,Electronic Device,False,False
GROUP_11291,1,train,ewaste,Battery,False,False
GROUP_11292,1,train,realwaste,Vegetation,False,False
GROUP_11293,1,train,trashnet,Cardboard,False,False
GROUP_11294,1,train,realwaste,Plastic,False,False
GROUP_11295,1,train,trashnet,Plastic,False,False
GROUP_11296,1,train,ewaste,Large Electronic Appliance,False,False
GROUP_11297,1,test,ewaste,Electronic Device,False,False
GROUP_11298,1,train,realwaste,Metal,False,False
GROUP_11299,1,train,phenomsg,Organic Stream,False,False
GROUP_11300,1,train,realwaste,Plastic,False,False
GROUP_11301,1,train,trashnet,Paper,False,False
GROUP_11302,1,train,realwaste,Food Organics,False,False
GROUP_11303,1,train,realwaste,Metal,False,False
GROUP_11304,1,train,ewaste,Electronic Component,False,False
GROUP_11305,1,val,phenomsg,Hazardous Waste,False,False
GROUP_11306,1,val,ewaste,Large Electronic Appliance,False,False
GROUP_11307,1,val,ewaste,Electronic Device,False,False
GROUP_11308,1,train,ewaste,Electronic Device,False,False
GROUP_11309,1,train,realwaste,Paper,False,False
GROUP_11310,1,val,phenomsg,Hazardous Waste,False,False
GROUP_11311,1,test,realwaste,Food Organics,False,False
GROUP_11312,1,train,phenomsg,Recyclable Stream,False,False
GROUP_11313,1,train,realwaste,Food Organics,False,False
GROUP_11314,1,train,ewaste,Battery,False,False
GROUP_11315,1,val,ewaste,Electronic Device,False,False
GROUP_11316,1,train,ewaste,Large Electronic Appliance,False,False
GROUP_11317,1,train,phenomsg,Organic Stream,False,False
GROUP_11318,1,train,ewaste,Battery,False,False
GROUP_11319,1,train,trashnet,Cardboard,False,False
GROUP_11320,1,train,ewaste,Electronic Device,False,False
GROUP_11321,1,test,ewaste,Battery,False,False
GROUP_11322,1,train,trashnet,Plastic,False,False
GROUP_11323,1,train,realwaste,Paper,False,False
GROUP_11324,1,train,trashnet,Residual,False,False
GROUP_11325,1,train,realwaste,Residual,False,False
GROUP_11326,1,train,realwaste,Cardboard,False,False
GROUP_11327,1,test,realwaste,Paper,False,False
GROUP_11328,1,val,realwaste,Glass,False,False
GROUP_11329,1,train,ewaste,Electronic Device,False,False
GROUP_11330,1,train,ewaste,Electronic Device,False,False
GROUP_11331,1,train,ewaste,Large Electronic Appliance,False,False
GROUP_11332,1,val,trashnet,Paper,False,False
GROUP_11333,1,train,phenomsg,Residual,False,False
GROUP_11334,1,train,realwaste,Metal,False,False
GROUP_11335,1,train,ewaste,Large Electronic Appliance,False,False
GROUP_11336,1,val,phenomsg,Residual,False,False
GROUP_11337,1,train,ewaste,Large Electronic Appliance,False,False
GROUP_11338,1,train,ewaste,Electronic Device,False,False
GROUP_11339,1,train,ewaste,Electronic Device,False,False
GROUP_11340,1,test,realwaste,Textile,False,False
GROUP_11341,1,train,ewaste,Electronic Device,False,False
GROUP_11342,1,val,phenomsg,Recyclable Stream,False,False
GROUP_11343,1,train,trashnet,Metal,False,False
GROUP_11344,1,train,ewaste,Electronic Component,False,False
GROUP_11345,1,test,ewaste,Electronic Device,False,False
GROUP_11346,1,val,phenomsg,Hazardous Waste,False,False
GROUP_11347,1,train,phenomsg,Hazardous Waste,False,False
GROUP_11348,1,train,realwaste,Metal,False,False
GROUP_11349,1,test,realwaste,Plastic,False,False
GROUP_11350,1,val,realwaste,Textile,False,False
GROUP_11351,1,train,trashnet,Plastic,False,False
GROUP_11352,1,train,phenomsg,Organic Stream,False,False
GROUP_11353,1,train,trashnet,Cardboard,False,False
GROUP_11354,1,train,realwaste,Residual,False,False
GROUP_11355,1,train,ewaste,Electronic Component,False,False
GROUP_11356,1,val,realwaste,Vegetation,False,False
GROUP_11357,1,train,ewaste,Electronic Component,False,False
GROUP_11358,1,train,trashnet,Plastic,False,False
GROUP_11359,1,train,phenomsg,Organic Stream,False,False
GROUP_11360,1,train,realwaste,Vegetation,False,False
GROUP_11361,1,val,realwaste,Plastic,False,False
GROUP_11362,1,train,realwaste,Metal,False,False
GROUP_11363,1,val,realwaste,Textile,False,False
GROUP_11364,1,train,realwaste,Plastic,False,False
GROUP_11365,1,train,ewaste,Large Electronic Appliance,False,False
GROUP_11366,1,train,phenomsg,Recyclable Stream,False,False
GROUP_11367,1,test,realwaste,Residual,False,False
GROUP_11368,1,val,realwaste,Metal,False,False
GROUP_11369,1,train,ewaste,Large Electronic Appliance,False,False
GROUP_11370,1,test,realwaste,Metal,False,False
GROUP_11371,1,test,ewaste,Electronic Device,False,False
GROUP_11372,1,val,realwaste,Glass,False,False
GROUP_11373,1,train,phenomsg,Recyclable Stream,False,False
GROUP_11374,1,train,realwaste,Plastic,False,False
GROUP_11375,1,train,realwaste,Glass,False,False
GROUP_11376,1,val,realwaste,Cardboard,False,False
GROUP_11377,1,train,trashnet,Cardboard,False,False
GROUP_11378,1,train,ewaste,Large Electronic Appliance,False,False
GROUP_11379,1,test,ewaste,Electronic Device,False,False
GROUP_11380,1,train,ewaste,Battery,False,False
GROUP_11381,1,train,realwaste,Metal,False,False
GROUP_11382,1,train,ewaste,Electronic Device,False,False
GROUP_11383,1,test,realwaste,Paper,False,False
GROUP_11384,1,train,trashnet,Metal,False,False
GROUP_11385,1,test,realwaste,Plastic,False,False
GROUP_11386,1,val,trashnet,Glass,False,False
GROUP_11387,1,train,phenomsg,Recyclable Stream,False,False
GROUP_11388,1,train,trashnet,Residual,False,False
GROUP_11389,1,train,trashnet,Glass,False,False
GROUP_11390,1,train,realwaste,Glass,False,False
GROUP_11391,1,train,phenomsg,Organic Stream,False,False
GROUP_11392,1,train,realwaste,Glass,False,False
GROUP_11393,1,train,ewaste,Large Electronic Appliance,False,False
GROUP_11394,1,train,trashnet,Metal,False,False
GROUP_11395,1,train,ewaste,Large Electronic Appliance,False,False
GROUP_11396,1,train,ewaste,Electronic Device,False,False
GROUP_11397,1,train,trashnet,Paper,False,False
GROUP_11398,1,test,realwaste,Plastic,False,False
GROUP_11399,1,val,ewaste,Electronic Component,False,False
GROUP_11400,1,train,phenomsg,Organic Stream,False,False
GROUP_11401,1,train,ewaste,Electronic Device,False,False
GROUP_11402,1,val,ewaste,Electronic Device,False,False
GROUP_11403,1,train,ewaste,Electronic Device,False,False
GROUP_11404,1,train,trashnet,Cardboard,False,False
GROUP_11405,1,train,realwaste,Residual,False,False
GROUP_11406,1,test,trashnet,Paper,False,False
GROUP_11407,1,test,phenomsg,Recyclable Stream,False,False
GROUP_11408,1,train,realwaste,Cardboard,False,False
GROUP_11409,1,test,phenomsg,Residual,False,False
GROUP_11410,1,val,trashnet,Plastic,False,False
GROUP_11411,1,val,realwaste,Vegetation,False,False
GROUP_11412,1,train,realwaste,Paper,False,False
GROUP_11413,1,train,realwaste,Plastic,False,False
GROUP_11414,1,train,trashnet,Glass,False,False
GROUP_11415,1,test,trashnet,Metal,False,False
GROUP_11416,1,val,ewaste,Large Electronic Appliance,False,False
GROUP_11417,1,train,realwaste,Glass,False,False
GROUP_11418,1,train,realwaste,Paper,False,False
GROUP_11419,1,val,realwaste,Metal,False,False
GROUP_11420,1,test,ewaste,Electronic Device,False,False
GROUP_11421,1,train,realwaste,Glass,False,False
GROUP_11422,1,train,phenomsg,Residual,False,False
GROUP_11423,1,test,trashnet,Cardboard,False,False
GROUP_11424,1,train,trashnet,Paper,False,False
GROUP_11425,1,train,phenomsg,Residual,False,False
GROUP_11426,1,test,trashnet,Glass,False,False
GROUP_11427,1,val,realwaste,Food Organics,False,False
GROUP_11428,1,train,realwaste,Cardboard,False,False
GROUP_11429,1,val,phenomsg,Organic Stream,False,False
GROUP_11430,1,train,ewaste,Electronic Device,False,False
GROUP_11431,1,train,realwaste,Paper,False,False
GROUP_11432,1,train,ewaste,Electronic Device,False,False
GROUP_11433,1,val,realwaste,Vegetation,False,False
GROUP_11434,1,train,realwaste,Residual,False,False
GROUP_11435,1,train,ewaste,Battery,False,False
GROUP_11436,1,train,realwaste,Textile,False,False
GROUP_11437,1,test,trashnet,Cardboard,False,False
GROUP_11438,1,train,ewaste,Electronic Device,False,False
GROUP_11439,1,test,trashnet,Residual,False,False
GROUP_11440,1,train,realwaste,Metal,False,False
GROUP_11441,1,train,trashnet,Metal,False,False
GROUP_11442,1,train,trashnet,Glass,False,False
GROUP_11443,1,train,realwaste,Vegetation,False,False
GROUP_11444,1,train,ewaste,Large Electronic Appliance,False,False
GROUP_11445,1,train,phenomsg,Recyclable Stream,False,False
GROUP_11446,1,test,phenomsg,Residual,False,False
GROUP_11447,1,train,phenomsg,Hazardous Waste,False,False
GROUP_11448,1,train,realwaste,Metal,False,False
GROUP_11449,1,train,phenomsg,Residual,False,False
GROUP_11450,1,val,realwaste,Plastic,False,False
GROUP_11451,1,val,realwaste,Plastic,False,False
GROUP_11452,1,train,realwaste,Metal,False,False
GROUP_11453,1,test,ewaste,Electronic Device,False,False
GROUP_11454,1,train,phenomsg,Organic Stream,False,False
GROUP_11455,1,test,ewaste,Battery,False,False
GROUP_11456,1,train,phenomsg,Residual,False,False
GROUP_11457,1,train,realwaste,Food Organics,False,False
GROUP_11458,1,train,realwaste,Cardboard,False,False
GROUP_11459,1,train,phenomsg,Residual,False,False
GROUP_11460,1,train,ewaste,Battery,False,False
GROUP_11461,1,train,phenomsg,Organic Stream,False,False
GROUP_11462,1,test,ewaste,Electronic Component,False,False
GROUP_11463,1,train,trashnet,Cardboard,False,False
GROUP_11464,1,train,realwaste,Residual,False,False
GROUP_11465,1,train,trashnet,Paper,False,False
GROUP_11466,1,train,ewaste,Electronic Device,False,False
GROUP_11467,1,test,phenomsg,Recyclable Stream,False,False
GROUP_11468,1,val,realwaste,Paper,False,False
GROUP_11469,1,val,realwaste,Paper,False,False
GROUP_11470,1,train,realwaste,Paper,False,False
GROUP_11471,1,train,trashnet,Metal,False,False
GROUP_11472,1,train,trashnet,Metal,False,False
GROUP_11473,1,train,ewaste,Electronic Component,False,False
GROUP_11474,1,train,trashnet,Plastic,False,False
GROUP_11475,1,train,phenomsg,Residual,False,False
GROUP_11476,1,train,trashnet,Metal,False,False
GROUP_11477,1,train,ewaste,Large Electronic Appliance,False,False
GROUP_11478,1,train,phenomsg,Hazardous Waste,False,False
GROUP_11479,1,train,ewaste,Electronic Device,False,False
GROUP_11480,1,train,phenomsg,Organic Stream,False,False
GROUP_11481,1,train,ewaste,Large Electronic Appliance,False,False
GROUP_11482,1,train,trashnet,Cardboard,False,False
GROUP_11483,1,train,realwaste,Plastic,False,False
GROUP_11484,1,val,realwaste,Residual,False,False
GROUP_11485,1,train,trashnet,Cardboard,False,False
GROUP_11486,1,train,realwaste,Plastic,False,False
GROUP_11487,1,train,ewaste,Battery,False,False
GROUP_11488,1,train,realwaste,Plastic,False,False
GROUP_11489,1,train,realwaste,Metal,False,False
GROUP_11490,1,train,trashnet,Metal,False,False
GROUP_11491,1,train,realwaste,Textile,False,False
GROUP_11492,1,train,realwaste,Paper,False,False
GROUP_11493,1,train,realwaste,Food Organics,False,False
GROUP_11494,1,train,phenomsg,Hazardous Waste,False,False
GROUP_11495,1,train,realwaste,Food Organics,False,False
GROUP_11496,1,train,realwaste,Plastic,False,False
GROUP_11497,1,train,realwaste,Vegetation,False,False
GROUP_11498,1,train,ewaste,Large Electronic Appliance,False,False
GROUP_11499,1,train,ewaste,Battery,False,False
GROUP_11500,1,val,ewaste,Large Electronic Appliance,False,False
GROUP_11501,1,train,ewaste,Large Electronic Appliance,False,False
GROUP_11502,1,train,realwaste,Plastic,False,False
GROUP_11503,1,val,phenomsg,Hazardous Waste,False,False
GROUP_11504,1,train,realwaste,Paper,False,False
GROUP_11505,1,train,realwaste,Residual,False,False
GROUP_11506,1,val,trashnet,Metal,False,False
GROUP_11507,1,test,trashnet,Glass,False,False
GROUP_11508,1,train,realwaste,Paper,False,False
GROUP_11509,1,val,trashnet,Plastic,False,False
GROUP_11510,1,val,realwaste,Vegetation,False,False
GROUP_11511,1,train,realwaste,Vegetation,False,False
GROUP_11512,1,train,realwaste,Plastic,False,False
GROUP_11513,1,train,realwaste,Food Organics,False,False
GROUP_11514,1,train,realwaste,Residual,False,False
GROUP_11515,1,train,trashnet,Plastic,False,False
GROUP_11516,1,train,realwaste,Textile,False,False
GROUP_11517,1,train,ewaste,Large Electronic Appliance,False,False
GROUP_11518,1,train,trashnet,Plastic,False,False
GROUP_11519,1,train,realwaste,Glass,False,False
GROUP_11520,1,train,ewaste,Large Electronic Appliance,False,False
GROUP_11521,1,train,trashnet,Cardboard,False,False
GROUP_11522,1,train,phenomsg,Organic Stream,False,False
GROUP_11523,1,test,phenomsg,Organic Stream,False,False
GROUP_11524,1,train,phenomsg,Organic Stream,False,False
GROUP_11525,1,train,realwaste,Plastic,False,False
GROUP_11526,1,train,trashnet,Plastic,False,False
GROUP_11527,1,val,trashnet,Cardboard,False,False
GROUP_11528,1,train,trashnet,Glass,False,False
GROUP_11529,2,train,phenomsg,Hazardous Waste,True,True
GROUP_11530,1,val,trashnet,Paper,False,False
GROUP_11531,1,train,realwaste,Textile,False,False
GROUP_11532,1,test,realwaste,Food Organics,False,False
GROUP_11533,1,train,realwaste,Plastic,False,False
GROUP_11534,1,train,trashnet,Paper,False,False
GROUP_11535,1,train,trashnet,Cardboard,False,False
GROUP_11536,1,val,realwaste,Paper,False,False
GROUP_11537,1,train,phenomsg,Residual,False,False
GROUP_11538,1,test,phenomsg,Hazardous Waste,False,False
GROUP_11539,1,train,trashnet,Cardboard,False,False
GROUP_11540,1,train,realwaste,Vegetation,False,False
GROUP_11541,1,train,realwaste,Paper,False,False
GROUP_11542,1,train,phenomsg,Residual,False,False
GROUP_11543,1,train,realwaste,Vegetation,False,False
GROUP_11544,1,val,realwaste,Metal,False,False
GROUP_11545,1,train,trashnet,Metal,False,False
GROUP_11546,1,train,trashnet,Paper,False,False
GROUP_11547,1,train,trashnet,Plastic,False,False
GROUP_11548,1,train,ewaste,Electronic Device,False,False
GROUP_11549,1,train,ewaste,Electronic Device,False,False
GROUP_11550,2,train,phenomsg,Hazardous Waste,True,True
GROUP_11551,1,train,trashnet,Glass,False,False
GROUP_11552,1,train,ewaste,Large Electronic Appliance,False,False
GROUP_11553,1,val,ewaste,Electronic Device,False,False
GROUP_11554,1,test,realwaste,Residual,False,False
GROUP_11555,1,train,realwaste,Paper,False,False
GROUP_11556,1,val,phenomsg,Recyclable Stream,False,False
GROUP_11557,1,train,ewaste,Electronic Device,False,False
GROUP_11558,1,train,trashnet,Cardboard,False,False
GROUP_11559,1,train,phenomsg,Hazardous Waste,False,False
GROUP_11560,1,train,trashnet,Glass,False,False
GROUP_11561,1,train,realwaste,Residual,False,False
GROUP_11562,1,train,realwaste,Metal,False,False
GROUP_11563,1,test,ewaste,Battery,False,False
GROUP_11564,1,test,phenomsg,Hazardous Waste,False,False
GROUP_11565,1,train,phenomsg,Recyclable Stream,False,False
GROUP_11566,1,test,realwaste,Paper,False,False
GROUP_11567,1,train,phenomsg,Residual,False,False
GROUP_11568,1,train,realwaste,Textile,False,False
GROUP_11569,1,train,trashnet,Paper,False,False
GROUP_11570,1,test,ewaste,Electronic Component,False,False
GROUP_11571,1,train,realwaste,Metal,False,False
GROUP_11572,1,train,realwaste,Vegetation,False,False
GROUP_11573,1,train,realwaste,Residual,False,False
GROUP_11574,1,train,realwaste,Residual,False,False
GROUP_11575,1,train,phenomsg,Recyclable Stream,False,False
GROUP_11576,1,train,realwaste,Cardboard,False,False
GROUP_11577,1,test,realwaste,Residual,False,False
GROUP_11578,1,test,ewaste,Electronic Device,False,False
GROUP_11579,1,train,realwaste,Paper,False,False
GROUP_11580,1,train,realwaste,Plastic,False,False
GROUP_11581,1,train,trashnet,Plastic,False,False
GROUP_11582,1,train,phenomsg,Recyclable Stream,False,False
GROUP_11583,1,train,ewaste,Electronic Device,False,False
GROUP_11584,1,train,realwaste,Metal,False,False
GROUP_11585,1,train,realwaste,Metal,False,False
GROUP_11586,1,train,ewaste,Large Electronic Appliance,False,False
GROUP_11587,1,val,trashnet,Paper,False,False
GROUP_11588,1,train,ewaste,Electronic Device,False,False
GROUP_11589,1,train,realwaste,Metal,False,False
GROUP_11590,1,train,realwaste,Glass,False,False
GROUP_11591,1,val,phenomsg,Organic Stream,False,False
GROUP_11592,1,train,ewaste,Large Electronic Appliance,False,False
GROUP_11593,1,train,ewaste,Electronic Device,False,False
GROUP_11594,1,train,realwaste,Vegetation,False,False
GROUP_11595,1,train,realwaste,Cardboard,False,False
GROUP_11596,1,train,realwaste,Paper,False,False
GROUP_11597,1,val,ewaste,Electronic Device,False,False
GROUP_11598,1,test,realwaste,Food Organics,False,False
GROUP_11599,1,val,realwaste,Residual,False,False
GROUP_11600,1,test,phenomsg,Organic Stream,False,False
GROUP_11601,1,train,ewaste,Electronic Device,False,False
GROUP_11602,1,train,realwaste,Cardboard,False,False
GROUP_11603,1,test,trashnet,Plastic,False,False
GROUP_11604,1,train,phenomsg,Organic Stream,False,False
GROUP_11605,1,test,realwaste,Plastic,False,False
GROUP_11606,1,val,trashnet,Cardboard,False,False
GROUP_11607,1,train,phenomsg,Residual,False,False
GROUP_11608,1,train,trashnet,Glass,False,False
GROUP_11609,1,train,realwaste,Cardboard,False,False
GROUP_11610,1,train,ewaste,Electronic Device,False,False
GROUP_11611,1,val,phenomsg,Residual,False,False
GROUP_11612,1,train,realwaste,Plastic,False,False
GROUP_11613,1,train,realwaste,Plastic,False,False
GROUP_11614,1,train,trashnet,Plastic,False,False
GROUP_11615,1,train,ewaste,Electronic Device,False,False
GROUP_11616,1,val,realwaste,Cardboard,False,False
GROUP_11617,1,test,ewaste,Large Electronic Appliance,False,False
GROUP_11618,1,train,ewaste,Large Electronic Appliance,False,False
GROUP_11619,1,train,realwaste,Glass,False,False
GROUP_11620,1,val,realwaste,Textile,False,False
GROUP_11621,1,test,trashnet,Plastic,False,False
GROUP_11622,1,train,trashnet,Residual,False,False
GROUP_11623,1,train,trashnet,Cardboard,False,False
GROUP_11624,1,test,realwaste,Cardboard,False,False
GROUP_11625,1,train,realwaste,Paper,False,False
GROUP_11626,1,train,realwaste,Metal,False,False
GROUP_11627,1,train,realwaste,Plastic,False,False
GROUP_11628,1,train,realwaste,Plastic,False,False
GROUP_11629,1,train,realwaste,Residual,False,False
GROUP_11630,1,val,phenomsg,Residual,False,False
GROUP_11631,1,train,trashnet,Cardboard,False,False
GROUP_11632,1,train,realwaste,Plastic,False,False
GROUP_11633,1,train,realwaste,Metal,False,False
GROUP_11634,1,val,realwaste,Food Organics,False,False
GROUP_11635,1,test,trashnet,Metal,False,False
GROUP_11636,1,test,ewaste,Battery,False,False
GROUP_11637,1,train,ewaste,Electronic Device,False,False
GROUP_11638,1,val,phenomsg,Hazardous Waste,False,False
GROUP_11639,1,train,ewaste,Electronic Device,False,False
GROUP_11640,1,train,realwaste,Cardboard,False,False
GROUP_11641,1,train,phenomsg,Organic Stream,False,False
GROUP_11642,1,val,trashnet,Metal,False,False
GROUP_11643,1,train,realwaste,Metal,False,False
GROUP_11644,1,train,phenomsg,Hazardous Waste,False,False
GROUP_11645,1,test,realwaste,Metal,False,False
GROUP_11646,1,train,realwaste,Plastic,False,False
GROUP_11647,1,train,ewaste,Electronic Device,False,False
GROUP_11648,1,train,phenomsg,Recyclable Stream,False,False
GROUP_11649,1,val,trashnet,Paper,False,False
GROUP_11650,1,train,ewaste,Large Electronic Appliance,False,False
GROUP_11651,1,train,ewaste,Battery,False,False
GROUP_11652,1,test,ewaste,Electronic Device,False,False
GROUP_11653,1,test,phenomsg,Recyclable Stream,False,False
GROUP_11654,1,val,ewaste,Electronic Device,False,False
GROUP_11655,1,train,phenomsg,Residual,False,False
GROUP_11656,1,train,trashnet,Plastic,False,False
GROUP_11657,1,train,ewaste,Electronic Component,False,False
GROUP_11658,1,val,realwaste,Metal,False,False
GROUP_11659,1,test,realwaste,Residual,False,False
GROUP_11660,1,train,phenomsg,Organic Stream,False,False
GROUP_11661,1,train,phenomsg,Recyclable Stream,False,False
GROUP_11662,1,train,realwaste,Cardboard,False,False
GROUP_11663,1,train,realwaste,Plastic,False,False
GROUP_11664,1,test,realwaste,Textile,False,False
GROUP_11665,1,train,realwaste,Vegetation,False,False
GROUP_11666,1,train,ewaste,Electronic Device,False,False
GROUP_11667,1,train,ewaste,Large Electronic Appliance,False,False
GROUP_11668,1,train,ewaste,Battery,False,False
GROUP_11669,1,train,phenomsg,Organic Stream,False,False
GROUP_11670,1,train,realwaste,Textile,False,False
GROUP_11671,1,train,ewaste,Battery,False,False
GROUP_11672,1,train,realwaste,Food Organics,False,False
GROUP_11673,1,train,realwaste,Glass,False,False
GROUP_11674,1,train,trashnet,Paper,False,False
GROUP_11675,1,train,trashnet,Plastic,False,False
GROUP_11676,1,test,trashnet,Cardboard,False,False
GROUP_11677,2,train,phenomsg,Recyclable Stream|Residual,True,True
GROUP_11678,1,train,phenomsg,Residual,False,False
GROUP_11679,1,train,realwaste,Metal,False,False
GROUP_11680,1,test,realwaste,Metal,False,False
GROUP_11681,1,val,realwaste,Residual,False,False
GROUP_11682,1,test,realwaste,Paper,False,False
GROUP_11683,1,train,trashnet,Glass,False,False
GROUP_11684,1,train,phenomsg,Residual,False,False
GROUP_11685,1,test,realwaste,Cardboard,False,False
GROUP_11686,1,val,ewaste,Electronic Device,False,False
GROUP_11687,1,train,realwaste,Glass,False,False
GROUP_11688,1,train,realwaste,Food Organics,False,False
GROUP_11689,1,train,ewaste,Electronic Component,False,False
GROUP_11690,1,train,realwaste,Glass,False,False
GROUP_11691,1,train,realwaste,Metal,False,False
GROUP_11692,1,test,realwaste,Metal,False,False
GROUP_11693,1,val,phenomsg,Organic Stream,False,False
GROUP_11694,1,train,realwaste,Residual,False,False
GROUP_11695,1,val,realwaste,Residual,False,False
GROUP_11696,1,train,realwaste,Paper,False,False
GROUP_11697,1,train,trashnet,Cardboard,False,False
GROUP_11698,1,train,trashnet,Plastic,False,False
GROUP_11699,1,test,realwaste,Metal,False,False
GROUP_11700,1,train,trashnet,Cardboard,False,False
GROUP_11701,1,train,trashnet,Plastic,False,False
GROUP_11702,1,val,ewaste,Battery,False,False
GROUP_11703,1,train,realwaste,Cardboard,False,False
GROUP_11704,1,test,trashnet,Paper,False,False
GROUP_11705,1,train,realwaste,Vegetation,False,False
GROUP_11706,1,test,ewaste,Electronic Device,False,False
GROUP_11707,1,train,phenomsg,Organic Stream,False,False
GROUP_11708,1,val,trashnet,Cardboard,False,False
GROUP_11709,1,test,ewaste,Large Electronic Appliance,False,False
GROUP_11710,1,val,phenomsg,Residual,False,False
GROUP_11711,1,train,realwaste,Glass,False,False
GROUP_11712,1,train,realwaste,Paper,False,False
GROUP_11713,1,train,realwaste,Plastic,False,False
GROUP_11714,1,val,realwaste,Textile,False,False
GROUP_11715,1,test,trashnet,Glass,False,False
GROUP_11716,1,test,ewaste,Large Electronic Appliance,False,False
GROUP_11717,1,train,ewaste,Large Electronic Appliance,False,False
GROUP_11718,1,train,realwaste,Textile,False,False
GROUP_11719,1,train,realwaste,Vegetation,False,False
GROUP_11720,1,train,ewaste,Electronic Device,False,False
GROUP_11721,1,train,phenomsg,Recyclable Stream,False,False
GROUP_11722,1,train,realwaste,Metal,False,False
GROUP_11723,1,train,trashnet,Metal,False,False
GROUP_11724,1,train,ewaste,Electronic Device,False,False
GROUP_11725,1,test,ewaste,Electronic Device,False,False
GROUP_11726,1,test,trashnet,Glass,False,False
GROUP_11727,1,val,trashnet,Glass,False,False
GROUP_11728,1,test,ewaste,Electronic Device,False,False
GROUP_11729,1,train,realwaste,Food Organics,False,False
GROUP_11730,1,train,realwaste,Glass,False,False
GROUP_11731,1,train,ewaste,Battery,False,False
GROUP_11732,1,train,realwaste,Cardboard,False,False
GROUP_11733,1,train,phenomsg,Hazardous Waste,False,False
GROUP_11734,1,train,phenomsg,Organic Stream,False,False
GROUP_11735,1,train,realwaste,Plastic,False,False
GROUP_11736,1,train,realwaste,Vegetation,False,False
GROUP_11737,1,train,trashnet,Glass,False,False
GROUP_11738,1,train,trashnet,Cardboard,False,False
GROUP_11739,1,train,trashnet,Plastic,False,False
GROUP_11740,1,test,realwaste,Food Organics,False,False
GROUP_11741,1,val,trashnet,Metal,False,False
GROUP_11742,1,train,realwaste,Plastic,False,False
GROUP_11743,1,test,realwaste,Paper,False,False
GROUP_11744,1,test,phenomsg,Organic Stream,False,False
GROUP_11745,1,train,trashnet,Metal,False,False
GROUP_11746,1,val,trashnet,Plastic,False,False
GROUP_11747,1,val,realwaste,Paper,False,False
GROUP_11748,1,test,phenomsg,Recyclable Stream,False,False
GROUP_11749,1,test,ewaste,Electronic Device,False,False
GROUP_11750,1,train,phenomsg,Residual,False,False
GROUP_11751,1,train,realwaste,Metal,False,False
GROUP_11752,1,train,realwaste,Paper,False,False
GROUP_11753,1,train,realwaste,Metal,False,False
GROUP_11754,1,train,ewaste,Battery,False,False
GROUP_11755,1,val,phenomsg,Organic Stream,False,False
GROUP_11756,1,test,phenomsg,Recyclable Stream,False,False
GROUP_11757,1,train,trashnet,Paper,False,False
GROUP_11758,1,train,phenomsg,Organic Stream,False,False
GROUP_11759,1,train,realwaste,Vegetation,False,False
GROUP_11760,1,test,realwaste,Paper,False,False
GROUP_11761,1,train,realwaste,Metal,False,False
GROUP_11762,1,train,trashnet,Cardboard,False,False
GROUP_11763,1,val,trashnet,Glass,False,False
GROUP_11764,1,train,trashnet,Residual,False,False
GROUP_11765,1,val,trashnet,Plastic,False,False
GROUP_11766,1,val,phenomsg,Recyclable Stream,False,False
GROUP_11767,1,test,phenomsg,Organic Stream,False,False
GROUP_11768,1,train,phenomsg,Hazardous Waste,False,False
GROUP_11769,1,train,phenomsg,Organic Stream,False,False
GROUP_11770,1,train,realwaste,Metal,False,False
GROUP_11771,1,train,realwaste,Vegetation,False,False
GROUP_11772,1,train,ewaste,Large Electronic Appliance,False,False
GROUP_11773,1,train,phenomsg,Residual,False,False
GROUP_11774,1,train,realwaste,Metal,False,False
GROUP_11775,1,test,realwaste,Metal,False,False
GROUP_11776,1,train,realwaste,Textile,False,False
GROUP_11777,1,val,trashnet,Metal,False,False
GROUP_11778,1,train,realwaste,Plastic,False,False
GROUP_11779,1,train,realwaste,Paper,False,False
GROUP_11780,1,test,trashnet,Metal,False,False
GROUP_11781,1,train,ewaste,Electronic Device,False,False
GROUP_11782,1,train,realwaste,Residual,False,False
GROUP_11783,1,train,realwaste,Cardboard,False,False
GROUP_11784,1,train,ewaste,Battery,False,False
GROUP_11785,1,train,ewaste,Large Electronic Appliance,False,False
GROUP_11786,1,val,ewaste,Large Electronic Appliance,False,False
GROUP_11787,1,test,realwaste,Metal,False,False
GROUP_11788,1,test,realwaste,Paper,False,False
GROUP_11789,1,train,realwaste,Plastic,False,False
GROUP_11790,1,test,realwaste,Glass,False,False
GROUP_11791,1,train,phenomsg,Recyclable Stream,False,False
GROUP_11792,1,train,ewaste,Electronic Device,False,False
GROUP_11793,1,train,ewaste,Electronic Device,False,False
GROUP_11794,1,train,ewaste,Electronic Device,False,False
GROUP_11795,1,train,phenomsg,Recyclable Stream,False,False
GROUP_11796,1,train,phenomsg,Hazardous Waste,False,False
GROUP_11797,1,train,ewaste,Electronic Component,False,False
GROUP_11798,1,val,ewaste,Large Electronic Appliance,False,False
GROUP_11799,1,val,realwaste,Paper,False,False
GROUP_11800,1,val,trashnet,Metal,False,False
GROUP_11801,1,train,realwaste,Vegetation,False,False
GROUP_11802,1,test,trashnet,Plastic,False,False
GROUP_11803,1,test,realwaste,Residual,False,False
GROUP_11804,1,test,realwaste,Metal,False,False
GROUP_11805,1,train,phenomsg,Hazardous Waste,False,False
GROUP_11806,1,val,realwaste,Glass,False,False
GROUP_11807,1,train,ewaste,Large Electronic Appliance,False,False
GROUP_11808,1,train,realwaste,Paper,False,False
GROUP_11809,1,train,realwaste,Plastic,False,False
GROUP_11810,1,train,realwaste,Plastic,False,False
GROUP_11811,1,test,realwaste,Glass,False,False
GROUP_11812,1,train,realwaste,Vegetation,False,False
GROUP_11813,1,train,trashnet,Metal,False,False
GROUP_11814,1,val,trashnet,Cardboard,False,False
GROUP_11815,1,val,realwaste,Residual,False,False
GROUP_11816,1,train,realwaste,Plastic,False,False
GROUP_11817,1,train,phenomsg,Residual,False,False
GROUP_11818,1,val,trashnet,Plastic,False,False
GROUP_11819,1,train,realwaste,Paper,False,False
GROUP_11820,1,train,realwaste,Vegetation,False,False
GROUP_11821,1,train,realwaste,Vegetation,False,False
GROUP_11822,1,train,phenomsg,Hazardous Waste,False,False
GROUP_11823,1,train,ewaste,Large Electronic Appliance,False,False
GROUP_11824,1,val,trashnet,Paper,False,False
GROUP_11825,1,train,trashnet,Glass,False,False
GROUP_11826,1,train,realwaste,Metal,False,False
GROUP_11827,1,train,realwaste,Cardboard,False,False
GROUP_11828,1,train,realwaste,Glass,False,False
GROUP_11829,1,train,realwaste,Metal,False,False
GROUP_11830,1,train,trashnet,Metal,False,False
GROUP_11831,1,test,realwaste,Plastic,False,False
GROUP_11832,1,train,trashnet,Glass,False,False
GROUP_11833,1,train,realwaste,Glass,False,False
GROUP_11834,1,train,phenomsg,Recyclable Stream,False,False
GROUP_11835,1,train,realwaste,Metal,False,False
GROUP_11836,1,val,realwaste,Glass,False,False
GROUP_11837,1,train,realwaste,Cardboard,False,False
GROUP_11838,1,train,ewaste,Electronic Device,False,False
GROUP_11839,1,test,realwaste,Residual,False,False
GROUP_11840,1,val,realwaste,Plastic,False,False
GROUP_11841,1,val,trashnet,Plastic,False,False
GROUP_11842,1,train,phenomsg,Residual,False,False
GROUP_11843,1,train,ewaste,Electronic Device,False,False
GROUP_11844,1,train,ewaste,Electronic Device,False,False
GROUP_11845,1,train,realwaste,Cardboard,False,False
GROUP_11846,1,test,realwaste,Residual,False,False
GROUP_11847,1,val,trashnet,Cardboard,False,False
GROUP_11848,1,train,trashnet,Plastic,False,False
GROUP_11849,1,train,ewaste,Large Electronic Appliance,False,False
GROUP_11850,1,val,phenomsg,Residual,False,False
GROUP_11851,1,train,ewaste,Large Electronic Appliance,False,False
GROUP_11852,1,val,phenomsg,Residual,False,False
GROUP_11853,1,train,trashnet,Paper,False,False
GROUP_11854,1,train,realwaste,Residual,False,False
GROUP_11855,1,test,ewaste,Electronic Component,False,False
GROUP_11856,1,test,realwaste,Glass,False,False
GROUP_11857,1,train,realwaste,Residual,False,False
GROUP_11858,1,train,phenomsg,Recyclable Stream,False,False
GROUP_11859,1,test,phenomsg,Residual,False,False
GROUP_11860,1,train,realwaste,Glass,False,False
GROUP_11861,1,train,realwaste,Metal,False,False
GROUP_11862,1,train,ewaste,Large Electronic Appliance,False,False
GROUP_11863,1,train,ewaste,Large Electronic Appliance,False,False
GROUP_11864,1,train,phenomsg,Residual,False,False
GROUP_11865,1,train,realwaste,Vegetation,False,False
GROUP_11866,1,train,phenomsg,Recyclable Stream,False,False
GROUP_11867,1,train,ewaste,Battery,False,False
GROUP_11868,1,train,phenomsg,Residual,False,False
GROUP_11869,1,val,realwaste,Food Organics,False,False
GROUP_11870,1,train,trashnet,Paper,False,False
GROUP_11871,1,val,realwaste,Textile,False,False
GROUP_11872,1,test,trashnet,Plastic,False,False
GROUP_11873,1,train,ewaste,Large Electronic Appliance,False,False
GROUP_11874,1,train,realwaste,Metal,False,False
GROUP_11875,1,train,ewaste,Battery,False,False
GROUP_11876,1,train,realwaste,Food Organics,False,False
GROUP_11877,1,train,phenomsg,Organic Stream,False,False
GROUP_11878,1,val,realwaste,Glass,False,False
GROUP_11879,1,train,ewaste,Electronic Component,False,False
GROUP_11880,1,train,ewaste,Battery,False,False
GROUP_11881,1,train,realwaste,Cardboard,False,False
GROUP_11882,1,train,realwaste,Metal,False,False
GROUP_11883,1,train,trashnet,Paper,False,False
GROUP_11884,1,test,realwaste,Glass,False,False
GROUP_11885,1,train,phenomsg,Organic Stream,False,False
GROUP_11886,1,train,realwaste,Food Organics,False,False
GROUP_11887,1,train,realwaste,Textile,False,False
GROUP_11888,1,test,trashnet,Metal,False,False
GROUP_11889,1,test,phenomsg,Organic Stream,False,False
GROUP_11890,1,train,ewaste,Battery,False,False
GROUP_11891,1,train,ewaste,Large Electronic Appliance,False,False
GROUP_11892,1,train,ewaste,Large Electronic Appliance,False,False
GROUP_11893,1,train,realwaste,Metal,False,False
GROUP_11894,1,train,ewaste,Electronic Device,False,False
GROUP_11895,1,train,realwaste,Plastic,False,False
GROUP_11896,1,test,trashnet,Plastic,False,False
GROUP_11897,1,train,ewaste,Electronic Device,False,False
GROUP_11898,1,train,trashnet,Cardboard,False,False
GROUP_11899,1,train,phenomsg,Hazardous Waste,False,False
GROUP_11900,1,train,phenomsg,Organic Stream,False,False
GROUP_11901,1,train,realwaste,Cardboard,False,False
GROUP_11902,1,train,phenomsg,Recyclable Stream,False,False
GROUP_11903,1,train,realwaste,Metal,False,False
GROUP_11904,1,train,phenomsg,Residual,False,False
GROUP_11905,1,train,ewaste,Large Electronic Appliance,False,False
GROUP_11906,1,train,realwaste,Plastic,False,False
GROUP_11907,1,train,realwaste,Vegetation,False,False
GROUP_11908,1,train,realwaste,Paper,False,False
GROUP_11909,1,val,phenomsg,Organic Stream,False,False
GROUP_11910,1,train,ewaste,Electronic Device,False,False
GROUP_11911,1,train,trashnet,Residual,False,False
GROUP_11912,1,train,realwaste,Paper,False,False
GROUP_11913,1,train,ewaste,Battery,False,False
GROUP_11914,1,train,realwaste,Food Organics,False,False
GROUP_11915,1,val,phenomsg,Recyclable Stream,False,False
GROUP_11916,1,train,ewaste,Electronic Device,False,False
GROUP_11917,1,test,trashnet,Metal,False,False
GROUP_11918,1,val,ewaste,Electronic Device,False,False
GROUP_11919,1,train,ewaste,Large Electronic Appliance,False,False
GROUP_11920,1,train,realwaste,Metal,False,False
GROUP_11921,1,val,ewaste,Electronic Device,False,False
GROUP_11922,1,train,realwaste,Textile,False,False
GROUP_11923,2,train,phenomsg,Hazardous Waste,True,True
GROUP_11924,1,val,phenomsg,Hazardous Waste,False,False
GROUP_11925,1,train,trashnet,Metal,False,False
GROUP_11926,1,train,realwaste,Cardboard,False,False
GROUP_11927,1,train,trashnet,Plastic,False,False
GROUP_11928,1,train,realwaste,Metal,False,False
GROUP_11929,1,test,ewaste,Large Electronic Appliance,False,False
GROUP_11930,1,val,realwaste,Residual,False,False
GROUP_11931,1,train,phenomsg,Residual,False,False
GROUP_11932,1,train,trashnet,Cardboard,False,False
GROUP_11933,1,train,phenomsg,Recyclable Stream,False,False
GROUP_11934,1,train,phenomsg,Residual,False,False
GROUP_11935,1,train,realwaste,Vegetation,False,False
GROUP_11936,1,train,ewaste,Large Electronic Appliance,False,False
GROUP_11937,1,train,ewaste,Electronic Device,False,False
GROUP_11938,1,train,phenomsg,Hazardous Waste,False,False
GROUP_11939,1,val,phenomsg,Residual,False,False
GROUP_11940,1,test,ewaste,Electronic Device,False,False
GROUP_11941,1,val,phenomsg,Organic Stream,False,False
GROUP_11942,1,train,ewaste,Electronic Device,False,False
GROUP_11943,1,val,realwaste,Cardboard,False,False
GROUP_11944,1,test,ewaste,Large Electronic Appliance,False,False
GROUP_11945,1,train,trashnet,Paper,False,False
GROUP_11946,1,val,phenomsg,Residual,False,False
GROUP_11947,1,train,realwaste,Vegetation,False,False
GROUP_11948,1,train,realwaste,Plastic,False,False
GROUP_11949,1,train,ewaste,Electronic Device,False,False
GROUP_11950,1,train,trashnet,Cardboard,False,False
GROUP_11951,1,train,trashnet,Metal,False,False
GROUP_11952,1,train,realwaste,Vegetation,False,False
GROUP_11953,1,train,realwaste,Paper,False,False
GROUP_11954,1,val,realwaste,Metal,False,False
GROUP_11955,1,val,ewaste,Large Electronic Appliance,False,False
GROUP_11956,1,test,realwaste,Vegetation,False,False
GROUP_11957,1,train,realwaste,Plastic,False,False
GROUP_11958,1,train,realwaste,Glass,False,False
GROUP_11959,1,train,phenomsg,Recyclable Stream,False,False
GROUP_11960,1,train,phenomsg,Hazardous Waste,False,False
GROUP_11961,1,test,ewaste,Large Electronic Appliance,False,False
GROUP_11962,1,train,realwaste,Cardboard,False,False
GROUP_11963,1,train,realwaste,Cardboard,False,False
GROUP_11964,1,test,realwaste,Metal,False,False
GROUP_11965,1,train,trashnet,Plastic,False,False
GROUP_11966,1,test,ewaste,Electronic Device,False,False
GROUP_11967,1,train,ewaste,Electronic Device,False,False
GROUP_11968,1,train,phenomsg,Recyclable Stream,False,False
GROUP_11969,1,train,trashnet,Paper,False,False
GROUP_11970,1,train,realwaste,Residual,False,False
GROUP_11971,1,val,trashnet,Paper,False,False
GROUP_11972,1,val,phenomsg,Organic Stream,False,False
GROUP_11973,1,test,realwaste,Cardboard,False,False
GROUP_11974,1,train,realwaste,Metal,False,False
GROUP_11975,1,val,ewaste,Electronic Device,False,False
GROUP_11976,1,train,phenomsg,Organic Stream,False,False
GROUP_11977,1,train,realwaste,Food Organics,False,False
GROUP_11978,1,train,realwaste,Plastic,False,False
GROUP_11979,1,train,realwaste,Metal,False,False
GROUP_11980,1,train,ewaste,Electronic Device,False,False
GROUP_11981,1,test,trashnet,Cardboard,False,False
GROUP_11982,1,train,ewaste,Large Electronic Appliance,False,False
GROUP_11983,1,train,trashnet,Paper,False,False
GROUP_11984,1,val,trashnet,Plastic,False,False
GROUP_11985,1,val,ewaste,Electronic Component,False,False
GROUP_11986,1,test,realwaste,Vegetation,False,False
GROUP_11987,1,train,phenomsg,Organic Stream,False,False
GROUP_11988,1,train,phenomsg,Recyclable Stream,False,False
GROUP_11989,1,train,realwaste,Paper,False,False
GROUP_11990,1,train,trashnet,Plastic,False,False
GROUP_11991,1,train,ewaste,Large Electronic Appliance,False,False
GROUP_11992,1,train,ewaste,Electronic Device,False,False
GROUP_11993,1,train,realwaste,Metal,False,False
GROUP_11994,1,train,realwaste,Residual,False,False
GROUP_11995,1,test,realwaste,Paper,False,False
GROUP_11996,1,val,ewaste,Electronic Device,False,False
GROUP_11997,1,val,phenomsg,Recyclable Stream,False,False
GROUP_11998,1,train,trashnet,Metal,False,False
GROUP_11999,1,test,realwaste,Plastic,False,False
GROUP_12000,1,train,ewaste,Battery,False,False
GROUP_12001,1,train,realwaste,Glass,False,False
GROUP_12002,1,train,phenomsg,Organic Stream,False,False
GROUP_12003,1,train,phenomsg,Residual,False,False
GROUP_12004,1,train,realwaste,Plastic,False,False
GROUP_12005,1,train,ewaste,Electronic Device,False,False
GROUP_12006,1,train,trashnet,Glass,False,False
GROUP_12007,1,val,phenomsg,Organic Stream,False,False
GROUP_12008,1,train,realwaste,Plastic,False,False
GROUP_12009,1,train,realwaste,Residual,False,False
GROUP_12010,1,train,realwaste,Plastic,False,False
GROUP_12011,1,train,realwaste,Vegetation,False,False
GROUP_12012,1,test,trashnet,Metal,False,False
GROUP_12013,1,train,trashnet,Metal,False,False
GROUP_12014,1,train,trashnet,Plastic,False,False
GROUP_12015,1,train,trashnet,Plastic,False,False
GROUP_12016,1,val,realwaste,Cardboard,False,False
GROUP_12017,1,train,realwaste,Paper,False,False
GROUP_12018,1,train,ewaste,Battery,False,False
GROUP_12019,1,train,trashnet,Plastic,False,False
GROUP_12020,1,test,ewaste,Electronic Device,False,False
GROUP_12021,1,train,phenomsg,Hazardous Waste,False,False
GROUP_12022,1,train,realwaste,Food Organics,False,False
GROUP_12023,1,train,phenomsg,Hazardous Waste,False,False
GROUP_12024,1,val,phenomsg,Hazardous Waste,False,False
GROUP_12025,2,train,phenomsg,Hazardous Waste,True,True
GROUP_12026,1,test,ewaste,Electronic Device,False,False
GROUP_12027,1,train,ewaste,Electronic Device,False,False
GROUP_12028,1,train,phenomsg,Hazardous Waste,False,False
GROUP_12029,1,val,realwaste,Cardboard,False,False
GROUP_12030,1,train,trashnet,Cardboard,False,False
GROUP_12031,1,train,phenomsg,Organic Stream,False,False
GROUP_12032,1,train,realwaste,Residual,False,False
GROUP_12033,1,val,trashnet,Plastic,False,False
GROUP_12034,1,val,ewaste,Electronic Component,False,False
GROUP_12035,1,test,trashnet,Plastic,False,False
GROUP_12036,1,train,realwaste,Cardboard,False,False
GROUP_12037,1,val,realwaste,Vegetation,False,False
GROUP_12038,1,train,ewaste,Large Electronic Appliance,False,False
GROUP_12039,1,train,ewaste,Electronic Device,False,False
GROUP_12040,1,train,phenomsg,Recyclable Stream,False,False
GROUP_12041,1,val,realwaste,Vegetation,False,False
GROUP_12042,1,train,phenomsg,Hazardous Waste,False,False
GROUP_12043,1,train,trashnet,Metal,False,False
GROUP_12044,1,val,trashnet,Paper,False,False
GROUP_12045,1,val,ewaste,Large Electronic Appliance,False,False
GROUP_12046,1,train,ewaste,Electronic Device,False,False
GROUP_12047,1,train,phenomsg,Organic Stream,False,False
GROUP_12048,1,test,trashnet,Paper,False,False
GROUP_12049,1,train,ewaste,Electronic Device,False,False
GROUP_12050,1,train,realwaste,Food Organics,False,False
GROUP_12051,1,train,ewaste,Electronic Device,False,False
GROUP_12052,1,train,realwaste,Plastic,False,False
GROUP_12053,1,train,ewaste,Electronic Device,False,False
GROUP_12054,1,train,trashnet,Cardboard,False,False
GROUP_12055,1,train,trashnet,Metal,False,False
GROUP_12056,1,test,phenomsg,Hazardous Waste,False,False
GROUP_12057,1,train,ewaste,Electronic Device,False,False
GROUP_12058,1,train,phenomsg,Residual,False,False
GROUP_12059,1,train,ewaste,Electronic Device,False,False
GROUP_12060,1,train,realwaste,Paper,False,False
GROUP_12061,1,train,phenomsg,Organic Stream,False,False
GROUP_12062,1,train,phenomsg,Organic Stream,False,False
GROUP_12063,1,train,realwaste,Plastic,False,False
GROUP_12064,1,train,realwaste,Glass,False,False
GROUP_12065,1,test,realwaste,Plastic,False,False
GROUP_12066,1,test,realwaste,Cardboard,False,False
GROUP_12067,1,train,ewaste,Electronic Device,False,False
GROUP_12068,1,train,ewaste,Electronic Device,False,False
GROUP_12069,1,train,realwaste,Food Organics,False,False
GROUP_12070,1,train,realwaste,Textile,False,False
GROUP_12071,1,train,ewaste,Electronic Device,False,False
GROUP_12072,1,train,ewaste,Large Electronic Appliance,False,False
GROUP_12073,1,train,trashnet,Plastic,False,False
GROUP_12074,1,test,realwaste,Residual,False,False
GROUP_12075,1,train,phenomsg,Hazardous Waste,False,False
GROUP_12076,1,train,realwaste,Food Organics,False,False
GROUP_12077,1,train,realwaste,Cardboard,False,False
GROUP_12078,1,train,ewaste,Large Electronic Appliance,False,False
GROUP_12079,1,train,ewaste,Electronic Device,False,False
GROUP_12080,1,train,ewaste,Large Electronic Appliance,False,False
GROUP_12081,1,test,ewaste,Large Electronic Appliance,False,False
GROUP_12082,1,train,phenomsg,Organic Stream,False,False
GROUP_12083,1,train,ewaste,Large Electronic Appliance,False,False
GROUP_12084,1,train,phenomsg,Hazardous Waste,False,False
GROUP_12085,1,train,realwaste,Glass,False,False
GROUP_12086,1,train,trashnet,Metal,False,False
GROUP_12087,1,train,realwaste,Vegetation,False,False
GROUP_12088,1,test,trashnet,Plastic,False,False
GROUP_12089,1,train,phenomsg,Recyclable Stream,False,False
GROUP_12090,1,train,trashnet,Residual,False,False
GROUP_12091,1,train,realwaste,Glass,False,False
GROUP_12092,1,train,trashnet,Paper,False,False
GROUP_12093,1,train,realwaste,Vegetation,False,False
GROUP_12094,1,train,realwaste,Glass,False,False
GROUP_12095,1,train,trashnet,Paper,False,False
GROUP_12096,1,val,ewaste,Battery,False,False
GROUP_12097,1,train,ewaste,Electronic Device,False,False
GROUP_12098,1,train,realwaste,Glass,False,False
GROUP_12099,1,train,realwaste,Residual,False,False
GROUP_12100,1,train,realwaste,Vegetation,False,False
GROUP_12101,1,train,trashnet,Metal,False,False
GROUP_12102,1,val,phenomsg,Residual,False,False
GROUP_12103,1,train,ewaste,Electronic Device,False,False
GROUP_12104,1,train,ewaste,Large Electronic Appliance,False,False
GROUP_12105,1,val,phenomsg,Organic Stream,False,False
GROUP_12106,1,train,realwaste,Residual,False,False
GROUP_12107,1,train,phenomsg,Residual,False,False
GROUP_12108,1,train,realwaste,Glass,False,False
GROUP_12109,1,train,ewaste,Electronic Device,False,False
GROUP_12110,1,test,ewaste,Large Electronic Appliance,False,False
GROUP_12111,1,train,phenomsg,Organic Stream,False,False
GROUP_12112,1,train,realwaste,Residual,False,False
GROUP_12113,1,train,trashnet,Metal,False,False
GROUP_12114,1,test,phenomsg,Recyclable Stream,False,False
GROUP_12115,1,train,trashnet,Paper,False,False
GROUP_12116,1,train,realwaste,Glass,False,False
GROUP_12117,1,train,trashnet,Plastic,False,False
GROUP_12118,1,train,realwaste,Food Organics,False,False
GROUP_12119,1,test,trashnet,Cardboard,False,False
GROUP_12120,1,train,realwaste,Glass,False,False
GROUP_12121,1,train,realwaste,Vegetation,False,False
GROUP_12122,1,train,phenomsg,Residual,False,False
GROUP_12123,1,train,trashnet,Cardboard,False,False
GROUP_12124,1,val,trashnet,Cardboard,False,False
GROUP_12125,1,train,trashnet,Residual,False,False
GROUP_12126,1,train,realwaste,Residual,False,False
GROUP_12127,1,test,ewaste,Large Electronic Appliance,False,False
GROUP_12128,1,val,trashnet,Glass,False,False
GROUP_12129,1,val,phenomsg,Hazardous Waste,False,False
GROUP_12130,1,train,realwaste,Paper,False,False
GROUP_12131,1,val,realwaste,Plastic,False,False
GROUP_12132,1,train,realwaste,Glass,False,False
GROUP_12133,1,val,realwaste,Vegetation,False,False
GROUP_12134,1,train,trashnet,Cardboard,False,False
GROUP_12135,1,train,ewaste,Electronic Device,False,False
GROUP_12136,1,train,realwaste,Metal,False,False
GROUP_12137,1,train,realwaste,Paper,False,False
GROUP_12138,1,train,realwaste,Residual,False,False
GROUP_12139,1,test,trashnet,Metal,False,False
GROUP_12140,1,train,ewaste,Electronic Device,False,False
GROUP_12141,1,val,ewaste,Electronic Device,False,False
GROUP_12142,1,train,realwaste,Textile,False,False
GROUP_12143,1,val,ewaste,Electronic Device,False,False
GROUP_12144,1,test,realwaste,Glass,False,False
GROUP_12145,1,train,ewaste,Electronic Device,False,False
GROUP_12146,1,train,ewaste,Electronic Device,False,False
GROUP_12147,1,test,ewaste,Battery,False,False
GROUP_12148,1,train,trashnet,Cardboard,False,False
GROUP_12149,1,test,realwaste,Metal,False,False
GROUP_12150,1,train,realwaste,Food Organics,False,False
GROUP_12151,1,val,trashnet,Paper,False,False
GROUP_12152,1,val,ewaste,Electronic Device,False,False
GROUP_12153,1,train,ewaste,Large Electronic Appliance,False,False
GROUP_12154,1,val,realwaste,Paper,False,False
GROUP_12155,1,train,phenomsg,Residual,False,False
GROUP_12156,1,test,realwaste,Vegetation,False,False
GROUP_12157,1,train,ewaste,Large Electronic Appliance,False,False
GROUP_12158,1,train,realwaste,Paper,False,False
GROUP_12159,1,train,realwaste,Vegetation,False,False
GROUP_12160,1,test,trashnet,Cardboard,False,False
GROUP_12161,1,train,ewaste,Electronic Device,False,False
GROUP_12162,1,test,realwaste,Food Organics,False,False
GROUP_12163,1,train,realwaste,Metal,False,False
GROUP_12164,1,train,ewaste,Electronic Device,False,False
GROUP_12165,1,test,phenomsg,Hazardous Waste,False,False
GROUP_12166,1,train,realwaste,Vegetation,False,False
GROUP_12167,1,test,phenomsg,Recyclable Stream,False,False
GROUP_12168,1,train,ewaste,Battery,False,False
GROUP_12169,1,test,ewaste,Large Electronic Appliance,False,False
GROUP_12170,1,train,ewaste,Electronic Component,False,False
GROUP_12171,1,test,ewaste,Electronic Device,False,False
GROUP_12172,1,val,phenomsg,Organic Stream,False,False
GROUP_12173,1,train,trashnet,Paper,False,False
GROUP_12174,1,val,trashnet,Paper,False,False
GROUP_12175,1,train,trashnet,Plastic,False,False
GROUP_12176,1,test,phenomsg,Recyclable Stream,False,False
GROUP_12177,1,val,ewaste,Electronic Device,False,False
GROUP_12178,1,train,realwaste,Plastic,False,False
GROUP_12179,1,test,realwaste,Glass,False,False
GROUP_12180,1,train,realwaste,Metal,False,False
GROUP_12181,1,test,realwaste,Metal,False,False
GROUP_12182,1,train,ewaste,Electronic Component,False,False
GROUP_12183,1,train,ewaste,Large Electronic Appliance,False,False
GROUP_12184,1,test,ewaste,Electronic Device,False,False
GROUP_12185,1,train,realwaste,Glass,False,False
GROUP_12186,1,train,realwaste,Food Organics,False,False
GROUP_12187,1,train,trashnet,Metal,False,False
GROUP_12188,1,train,realwaste,Metal,False,False
GROUP_12189,1,train,realwaste,Plastic,False,False
GROUP_12190,1,train,phenomsg,Recyclable Stream,False,False
GROUP_12191,1,train,trashnet,Plastic,False,False
GROUP_12192,1,train,realwaste,Cardboard,False,False
GROUP_12193,1,test,phenomsg,Organic Stream,False,False
GROUP_12194,1,train,trashnet,Paper,False,False
GROUP_12195,1,test,realwaste,Metal,False,False
GROUP_12196,1,train,trashnet,Metal,False,False
GROUP_12197,1,test,realwaste,Paper,False,False
GROUP_12198,1,train,realwaste,Metal,False,False
GROUP_12199,1,train,realwaste,Metal,False,False
GROUP_12200,1,train,realwaste,Food Organics,False,False
GROUP_12201,1,train,realwaste,Residual,False,False
GROUP_12202,1,val,phenomsg,Hazardous Waste,False,False
GROUP_12203,1,train,phenomsg,Organic Stream,False,False
GROUP_12204,1,train,realwaste,Residual,False,False
GROUP_12205,1,train,phenomsg,Residual,False,False
GROUP_12206,1,val,trashnet,Cardboard,False,False
GROUP_12207,1,train,realwaste,Glass,False,False
GROUP_12208,1,train,realwaste,Metal,False,False
GROUP_12209,1,train,realwaste,Glass,False,False
GROUP_12210,1,train,phenomsg,Organic Stream,False,False
GROUP_12211,1,train,trashnet,Paper,False,False
GROUP_12212,1,train,ewaste,Large Electronic Appliance,False,False
GROUP_12213,1,test,trashnet,Metal,False,False
GROUP_12214,1,train,trashnet,Paper,False,False
GROUP_12215,1,train,realwaste,Glass,False,False
GROUP_12216,1,train,realwaste,Residual,False,False
GROUP_12217,1,val,phenomsg,Residual,False,False
GROUP_12218,1,val,ewaste,Electronic Component,False,False
GROUP_12219,1,train,realwaste,Plastic,False,False
GROUP_12220,1,train,phenomsg,Hazardous Waste,False,False
GROUP_12221,1,train,phenomsg,Recyclable Stream,False,False
GROUP_12222,1,train,realwaste,Residual,False,False
GROUP_12223,1,val,realwaste,Glass,False,False
GROUP_12224,1,train,realwaste,Vegetation,False,False
GROUP_12225,1,train,trashnet,Plastic,False,False
GROUP_12226,1,test,phenomsg,Recyclable Stream,False,False
GROUP_12227,1,train,trashnet,Residual,False,False
GROUP_12228,1,test,trashnet,Plastic,False,False
GROUP_12229,1,train,realwaste,Paper,False,False
GROUP_12230,1,val,trashnet,Glass,False,False
GROUP_12231,1,test,trashnet,Residual,False,False
GROUP_12232,1,val,trashnet,Glass,False,False
GROUP_12233,1,train,realwaste,Metal,False,False
GROUP_12234,1,train,ewaste,Electronic Device,False,False
GROUP_12235,1,train,ewaste,Battery,False,False
GROUP_12236,1,train,realwaste,Residual,False,False
GROUP_12237,1,val,realwaste,Paper,False,False
GROUP_12238,1,val,ewaste,Electronic Device,False,False
GROUP_12239,1,train,realwaste,Cardboard,False,False
GROUP_12240,1,train,ewaste,Electronic Device,False,False
GROUP_12241,1,train,realwaste,Cardboard,False,False
GROUP_12242,1,test,trashnet,Cardboard,False,False
GROUP_12243,1,train,trashnet,Paper,False,False
GROUP_12244,1,train,realwaste,Residual,False,False
GROUP_12245,1,train,realwaste,Plastic,False,False
GROUP_12246,1,train,phenomsg,Residual,False,False
GROUP_12247,1,val,realwaste,Cardboard,False,False
GROUP_12248,1,train,phenomsg,Recyclable Stream,False,False
GROUP_12249,1,val,realwaste,Textile,False,False
GROUP_12250,1,val,phenomsg,Residual,False,False
GROUP_12251,1,train,realwaste,Vegetation,False,False
GROUP_12252,1,test,realwaste,Glass,False,False
GROUP_12253,1,train,realwaste,Paper,False,False
GROUP_12254,1,train,realwaste,Glass,False,False
GROUP_12255,1,train,realwaste,Metal,False,False
GROUP_12256,1,test,ewaste,Battery,False,False
GROUP_12257,1,test,realwaste,Vegetation,False,False
GROUP_12258,1,train,trashnet,Plastic,False,False
GROUP_12259,1,train,realwaste,Metal,False,False
GROUP_12260,1,train,phenomsg,Residual,False,False
GROUP_12261,1,train,realwaste,Paper,False,False
GROUP_12262,1,train,ewaste,Large Electronic Appliance,False,False
GROUP_12263,1,val,trashnet,Paper,False,False
GROUP_12264,1,train,trashnet,Plastic,False,False
GROUP_12265,1,val,phenomsg,Recyclable Stream,False,False
GROUP_12266,1,val,phenomsg,Hazardous Waste,False,False
GROUP_12267,1,train,realwaste,Vegetation,False,False
GROUP_12268,1,train,ewaste,Electronic Device,False,False
GROUP_12269,1,train,ewaste,Electronic Device,False,False
GROUP_12270,1,train,realwaste,Vegetation,False,False
GROUP_12271,1,val,realwaste,Food Organics,False,False
GROUP_12272,1,test,phenomsg,Hazardous Waste,False,False
GROUP_12273,1,train,ewaste,Electronic Device,False,False
GROUP_12274,1,train,ewaste,Electronic Component,False,False
GROUP_12275,1,train,phenomsg,Recyclable Stream,False,False
GROUP_12276,1,test,ewaste,Electronic Device,False,False
GROUP_12277,1,train,ewaste,Battery,False,False
GROUP_12278,1,val,ewaste,Large Electronic Appliance,False,False
GROUP_12279,1,train,realwaste,Vegetation,False,False
GROUP_12280,1,train,ewaste,Electronic Device,False,False
GROUP_12281,1,train,phenomsg,Organic Stream,False,False
GROUP_12282,1,train,ewaste,Electronic Device,False,False
GROUP_12283,1,test,phenomsg,Recyclable Stream,False,False
GROUP_12284,1,train,realwaste,Plastic,False,False
GROUP_12285,1,train,ewaste,Electronic Device,False,False
GROUP_12286,1,train,phenomsg,Hazardous Waste,False,False
GROUP_12287,1,train,phenomsg,Hazardous Waste,False,False
GROUP_12288,1,train,phenomsg,Residual,False,False
GROUP_12289,1,train,phenomsg,Organic Stream,False,False
GROUP_12290,1,test,realwaste,Plastic,False,False
GROUP_12291,1,train,phenomsg,Recyclable Stream,False,False
GROUP_12292,1,test,realwaste,Food Organics,False,False
GROUP_12293,1,train,realwaste,Plastic,False,False
GROUP_12294,1,train,ewaste,Electronic Device,False,False
GROUP_12295,1,test,ewaste,Electronic Device,False,False
GROUP_12296,1,train,trashnet,Metal,False,False
GROUP_12297,1,test,phenomsg,Recyclable Stream,False,False
GROUP_12298,1,train,realwaste,Metal,False,False
GROUP_12299,1,train,trashnet,Paper,False,False
GROUP_12300,1,train,ewaste,Battery,False,False
GROUP_12301,1,train,realwaste,Cardboard,False,False
GROUP_12302,1,test,realwaste,Vegetation,False,False
GROUP_12303,1,train,phenomsg,Residual,False,False
GROUP_12304,1,train,ewaste,Electronic Device,False,False
GROUP_12305,1,train,ewaste,Battery,False,False
GROUP_12306,1,train,ewaste,Large Electronic Appliance,False,False
GROUP_12307,1,train,realwaste,Residual,False,False
GROUP_12308,1,train,trashnet,Glass,False,False
GROUP_12309,2,train,ewaste,Large Electronic Appliance,False,True
GROUP_12310,1,train,ewaste,Large Electronic Appliance,False,False
GROUP_12311,1,test,realwaste,Textile,False,False
GROUP_12312,1,train,ewaste,Large Electronic Appliance,False,False
GROUP_12313,1,train,phenomsg,Organic Stream,False,False
GROUP_12314,1,val,realwaste,Metal,False,False
GROUP_12315,1,val,realwaste,Vegetation,False,False
GROUP_12316,1,train,ewaste,Electronic Device,False,False
GROUP_12317,1,val,ewaste,Electronic Device,False,False
GROUP_12318,1,train,realwaste,Vegetation,False,False
GROUP_12319,1,train,realwaste,Metal,False,False
GROUP_12320,1,train,trashnet,Plastic,False,False
GROUP_12321,1,test,phenomsg,Hazardous Waste,False,False
GROUP_12322,1,val,realwaste,Vegetation,False,False
GROUP_12323,1,val,ewaste,Electronic Device,False,False
GROUP_12324,1,train,trashnet,Plastic,False,False
GROUP_12325,1,val,ewaste,Large Electronic Appliance,False,False
GROUP_12326,1,val,trashnet,Glass,False,False
GROUP_12327,1,train,phenomsg,Residual,False,False
GROUP_12328,1,train,ewaste,Electronic Device,False,False
GROUP_12329,1,val,realwaste,Glass,False,False
GROUP_12330,1,train,phenomsg,Recyclable Stream,False,False
GROUP_12331,1,val,ewaste,Electronic Device,False,False
GROUP_12332,1,train,trashnet,Glass,False,False
GROUP_12333,1,train,phenomsg,Residual,False,False
GROUP_12334,1,test,realwaste,Vegetation,False,False
GROUP_12335,1,train,ewaste,Large Electronic Appliance,False,False
GROUP_12336,1,train,ewaste,Electronic Device,False,False
GROUP_12337,1,train,realwaste,Plastic,False,False
GROUP_12338,1,train,phenomsg,Recyclable Stream,False,False
GROUP_12339,1,train,trashnet,Paper,False,False
GROUP_12340,1,test,trashnet,Metal,False,False
GROUP_12341,1,train,realwaste,Plastic,False,False
GROUP_12342,1,train,realwaste,Paper,False,False
GROUP_12343,1,val,realwaste,Vegetation,False,False
GROUP_12344,1,train,trashnet,Cardboard,False,False
GROUP_12345,1,val,trashnet,Plastic,False,False
GROUP_12346,1,train,ewaste,Large Electronic Appliance,False,False
GROUP_12347,1,train,realwaste,Cardboard,False,False
GROUP_12348,1,train,ewaste,Large Electronic Appliance,False,False
GROUP_12349,1,train,phenomsg,Hazardous Waste,False,False
GROUP_12350,1,train,realwaste,Cardboard,False,False
GROUP_12351,1,train,realwaste,Vegetation,False,False
GROUP_12352,1,train,realwaste,Cardboard,False,False
GROUP_12353,1,test,realwaste,Cardboard,False,False
GROUP_12354,1,train,ewaste,Electronic Device,False,False
GROUP_12355,1,val,phenomsg,Residual,False,False
GROUP_12356,1,train,phenomsg,Organic Stream,False,False
GROUP_12357,1,val,realwaste,Residual,False,False
GROUP_12358,1,val,realwaste,Metal,False,False
GROUP_12359,1,train,realwaste,Paper,False,False
GROUP_12360,1,test,ewaste,Electronic Device,False,False
GROUP_12361,1,train,phenomsg,Organic Stream,False,False
GROUP_12362,1,train,realwaste,Textile,False,False
GROUP_12363,1,train,realwaste,Glass,False,False
GROUP_12364,1,train,realwaste,Metal,False,False
GROUP_12365,1,train,realwaste,Metal,False,False
GROUP_12366,1,train,ewaste,Electronic Device,False,False
GROUP_12367,1,test,ewaste,Electronic Device,False,False
GROUP_12368,1,train,realwaste,Plastic,False,False
GROUP_12369,1,train,realwaste,Plastic,False,False
GROUP_12370,1,train,realwaste,Vegetation,False,False
GROUP_12371,1,val,phenomsg,Organic Stream,False,False
GROUP_12372,1,train,realwaste,Metal,False,False
GROUP_12373,1,train,realwaste,Residual,False,False
GROUP_12374,1,val,trashnet,Cardboard,False,False
GROUP_12375,1,test,realwaste,Vegetation,False,False
GROUP_12376,1,test,trashnet,Metal,False,False
GROUP_12377,1,train,realwaste,Textile,False,False
GROUP_12378,1,train,phenomsg,Residual,False,False
GROUP_12379,1,val,ewaste,Large Electronic Appliance,False,False
GROUP_12380,1,train,trashnet,Plastic,False,False
GROUP_12381,1,test,realwaste,Vegetation,False,False
GROUP_12382,1,val,realwaste,Metal,False,False
GROUP_12383,1,test,trashnet,Paper,False,False
GROUP_12384,1,train,phenomsg,Residual,False,False
GROUP_12385,1,train,trashnet,Plastic,False,False
GROUP_12386,1,val,realwaste,Metal,False,False
GROUP_12387,1,train,phenomsg,Organic Stream,False,False
GROUP_12388,1,test,realwaste,Textile,False,False
GROUP_12389,1,train,realwaste,Food Organics,False,False
GROUP_12390,1,train,trashnet,Residual,False,False
GROUP_12391,1,val,realwaste,Plastic,False,False
GROUP_12392,1,val,trashnet,Paper,False,False
GROUP_12393,1,train,realwaste,Plastic,False,False
GROUP_12394,1,train,trashnet,Cardboard,False,False
GROUP_12395,1,train,ewaste,Electronic Component,False,False
GROUP_12396,1,train,trashnet,Metal,False,False
GROUP_12397,1,val,ewaste,Battery,False,False
GROUP_12398,1,val,realwaste,Paper,False,False
GROUP_12399,1,train,ewaste,Electronic Device,False,False
GROUP_12400,1,train,realwaste,Textile,False,False
GROUP_12401,1,val,trashnet,Glass,False,False
GROUP_12402,1,test,ewaste,Electronic Device,False,False
GROUP_12403,1,train,phenomsg,Residual,False,False
GROUP_12404,1,train,phenomsg,Organic Stream,False,False
GROUP_12405,1,train,ewaste,Electronic Device,False,False
GROUP_12406,1,train,phenomsg,Recyclable Stream,False,False
GROUP_12407,1,val,realwaste,Residual,False,False
GROUP_12408,1,val,ewaste,Electronic Component,False,False
GROUP_12409,1,test,realwaste,Vegetation,False,False
GROUP_12410,1,train,phenomsg,Organic Stream,False,False
GROUP_12411,1,train,realwaste,Plastic,False,False
GROUP_12412,1,train,realwaste,Plastic,False,False
GROUP_12413,1,train,phenomsg,Residual,False,False
GROUP_12414,1,train,realwaste,Residual,False,False
GROUP_12415,1,test,realwaste,Textile,False,False
GROUP_12416,1,val,ewaste,Large Electronic Appliance,False,False
GROUP_12417,1,train,realwaste,Cardboard,False,False
GROUP_12418,1,val,realwaste,Textile,False,False
GROUP_12419,1,test,trashnet,Paper,False,False
GROUP_12420,1,train,realwaste,Plastic,False,False
GROUP_12421,1,test,ewaste,Large Electronic Appliance,False,False
GROUP_12422,1,train,ewaste,Electronic Device,False,False
GROUP_12423,1,train,trashnet,Metal,False,False
GROUP_12424,1,test,ewaste,Electronic Device,False,False
GROUP_12425,1,train,realwaste,Plastic,False,False
GROUP_12426,1,train,phenomsg,Recyclable Stream,False,False
GROUP_12427,1,train,realwaste,Paper,False,False
GROUP_12428,1,test,phenomsg,Residual,False,False
GROUP_12429,1,train,realwaste,Metal,False,False
GROUP_12430,1,train,trashnet,Paper,False,False
GROUP_12431,1,train,realwaste,Glass,False,False
GROUP_12432,1,train,trashnet,Glass,False,False
GROUP_12433,1,train,realwaste,Food Organics,False,False
GROUP_12434,1,train,ewaste,Electronic Device,False,False
GROUP_12435,1,val,realwaste,Food Organics,False,False
GROUP_12436,1,train,realwaste,Textile,False,False
GROUP_12437,1,train,phenomsg,Residual,False,False
GROUP_12438,1,val,ewaste,Electronic Device,False,False
GROUP_12439,1,train,phenomsg,Hazardous Waste,False,False
GROUP_12440,1,train,realwaste,Metal,False,False
GROUP_12441,1,train,realwaste,Residual,False,False
GROUP_12442,1,test,realwaste,Cardboard,False,False
GROUP_12443,1,train,phenomsg,Residual,False,False
GROUP_12444,1,train,phenomsg,Recyclable Stream,False,False
GROUP_12445,1,train,realwaste,Residual,False,False
GROUP_12446,1,train,phenomsg,Residual,False,False
GROUP_12447,1,train,realwaste,Metal,False,False
GROUP_12448,1,val,trashnet,Glass,False,False
GROUP_12449,1,train,ewaste,Large Electronic Appliance,False,False
GROUP_12450,1,train,realwaste,Cardboard,False,False
GROUP_12451,1,train,realwaste,Residual,False,False
GROUP_12452,1,train,realwaste,Textile,False,False
GROUP_12453,1,train,ewaste,Electronic Device,False,False
GROUP_12454,1,train,ewaste,Electronic Device,False,False
GROUP_12455,1,train,phenomsg,Organic Stream,False,False
GROUP_12456,1,train,trashnet,Glass,False,False
GROUP_12457,1,train,phenomsg,Organic Stream,False,False
GROUP_12458,1,train,realwaste,Metal,False,False
GROUP_12459,1,test,phenomsg,Residual,False,False
GROUP_12460,1,val,realwaste,Glass,False,False
GROUP_12461,1,val,realwaste,Plastic,False,False
GROUP_12462,1,val,realwaste,Plastic,False,False
GROUP_12463,1,test,phenomsg,Organic Stream,False,False
GROUP_12464,1,train,phenomsg,Organic Stream,False,False
GROUP_12465,1,train,trashnet,Metal,False,False
GROUP_12466,1,train,ewaste,Electronic Device,False,False
GROUP_12467,1,train,ewaste,Large Electronic Appliance,False,False
GROUP_12468,1,train,phenomsg,Residual,False,False
GROUP_12469,1,val,phenomsg,Recyclable Stream,False,False
GROUP_12470,1,train,trashnet,Cardboard,False,False
GROUP_12471,1,val,ewaste,Large Electronic Appliance,False,False
GROUP_12472,1,val,ewaste,Large Electronic Appliance,False,False
GROUP_12473,1,train,ewaste,Large Electronic Appliance,False,False
GROUP_12474,1,train,realwaste,Metal,False,False
GROUP_12475,1,train,ewaste,Electronic Device,False,False
GROUP_12476,1,val,realwaste,Glass,False,False
GROUP_12477,1,val,ewaste,Electronic Device,False,False
GROUP_12478,1,train,realwaste,Vegetation,False,False
GROUP_12479,1,test,realwaste,Vegetation,False,False
GROUP_12480,1,val,trashnet,Plastic,False,False
GROUP_12481,1,train,realwaste,Paper,False,False
GROUP_12482,1,train,realwaste,Cardboard,False,False
GROUP_12483,1,train,realwaste,Vegetation,False,False
GROUP_12484,1,train,realwaste,Paper,False,False
GROUP_12485,1,train,trashnet,Glass,False,False
GROUP_12486,1,test,trashnet,Glass,False,False
GROUP_12487,1,train,phenomsg,Organic Stream,False,False
GROUP_12488,1,train,trashnet,Plastic,False,False
GROUP_12489,1,train,trashnet,Plastic,False,False
GROUP_12490,1,train,ewaste,Electronic Device,False,False
GROUP_12491,1,val,ewaste,Battery,False,False
GROUP_12492,1,val,realwaste,Residual,False,False
GROUP_12493,1,train,phenomsg,Hazardous Waste,False,False
GROUP_12494,1,train,trashnet,Paper,False,False
GROUP_12495,1,train,realwaste,Food Organics,False,False
GROUP_12496,1,train,trashnet,Glass,False,False
GROUP_12497,1,train,realwaste,Residual,False,False
GROUP_12498,1,train,phenomsg,Recyclable Stream,False,False
GROUP_12499,1,test,trashnet,Residual,False,False
GROUP_12500,1,val,phenomsg,Recyclable Stream,False,False
GROUP_12501,1,val,realwaste,Residual,False,False
GROUP_12502,1,train,trashnet,Plastic,False,False
GROUP_12503,1,test,realwaste,Metal,False,False
GROUP_12504,1,train,realwaste,Cardboard,False,False
GROUP_12505,1,train,phenomsg,Organic Stream,False,False
GROUP_12506,1,train,ewaste,Large Electronic Appliance,False,False
GROUP_12507,1,test,ewaste,Electronic Device,False,False
GROUP_12508,1,val,phenomsg,Hazardous Waste,False,False
GROUP_12509,1,val,realwaste,Cardboard,False,False
GROUP_12510,1,test,ewaste,Large Electronic Appliance,False,False
GROUP_12511,1,train,trashnet,Residual,False,False
GROUP_12512,1,train,trashnet,Cardboard,False,False
GROUP_12513,1,train,trashnet,Plastic,False,False
GROUP_12514,1,val,trashnet,Glass,False,False
GROUP_12515,1,train,trashnet,Paper,False,False
GROUP_12516,1,train,ewaste,Large Electronic Appliance,False,False
GROUP_12517,1,train,phenomsg,Recyclable Stream,False,False
GROUP_12518,1,val,phenomsg,Organic Stream,False,False
GROUP_12519,1,train,realwaste,Residual,False,False
GROUP_12520,1,val,trashnet,Plastic,False,False
GROUP_12521,1,train,ewaste,Battery,False,False
GROUP_12522,1,test,ewaste,Electronic Device,False,False
GROUP_12523,1,val,realwaste,Food Organics,False,False
GROUP_12524,1,train,realwaste,Plastic,False,False
GROUP_12525,1,train,ewaste,Electronic Component,False,False
GROUP_12526,1,train,ewaste,Battery,False,False
GROUP_12527,1,train,phenomsg,Recyclable Stream,False,False
GROUP_12528,1,val,realwaste,Plastic,False,False
GROUP_12529,1,train,ewaste,Electronic Device,False,False
GROUP_12530,1,test,realwaste,Paper,False,False
GROUP_12531,1,train,phenomsg,Hazardous Waste,False,False
GROUP_12532,1,train,phenomsg,Residual,False,False
GROUP_12533,1,test,ewaste,Electronic Device,False,False
GROUP_12534,1,train,trashnet,Cardboard,False,False
GROUP_12535,1,train,phenomsg,Organic Stream,False,False
GROUP_12536,1,test,realwaste,Plastic,False,False
GROUP_12537,1,train,realwaste,Vegetation,False,False
GROUP_12538,1,train,phenomsg,Recyclable Stream,False,False
GROUP_12539,1,test,realwaste,Metal,False,False
GROUP_12540,1,train,ewaste,Large Electronic Appliance,False,False
GROUP_12541,1,train,phenomsg,Recyclable Stream,False,False
GROUP_12542,1,train,phenomsg,Residual,False,False
GROUP_12543,1,val,realwaste,Plastic,False,False
GROUP_12544,1,test,realwaste,Plastic,False,False
GROUP_12545,1,train,phenomsg,Residual,False,False
GROUP_12546,1,test,realwaste,Glass,False,False
GROUP_12547,1,train,realwaste,Textile,False,False
GROUP_12548,1,test,trashnet,Paper,False,False
GROUP_12549,1,train,realwaste,Plastic,False,False
GROUP_12550,1,test,phenomsg,Recyclable Stream,False,False
GROUP_12551,1,train,trashnet,Residual,False,False
GROUP_12552,1,val,phenomsg,Residual,False,False
GROUP_12553,1,val,realwaste,Cardboard,False,False
GROUP_12554,1,train,trashnet,Metal,False,False
GROUP_12555,1,test,realwaste,Textile,False,False
GROUP_12556,1,train,realwaste,Metal,False,False
GROUP_12557,1,test,ewaste,Battery,False,False
GROUP_12558,1,test,trashnet,Metal,False,False
GROUP_12559,1,train,trashnet,Metal,False,False
GROUP_12560,1,train,phenomsg,Recyclable Stream,False,False
GROUP_12561,1,train,phenomsg,Recyclable Stream,False,False
GROUP_12562,1,val,realwaste,Metal,False,False
GROUP_12563,1,train,ewaste,Large Electronic Appliance,False,False
GROUP_12564,1,train,trashnet,Plastic,False,False
GROUP_12565,1,test,ewaste,Large Electronic Appliance,False,False
GROUP_12566,1,train,trashnet,Paper,False,False
GROUP_12567,1,val,realwaste,Metal,False,False
GROUP_12568,1,train,phenomsg,Recyclable Stream,False,False
GROUP_12569,1,train,realwaste,Cardboard,False,False
GROUP_12570,1,val,realwaste,Plastic,False,False
GROUP_12571,1,test,ewaste,Electronic Device,False,False
GROUP_12572,1,train,realwaste,Plastic,False,False
GROUP_12573,1,train,realwaste,Glass,False,False
GROUP_12574,1,test,trashnet,Paper,False,False
GROUP_12575,1,train,ewaste,Electronic Device,False,False
GROUP_12576,1,test,trashnet,Paper,False,False
GROUP_12577,1,train,phenomsg,Residual,False,False
GROUP_12578,1,train,realwaste,Food Organics,False,False
GROUP_12579,1,train,realwaste,Textile,False,False
GROUP_12580,1,val,ewaste,Battery,False,False
GROUP_12581,1,test,realwaste,Cardboard,False,False
GROUP_12582,1,train,trashnet,Metal,False,False
GROUP_12583,1,train,phenomsg,Recyclable Stream,False,False
GROUP_12584,1,train,ewaste,Large Electronic Appliance,False,False
GROUP_12585,1,test,realwaste,Textile,False,False
GROUP_12586,1,train,trashnet,Plastic,False,False
GROUP_12587,1,train,ewaste,Electronic Device,False,False
GROUP_12588,1,train,ewaste,Battery,False,False
GROUP_12589,1,train,realwaste,Metal,False,False
GROUP_12590,1,train,realwaste,Vegetation,False,False
GROUP_12591,1,train,ewaste,Large Electronic Appliance,False,False
GROUP_12592,1,train,trashnet,Cardboard,False,False
GROUP_12593,1,train,phenomsg,Organic Stream,False,False
GROUP_12594,1,val,trashnet,Paper,False,False
GROUP_12595,1,train,ewaste,Electronic Device,False,False
GROUP_12596,1,val,trashnet,Glass,False,False
GROUP_12597,1,train,ewaste,Large Electronic Appliance,False,False
GROUP_12598,1,train,phenomsg,Organic Stream,False,False
GROUP_12599,1,train,ewaste,Electronic Device,False,False
GROUP_12600,1,val,realwaste,Metal,False,False
GROUP_12601,1,test,ewaste,Electronic Device,False,False
GROUP_12602,1,train,ewaste,Battery,False,False
GROUP_12603,1,val,realwaste,Vegetation,False,False
GROUP_12604,1,val,realwaste,Paper,False,False
GROUP_12605,1,val,ewaste,Large Electronic Appliance,False,False
GROUP_12606,1,train,trashnet,Glass,False,False
GROUP_12607,1,train,trashnet,Plastic,False,False
GROUP_12608,1,train,ewaste,Large Electronic Appliance,False,False
GROUP_12609,1,val,realwaste,Paper,False,False
GROUP_12610,1,train,ewaste,Large Electronic Appliance,False,False
GROUP_12611,1,train,phenomsg,Hazardous Waste,False,False
GROUP_12612,1,train,realwaste,Residual,False,False
GROUP_12613,1,train,trashnet,Glass,False,False
GROUP_12614,1,train,realwaste,Vegetation,False,False
GROUP_12615,1,train,phenomsg,Recyclable Stream,False,False
GROUP_12616,1,train,realwaste,Paper,False,False
GROUP_12617,1,train,ewaste,Electronic Device,False,False
GROUP_12618,1,val,ewaste,Electronic Component,False,False
GROUP_12619,1,val,realwaste,Food Organics,False,False
GROUP_12620,1,train,ewaste,Large Electronic Appliance,False,False
GROUP_12621,1,val,realwaste,Metal,False,False
GROUP_12622,1,train,phenomsg,Residual,False,False
GROUP_12623,1,train,phenomsg,Organic Stream,False,False
GROUP_12624,1,train,realwaste,Metal,False,False
GROUP_12625,1,train,realwaste,Paper,False,False
GROUP_12626,1,train,realwaste,Plastic,False,False
GROUP_12627,1,train,realwaste,Plastic,False,False
GROUP_12628,1,train,ewaste,Electronic Device,False,False
GROUP_12629,1,train,realwaste,Plastic,False,False
GROUP_12630,1,val,realwaste,Plastic,False,False
GROUP_12631,1,train,trashnet,Metal,False,False
GROUP_12632,1,train,trashnet,Plastic,False,False
GROUP_12633,1,train,trashnet,Metal,False,False
GROUP_12634,1,train,realwaste,Cardboard,False,False
GROUP_12635,1,val,ewaste,Electronic Device,False,False
GROUP_12636,1,train,ewaste,Electronic Device,False,False
GROUP_12637,1,train,phenomsg,Hazardous Waste,False,False
GROUP_12638,1,train,realwaste,Paper,False,False
GROUP_12639,1,train,realwaste,Textile,False,False
GROUP_12640,1,train,ewaste,Electronic Device,False,False
GROUP_12641,1,test,realwaste,Cardboard,False,False
GROUP_12642,1,train,realwaste,Cardboard,False,False
GROUP_12643,1,train,realwaste,Plastic,False,False
GROUP_12644,1,train,realwaste,Glass,False,False
GROUP_12645,1,train,realwaste,Metal,False,False
GROUP_12646,1,test,trashnet,Plastic,False,False
GROUP_12647,1,test,trashnet,Metal,False,False
GROUP_12648,1,train,ewaste,Electronic Device,False,False
GROUP_12649,1,val,ewaste,Electronic Device,False,False
GROUP_12650,1,val,ewaste,Battery,False,False
GROUP_12651,1,val,trashnet,Paper,False,False
GROUP_12652,1,train,trashnet,Glass,False,False
GROUP_12653,1,train,realwaste,Food Organics,False,False
GROUP_12654,1,train,realwaste,Residual,False,False
GROUP_12655,1,train,trashnet,Metal,False,False
GROUP_12656,1,train,realwaste,Residual,False,False
GROUP_12657,1,train,realwaste,Residual,False,False
GROUP_12658,1,train,realwaste,Textile,False,False
GROUP_12659,1,train,realwaste,Food Organics,False,False
GROUP_12660,1,train,trashnet,Cardboard,False,False
GROUP_12661,1,train,phenomsg,Residual,False,False
GROUP_12662,1,train,ewaste,Electronic Device,False,False
GROUP_12663,1,train,realwaste,Residual,False,False
GROUP_12664,1,val,realwaste,Metal,False,False
GROUP_12665,1,train,ewaste,Large Electronic Appliance,False,False
GROUP_12666,1,test,trashnet,Paper,False,False
GROUP_12667,1,val,realwaste,Plastic,False,False
GROUP_12668,1,train,trashnet,Paper,False,False
GROUP_12669,1,train,trashnet,Plastic,False,False
GROUP_12670,1,train,realwaste,Metal,False,False
GROUP_12671,1,test,trashnet,Metal,False,False
GROUP_12672,1,test,realwaste,Food Organics,False,False
GROUP_12673,1,train,trashnet,Cardboard,False,False
GROUP_12674,1,test,ewaste,Electronic Device,False,False
GROUP_12675,1,test,phenomsg,Organic Stream,False,False
GROUP_12676,1,train,phenomsg,Hazardous Waste,False,False
GROUP_12677,1,train,ewaste,Electronic Device,False,False
GROUP_12678,1,train,realwaste,Plastic,False,False
GROUP_12679,1,test,realwaste,Glass,False,False
GROUP_12680,1,val,phenomsg,Residual,False,False
GROUP_12681,1,train,realwaste,Plastic,False,False
GROUP_12682,1,train,ewaste,Electronic Device,False,False
GROUP_12683,1,train,realwaste,Vegetation,False,False
GROUP_12684,1,train,phenomsg,Hazardous Waste,False,False
GROUP_12685,1,test,ewaste,Electronic Device,False,False
GROUP_12686,1,val,ewaste,Large Electronic Appliance,False,False
