duplicate_group,sha256,dataset,file,absolute_path
1,2f8fe861f62a477208d3a60223b3ae60bb7be9ef13335efaed278ba1aaa41c68,trashnet,glass\glass115.jpg,C:\Users\trish\Desktop\smart-waste-segregation-ai\data\raw\trashnet\glass\glass115.jpg
1,2f8fe861f62a477208d3a60223b3ae60bb7be9ef13335efaed278ba1aaa41c68,trashnet,metal\metal91.jpg,C:\Users\trish\Desktop\smart-waste-segregation-ai\data\raw\trashnet\metal\metal91.jpg
2,bd0bd41019a16f85d51a8901b246ff7861f6ae467f8a2e211af6aaed3cabd430,trashnet,glass\glass176.jpg,C:\Users\trish\Desktop\smart-waste-segregation-ai\data\raw\trashnet\glass\glass176.jpg
2,bd0bd41019a16f85d51a8901b246ff7861f6ae467f8a2e211af6aaed3cabd430,trashnet,plastic\plastic152.jpg,C:\Users\trish\Desktop\smart-waste-segregation-ai\data\raw\trashnet\plastic\plastic152.jpg
3,107d33542ed03e023d51643bfc0d99087f452804429ff365faa82d11350aa82d,trashnet,glass\glass389.jpg,C:\Users\trish\Desktop\smart-waste-segregation-ai\data\raw\trashnet\glass\glass389.jpg
3,107d33542ed03e023d51643bfc0d99087f452804429ff365faa82d11350aa82d,trashnet,plastic\plastic332.jpg,C:\Users\trish\Desktop\smart-waste-segregation-ai\data\raw\trashnet\plastic\plastic332.jpg
4,58939430ae50c656d5853e8e9277f7899e1e14c0413e4123367d60eaa96cb45b,phenomsg,Hazardous\Hazardous\e-waste\-1x-1 - Copy.jpg,C:\Users\trish\Desktop\smart-waste-segregation-ai\data\raw\phenomsg\Hazardous\Hazardous\e-waste\-1x-1 - Copy.jpg
4,58939430ae50c656d5853e8e9277f7899e1e14c0413e4123367d60eaa96cb45b,phenomsg,Hazardous\Hazardous\e-waste\-1x-1.jpg,C:\Users\trish\Desktop\smart-waste-segregation-ai\data\raw\phenomsg\Hazardous\Hazardous\e-waste\-1x-1.jpg
5,ee48117a691782d45ac11eee91bcc122d2f3830fdc546d9dd974644da46e6689,phenomsg,Hazardous\Hazardous\e-waste\-august-heap-of-broken-smartphone-screen-e-waste-electronic-waste-1100705909 - Copy.jpg,C:\Users\trish\Desktop\smart-waste-segregation-ai\data\raw\phenomsg\Hazardous\Hazardous\e-waste\-august-heap-of-broken-smartphone-screen-e-waste-electronic-waste-1100705909 - Copy.jpg
5,ee48117a691782d45ac11eee91bcc122d2f3830fdc546d9dd974644da46e6689,phenomsg,Hazardous\Hazardous\e-waste\-august-heap-of-broken-smartphone-screen-e-waste-electronic-waste-1100705909.jpg,C:\Users\trish\Desktop\smart-waste-segregation-ai\data\raw\phenomsg\Hazardous\Hazardous\e-waste\-august-heap-of-broken-smartphone-screen-e-waste-electronic-waste-1100705909.jpg
6,fc6521331be6c9d5028f265dafada0f324586dbfcfdd0be3ab7b73323f4f56ee,phenomsg,Hazardous\Hazardous\e-waste\-garbage-sorting-eco-friendly-sign-for-web-page-app-ui-ux-gui-design-2CPCA8A - Copy.jpg,C:\Users\trish\Desktop\smart-waste-segregation-ai\data\raw\phenomsg\Hazardous\Hazardous\e-waste\-garbage-sorting-eco-friendly-sign-for-web-page-app-ui-ux-gui-design-2CPCA8A - Copy.jpg
6,fc6521331be6c9d5028f265dafada0f324586dbfcfdd0be3ab7b73323f4f56ee,phenomsg,Hazardous\Hazardous\e-waste\-garbage-sorting-eco-friendly-sign-for-web-page-app-ui-ux-gui-design-2CPCA8A.jpg,C:\Users\trish\Desktop\smart-waste-segregation-ai\data\raw\phenomsg\Hazardous\Hazardous\e-waste\-garbage-sorting-eco-friendly-sign-for-web-page-app-ui-ux-gui-design-2CPCA8A.jpg
7,ba244ab505ca9dbe0a32c470c404a24f3e47e4f8ddf94428644071a9ab2484e5,phenomsg,Hazardous\Hazardous\e-waste\-mixed-electronic-waste-old-broken-computer-parts-and-cell-phones-1545599141 - Copy.jpg,C:\Users\trish\Desktop\smart-waste-segregation-ai\data\raw\phenomsg\Hazardous\Hazardous\e-waste\-mixed-electronic-waste-old-broken-computer-parts-and-cell-phones-1545599141 - Copy.jpg
7,ba244ab505ca9dbe0a32c470c404a24f3e47e4f8ddf94428644071a9ab2484e5,phenomsg,Hazardous\Hazardous\e-waste\-mixed-electronic-waste-old-broken-computer-parts-and-cell-phones-1545599141.jpg,C:\Users\trish\Desktop\smart-waste-segregation-ai\data\raw\phenomsg\Hazardous\Hazardous\e-waste\-mixed-electronic-waste-old-broken-computer-parts-and-cell-phones-1545599141.jpg
8,0dd90ae29657a983903f5a7e23d8b4040316334752f7c26667a1f1f00cb35b54,phenomsg,Hazardous\Hazardous\e-waste\0.40042800_1555498967_e-waste2 - Copy.jpg,C:\Users\trish\Desktop\smart-waste-segregation-ai\data\raw\phenomsg\Hazardous\Hazardous\e-waste\0.40042800_1555498967_e-waste2 - Copy.jpg
8,0dd90ae29657a983903f5a7e23d8b4040316334752f7c26667a1f1f00cb35b54,phenomsg,Hazardous\Hazardous\e-waste\0.40042800_1555498967_e-waste2.jpg,C:\Users\trish\Desktop\smart-waste-segregation-ai\data\raw\phenomsg\Hazardous\Hazardous\e-waste\0.40042800_1555498967_e-waste2.jpg
8,0dd90ae29657a983903f5a7e23d8b4040316334752f7c26667a1f1f00cb35b54,phenomsg,Hazardous\Hazardous\e-waste\e-waste22 - Copy.jpg,C:\Users\trish\Desktop\smart-waste-segregation-ai\data\raw\phenomsg\Hazardous\Hazardous\e-waste\e-waste22 - Copy.jpg
8,0dd90ae29657a983903f5a7e23d8b4040316334752f7c26667a1f1f00cb35b54,phenomsg,Hazardous\Hazardous\e-waste\e-waste22.jpg,C:\Users\trish\Desktop\smart-waste-segregation-ai\data\raw\phenomsg\Hazardous\Hazardous\e-waste\e-waste22.jpg
9,627488a74cc63892f54ec2c18d6eb6c808e8c87017e98a00d01e2eaef5326dfc,phenomsg,Hazardous\Hazardous\e-waste\01-e-waste-millions-tons - Copy.jpg,C:\Users\trish\Desktop\smart-waste-segregation-ai\data\raw\phenomsg\Hazardous\Hazardous\e-waste\01-e-waste-millions-tons - Copy.jpg
9,627488a74cc63892f54ec2c18d6eb6c808e8c87017e98a00d01e2eaef5326dfc,phenomsg,Hazardous\Hazardous\e-waste\01-e-waste-millions-tons.jpg,C:\Users\trish\Desktop\smart-waste-segregation-ai\data\raw\phenomsg\Hazardous\Hazardous\e-waste\01-e-waste-millions-tons.jpg
10,30fe645a52e5fa8cf9b49aab537d6eac415a6e4c918bbf7f49a1707ff97cd900,phenomsg,Hazardous\Hazardous\e-waste\01-e-waste-millions-tons_square - Copy.jpg,C:\Users\trish\Desktop\smart-waste-segregation-ai\data\raw\phenomsg\Hazardous\Hazardous\e-waste\01-e-waste-millions-tons_square - Copy.jpg
10,30fe645a52e5fa8cf9b49aab537d6eac415a6e4c918bbf7f49a1707ff97cd900,phenomsg,Hazardous\Hazardous\e-waste\01-e-waste-millions-tons_square.jpg,C:\Users\trish\Desktop\smart-waste-segregation-ai\data\raw\phenomsg\Hazardous\Hazardous\e-waste\01-e-waste-millions-tons_square.jpg
11,56c4cbef89d7324b9ab3859f891959b4bb2a79723bae685d31911d484514b20e,phenomsg,Hazardous\Hazardous\e-waste\02bulb-web2-1454343899851-superJumbo - Copy.jpg,C:\Users\trish\Desktop\smart-waste-segregation-ai\data\raw\phenomsg\Hazardous\Hazardous\e-waste\02bulb-web2-1454343899851-superJumbo - Copy.jpg
11,56c4cbef89d7324b9ab3859f891959b4bb2a79723bae685d31911d484514b20e,phenomsg,Hazardous\Hazardous\e-waste\02bulb-web2-1454343899851-superJumbo.jpg,C:\Users\trish\Desktop\smart-waste-segregation-ai\data\raw\phenomsg\Hazardous\Hazardous\e-waste\02bulb-web2-1454343899851-superJumbo.jpg
12,bfc9435a830405820552b63d48a7d962239aa758ee52dee4582727d30865a0f8,phenomsg,Hazardous\Hazardous\e-waste\04801E3UVtxDTDY9ek1ovu0-3..v1618408208 - Copy.jpg,C:\Users\trish\Desktop\smart-waste-segregation-ai\data\raw\phenomsg\Hazardous\Hazardous\e-waste\04801E3UVtxDTDY9ek1ovu0-3..v1618408208 - Copy.jpg
12,bfc9435a830405820552b63d48a7d962239aa758ee52dee4582727d30865a0f8,phenomsg,Hazardous\Hazardous\e-waste\04801E3UVtxDTDY9ek1ovu0-3..v1618408208.jpg,C:\Users\trish\Desktop\smart-waste-segregation-ai\data\raw\phenomsg\Hazardous\Hazardous\e-waste\04801E3UVtxDTDY9ek1ovu0-3..v1618408208.jpg
13,511044bd81d91ab4a5599f3c4666c89c98c60510c0b0444eb910ac52372ec91e,phenomsg,Hazardous\Hazardous\e-waste\09109-scicon-lightbulbcxd - Copy.jpg,C:\Users\trish\Desktop\smart-waste-segregation-ai\data\raw\phenomsg\Hazardous\Hazardous\e-waste\09109-scicon-lightbulbcxd - Copy.jpg
13,511044bd81d91ab4a5599f3c4666c89c98c60510c0b0444eb910ac52372ec91e,phenomsg,Hazardous\Hazardous\e-waste\09109-scicon-lightbulbcxd.jpg,C:\Users\trish\Desktop\smart-waste-segregation-ai\data\raw\phenomsg\Hazardous\Hazardous\e-waste\09109-scicon-lightbulbcxd.jpg
14,5f1a6b6b8e469c589e2987655f43c6df3477bdd4fa90fbf95aff68c314084e24,phenomsg,Hazardous\Hazardous\e-waste\1-compact-fluorescent-bird-lamp-full-spectrum-lighting-bulb-2-4-original-imag9836wgsrnaev - Copy.jpeg,C:\Users\trish\Desktop\smart-waste-segregation-ai\data\raw\phenomsg\Hazardous\Hazardous\e-waste\1-compact-fluorescent-bird-lamp-full-spectrum-lighting-bulb-2-4-original-imag9836wgsrnaev - Copy.jpeg
14,5f1a6b6b8e469c589e2987655f43c6df3477bdd4fa90fbf95aff68c314084e24,phenomsg,Hazardous\Hazardous\e-waste\1-compact-fluorescent-bird-lamp-full-spectrum-lighting-bulb-2-4-original-imag9836wgsrnaev.jpeg,C:\Users\trish\Desktop\smart-waste-segregation-ai\data\raw\phenomsg\Hazardous\Hazardous\e-waste\1-compact-fluorescent-bird-lamp-full-spectrum-lighting-bulb-2-4-original-imag9836wgsrnaev.jpeg
15,9499f68a86a00cba524e678586e096ddc43845f396c7a7b20108827d47e2161f,phenomsg,Hazardous\Hazardous\e-waste\1-s2.0-S2352186421006970-gr4 - Copy.jpg,C:\Users\trish\Desktop\smart-waste-segregation-ai\data\raw\phenomsg\Hazardous\Hazardous\e-waste\1-s2.0-S2352186421006970-gr4 - Copy.jpg
15,9499f68a86a00cba524e678586e096ddc43845f396c7a7b20108827d47e2161f,phenomsg,Hazardous\Hazardous\e-waste\1-s2.0-S2352186421006970-gr4.jpg,C:\Users\trish\Desktop\smart-waste-segregation-ai\data\raw\phenomsg\Hazardous\Hazardous\e-waste\1-s2.0-S2352186421006970-gr4.jpg
16,b5e787296bfef2eb12dd4a99d7c36ea854f01ffcfe132815e1b78990ce29487b,phenomsg,Hazardous\Hazardous\e-waste\1000_F_137113944_B7B2w62hhwjr7dWy8R5nYwwlHIwCRu6S - Copy.jpg,C:\Users\trish\Desktop\smart-waste-segregation-ai\data\raw\phenomsg\Hazardous\Hazardous\e-waste\1000_F_137113944_B7B2w62hhwjr7dWy8R5nYwwlHIwCRu6S - Copy.jpg
16,b5e787296bfef2eb12dd4a99d7c36ea854f01ffcfe132815e1b78990ce29487b,phenomsg,Hazardous\Hazardous\e-waste\1000_F_137113944_B7B2w62hhwjr7dWy8R5nYwwlHIwCRu6S.jpg,C:\Users\trish\Desktop\smart-waste-segregation-ai\data\raw\phenomsg\Hazardous\Hazardous\e-waste\1000_F_137113944_B7B2w62hhwjr7dWy8R5nYwwlHIwCRu6S.jpg
17,3951f15be9c2e5253152ff8e7201eb5a931d11ea50d8cba5c8c960865e719f42,phenomsg,Hazardous\Hazardous\e-waste\1200px-Energiesparlampe_01_retouched - Copy.jpg,C:\Users\trish\Desktop\smart-waste-segregation-ai\data\raw\phenomsg\Hazardous\Hazardous\e-waste\1200px-Energiesparlampe_01_retouched - Copy.jpg
17,3951f15be9c2e5253152ff8e7201eb5a931d11ea50d8cba5c8c960865e719f42,phenomsg,Hazardous\Hazardous\e-waste\1200px-Energiesparlampe_01_retouched.jpg,C:\Users\trish\Desktop\smart-waste-segregation-ai\data\raw\phenomsg\Hazardous\Hazardous\e-waste\1200px-Energiesparlampe_01_retouched.jpg
18,5abfaa9fb0480eac49e7716f7fbf803b471635119254bed459601e99e6f416cd,phenomsg,Hazardous\Hazardous\e-waste\1200px-Ewaste-pile - Copy.jpg,C:\Users\trish\Desktop\smart-waste-segregation-ai\data\raw\phenomsg\Hazardous\Hazardous\e-waste\1200px-Ewaste-pile - Copy.jpg
18,5abfaa9fb0480eac49e7716f7fbf803b471635119254bed459601e99e6f416cd,phenomsg,Hazardous\Hazardous\e-waste\1200px-Ewaste-pile.jpg,C:\Users\trish\Desktop\smart-waste-segregation-ai\data\raw\phenomsg\Hazardous\Hazardous\e-waste\1200px-Ewaste-pile.jpg
19,37c5856a8ad2131cd07c6c9a52e1155e4530fe0862cf07fc1795ed7b7db5a10c,phenomsg,Hazardous\Hazardous\e-waste\1200px-Handy_schrott_mobile_phone_scrap - Copy.jpg,C:\Users\trish\Desktop\smart-waste-segregation-ai\data\raw\phenomsg\Hazardous\Hazardous\e-waste\1200px-Handy_schrott_mobile_phone_scrap - Copy.jpg
19,37c5856a8ad2131cd07c6c9a52e1155e4530fe0862cf07fc1795ed7b7db5a10c,phenomsg,Hazardous\Hazardous\e-waste\1200px-Handy_schrott_mobile_phone_scrap.jpg,C:\Users\trish\Desktop\smart-waste-segregation-ai\data\raw\phenomsg\Hazardous\Hazardous\e-waste\1200px-Handy_schrott_mobile_phone_scrap.jpg
20,38afe524a3e315ea454ac0904caf396f7b8896d6151378eb1624f55b897dcbde,phenomsg,Hazardous\Hazardous\e-waste\129249_iStock-636655004---Hero - Copy.jpg,C:\Users\trish\Desktop\smart-waste-segregation-ai\data\raw\phenomsg\Hazardous\Hazardous\e-waste\129249_iStock-636655004---Hero - Copy.jpg
20,38afe524a3e315ea454ac0904caf396f7b8896d6151378eb1624f55b897dcbde,phenomsg,Hazardous\Hazardous\e-waste\129249_iStock-636655004---Hero.jpg,C:\Users\trish\Desktop\smart-waste-segregation-ai\data\raw\phenomsg\Hazardous\Hazardous\e-waste\129249_iStock-636655004---Hero.jpg
21,ba498b531e372a06efcca77e537d3e9c6c6c12e16219dc31b8f13e718bba5ea9,phenomsg,Hazardous\Hazardous\e-waste\1464951746_U1GPlR_e-waste-IndiaBLO-870 - Copy.jpg,C:\Users\trish\Desktop\smart-waste-segregation-ai\data\raw\phenomsg\Hazardous\Hazardous\e-waste\1464951746_U1GPlR_e-waste-IndiaBLO-870 - Copy.jpg
21,ba498b531e372a06efcca77e537d3e9c6c6c12e16219dc31b8f13e718bba5ea9,phenomsg,Hazardous\Hazardous\e-waste\1464951746_U1GPlR_e-waste-IndiaBLO-870.jpg,C:\Users\trish\Desktop\smart-waste-segregation-ai\data\raw\phenomsg\Hazardous\Hazardous\e-waste\1464951746_U1GPlR_e-waste-IndiaBLO-870.jpg
22,5a73dcbe9aa0b80aae8f8d00899cb04eec8a0ca7e59d7c3f06be40f62c9a463a,phenomsg,Hazardous\Hazardous\e-waste\1507096064_kRvRf8_e-waste - Copy.jpg,C:\Users\trish\Desktop\smart-waste-segregation-ai\data\raw\phenomsg\Hazardous\Hazardous\e-waste\1507096064_kRvRf8_e-waste - Copy.jpg
22,5a73dcbe9aa0b80aae8f8d00899cb04eec8a0ca7e59d7c3f06be40f62c9a463a,phenomsg,Hazardous\Hazardous\e-waste\1507096064_kRvRf8_e-waste.jpg,C:\Users\trish\Desktop\smart-waste-segregation-ai\data\raw\phenomsg\Hazardous\Hazardous\e-waste\1507096064_kRvRf8_e-waste.jpg
23,757ec95e38fd3674aca25b1a3e42e3f5e2b466d7db9b9605fdd1c036d1188a53,phenomsg,Hazardous\Hazardous\e-waste\1521042165621 - Copy.jpg,C:\Users\trish\Desktop\smart-waste-segregation-ai\data\raw\phenomsg\Hazardous\Hazardous\e-waste\1521042165621 - Copy.jpg
23,757ec95e38fd3674aca25b1a3e42e3f5e2b466d7db9b9605fdd1c036d1188a53,phenomsg,Hazardous\Hazardous\e-waste\1521042165621.jpg,C:\Users\trish\Desktop\smart-waste-segregation-ai\data\raw\phenomsg\Hazardous\Hazardous\e-waste\1521042165621.jpg
24,c30225e1e46e50afb744c81f58c7f52d3140951ba219a01abb61faf6bf31a30d,phenomsg,Hazardous\Hazardous\e-waste\156050-wrdgfxdtvg-1615456453 - Copy.jpg,C:\Users\trish\Desktop\smart-waste-segregation-ai\data\raw\phenomsg\Hazardous\Hazardous\e-waste\156050-wrdgfxdtvg-1615456453 - Copy.jpg
24,c30225e1e46e50afb744c81f58c7f52d3140951ba219a01abb61faf6bf31a30d,phenomsg,Hazardous\Hazardous\e-waste\156050-wrdgfxdtvg-1615456453.jpg,C:\Users\trish\Desktop\smart-waste-segregation-ai\data\raw\phenomsg\Hazardous\Hazardous\e-waste\156050-wrdgfxdtvg-1615456453.jpg
25,2f62d3bca367db3ca9143b552aad8b1fbf2247d908173fa4ba8e438639459641,phenomsg,Hazardous\Hazardous\e-waste\17175 - Copy.jpeg,C:\Users\trish\Desktop\smart-waste-segregation-ai\data\raw\phenomsg\Hazardous\Hazardous\e-waste\17175 - Copy.jpeg
25,2f62d3bca367db3ca9143b552aad8b1fbf2247d908173fa4ba8e438639459641,phenomsg,Hazardous\Hazardous\e-waste\17175.jpeg,C:\Users\trish\Desktop\smart-waste-segregation-ai\data\raw\phenomsg\Hazardous\Hazardous\e-waste\17175.jpeg
26,d6065f90861384672e88a8e2edd66fdb32739ef90ef2d23c8518469b3b770cb6,phenomsg,Hazardous\Hazardous\e-waste\2020_8largeimg_799107359 - Copy.jpg,C:\Users\trish\Desktop\smart-waste-segregation-ai\data\raw\phenomsg\Hazardous\Hazardous\e-waste\2020_8largeimg_799107359 - Copy.jpg
26,d6065f90861384672e88a8e2edd66fdb32739ef90ef2d23c8518469b3b770cb6,phenomsg,Hazardous\Hazardous\e-waste\2020_8largeimg_799107359.jpg,C:\Users\trish\Desktop\smart-waste-segregation-ai\data\raw\phenomsg\Hazardous\Hazardous\e-waste\2020_8largeimg_799107359.jpg
27,1e85dbb37f0635d687892a08eaf495ce4f0eb6886243993eda3e47100a1127cb,phenomsg,Hazardous\Hazardous\e-waste\2050_E-Waste_Asian_Outlook_Web_title - Copy.jpg,C:\Users\trish\Desktop\smart-waste-segregation-ai\data\raw\phenomsg\Hazardous\Hazardous\e-waste\2050_E-Waste_Asian_Outlook_Web_title - Copy.jpg
27,1e85dbb37f0635d687892a08eaf495ce4f0eb6886243993eda3e47100a1127cb,phenomsg,Hazardous\Hazardous\e-waste\2050_E-Waste_Asian_Outlook_Web_title.jpg,C:\Users\trish\Desktop\smart-waste-segregation-ai\data\raw\phenomsg\Hazardous\Hazardous\e-waste\2050_E-Waste_Asian_Outlook_Web_title.jpg
28,08bca4b873e632375d258ec0a5e804fa80e89a0189d0d76a1ee4649670732e51,phenomsg,Hazardous\Hazardous\e-waste\20_20130315 - Copy.jpg,C:\Users\trish\Desktop\smart-waste-segregation-ai\data\raw\phenomsg\Hazardous\Hazardous\e-waste\20_20130315 - Copy.jpg
28,08bca4b873e632375d258ec0a5e804fa80e89a0189d0d76a1ee4649670732e51,phenomsg,Hazardous\Hazardous\e-waste\20_20130315.jpg,C:\Users\trish\Desktop\smart-waste-segregation-ai\data\raw\phenomsg\Hazardous\Hazardous\e-waste\20_20130315.jpg
29,82cf6b4bc4d9f54fb846cdd2d3472e89ba06e9f7708a28321e39bed28787ad96,phenomsg,Hazardous\Hazardous\e-waste\20f1f392-6d51-4fdb-a0a1-b6e0e837a57b.bc4be531fe04703066c45a302f6d7c0e - Copy.jpeg,C:\Users\trish\Desktop\smart-waste-segregation-ai\data\raw\phenomsg\Hazardous\Hazardous\e-waste\20f1f392-6d51-4fdb-a0a1-b6e0e837a57b.bc4be531fe04703066c45a302f6d7c0e - Copy.jpeg
29,82cf6b4bc4d9f54fb846cdd2d3472e89ba06e9f7708a28321e39bed28787ad96,phenomsg,Hazardous\Hazardous\e-waste\20f1f392-6d51-4fdb-a0a1-b6e0e837a57b.bc4be531fe04703066c45a302f6d7c0e.jpeg,C:\Users\trish\Desktop\smart-waste-segregation-ai\data\raw\phenomsg\Hazardous\Hazardous\e-waste\20f1f392-6d51-4fdb-a0a1-b6e0e837a57b.bc4be531fe04703066c45a302f6d7c0e.jpeg
30,58ab7b2bf0848d2a092f622083dc64d92a8bd433059f4f97b3080c429058f6de,phenomsg,Hazardous\Hazardous\e-waste\25896 - Copy.jpg,C:\Users\trish\Desktop\smart-waste-segregation-ai\data\raw\phenomsg\Hazardous\Hazardous\e-waste\25896 - Copy.jpg
30,58ab7b2bf0848d2a092f622083dc64d92a8bd433059f4f97b3080c429058f6de,phenomsg,Hazardous\Hazardous\e-waste\25896.jpg,C:\Users\trish\Desktop\smart-waste-segregation-ai\data\raw\phenomsg\Hazardous\Hazardous\e-waste\25896.jpg
31,3b3effc10696261c73abe436a67ee48cf3b7c32ec2d7d61533055698ae270383,phenomsg,Hazardous\Hazardous\e-waste\3283392878_d023c2ef93 - Copy.jpg,C:\Users\trish\Desktop\smart-waste-segregation-ai\data\raw\phenomsg\Hazardous\Hazardous\e-waste\3283392878_d023c2ef93 - Copy.jpg
31,3b3effc10696261c73abe436a67ee48cf3b7c32ec2d7d61533055698ae270383,phenomsg,Hazardous\Hazardous\e-waste\3283392878_d023c2ef93.jpg,C:\Users\trish\Desktop\smart-waste-segregation-ai\data\raw\phenomsg\Hazardous\Hazardous\e-waste\3283392878_d023c2ef93.jpg
32,ce35f0ae79f2f7e0dde739551b5037440c61e052f2da8c0bd817788a425a361f,phenomsg,Hazardous\Hazardous\e-waste\341a4407444002d51dff14946e857c65 - Copy.jpg,C:\Users\trish\Desktop\smart-waste-segregation-ai\data\raw\phenomsg\Hazardous\Hazardous\e-waste\341a4407444002d51dff14946e857c65 - Copy.jpg
32,ce35f0ae79f2f7e0dde739551b5037440c61e052f2da8c0bd817788a425a361f,phenomsg,Hazardous\Hazardous\e-waste\341a4407444002d51dff14946e857c65.jpg,C:\Users\trish\Desktop\smart-waste-segregation-ai\data\raw\phenomsg\Hazardous\Hazardous\e-waste\341a4407444002d51dff14946e857c65.jpg
33,96edf86e29161a549edeacadb2bb9f3e5c6a02c3c75c138bf491bc2d4198a3ad,phenomsg,Hazardous\Hazardous\e-waste\47-e-waste-a-growing-concern - Copy.jpg,C:\Users\trish\Desktop\smart-waste-segregation-ai\data\raw\phenomsg\Hazardous\Hazardous\e-waste\47-e-waste-a-growing-concern - Copy.jpg
33,96edf86e29161a549edeacadb2bb9f3e5c6a02c3c75c138bf491bc2d4198a3ad,phenomsg,Hazardous\Hazardous\e-waste\47-e-waste-a-growing-concern.jpg,C:\Users\trish\Desktop\smart-waste-segregation-ai\data\raw\phenomsg\Hazardous\Hazardous\e-waste\47-e-waste-a-growing-concern.jpg
34,fd68418ad7ac32f2c66949e8336ac3cc845e5fe7d658b858f4cabbedcfa5e6db,phenomsg,Hazardous\Hazardous\e-waste\516ee9d3b98a42557dc49476674823f0--e-waste-recycling-recycling-programs - Copy.jpg,C:\Users\trish\Desktop\smart-waste-segregation-ai\data\raw\phenomsg\Hazardous\Hazardous\e-waste\516ee9d3b98a42557dc49476674823f0--e-waste-recycling-recycling-programs - Copy.jpg
34,fd68418ad7ac32f2c66949e8336ac3cc845e5fe7d658b858f4cabbedcfa5e6db,phenomsg,Hazardous\Hazardous\e-waste\516ee9d3b98a42557dc49476674823f0--e-waste-recycling-recycling-programs.jpg,C:\Users\trish\Desktop\smart-waste-segregation-ai\data\raw\phenomsg\Hazardous\Hazardous\e-waste\516ee9d3b98a42557dc49476674823f0--e-waste-recycling-recycling-programs.jpg
35,7f87316d2d373221ba57d59e369b180f9e9a2304dfbafd10082689874fad2d48,phenomsg,Hazardous\Hazardous\e-waste\5927e3e4f1744da1ce90e7a09c175334 - Copy.jpg,C:\Users\trish\Desktop\smart-waste-segregation-ai\data\raw\phenomsg\Hazardous\Hazardous\e-waste\5927e3e4f1744da1ce90e7a09c175334 - Copy.jpg
35,7f87316d2d373221ba57d59e369b180f9e9a2304dfbafd10082689874fad2d48,phenomsg,Hazardous\Hazardous\e-waste\5927e3e4f1744da1ce90e7a09c175334.jpg,C:\Users\trish\Desktop\smart-waste-segregation-ai\data\raw\phenomsg\Hazardous\Hazardous\e-waste\5927e3e4f1744da1ce90e7a09c175334.jpg
36,c15e8f25426ed460a8b0646d22bc455acf9436c09356cfbdf60f33f0d81c5ba2,phenomsg,Hazardous\Hazardous\e-waste\5g-internet-race-huawei-04 - Copy.jpg,C:\Users\trish\Desktop\smart-waste-segregation-ai\data\raw\phenomsg\Hazardous\Hazardous\e-waste\5g-internet-race-huawei-04 - Copy.jpg
36,c15e8f25426ed460a8b0646d22bc455acf9436c09356cfbdf60f33f0d81c5ba2,phenomsg,Hazardous\Hazardous\e-waste\5g-internet-race-huawei-04.jpg,C:\Users\trish\Desktop\smart-waste-segregation-ai\data\raw\phenomsg\Hazardous\Hazardous\e-waste\5g-internet-race-huawei-04.jpg
37,33236a66009988639fd1fe8266e01632674d134dbbd937680c98bad8197cfad0,phenomsg,Hazardous\Hazardous\e-waste\615c6bf230f40d9decf916ae97e192681b20e27238a8ae30ccbab09630fd0a53 - Copy.jpg,C:\Users\trish\Desktop\smart-waste-segregation-ai\data\raw\phenomsg\Hazardous\Hazardous\e-waste\615c6bf230f40d9decf916ae97e192681b20e27238a8ae30ccbab09630fd0a53 - Copy.jpg
37,33236a66009988639fd1fe8266e01632674d134dbbd937680c98bad8197cfad0,phenomsg,Hazardous\Hazardous\e-waste\615c6bf230f40d9decf916ae97e192681b20e27238a8ae30ccbab09630fd0a53.jpg,C:\Users\trish\Desktop\smart-waste-segregation-ai\data\raw\phenomsg\Hazardous\Hazardous\e-waste\615c6bf230f40d9decf916ae97e192681b20e27238a8ae30ccbab09630fd0a53.jpg
38,fc033ab307999dbebb3d0663c92e93b63a353daacfd9a637374d4f4a918e4808,phenomsg,Hazardous\Hazardous\e-waste\6184AcGb9XL - Copy.jpg,C:\Users\trish\Desktop\smart-waste-segregation-ai\data\raw\phenomsg\Hazardous\Hazardous\e-waste\6184AcGb9XL - Copy.jpg
38,fc033ab307999dbebb3d0663c92e93b63a353daacfd9a637374d4f4a918e4808,phenomsg,Hazardous\Hazardous\e-waste\6184AcGb9XL.jpg,C:\Users\trish\Desktop\smart-waste-segregation-ai\data\raw\phenomsg\Hazardous\Hazardous\e-waste\6184AcGb9XL.jpg
39,3bea5a1919b9e65adb056b8e403a7fa70f1a47ca1f982fc20a13e82ba8f5d19e,phenomsg,Hazardous\Hazardous\e-waste\61DVdFF9f-L - Copy.jpg,C:\Users\trish\Desktop\smart-waste-segregation-ai\data\raw\phenomsg\Hazardous\Hazardous\e-waste\61DVdFF9f-L - Copy.jpg
39,3bea5a1919b9e65adb056b8e403a7fa70f1a47ca1f982fc20a13e82ba8f5d19e,phenomsg,Hazardous\Hazardous\e-waste\61DVdFF9f-L.jpg,C:\Users\trish\Desktop\smart-waste-segregation-ai\data\raw\phenomsg\Hazardous\Hazardous\e-waste\61DVdFF9f-L.jpg
40,7c440c0b26da3c428a46346fc85286da274f3984328a3cd9ce195756e70c6ab6,phenomsg,Hazardous\Hazardous\e-waste\634ec7fb55fe19788b75085f-18-watt-cfl-light-bulbs-4-pin-g24q-2 - Copy.jpg,C:\Users\trish\Desktop\smart-waste-segregation-ai\data\raw\phenomsg\Hazardous\Hazardous\e-waste\634ec7fb55fe19788b75085f-18-watt-cfl-light-bulbs-4-pin-g24q-2 - Copy.jpg
40,7c440c0b26da3c428a46346fc85286da274f3984328a3cd9ce195756e70c6ab6,phenomsg,Hazardous\Hazardous\e-waste\634ec7fb55fe19788b75085f-18-watt-cfl-light-bulbs-4-pin-g24q-2.jpg,C:\Users\trish\Desktop\smart-waste-segregation-ai\data\raw\phenomsg\Hazardous\Hazardous\e-waste\634ec7fb55fe19788b75085f-18-watt-cfl-light-bulbs-4-pin-g24q-2.jpg
41,c920d6546672805775643cbe20f80b9e58d9beebc39209462226f248a3a16d78,phenomsg,Hazardous\Hazardous\e-waste\640339-50P_PRO - Copy.jpg,C:\Users\trish\Desktop\smart-waste-segregation-ai\data\raw\phenomsg\Hazardous\Hazardous\e-waste\640339-50P_PRO - Copy.jpg
41,c920d6546672805775643cbe20f80b9e58d9beebc39209462226f248a3a16d78,phenomsg,Hazardous\Hazardous\e-waste\640339-50P_PRO.jpg,C:\Users\trish\Desktop\smart-waste-segregation-ai\data\raw\phenomsg\Hazardous\Hazardous\e-waste\640339-50P_PRO.jpg
42,5bea984b968c2b8575b965ea4d97be34c990980e85c0ca99b5fdb50a399bcf2c,phenomsg,Hazardous\Hazardous\e-waste\65481011 - Copy.jpg,C:\Users\trish\Desktop\smart-waste-segregation-ai\data\raw\phenomsg\Hazardous\Hazardous\e-waste\65481011 - Copy.jpg
42,5bea984b968c2b8575b965ea4d97be34c990980e85c0ca99b5fdb50a399bcf2c,phenomsg,Hazardous\Hazardous\e-waste\65481011.jpg,C:\Users\trish\Desktop\smart-waste-segregation-ai\data\raw\phenomsg\Hazardous\Hazardous\e-waste\65481011.jpg
43,091bff4e835954a570f10732eebe2e2a122f0af1d98ea36c822e90c94eeb282d,phenomsg,Hazardous\Hazardous\e-waste\66016104-inefficient-tungsten-light-bulbs-discarded-in-a-trash-can-green-eco-concept - Copy.jpg,C:\Users\trish\Desktop\smart-waste-segregation-ai\data\raw\phenomsg\Hazardous\Hazardous\e-waste\66016104-inefficient-tungsten-light-bulbs-discarded-in-a-trash-can-green-eco-concept - Copy.jpg
43,091bff4e835954a570f10732eebe2e2a122f0af1d98ea36c822e90c94eeb282d,phenomsg,Hazardous\Hazardous\e-waste\66016104-inefficient-tungsten-light-bulbs-discarded-in-a-trash-can-green-eco-concept.jpg,C:\Users\trish\Desktop\smart-waste-segregation-ai\data\raw\phenomsg\Hazardous\Hazardous\e-waste\66016104-inefficient-tungsten-light-bulbs-discarded-in-a-trash-can-green-eco-concept.jpg
44,a8c7e839609d8f2f9ba192fa3ee390f9e4514f95083a2088e11fe096b2f0a27b,phenomsg,Hazardous\Hazardous\e-waste\694898-electronic-waste-thinkstock - Copy.jpg,C:\Users\trish\Desktop\smart-waste-segregation-ai\data\raw\phenomsg\Hazardous\Hazardous\e-waste\694898-electronic-waste-thinkstock - Copy.jpg
44,a8c7e839609d8f2f9ba192fa3ee390f9e4514f95083a2088e11fe096b2f0a27b,phenomsg,Hazardous\Hazardous\e-waste\694898-electronic-waste-thinkstock.jpg,C:\Users\trish\Desktop\smart-waste-segregation-ai\data\raw\phenomsg\Hazardous\Hazardous\e-waste\694898-electronic-waste-thinkstock.jpg
45,a3bbfc208890a0ace1afb1abea314f739c8c5d6998cd729e4e469cf86aba066a,phenomsg,Hazardous\Hazardous\e-waste\6ft-Fluorescent-Box-Gallery-Image-1 - Copy.jpg,C:\Users\trish\Desktop\smart-waste-segregation-ai\data\raw\phenomsg\Hazardous\Hazardous\e-waste\6ft-Fluorescent-Box-Gallery-Image-1 - Copy.jpg
45,a3bbfc208890a0ace1afb1abea314f739c8c5d6998cd729e4e469cf86aba066a,phenomsg,Hazardous\Hazardous\e-waste\6ft-Fluorescent-Box-Gallery-Image-1.jpg,C:\Users\trish\Desktop\smart-waste-segregation-ai\data\raw\phenomsg\Hazardous\Hazardous\e-waste\6ft-Fluorescent-Box-Gallery-Image-1.jpg
46,b8e5957e3a09081cde18cf346e1e850c75cbf81f93cfa38ffe64d4689f98efe0,phenomsg,Hazardous\Hazardous\e-waste\74409247-old-cellphones-and-battery-electronic-waste-concept - Copy.jpg,C:\Users\trish\Desktop\smart-waste-segregation-ai\data\raw\phenomsg\Hazardous\Hazardous\e-waste\74409247-old-cellphones-and-battery-electronic-waste-concept - Copy.jpg
46,b8e5957e3a09081cde18cf346e1e850c75cbf81f93cfa38ffe64d4689f98efe0,phenomsg,Hazardous\Hazardous\e-waste\74409247-old-cellphones-and-battery-electronic-waste-concept.jpg,C:\Users\trish\Desktop\smart-waste-segregation-ai\data\raw\phenomsg\Hazardous\Hazardous\e-waste\74409247-old-cellphones-and-battery-electronic-waste-concept.jpg
47,5898878440885c08a80fa41b22795212ba8dea56436e21c2e9f21002cc29edac,phenomsg,Hazardous\Hazardous\e-waste\7ade6617-865a-42bf-b8f8-12859169a351.a7819c077ec87ce47606d6942a125eea - Copy.jpeg,C:\Users\trish\Desktop\smart-waste-segregation-ai\data\raw\phenomsg\Hazardous\Hazardous\e-waste\7ade6617-865a-42bf-b8f8-12859169a351.a7819c077ec87ce47606d6942a125eea - Copy.jpeg
47,5898878440885c08a80fa41b22795212ba8dea56436e21c2e9f21002cc29edac,phenomsg,Hazardous\Hazardous\e-waste\7ade6617-865a-42bf-b8f8-12859169a351.a7819c077ec87ce47606d6942a125eea.jpeg,C:\Users\trish\Desktop\smart-waste-segregation-ai\data\raw\phenomsg\Hazardous\Hazardous\e-waste\7ade6617-865a-42bf-b8f8-12859169a351.a7819c077ec87ce47606d6942a125eea.jpeg
48,f2106c9771e0aa3f0250c24b9f69062741a137bec6ca0bf3419e25f526298a9c,phenomsg,Hazardous\Hazardous\e-waste\800px-Ewaste-pile - Copy.jpg,C:\Users\trish\Desktop\smart-waste-segregation-ai\data\raw\phenomsg\Hazardous\Hazardous\e-waste\800px-Ewaste-pile - Copy.jpg
48,f2106c9771e0aa3f0250c24b9f69062741a137bec6ca0bf3419e25f526298a9c,phenomsg,Hazardous\Hazardous\e-waste\800px-Ewaste-pile.jpg,C:\Users\trish\Desktop\smart-waste-segregation-ai\data\raw\phenomsg\Hazardous\Hazardous\e-waste\800px-Ewaste-pile.jpg
49,6e33501591a2584d77b4443a47162c413e818bcea14f0ff05271d3fc31c576c9,phenomsg,Hazardous\Hazardous\e-waste\8085 - Copy.jpg,C:\Users\trish\Desktop\smart-waste-segregation-ai\data\raw\phenomsg\Hazardous\Hazardous\e-waste\8085 - Copy.jpg
49,6e33501591a2584d77b4443a47162c413e818bcea14f0ff05271d3fc31c576c9,phenomsg,Hazardous\Hazardous\e-waste\8085.jpg,C:\Users\trish\Desktop\smart-waste-segregation-ai\data\raw\phenomsg\Hazardous\Hazardous\e-waste\8085.jpg
50,fa0064a15ca014809224157eebdcee74b22425545ece679d563c83c56269cde4,phenomsg,Hazardous\Hazardous\e-waste\85a44d0f-d9a2-37b6-93c1-1c21fed330cf - Copy.png,C:\Users\trish\Desktop\smart-waste-segregation-ai\data\raw\phenomsg\Hazardous\Hazardous\e-waste\85a44d0f-d9a2-37b6-93c1-1c21fed330cf - Copy.png
50,fa0064a15ca014809224157eebdcee74b22425545ece679d563c83c56269cde4,phenomsg,Hazardous\Hazardous\e-waste\85a44d0f-d9a2-37b6-93c1-1c21fed330cf.png,C:\Users\trish\Desktop\smart-waste-segregation-ai\data\raw\phenomsg\Hazardous\Hazardous\e-waste\85a44d0f-d9a2-37b6-93c1-1c21fed330cf.png
51,9545c57b25cf83a90408afcef11c98dbbc6aacec659e727395f7b6e67d5288cb,phenomsg,Hazardous\Hazardous\e-waste\8ft-Fluorescent-Box-Gallery-Image-1 - Copy.jpg,C:\Users\trish\Desktop\smart-waste-segregation-ai\data\raw\phenomsg\Hazardous\Hazardous\e-waste\8ft-Fluorescent-Box-Gallery-Image-1 - Copy.jpg
51,9545c57b25cf83a90408afcef11c98dbbc6aacec659e727395f7b6e67d5288cb,phenomsg,Hazardous\Hazardous\e-waste\8ft-Fluorescent-Box-Gallery-Image-1.jpg,C:\Users\trish\Desktop\smart-waste-segregation-ai\data\raw\phenomsg\Hazardous\Hazardous\e-waste\8ft-Fluorescent-Box-Gallery-Image-1.jpg
52,643b1e88a598cd92fe9bd51bb5caba718ed070ba362b024123546c6ed6939111,phenomsg,Hazardous\Hazardous\e-waste\_108381526_mediaitem108381525 - Copy.jpg,C:\Users\trish\Desktop\smart-waste-segregation-ai\data\raw\phenomsg\Hazardous\Hazardous\e-waste\_108381526_mediaitem108381525 - Copy.jpg
52,643b1e88a598cd92fe9bd51bb5caba718ed070ba362b024123546c6ed6939111,phenomsg,Hazardous\Hazardous\e-waste\_108381526_mediaitem108381525.jpg,C:\Users\trish\Desktop\smart-waste-segregation-ai\data\raw\phenomsg\Hazardous\Hazardous\e-waste\_108381526_mediaitem108381525.jpg
53,7e3918ead1015e2641e8f4a18b71e14240c0b666f2d361cdd2cd67c1daaf2a7d,phenomsg,Hazardous\Hazardous\e-waste\_elektroschrott_hardware_kp_1200_a97c5f3517_8f5684198f6489c7d84856d3efe3ad10 - Copy.jpg,C:\Users\trish\Desktop\smart-waste-segregation-ai\data\raw\phenomsg\Hazardous\Hazardous\e-waste\_elektroschrott_hardware_kp_1200_a97c5f3517_8f5684198f6489c7d84856d3efe3ad10 - Copy.jpg
53,7e3918ead1015e2641e8f4a18b71e14240c0b666f2d361cdd2cd67c1daaf2a7d,phenomsg,Hazardous\Hazardous\e-waste\_elektroschrott_hardware_kp_1200_a97c5f3517_8f5684198f6489c7d84856d3efe3ad10.jpg,C:\Users\trish\Desktop\smart-waste-segregation-ai\data\raw\phenomsg\Hazardous\Hazardous\e-waste\_elektroschrott_hardware_kp_1200_a97c5f3517_8f5684198f6489c7d84856d3efe3ad10.jpg
54,a34ecbbfbb2b7f317655f07bec5808037f19482a27d809aa3cee2abe47777cc5,phenomsg,Hazardous\Hazardous\e-waste\abfall-ressourcen_produktverantwortung_elektronikaltgeraete_foto_fernseher-berg - Copy.jpg,C:\Users\trish\Desktop\smart-waste-segregation-ai\data\raw\phenomsg\Hazardous\Hazardous\e-waste\abfall-ressourcen_produktverantwortung_elektronikaltgeraete_foto_fernseher-berg - Copy.jpg
54,a34ecbbfbb2b7f317655f07bec5808037f19482a27d809aa3cee2abe47777cc5,phenomsg,Hazardous\Hazardous\e-waste\abfall-ressourcen_produktverantwortung_elektronikaltgeraete_foto_fernseher-berg.jpg,C:\Users\trish\Desktop\smart-waste-segregation-ai\data\raw\phenomsg\Hazardous\Hazardous\e-waste\abfall-ressourcen_produktverantwortung_elektronikaltgeraete_foto_fernseher-berg.jpg
55,f72e016444a1bfe0d3df34457ab2d068f529ead6b4041346ba813463fce7d856,phenomsg,Hazardous\Hazardous\e-waste\AdobeStock_271026267 - Copy.jpeg,C:\Users\trish\Desktop\smart-waste-segregation-ai\data\raw\phenomsg\Hazardous\Hazardous\e-waste\AdobeStock_271026267 - Copy.jpeg
55,f72e016444a1bfe0d3df34457ab2d068f529ead6b4041346ba813463fce7d856,phenomsg,Hazardous\Hazardous\e-waste\AdobeStock_271026267.jpeg,C:\Users\trish\Desktop\smart-waste-segregation-ai\data\raw\phenomsg\Hazardous\Hazardous\e-waste\AdobeStock_271026267.jpeg
56,29b4f316c4045ca36d1ec959ec545cfe31f5a3f857917c543d4999a07e7ed1d1,phenomsg,Hazardous\Hazardous\e-waste\AdobeStock_365525290 - Copy.jpg,C:\Users\trish\Desktop\smart-waste-segregation-ai\data\raw\phenomsg\Hazardous\Hazardous\e-waste\AdobeStock_365525290 - Copy.jpg
56,29b4f316c4045ca36d1ec959ec545cfe31f5a3f857917c543d4999a07e7ed1d1,phenomsg,Hazardous\Hazardous\e-waste\AdobeStock_365525290.jpg,C:\Users\trish\Desktop\smart-waste-segregation-ai\data\raw\phenomsg\Hazardous\Hazardous\e-waste\AdobeStock_365525290.jpg
57,ffcb88c6dd9054b1dcc3dfeb8d7cf61c8887d3f2ebc0a91ccd17158b97a162d4,phenomsg,Hazardous\Hazardous\e-waste\Alabama_CurtisPalmer - Copy.jpg,C:\Users\trish\Desktop\smart-waste-segregation-ai\data\raw\phenomsg\Hazardous\Hazardous\e-waste\Alabama_CurtisPalmer - Copy.jpg
57,ffcb88c6dd9054b1dcc3dfeb8d7cf61c8887d3f2ebc0a91ccd17158b97a162d4,phenomsg,Hazardous\Hazardous\e-waste\Alabama_CurtisPalmer.jpg,C:\Users\trish\Desktop\smart-waste-segregation-ai\data\raw\phenomsg\Hazardous\Hazardous\e-waste\Alabama_CurtisPalmer.jpg
58,c9f853804c1f0796ed96863fb3e3ae67011f3b2ff4310c996cc1d061dac2aaed,phenomsg,Hazardous\Hazardous\e-waste\an-electronics-e-waste-recycling-collection-area-the-collection-is-APK6DT - Copy.jpg,C:\Users\trish\Desktop\smart-waste-segregation-ai\data\raw\phenomsg\Hazardous\Hazardous\e-waste\an-electronics-e-waste-recycling-collection-area-the-collection-is-APK6DT - Copy.jpg
58,c9f853804c1f0796ed96863fb3e3ae67011f3b2ff4310c996cc1d061dac2aaed,phenomsg,Hazardous\Hazardous\e-waste\an-electronics-e-waste-recycling-collection-area-the-collection-is-APK6DT.jpg,C:\Users\trish\Desktop\smart-waste-segregation-ai\data\raw\phenomsg\Hazardous\Hazardous\e-waste\an-electronics-e-waste-recycling-collection-area-the-collection-is-APK6DT.jpg
59,2d3e98b29d0344f8bcfe4a13754192778c62c5869256e7672f1e9e1a209a027f,phenomsg,Hazardous\Hazardous\e-waste\archives-ewaste-one_one - Copy.jpg,C:\Users\trish\Desktop\smart-waste-segregation-ai\data\raw\phenomsg\Hazardous\Hazardous\e-waste\archives-ewaste-one_one - Copy.jpg
59,2d3e98b29d0344f8bcfe4a13754192778c62c5869256e7672f1e9e1a209a027f,phenomsg,Hazardous\Hazardous\e-waste\archives-ewaste-one_one.jpg,C:\Users\trish\Desktop\smart-waste-segregation-ai\data\raw\phenomsg\Hazardous\Hazardous\e-waste\archives-ewaste-one_one.jpg
59,2d3e98b29d0344f8bcfe4a13754192778c62c5869256e7672f1e9e1a209a027f,phenomsg,Organic\Organic\kitchen_waste\archives-ewaste-one_one.jpg,C:\Users\trish\Desktop\smart-waste-segregation-ai\data\raw\phenomsg\Organic\Organic\kitchen_waste\archives-ewaste-one_one.jpg
60,158f772f6ef5a8ac13d262d736a9aec7fb78c826cffd350b2967dd2133cad002,phenomsg,Hazardous\Hazardous\e-waste\aving-led-and-fluorescent-lightbulbs-infographic-on-a-blue-background-vector - Copy.jpg,C:\Users\trish\Desktop\smart-waste-segregation-ai\data\raw\phenomsg\Hazardous\Hazardous\e-waste\aving-led-and-fluorescent-lightbulbs-infographic-on-a-blue-background-vector - Copy.jpg
60,158f772f6ef5a8ac13d262d736a9aec7fb78c826cffd350b2967dd2133cad002,phenomsg,Hazardous\Hazardous\e-waste\aving-led-and-fluorescent-lightbulbs-infographic-on-a-blue-background-vector.jpg,C:\Users\trish\Desktop\smart-waste-segregation-ai\data\raw\phenomsg\Hazardous\Hazardous\e-waste\aving-led-and-fluorescent-lightbulbs-infographic-on-a-blue-background-vector.jpg
61,cc89b6110503c34576d6b8b8e8505db97edc3123c11fec635e54979367c9b93a,phenomsg,Hazardous\Hazardous\e-waste\Avv5bVd22NhcKDUGMWzvNW - Copy.jpg,C:\Users\trish\Desktop\smart-waste-segregation-ai\data\raw\phenomsg\Hazardous\Hazardous\e-waste\Avv5bVd22NhcKDUGMWzvNW - Copy.jpg
61,cc89b6110503c34576d6b8b8e8505db97edc3123c11fec635e54979367c9b93a,phenomsg,Hazardous\Hazardous\e-waste\Avv5bVd22NhcKDUGMWzvNW.jpg,C:\Users\trish\Desktop\smart-waste-segregation-ai\data\raw\phenomsg\Hazardous\Hazardous\e-waste\Avv5bVd22NhcKDUGMWzvNW.jpg
62,ec5953400f96729c760fe81e113f7149564cddb54e03be35dfc66ba0e9750ecb,phenomsg,Hazardous\Hazardous\e-waste\bbf3173e-a750-4687-97be-50f2a4cd2d2b - Copy.jpg,C:\Users\trish\Desktop\smart-waste-segregation-ai\data\raw\phenomsg\Hazardous\Hazardous\e-waste\bbf3173e-a750-4687-97be-50f2a4cd2d2b - Copy.jpg
62,ec5953400f96729c760fe81e113f7149564cddb54e03be35dfc66ba0e9750ecb,phenomsg,Hazardous\Hazardous\e-waste\bbf3173e-a750-4687-97be-50f2a4cd2d2b.jpg,C:\Users\trish\Desktop\smart-waste-segregation-ai\data\raw\phenomsg\Hazardous\Hazardous\e-waste\bbf3173e-a750-4687-97be-50f2a4cd2d2b.jpg
63,a9c2c1aa6c7aff3814945fdbadff9ce23ae37bfe5904436f9f8533145b1bc133,phenomsg,Hazardous\Hazardous\e-waste\BLOG-Which-light-bulbs-need-a-ballast - Copy.jpg,C:\Users\trish\Desktop\smart-waste-segregation-ai\data\raw\phenomsg\Hazardous\Hazardous\e-waste\BLOG-Which-light-bulbs-need-a-ballast - Copy.jpg
63,a9c2c1aa6c7aff3814945fdbadff9ce23ae37bfe5904436f9f8533145b1bc133,phenomsg,Hazardous\Hazardous\e-waste\BLOG-Which-light-bulbs-need-a-ballast.jpg,C:\Users\trish\Desktop\smart-waste-segregation-ai\data\raw\phenomsg\Hazardous\Hazardous\e-waste\BLOG-Which-light-bulbs-need-a-ballast.jpg
64,0a6547e42aaed62b405b866a5cf55cd663cb2fc3f612fd9f59dd5694431bf2ec,phenomsg,Hazardous\Hazardous\e-waste\box1-img - Copy.png,C:\Users\trish\Desktop\smart-waste-segregation-ai\data\raw\phenomsg\Hazardous\Hazardous\e-waste\box1-img - Copy.png
64,0a6547e42aaed62b405b866a5cf55cd663cb2fc3f612fd9f59dd5694431bf2ec,phenomsg,Hazardous\Hazardous\e-waste\box1-img.png,C:\Users\trish\Desktop\smart-waste-segregation-ai\data\raw\phenomsg\Hazardous\Hazardous\e-waste\box1-img.png
65,b3c3b03a76bcde8a148dcd75129d803c28dcd13b29160f39f336fd4cae148288,phenomsg,Hazardous\Hazardous\e-waste\bulbs2 - Copy.jpg,C:\Users\trish\Desktop\smart-waste-segregation-ai\data\raw\phenomsg\Hazardous\Hazardous\e-waste\bulbs2 - Copy.jpg
65,b3c3b03a76bcde8a148dcd75129d803c28dcd13b29160f39f336fd4cae148288,phenomsg,Hazardous\Hazardous\e-waste\bulbs2.jpg,C:\Users\trish\Desktop\smart-waste-segregation-ai\data\raw\phenomsg\Hazardous\Hazardous\e-waste\bulbs2.jpg
66,a49732567a075af8ae84f45621fb3c3633367787c1da02ce5c5c6b59d0098be8,phenomsg,Hazardous\Hazardous\e-waste\bulbs_2 - Copy.png,C:\Users\trish\Desktop\smart-waste-segregation-ai\data\raw\phenomsg\Hazardous\Hazardous\e-waste\bulbs_2 - Copy.png
66,a49732567a075af8ae84f45621fb3c3633367787c1da02ce5c5c6b59d0098be8,phenomsg,Hazardous\Hazardous\e-waste\bulbs_2.png,C:\Users\trish\Desktop\smart-waste-segregation-ai\data\raw\phenomsg\Hazardous\Hazardous\e-waste\bulbs_2.png
67,6a85f30a4d72265979781f1ea8d921a4f77c1fd06e62fc436bb1aaec2339f590,phenomsg,Hazardous\Hazardous\e-waste\bulbs_lg - Copy.jpg,C:\Users\trish\Desktop\smart-waste-segregation-ai\data\raw\phenomsg\Hazardous\Hazardous\e-waste\bulbs_lg - Copy.jpg
67,6a85f30a4d72265979781f1ea8d921a4f77c1fd06e62fc436bb1aaec2339f590,phenomsg,Hazardous\Hazardous\e-waste\bulbs_lg.jpg,C:\Users\trish\Desktop\smart-waste-segregation-ai\data\raw\phenomsg\Hazardous\Hazardous\e-waste\bulbs_lg.jpg
68,702ae815303cb075ceac66245f6271770d71f6aeb783043cdea5de9d22a21890,phenomsg,Hazardous\Hazardous\e-waste\BulbSchematic - Copy.jpg,C:\Users\trish\Desktop\smart-waste-segregation-ai\data\raw\phenomsg\Hazardous\Hazardous\e-waste\BulbSchematic - Copy.jpg
68,702ae815303cb075ceac66245f6271770d71f6aeb783043cdea5de9d22a21890,phenomsg,Hazardous\Hazardous\e-waste\BulbSchematic.jpg,C:\Users\trish\Desktop\smart-waste-segregation-ai\data\raw\phenomsg\Hazardous\Hazardous\e-waste\BulbSchematic.jpg
69,5082a7171f05ec30668122be3181f35c15e69e6eeadacda929e744d83758efc7,phenomsg,Hazardous\Hazardous\e-waste\CFL - Copy.jpg,C:\Users\trish\Desktop\smart-waste-segregation-ai\data\raw\phenomsg\Hazardous\Hazardous\e-waste\CFL - Copy.jpg
69,5082a7171f05ec30668122be3181f35c15e69e6eeadacda929e744d83758efc7,phenomsg,Hazardous\Hazardous\e-waste\CFL.jpg,C:\Users\trish\Desktop\smart-waste-segregation-ai\data\raw\phenomsg\Hazardous\Hazardous\e-waste\CFL.jpg
70,c5109f0bc7d3d87ee34a051c698079c0ed7ea2bbabb24fe9fe01b11833497988,phenomsg,Hazardous\Hazardous\e-waste\CFL-1 - Copy.jpg,C:\Users\trish\Desktop\smart-waste-segregation-ai\data\raw\phenomsg\Hazardous\Hazardous\e-waste\CFL-1 - Copy.jpg
70,c5109f0bc7d3d87ee34a051c698079c0ed7ea2bbabb24fe9fe01b11833497988,phenomsg,Hazardous\Hazardous\e-waste\CFL-1.jpg,C:\Users\trish\Desktop\smart-waste-segregation-ai\data\raw\phenomsg\Hazardous\Hazardous\e-waste\CFL-1.jpg
71,9e2511f0b5719052017fc0295dc3730fda03d3a6f49dc574334d5fa19b516d8b,phenomsg,Hazardous\Hazardous\e-waste\CFL-Broken-Bulb-scaled - Copy.jpeg,C:\Users\trish\Desktop\smart-waste-segregation-ai\data\raw\phenomsg\Hazardous\Hazardous\e-waste\CFL-Broken-Bulb-scaled - Copy.jpeg
71,9e2511f0b5719052017fc0295dc3730fda03d3a6f49dc574334d5fa19b516d8b,phenomsg,Hazardous\Hazardous\e-waste\CFL-Broken-Bulb-scaled.jpeg,C:\Users\trish\Desktop\smart-waste-segregation-ai\data\raw\phenomsg\Hazardous\Hazardous\e-waste\CFL-Broken-Bulb-scaled.jpeg
72,1dc5cd60a81586a995dd2adabb5374338c0be898343947413d28ebe1bd3e03a0,phenomsg,Hazardous\Hazardous\e-waste\cfl-product-family - Copy.png,C:\Users\trish\Desktop\smart-waste-segregation-ai\data\raw\phenomsg\Hazardous\Hazardous\e-waste\cfl-product-family - Copy.png
72,1dc5cd60a81586a995dd2adabb5374338c0be898343947413d28ebe1bd3e03a0,phenomsg,Hazardous\Hazardous\e-waste\cfl-product-family.png,C:\Users\trish\Desktop\smart-waste-segregation-ai\data\raw\phenomsg\Hazardous\Hazardous\e-waste\cfl-product-family.png
73,c8da4c8aa17929f2dfb5f09c026ed552952fb700b53e0bc0074bfa74772b1c27,phenomsg,Hazardous\Hazardous\e-waste\CFL-VS-LED-Lighting - Copy.jpg,C:\Users\trish\Desktop\smart-waste-segregation-ai\data\raw\phenomsg\Hazardous\Hazardous\e-waste\CFL-VS-LED-Lighting - Copy.jpg
73,c8da4c8aa17929f2dfb5f09c026ed552952fb700b53e0bc0074bfa74772b1c27,phenomsg,Hazardous\Hazardous\e-waste\CFL-VS-LED-Lighting.jpg,C:\Users\trish\Desktop\smart-waste-segregation-ai\data\raw\phenomsg\Hazardous\Hazardous\e-waste\CFL-VS-LED-Lighting.jpg
74,168eeea8a8d7797147c73089f915cbb39a54019323ac50ebe2198dab5a64a38a,phenomsg,Hazardous\Hazardous\e-waste\cfl_app - Copy.jpg,C:\Users\trish\Desktop\smart-waste-segregation-ai\data\raw\phenomsg\Hazardous\Hazardous\e-waste\cfl_app - Copy.jpg
74,168eeea8a8d7797147c73089f915cbb39a54019323ac50ebe2198dab5a64a38a,phenomsg,Hazardous\Hazardous\e-waste\cfl_app.jpg,C:\Users\trish\Desktop\smart-waste-segregation-ai\data\raw\phenomsg\Hazardous\Hazardous\e-waste\cfl_app.jpg
75,5d837891e7224c4104c4be5a33d6342cb2dd0b712abb5d298a0446a649fcc511,phenomsg,Hazardous\Hazardous\e-waste\cfl_bulbs - Copy.jpg,C:\Users\trish\Desktop\smart-waste-segregation-ai\data\raw\phenomsg\Hazardous\Hazardous\e-waste\cfl_bulbs - Copy.jpg
75,5d837891e7224c4104c4be5a33d6342cb2dd0b712abb5d298a0446a649fcc511,phenomsg,Hazardous\Hazardous\e-waste\cfl_bulbs.jpg,C:\Users\trish\Desktop\smart-waste-segregation-ai\data\raw\phenomsg\Hazardous\Hazardous\e-waste\cfl_bulbs.jpg
76,44bd2642862828b814bd0f589ee346047b5f997fee0cc6c5d58717ed930158f8,phenomsg,Hazardous\Hazardous\e-waste\cfllightbulbs - Copy.jpg,C:\Users\trish\Desktop\smart-waste-segregation-ai\data\raw\phenomsg\Hazardous\Hazardous\e-waste\cfllightbulbs - Copy.jpg
76,44bd2642862828b814bd0f589ee346047b5f997fee0cc6c5d58717ed930158f8,phenomsg,Hazardous\Hazardous\e-waste\cfllightbulbs.jpg,C:\Users\trish\Desktop\smart-waste-segregation-ai\data\raw\phenomsg\Hazardous\Hazardous\e-waste\cfllightbulbs.jpg
77,74c113b47027aa29528d23dfd5ac262e15dc60cc748364ed161fca074282bdbe,phenomsg,Hazardous\Hazardous\e-waste\Challenges-and-Opportunities-in-Electronic-Waste-Management-in-India-SHAMI - Copy.jpg,C:\Users\trish\Desktop\smart-waste-segregation-ai\data\raw\phenomsg\Hazardous\Hazardous\e-waste\Challenges-and-Opportunities-in-Electronic-Waste-Management-in-India-SHAMI - Copy.jpg
77,74c113b47027aa29528d23dfd5ac262e15dc60cc748364ed161fca074282bdbe,phenomsg,Hazardous\Hazardous\e-waste\Challenges-and-Opportunities-in-Electronic-Waste-Management-in-India-SHAMI.jpg,C:\Users\trish\Desktop\smart-waste-segregation-ai\data\raw\phenomsg\Hazardous\Hazardous\e-waste\Challenges-and-Opportunities-in-Electronic-Waste-Management-in-India-SHAMI.jpg
78,be624f3884b3abf5236fa09da9c754a3e26408fffa08e575592e3f2b78426b87,phenomsg,Hazardous\Hazardous\e-waste\circuit-board-electronic-waste-for-recycling-with-selective-focus-main-board - Copy.jpg,C:\Users\trish\Desktop\smart-waste-segregation-ai\data\raw\phenomsg\Hazardous\Hazardous\e-waste\circuit-board-electronic-waste-for-recycling-with-selective-focus-main-board - Copy.jpg
78,be624f3884b3abf5236fa09da9c754a3e26408fffa08e575592e3f2b78426b87,phenomsg,Hazardous\Hazardous\e-waste\circuit-board-electronic-waste-for-recycling-with-selective-focus-main-board.jpg,C:\Users\trish\Desktop\smart-waste-segregation-ai\data\raw\phenomsg\Hazardous\Hazardous\e-waste\circuit-board-electronic-waste-for-recycling-with-selective-focus-main-board.jpg
79,aecf4f2aa2225dc5d1bc07773767737afc073fb465c4f09e497e214b833ddb20,phenomsg,Hazardous\Hazardous\e-waste\cling-bin-with-discarded-electrical-and-electronic-devices-such-as-277722974 - Copy.jpg,C:\Users\trish\Desktop\smart-waste-segregation-ai\data\raw\phenomsg\Hazardous\Hazardous\e-waste\cling-bin-with-discarded-electrical-and-electronic-devices-such-as-277722974 - Copy.jpg
79,aecf4f2aa2225dc5d1bc07773767737afc073fb465c4f09e497e214b833ddb20,phenomsg,Hazardous\Hazardous\e-waste\cling-bin-with-discarded-electrical-and-electronic-devices-such-as-277722974.jpg,C:\Users\trish\Desktop\smart-waste-segregation-ai\data\raw\phenomsg\Hazardous\Hazardous\e-waste\cling-bin-with-discarded-electrical-and-electronic-devices-such-as-277722974.jpg
80,1727c38d28cb18616a1ef035655e1c327809df67377f6176564e3b820405eb41,phenomsg,Hazardous\Hazardous\e-waste\close-up-shot-of-some-electronic-waste-E88KF4 - Copy.jpg,C:\Users\trish\Desktop\smart-waste-segregation-ai\data\raw\phenomsg\Hazardous\Hazardous\e-waste\close-up-shot-of-some-electronic-waste-E88KF4 - Copy.jpg
80,1727c38d28cb18616a1ef035655e1c327809df67377f6176564e3b820405eb41,phenomsg,Hazardous\Hazardous\e-waste\close-up-shot-of-some-electronic-waste-E88KF4.jpg,C:\Users\trish\Desktop\smart-waste-segregation-ai\data\raw\phenomsg\Hazardous\Hazardous\e-waste\close-up-shot-of-some-electronic-waste-E88KF4.jpg
81,94b758f31a4a88a412d01fbdaa7743d2a46bf859e34bbf0e253cb95042f2beb2,phenomsg,Hazardous\Hazardous\e-waste\Compact-Flourescent-Lighbulb - Copy.png,C:\Users\trish\Desktop\smart-waste-segregation-ai\data\raw\phenomsg\Hazardous\Hazardous\e-waste\Compact-Flourescent-Lighbulb - Copy.png
81,94b758f31a4a88a412d01fbdaa7743d2a46bf859e34bbf0e253cb95042f2beb2,phenomsg,Hazardous\Hazardous\e-waste\Compact-Flourescent-Lighbulb.png,C:\Users\trish\Desktop\smart-waste-segregation-ai\data\raw\phenomsg\Hazardous\Hazardous\e-waste\Compact-Flourescent-Lighbulb.png
82,1a7b2e47bfc1a017828dda42462c9755e2da289ad4116c600bafe5e0da1b8823,phenomsg,Hazardous\Hazardous\e-waste\Compact-fluorescent-lamps - Copy.jpg,C:\Users\trish\Desktop\smart-waste-segregation-ai\data\raw\phenomsg\Hazardous\Hazardous\e-waste\Compact-fluorescent-lamps - Copy.jpg
82,1a7b2e47bfc1a017828dda42462c9755e2da289ad4116c600bafe5e0da1b8823,phenomsg,Hazardous\Hazardous\e-waste\Compact-fluorescent-lamps.jpg,C:\Users\trish\Desktop\smart-waste-segregation-ai\data\raw\phenomsg\Hazardous\Hazardous\e-waste\Compact-fluorescent-lamps.jpg
83,94cd027086bbad49d5662df5ae6021c5146754387e35a6586537475d1e9409d8,phenomsg,Hazardous\Hazardous\e-waste\compact-fluorescent-light-bulb-vector-3890 - Copy.jpg,C:\Users\trish\Desktop\smart-waste-segregation-ai\data\raw\phenomsg\Hazardous\Hazardous\e-waste\compact-fluorescent-light-bulb-vector-3890 - Copy.jpg
83,94cd027086bbad49d5662df5ae6021c5146754387e35a6586537475d1e9409d8,phenomsg,Hazardous\Hazardous\e-waste\compact-fluorescent-light-bulb-vector-3890.jpg,C:\Users\trish\Desktop\smart-waste-segregation-ai\data\raw\phenomsg\Hazardous\Hazardous\e-waste\compact-fluorescent-light-bulb-vector-3890.jpg
84,f592e351da9722f36985af9d7d437a6012785b42be04a78e28ba6f973244d9fd,phenomsg,Hazardous\Hazardous\e-waste\compact-fluorescent-light-bulbs-with-typical-color-temperatures-vector-HGPGPK - Copy.jpg,C:\Users\trish\Desktop\smart-waste-segregation-ai\data\raw\phenomsg\Hazardous\Hazardous\e-waste\compact-fluorescent-light-bulbs-with-typical-color-temperatures-vector-HGPGPK - Copy.jpg
84,f592e351da9722f36985af9d7d437a6012785b42be04a78e28ba6f973244d9fd,phenomsg,Hazardous\Hazardous\e-waste\compact-fluorescent-light-bulbs-with-typical-color-temperatures-vector-HGPGPK.jpg,C:\Users\trish\Desktop\smart-waste-segregation-ai\data\raw\phenomsg\Hazardous\Hazardous\e-waste\compact-fluorescent-light-bulbs-with-typical-color-temperatures-vector-HGPGPK.jpg
85,13f76e9ea121c601f3585fa906cca4b92efb07fb1460430e4c224d2f7ed9e34a,phenomsg,Hazardous\Hazardous\e-waste\Compact_fluorescent_light_bulb_with_GU24_connector - Copy.png,C:\Users\trish\Desktop\smart-waste-segregation-ai\data\raw\phenomsg\Hazardous\Hazardous\e-waste\Compact_fluorescent_light_bulb_with_GU24_connector - Copy.png
85,13f76e9ea121c601f3585fa906cca4b92efb07fb1460430e4c224d2f7ed9e34a,phenomsg,Hazardous\Hazardous\e-waste\Compact_fluorescent_light_bulb_with_GU24_connector.png,C:\Users\trish\Desktop\smart-waste-segregation-ai\data\raw\phenomsg\Hazardous\Hazardous\e-waste\Compact_fluorescent_light_bulb_with_GU24_connector.png
86,c6e54b7aa823e03c3af45f829bdcc7e3b43721fca15168311454b51ec0bcd4e5,phenomsg,Hazardous\Hazardous\e-waste\computer-electronic-waste-29637446 - Copy.jpg,C:\Users\trish\Desktop\smart-waste-segregation-ai\data\raw\phenomsg\Hazardous\Hazardous\e-waste\computer-electronic-waste-29637446 - Copy.jpg
86,c6e54b7aa823e03c3af45f829bdcc7e3b43721fca15168311454b51ec0bcd4e5,phenomsg,Hazardous\Hazardous\e-waste\computer-electronic-waste-29637446.jpg,C:\Users\trish\Desktop\smart-waste-segregation-ai\data\raw\phenomsg\Hazardous\Hazardous\e-waste\computer-electronic-waste-29637446.jpg
87,d23592718622688717d91d7944af7e1322a14f5796d46f725f30e96c41554f19,phenomsg,Hazardous\Hazardous\e-waste\crompton-bulbs-and-cfls-19-08-2021-975-240174309-zjbfq - Copy.png,C:\Users\trish\Desktop\smart-waste-segregation-ai\data\raw\phenomsg\Hazardous\Hazardous\e-waste\crompton-bulbs-and-cfls-19-08-2021-975-240174309-zjbfq - Copy.png
87,d23592718622688717d91d7944af7e1322a14f5796d46f725f30e96c41554f19,phenomsg,Hazardous\Hazardous\e-waste\crompton-bulbs-and-cfls-19-08-2021-975-240174309-zjbfq.png,C:\Users\trish\Desktop\smart-waste-segregation-ai\data\raw\phenomsg\Hazardous\Hazardous\e-waste\crompton-bulbs-and-cfls-19-08-2021-975-240174309-zjbfq.png
88,e29bb3bf6faa0f9a9612e783bc8a70e5237ce5af9d8651f920fc5fc6d5652c81,phenomsg,Hazardous\Hazardous\e-waste\db4789b29626 - Copy.jpg,C:\Users\trish\Desktop\smart-waste-segregation-ai\data\raw\phenomsg\Hazardous\Hazardous\e-waste\db4789b29626 - Copy.jpg
88,e29bb3bf6faa0f9a9612e783bc8a70e5237ce5af9d8651f920fc5fc6d5652c81,phenomsg,Hazardous\Hazardous\e-waste\db4789b29626.jpg,C:\Users\trish\Desktop\smart-waste-segregation-ai\data\raw\phenomsg\Hazardous\Hazardous\e-waste\db4789b29626.jpg
89,22314af1409fd056e3ed9f9ec62e35a2c2b00e41d93c0fcc54abe5f6d588d0f4,phenomsg,Hazardous\Hazardous\e-waste\depositphotos_30453211-stock-photo-modern-electronic-waste - Copy.jpg,C:\Users\trish\Desktop\smart-waste-segregation-ai\data\raw\phenomsg\Hazardous\Hazardous\e-waste\depositphotos_30453211-stock-photo-modern-electronic-waste - Copy.jpg
89,22314af1409fd056e3ed9f9ec62e35a2c2b00e41d93c0fcc54abe5f6d588d0f4,phenomsg,Hazardous\Hazardous\e-waste\depositphotos_30453211-stock-photo-modern-electronic-waste.jpg,C:\Users\trish\Desktop\smart-waste-segregation-ai\data\raw\phenomsg\Hazardous\Hazardous\e-waste\depositphotos_30453211-stock-photo-modern-electronic-waste.jpg
90,917da1337fc94dcd8ed01d8587ac985157c23c7c4ae4f55749b396fce11c24b5,phenomsg,Hazardous\Hazardous\e-waste\depositphotos_38625459-stock-photo-incandescent-compact-fluorescent-halogen-lamps - Copy.jpg,C:\Users\trish\Desktop\smart-waste-segregation-ai\data\raw\phenomsg\Hazardous\Hazardous\e-waste\depositphotos_38625459-stock-photo-incandescent-compact-fluorescent-halogen-lamps - Copy.jpg
90,917da1337fc94dcd8ed01d8587ac985157c23c7c4ae4f55749b396fce11c24b5,phenomsg,Hazardous\Hazardous\e-waste\depositphotos_38625459-stock-photo-incandescent-compact-fluorescent-halogen-lamps.jpg,C:\Users\trish\Desktop\smart-waste-segregation-ai\data\raw\phenomsg\Hazardous\Hazardous\e-waste\depositphotos_38625459-stock-photo-incandescent-compact-fluorescent-halogen-lamps.jpg
91,93345c27b64c87903f35f04b1aae4be5674e1b059e01bd29f431b377625b820d,phenomsg,Hazardous\Hazardous\e-waste\detail_th_lightbulbs_cfl_content.jpg - Copy.jpg,C:\Users\trish\Desktop\smart-waste-segregation-ai\data\raw\phenomsg\Hazardous\Hazardous\e-waste\detail_th_lightbulbs_cfl_content.jpg - Copy.jpg
91,93345c27b64c87903f35f04b1aae4be5674e1b059e01bd29f431b377625b820d,phenomsg,Hazardous\Hazardous\e-waste\detail_th_lightbulbs_cfl_content.jpg.jpg,C:\Users\trish\Desktop\smart-waste-segregation-ai\data\raw\phenomsg\Hazardous\Hazardous\e-waste\detail_th_lightbulbs_cfl_content.jpg.jpg
92,24f3f57e6b6bc6bd1b34a1c308d9a6f9e5e2e0c5765b74014ca638ad8399d759,phenomsg,Hazardous\Hazardous\e-waste\disposing-lightbulbs-batteries - Copy.jpg,C:\Users\trish\Desktop\smart-waste-segregation-ai\data\raw\phenomsg\Hazardous\Hazardous\e-waste\disposing-lightbulbs-batteries - Copy.jpg
92,24f3f57e6b6bc6bd1b34a1c308d9a6f9e5e2e0c5765b74014ca638ad8399d759,phenomsg,Hazardous\Hazardous\e-waste\disposing-lightbulbs-batteries.jpg,C:\Users\trish\Desktop\smart-waste-segregation-ai\data\raw\phenomsg\Hazardous\Hazardous\e-waste\disposing-lightbulbs-batteries.jpg
93,125dfea56984f72773880247ec7835896148e635ddd0e366a12282f3aadf4453,phenomsg,Hazardous\Hazardous\e-waste\Dont-Trash-fluorescent-bulbs - Copy.png,C:\Users\trish\Desktop\smart-waste-segregation-ai\data\raw\phenomsg\Hazardous\Hazardous\e-waste\Dont-Trash-fluorescent-bulbs - Copy.png
93,125dfea56984f72773880247ec7835896148e635ddd0e366a12282f3aadf4453,phenomsg,Hazardous\Hazardous\e-waste\Dont-Trash-fluorescent-bulbs.png,C:\Users\trish\Desktop\smart-waste-segregation-ai\data\raw\phenomsg\Hazardous\Hazardous\e-waste\Dont-Trash-fluorescent-bulbs.png
94,b009e0640a1a8c1373fca00c3ae5b9e7c546f571968161282320d83ea9143f7f,phenomsg,Hazardous\Hazardous\e-waste\e-inside-green-recycling-symbol-e-waste-concept-illustration-with-1118223065 - Copy.jpg,C:\Users\trish\Desktop\smart-waste-segregation-ai\data\raw\phenomsg\Hazardous\Hazardous\e-waste\e-inside-green-recycling-symbol-e-waste-concept-illustration-with-1118223065 - Copy.jpg
94,b009e0640a1a8c1373fca00c3ae5b9e7c546f571968161282320d83ea9143f7f,phenomsg,Hazardous\Hazardous\e-waste\e-inside-green-recycling-symbol-e-waste-concept-illustration-with-1118223065.jpg,C:\Users\trish\Desktop\smart-waste-segregation-ai\data\raw\phenomsg\Hazardous\Hazardous\e-waste\e-inside-green-recycling-symbol-e-waste-concept-illustration-with-1118223065.jpg
95,537eb02c952763163922838c710d7497aefc6a43f590045346d75e1eff6b6c47,phenomsg,Hazardous\Hazardous\e-waste\e-schrott2 - Copy.jpg,C:\Users\trish\Desktop\smart-waste-segregation-ai\data\raw\phenomsg\Hazardous\Hazardous\e-waste\e-schrott2 - Copy.jpg
95,537eb02c952763163922838c710d7497aefc6a43f590045346d75e1eff6b6c47,phenomsg,Hazardous\Hazardous\e-waste\e-schrott2.jpg,C:\Users\trish\Desktop\smart-waste-segregation-ai\data\raw\phenomsg\Hazardous\Hazardous\e-waste\e-schrott2.jpg
96,5646f63dce2e5252105f3119f3e3da2ffe7b2d707170eec37d5db9857009aae9,phenomsg,Hazardous\Hazardous\e-waste\E-Waste - Copy.jpg,C:\Users\trish\Desktop\smart-waste-segregation-ai\data\raw\phenomsg\Hazardous\Hazardous\e-waste\E-Waste - Copy.jpg
96,5646f63dce2e5252105f3119f3e3da2ffe7b2d707170eec37d5db9857009aae9,phenomsg,Hazardous\Hazardous\e-waste\E-Waste.jpg,C:\Users\trish\Desktop\smart-waste-segregation-ai\data\raw\phenomsg\Hazardous\Hazardous\e-waste\E-Waste.jpg
97,831e9f93e4c462b47752194ea2886e480865380c79bac0f785b0342f4851d02c,phenomsg,Hazardous\Hazardous\e-waste\E-waste - Copy.png,C:\Users\trish\Desktop\smart-waste-segregation-ai\data\raw\phenomsg\Hazardous\Hazardous\e-waste\E-waste - Copy.png
97,831e9f93e4c462b47752194ea2886e480865380c79bac0f785b0342f4851d02c,phenomsg,Hazardous\Hazardous\e-waste\E-waste.png,C:\Users\trish\Desktop\smart-waste-segregation-ai\data\raw\phenomsg\Hazardous\Hazardous\e-waste\E-waste.png
98,b7798caa638908cd47a3b14a8e17df4baafe9d44a688892a39449912022299be,phenomsg,Hazardous\Hazardous\e-waste\e-waste-2049017_1280 - Copy.jpg,C:\Users\trish\Desktop\smart-waste-segregation-ai\data\raw\phenomsg\Hazardous\Hazardous\e-waste\e-waste-2049017_1280 - Copy.jpg
98,b7798caa638908cd47a3b14a8e17df4baafe9d44a688892a39449912022299be,phenomsg,Hazardous\Hazardous\e-waste\e-waste-2049017_1280.jpg,C:\Users\trish\Desktop\smart-waste-segregation-ai\data\raw\phenomsg\Hazardous\Hazardous\e-waste\e-waste-2049017_1280.jpg
99,14520db5c9dc24f727ce1038da7b591f25b05afe873b29ebdb239aac90c72da6,phenomsg,Hazardous\Hazardous\e-waste\e-waste-3 - Copy.jpg,C:\Users\trish\Desktop\smart-waste-segregation-ai\data\raw\phenomsg\Hazardous\Hazardous\e-waste\e-waste-3 - Copy.jpg
99,14520db5c9dc24f727ce1038da7b591f25b05afe873b29ebdb239aac90c72da6,phenomsg,Hazardous\Hazardous\e-waste\e-waste-3.jpg,C:\Users\trish\Desktop\smart-waste-segregation-ai\data\raw\phenomsg\Hazardous\Hazardous\e-waste\e-waste-3.jpg
100,93069e92dfd0eadc392beb30ff79850a560a87a51b8bad87dd4c88ce0da0af76,phenomsg,Hazardous\Hazardous\e-waste\e-waste-e-waste-old-mobile-phones-battery-isolated-white-background-177536164 - Copy.jpg,C:\Users\trish\Desktop\smart-waste-segregation-ai\data\raw\phenomsg\Hazardous\Hazardous\e-waste\e-waste-e-waste-old-mobile-phones-battery-isolated-white-background-177536164 - Copy.jpg
100,93069e92dfd0eadc392beb30ff79850a560a87a51b8bad87dd4c88ce0da0af76,phenomsg,Hazardous\Hazardous\e-waste\e-waste-e-waste-old-mobile-phones-battery-isolated-white-background-177536164.jpg,C:\Users\trish\Desktop\smart-waste-segregation-ai\data\raw\phenomsg\Hazardous\Hazardous\e-waste\e-waste-e-waste-old-mobile-phones-battery-isolated-white-background-177536164.jpg
101,360cd90c7595dcfc3771d8c3809515c98dce063226963dc39265470d3bc5c40e,phenomsg,Hazardous\Hazardous\e-waste\e-waste-electronic-waste-recycling-and-management - Copy.jpg,C:\Users\trish\Desktop\smart-waste-segregation-ai\data\raw\phenomsg\Hazardous\Hazardous\e-waste\e-waste-electronic-waste-recycling-and-management - Copy.jpg
101,360cd90c7595dcfc3771d8c3809515c98dce063226963dc39265470d3bc5c40e,phenomsg,Hazardous\Hazardous\e-waste\e-waste-electronic-waste-recycling-and-management.jpg,C:\Users\trish\Desktop\smart-waste-segregation-ai\data\raw\phenomsg\Hazardous\Hazardous\e-waste\e-waste-electronic-waste-recycling-and-management.jpg
102,776f85b073f1a446219e77fba00c4387577cead6ec11ccc57a6cd98123e4fc76,phenomsg,Hazardous\Hazardous\e-waste\e-waste-lg-238744418 - Copy.jpg,C:\Users\trish\Desktop\smart-waste-segregation-ai\data\raw\phenomsg\Hazardous\Hazardous\e-waste\e-waste-lg-238744418 - Copy.jpg
102,776f85b073f1a446219e77fba00c4387577cead6ec11ccc57a6cd98123e4fc76,phenomsg,Hazardous\Hazardous\e-waste\e-waste-lg-238744418.jpg,C:\Users\trish\Desktop\smart-waste-segregation-ai\data\raw\phenomsg\Hazardous\Hazardous\e-waste\e-waste-lg-238744418.jpg
103,f8fef0b8be4b02686d10ccf3963cbc16c35b205c2d6017395c3f0de7ff987ae7,phenomsg,Hazardous\Hazardous\e-waste\E-Waste-Management-in-India - Copy.jpg,C:\Users\trish\Desktop\smart-waste-segregation-ai\data\raw\phenomsg\Hazardous\Hazardous\e-waste\E-Waste-Management-in-India - Copy.jpg
103,f8fef0b8be4b02686d10ccf3963cbc16c35b205c2d6017395c3f0de7ff987ae7,phenomsg,Hazardous\Hazardous\e-waste\E-Waste-Management-in-India.jpg,C:\Users\trish\Desktop\smart-waste-segregation-ai\data\raw\phenomsg\Hazardous\Hazardous\e-waste\E-Waste-Management-in-India.jpg
104,5aac616a36f06e6727d92f0c3d0e2e37c6e57608d323d5f03280fb57a4088daf,phenomsg,Hazardous\Hazardous\e-waste\E-Waste-Management-in-India-2016-Rules-Challenges-upsc-ias-essay3-e1559907374322 - Copy.jpg,C:\Users\trish\Desktop\smart-waste-segregation-ai\data\raw\phenomsg\Hazardous\Hazardous\e-waste\E-Waste-Management-in-India-2016-Rules-Challenges-upsc-ias-essay3-e1559907374322 - Copy.jpg
104,5aac616a36f06e6727d92f0c3d0e2e37c6e57608d323d5f03280fb57a4088daf,phenomsg,Hazardous\Hazardous\e-waste\E-Waste-Management-in-India-2016-Rules-Challenges-upsc-ias-essay3-e1559907374322.jpg,C:\Users\trish\Desktop\smart-waste-segregation-ai\data\raw\phenomsg\Hazardous\Hazardous\e-waste\E-Waste-Management-in-India-2016-Rules-Challenges-upsc-ias-essay3-e1559907374322.jpg
105,2f559a5fcc803b55d2bd703b9e9fbbedd5e91de94cde772d3edc98d4c63aa6a1,phenomsg,Hazardous\Hazardous\e-waste\e-waste-policy-recast-to-focus-on-no-of-products-recycled - Copy.jpg,C:\Users\trish\Desktop\smart-waste-segregation-ai\data\raw\phenomsg\Hazardous\Hazardous\e-waste\e-waste-policy-recast-to-focus-on-no-of-products-recycled - Copy.jpg
105,2f559a5fcc803b55d2bd703b9e9fbbedd5e91de94cde772d3edc98d4c63aa6a1,phenomsg,Hazardous\Hazardous\e-waste\e-waste-policy-recast-to-focus-on-no-of-products-recycled.jpg,C:\Users\trish\Desktop\smart-waste-segregation-ai\data\raw\phenomsg\Hazardous\Hazardous\e-waste\e-waste-policy-recast-to-focus-on-no-of-products-recycled.jpg
106,00ea860dab7fb4430eb818f0bf00a17aa1a16bec02a5e2b82978fabf8897f1a2,phenomsg,Hazardous\Hazardous\e-waste\e-waste-process - Copy.jpg,C:\Users\trish\Desktop\smart-waste-segregation-ai\data\raw\phenomsg\Hazardous\Hazardous\e-waste\e-waste-process - Copy.jpg
106,00ea860dab7fb4430eb818f0bf00a17aa1a16bec02a5e2b82978fabf8897f1a2,phenomsg,Hazardous\Hazardous\e-waste\e-waste-process.jpg,C:\Users\trish\Desktop\smart-waste-segregation-ai\data\raw\phenomsg\Hazardous\Hazardous\e-waste\e-waste-process.jpg
107,7cc129442932a971cada00851e2a547223a20bab0c7a9f997e5b9a5411694570,phenomsg,Hazardous\Hazardous\e-waste\e-waste-recycling-law-1 - Copy.jpg,C:\Users\trish\Desktop\smart-waste-segregation-ai\data\raw\phenomsg\Hazardous\Hazardous\e-waste\e-waste-recycling-law-1 - Copy.jpg
107,7cc129442932a971cada00851e2a547223a20bab0c7a9f997e5b9a5411694570,phenomsg,Hazardous\Hazardous\e-waste\e-waste-recycling-law-1.jpg,C:\Users\trish\Desktop\smart-waste-segregation-ai\data\raw\phenomsg\Hazardous\Hazardous\e-waste\e-waste-recycling-law-1.jpg
108,56c7158ac11c1edeb86ca8e2466ce8be0b71d51e11a5dd7aba9bda978ceb5191,phenomsg,Hazardous\Hazardous\e-waste\e-waste2 - Copy.jpg,C:\Users\trish\Desktop\smart-waste-segregation-ai\data\raw\phenomsg\Hazardous\Hazardous\e-waste\e-waste2 - Copy.jpg
108,56c7158ac11c1edeb86ca8e2466ce8be0b71d51e11a5dd7aba9bda978ceb5191,phenomsg,Hazardous\Hazardous\e-waste\e-waste2.jpg,C:\Users\trish\Desktop\smart-waste-segregation-ai\data\raw\phenomsg\Hazardous\Hazardous\e-waste\e-waste2.jpg
109,023425556df4e512b4b614312c63a65b8209344408758f28a66011ff18dcda8f,phenomsg,Hazardous\Hazardous\e-waste\E-Waste20types-493414483 - Copy.jpg,C:\Users\trish\Desktop\smart-waste-segregation-ai\data\raw\phenomsg\Hazardous\Hazardous\e-waste\E-Waste20types-493414483 - Copy.jpg
109,023425556df4e512b4b614312c63a65b8209344408758f28a66011ff18dcda8f,phenomsg,Hazardous\Hazardous\e-waste\E-Waste20types-493414483.jpg,C:\Users\trish\Desktop\smart-waste-segregation-ai\data\raw\phenomsg\Hazardous\Hazardous\e-waste\E-Waste20types-493414483.jpg
110,ca3e4e73976355481af6a7f4d421762b8e82d123a4a028759ffac8b67eefc4ef,phenomsg,Hazardous\Hazardous\e-waste\E-Waste20Wednesday20-20Waste20Reduction20Week202022 - Copy.png,C:\Users\trish\Desktop\smart-waste-segregation-ai\data\raw\phenomsg\Hazardous\Hazardous\e-waste\E-Waste20Wednesday20-20Waste20Reduction20Week202022 - Copy.png
110,ca3e4e73976355481af6a7f4d421762b8e82d123a4a028759ffac8b67eefc4ef,phenomsg,Hazardous\Hazardous\e-waste\E-Waste20Wednesday20-20Waste20Reduction20Week202022.png,C:\Users\trish\Desktop\smart-waste-segregation-ai\data\raw\phenomsg\Hazardous\Hazardous\e-waste\E-Waste20Wednesday20-20Waste20Reduction20Week202022.png
111,9f16ac96c1b6c60edb8637b47c8492823ee9b02bb03097f11e5dc488130c193a,phenomsg,Hazardous\Hazardous\e-waste\e-waste3 - Copy.jpg,C:\Users\trish\Desktop\smart-waste-segregation-ai\data\raw\phenomsg\Hazardous\Hazardous\e-waste\e-waste3 - Copy.jpg
111,9f16ac96c1b6c60edb8637b47c8492823ee9b02bb03097f11e5dc488130c193a,phenomsg,Hazardous\Hazardous\e-waste\e-waste3.jpg,C:\Users\trish\Desktop\smart-waste-segregation-ai\data\raw\phenomsg\Hazardous\Hazardous\e-waste\e-waste3.jpg
112,a1e45217b03e006250df005f7eab86cd4305e63965b5ed98668360885e7d2aa6,phenomsg,Hazardous\Hazardous\e-waste\e-waste4 - Copy.jpg,C:\Users\trish\Desktop\smart-waste-segregation-ai\data\raw\phenomsg\Hazardous\Hazardous\e-waste\e-waste4 - Copy.jpg
112,a1e45217b03e006250df005f7eab86cd4305e63965b5ed98668360885e7d2aa6,phenomsg,Hazardous\Hazardous\e-waste\e-waste4.jpg,C:\Users\trish\Desktop\smart-waste-segregation-ai\data\raw\phenomsg\Hazardous\Hazardous\e-waste\e-waste4.jpg
113,f2e9d73efcff3dc5ec6db1c76808e71d624ae54782343a4ca785b7897925a52c,phenomsg,Hazardous\Hazardous\e-waste\E-Waste_Landfill - Copy.jpg,C:\Users\trish\Desktop\smart-waste-segregation-ai\data\raw\phenomsg\Hazardous\Hazardous\e-waste\E-Waste_Landfill - Copy.jpg
113,f2e9d73efcff3dc5ec6db1c76808e71d624ae54782343a4ca785b7897925a52c,phenomsg,Hazardous\Hazardous\e-waste\E-Waste_Landfill.jpg,C:\Users\trish\Desktop\smart-waste-segregation-ai\data\raw\phenomsg\Hazardous\Hazardous\e-waste\E-Waste_Landfill.jpg
114,68d93ed64f24d2f731d034c2b087bf56cf27a2309e9b1b52bc324b95ec5aa612,phenomsg,Hazardous\Hazardous\e-waste\e_waste_1572334975 - Copy.jpg,C:\Users\trish\Desktop\smart-waste-segregation-ai\data\raw\phenomsg\Hazardous\Hazardous\e-waste\e_waste_1572334975 - Copy.jpg
114,68d93ed64f24d2f731d034c2b087bf56cf27a2309e9b1b52bc324b95ec5aa612,phenomsg,Hazardous\Hazardous\e-waste\e_waste_1572334975.jpg,C:\Users\trish\Desktop\smart-waste-segregation-ai\data\raw\phenomsg\Hazardous\Hazardous\e-waste\e_waste_1572334975.jpg
115,8db8bfdcdb5334fc34214d28dc9c53fed39ffe0d74008ed7ae214fd369082270,phenomsg,Hazardous\Hazardous\e-waste\e_waste_1572344183_725x725 - Copy.jpg,C:\Users\trish\Desktop\smart-waste-segregation-ai\data\raw\phenomsg\Hazardous\Hazardous\e-waste\e_waste_1572344183_725x725 - Copy.jpg
115,8db8bfdcdb5334fc34214d28dc9c53fed39ffe0d74008ed7ae214fd369082270,phenomsg,Hazardous\Hazardous\e-waste\e_waste_1572344183_725x725.jpg,C:\Users\trish\Desktop\smart-waste-segregation-ai\data\raw\phenomsg\Hazardous\Hazardous\e-waste\e_waste_1572344183_725x725.jpg
116,2c75f2f93c40795a0ab6d44f4f3cf691f09179856424dcf744eb8a0ade235b2f,phenomsg,Hazardous\Hazardous\e-waste\e_waste_660_062019115620 - Copy.jpg,C:\Users\trish\Desktop\smart-waste-segregation-ai\data\raw\phenomsg\Hazardous\Hazardous\e-waste\e_waste_660_062019115620 - Copy.jpg
116,2c75f2f93c40795a0ab6d44f4f3cf691f09179856424dcf744eb8a0ade235b2f,phenomsg,Hazardous\Hazardous\e-waste\e_waste_660_062019115620.jpg,C:\Users\trish\Desktop\smart-waste-segregation-ai\data\raw\phenomsg\Hazardous\Hazardous\e-waste\e_waste_660_062019115620.jpg
117,ae8648a24cfd90763cdb196e117a8685f3929c4a0b21cbdcaeaa1e40b537c47d,phenomsg,Hazardous\Hazardous\e-waste\ectric-lighting-types-incandescent-light-bulb-halogen-lamp-cfl-and-573739525 - Copy.jpg,C:\Users\trish\Desktop\smart-waste-segregation-ai\data\raw\phenomsg\Hazardous\Hazardous\e-waste\ectric-lighting-types-incandescent-light-bulb-halogen-lamp-cfl-and-573739525 - Copy.jpg
117,ae8648a24cfd90763cdb196e117a8685f3929c4a0b21cbdcaeaa1e40b537c47d,phenomsg,Hazardous\Hazardous\e-waste\ectric-lighting-types-incandescent-light-bulb-halogen-lamp-cfl-and-573739525.jpg,C:\Users\trish\Desktop\smart-waste-segregation-ai\data\raw\phenomsg\Hazardous\Hazardous\e-waste\ectric-lighting-types-incandescent-light-bulb-halogen-lamp-cfl-and-573739525.jpg
118,c84ad2877a7b58e7f141953135858a8e87e23b0c53382822ffa54a78c121a51d,phenomsg,Hazardous\Hazardous\e-waste\ectronic-gadgets-devices-on-white-table-e-waste-planned-obsolescence-2KF1CDY - Copy.jpg,C:\Users\trish\Desktop\smart-waste-segregation-ai\data\raw\phenomsg\Hazardous\Hazardous\e-waste\ectronic-gadgets-devices-on-white-table-e-waste-planned-obsolescence-2KF1CDY - Copy.jpg
118,c84ad2877a7b58e7f141953135858a8e87e23b0c53382822ffa54a78c121a51d,phenomsg,Hazardous\Hazardous\e-waste\ectronic-gadgets-devices-on-white-table-e-waste-planned-obsolescence-2KF1CDY.jpg,C:\Users\trish\Desktop\smart-waste-segregation-ai\data\raw\phenomsg\Hazardous\Hazardous\e-waste\ectronic-gadgets-devices-on-white-table-e-waste-planned-obsolescence-2KF1CDY.jpg
119,41b24f7b3877e49450be93bf53ac5b681795432669c1edc6a308f6d6bc179396,phenomsg,Hazardous\Hazardous\e-waste\electonic-waste - Copy.jpg,C:\Users\trish\Desktop\smart-waste-segregation-ai\data\raw\phenomsg\Hazardous\Hazardous\e-waste\electonic-waste - Copy.jpg
119,41b24f7b3877e49450be93bf53ac5b681795432669c1edc6a308f6d6bc179396,phenomsg,Hazardous\Hazardous\e-waste\electonic-waste.jpg,C:\Users\trish\Desktop\smart-waste-segregation-ai\data\raw\phenomsg\Hazardous\Hazardous\e-waste\electonic-waste.jpg
120,4828edf3a8a14dc55310c6708581101b1c796e29b6f2c00247817deead2bd396,phenomsg,Hazardous\Hazardous\e-waste\electrical-electronic-waste-1 - Copy.jpg,C:\Users\trish\Desktop\smart-waste-segregation-ai\data\raw\phenomsg\Hazardous\Hazardous\e-waste\electrical-electronic-waste-1 - Copy.jpg
120,4828edf3a8a14dc55310c6708581101b1c796e29b6f2c00247817deead2bd396,phenomsg,Hazardous\Hazardous\e-waste\electrical-electronic-waste-1.jpg,C:\Users\trish\Desktop\smart-waste-segregation-ai\data\raw\phenomsg\Hazardous\Hazardous\e-waste\electrical-electronic-waste-1.jpg
121,7cd9fbbd46e4fcab0f156bd7e640850908239f13cd7ec4402a6871ccb53fb038,phenomsg,Hazardous\Hazardous\e-waste\electronic-recycling - Copy.jpg,C:\Users\trish\Desktop\smart-waste-segregation-ai\data\raw\phenomsg\Hazardous\Hazardous\e-waste\electronic-recycling - Copy.jpg
121,7cd9fbbd46e4fcab0f156bd7e640850908239f13cd7ec4402a6871ccb53fb038,phenomsg,Hazardous\Hazardous\e-waste\electronic-recycling.jpg,C:\Users\trish\Desktop\smart-waste-segregation-ai\data\raw\phenomsg\Hazardous\Hazardous\e-waste\electronic-recycling.jpg
122,d9e5e766f09fe49a01aca73cc99d7d6d6310f43bb7fb2310ae08915e2a5e07e8,phenomsg,Hazardous\Hazardous\e-waste\electronic-waste - Copy.jpg,C:\Users\trish\Desktop\smart-waste-segregation-ai\data\raw\phenomsg\Hazardous\Hazardous\e-waste\electronic-waste - Copy.jpg
122,d9e5e766f09fe49a01aca73cc99d7d6d6310f43bb7fb2310ae08915e2a5e07e8,phenomsg,Hazardous\Hazardous\e-waste\electronic-waste.jpg,C:\Users\trish\Desktop\smart-waste-segregation-ai\data\raw\phenomsg\Hazardous\Hazardous\e-waste\electronic-waste.jpg
123,dceff67100008b32d64980cb39b80863ccb550fd145d1ab4b495687fea0d74ab,phenomsg,Hazardous\Hazardous\e-waste\Electronic-waste-1 - Copy.png,C:\Users\trish\Desktop\smart-waste-segregation-ai\data\raw\phenomsg\Hazardous\Hazardous\e-waste\Electronic-waste-1 - Copy.png
123,dceff67100008b32d64980cb39b80863ccb550fd145d1ab4b495687fea0d74ab,phenomsg,Hazardous\Hazardous\e-waste\Electronic-waste-1.png,C:\Users\trish\Desktop\smart-waste-segregation-ai\data\raw\phenomsg\Hazardous\Hazardous\e-waste\Electronic-waste-1.png
124,4d21741a23809b256430fa74bfe255f0e6f851675bca51e42825ee1f72d85a0a,phenomsg,Hazardous\Hazardous\e-waste\electronic-waste-collection-center-subsequent-recycling-circular-economy_761147-84 - Copy.jpg,C:\Users\trish\Desktop\smart-waste-segregation-ai\data\raw\phenomsg\Hazardous\Hazardous\e-waste\electronic-waste-collection-center-subsequent-recycling-circular-economy_761147-84 - Copy.jpg
124,4d21741a23809b256430fa74bfe255f0e6f851675bca51e42825ee1f72d85a0a,phenomsg,Hazardous\Hazardous\e-waste\electronic-waste-collection-center-subsequent-recycling-circular-economy_761147-84.jpg,C:\Users\trish\Desktop\smart-waste-segregation-ai\data\raw\phenomsg\Hazardous\Hazardous\e-waste\electronic-waste-collection-center-subsequent-recycling-circular-economy_761147-84.jpg
125,066ac892382e2fa818deee00987c27ebaf3cc7d382a8e4ce261fd55e440839cc,phenomsg,Hazardous\Hazardous\e-waste\electronic-waste-disposal - Copy.jpg,C:\Users\trish\Desktop\smart-waste-segregation-ai\data\raw\phenomsg\Hazardous\Hazardous\e-waste\electronic-waste-disposal - Copy.jpg
125,066ac892382e2fa818deee00987c27ebaf3cc7d382a8e4ce261fd55e440839cc,phenomsg,Hazardous\Hazardous\e-waste\electronic-waste-disposal.jpg,C:\Users\trish\Desktop\smart-waste-segregation-ai\data\raw\phenomsg\Hazardous\Hazardous\e-waste\electronic-waste-disposal.jpg
126,3b5fe347018fd811e9eb46ee94ff9609771f1014c834f4ca96d2c41f1a9b81ff,phenomsg,Hazardous\Hazardous\e-waste\electronic-waste-e-waste - Copy.jpg,C:\Users\trish\Desktop\smart-waste-segregation-ai\data\raw\phenomsg\Hazardous\Hazardous\e-waste\electronic-waste-e-waste - Copy.jpg
126,3b5fe347018fd811e9eb46ee94ff9609771f1014c834f4ca96d2c41f1a9b81ff,phenomsg,Hazardous\Hazardous\e-waste\electronic-waste-e-waste.jpg,C:\Users\trish\Desktop\smart-waste-segregation-ai\data\raw\phenomsg\Hazardous\Hazardous\e-waste\electronic-waste-e-waste.jpg
127,720a469310a4d8187712f3cf35e9c2c03d744c116a3d91f77c1d6055bd7a56d9,phenomsg,Hazardous\Hazardous\e-waste\electronic-waste-e-waste-167412842216x9 - Copy.jpg,C:\Users\trish\Desktop\smart-waste-segregation-ai\data\raw\phenomsg\Hazardous\Hazardous\e-waste\electronic-waste-e-waste-167412842216x9 - Copy.jpg
127,720a469310a4d8187712f3cf35e9c2c03d744c116a3d91f77c1d6055bd7a56d9,phenomsg,Hazardous\Hazardous\e-waste\electronic-waste-e-waste-167412842216x9.jpg,C:\Users\trish\Desktop\smart-waste-segregation-ai\data\raw\phenomsg\Hazardous\Hazardous\e-waste\electronic-waste-e-waste-167412842216x9.jpg
128,604d8ba83fb83456f184c43cacdc82fa386d8f6347ebc71520fa823b0343e3a2,phenomsg,Hazardous\Hazardous\e-waste\Electronic-Waste-E-Waste-WEEE - Copy.jpg,C:\Users\trish\Desktop\smart-waste-segregation-ai\data\raw\phenomsg\Hazardous\Hazardous\e-waste\Electronic-Waste-E-Waste-WEEE - Copy.jpg
128,604d8ba83fb83456f184c43cacdc82fa386d8f6347ebc71520fa823b0343e3a2,phenomsg,Hazardous\Hazardous\e-waste\Electronic-Waste-E-Waste-WEEE.jpg,C:\Users\trish\Desktop\smart-waste-segregation-ai\data\raw\phenomsg\Hazardous\Hazardous\e-waste\Electronic-Waste-E-Waste-WEEE.jpg
129,5a08acf1bfb7ffd9a5054f4da9938639e6da5f59f00ffc7c41a93fa424a487f6,phenomsg,Hazardous\Hazardous\e-waste\electronic-waste-electronic-waste-old-computers-monitors-other-devices-to-recycle-109977003 - Copy.jpg,C:\Users\trish\Desktop\smart-waste-segregation-ai\data\raw\phenomsg\Hazardous\Hazardous\e-waste\electronic-waste-electronic-waste-old-computers-monitors-other-devices-to-recycle-109977003 - Copy.jpg
129,5a08acf1bfb7ffd9a5054f4da9938639e6da5f59f00ffc7c41a93fa424a487f6,phenomsg,Hazardous\Hazardous\e-waste\electronic-waste-electronic-waste-old-computers-monitors-other-devices-to-recycle-109977003.jpg,C:\Users\trish\Desktop\smart-waste-segregation-ai\data\raw\phenomsg\Hazardous\Hazardous\e-waste\electronic-waste-electronic-waste-old-computers-monitors-other-devices-to-recycle-109977003.jpg
130,0987449c47dd06c0578beb54b92b2a96723a39444232fe76fabfecb0d90a177e,phenomsg,Hazardous\Hazardous\e-waste\electronic-waste-hand-dropping-old-damaged-smartphone-bin-e-garbage-152109224 - Copy.jpg,C:\Users\trish\Desktop\smart-waste-segregation-ai\data\raw\phenomsg\Hazardous\Hazardous\e-waste\electronic-waste-hand-dropping-old-damaged-smartphone-bin-e-garbage-152109224 - Copy.jpg
130,0987449c47dd06c0578beb54b92b2a96723a39444232fe76fabfecb0d90a177e,phenomsg,Hazardous\Hazardous\e-waste\electronic-waste-hand-dropping-old-damaged-smartphone-bin-e-garbage-152109224.jpg,C:\Users\trish\Desktop\smart-waste-segregation-ai\data\raw\phenomsg\Hazardous\Hazardous\e-waste\electronic-waste-hand-dropping-old-damaged-smartphone-bin-e-garbage-152109224.jpg
131,c03234339e60a36263942379e0e49bf93b4f99dde4061782d8fd70eebac15d9a,phenomsg,Hazardous\Hazardous\e-waste\electronic-waste-hero - Copy.jpg,C:\Users\trish\Desktop\smart-waste-segregation-ai\data\raw\phenomsg\Hazardous\Hazardous\e-waste\electronic-waste-hero - Copy.jpg
131,c03234339e60a36263942379e0e49bf93b4f99dde4061782d8fd70eebac15d9a,phenomsg,Hazardous\Hazardous\e-waste\electronic-waste-hero.jpg,C:\Users\trish\Desktop\smart-waste-segregation-ai\data\raw\phenomsg\Hazardous\Hazardous\e-waste\electronic-waste-hero.jpg
132,1933d0b2fe5c4eddc1d7563a578e22959b50f4ec24ea75d9cdd3c7d7a364ba94,phenomsg,Hazardous\Hazardous\e-waste\Electronic-waste-management - Copy.jpg,C:\Users\trish\Desktop\smart-waste-segregation-ai\data\raw\phenomsg\Hazardous\Hazardous\e-waste\Electronic-waste-management - Copy.jpg
132,1933d0b2fe5c4eddc1d7563a578e22959b50f4ec24ea75d9cdd3c7d7a364ba94,phenomsg,Hazardous\Hazardous\e-waste\Electronic-waste-management.jpg,C:\Users\trish\Desktop\smart-waste-segregation-ai\data\raw\phenomsg\Hazardous\Hazardous\e-waste\Electronic-waste-management.jpg
133,c0d6b60912be6579400e6540b79cbfde53c42d76dafa15e9b4e4f878ab789f29,phenomsg,Hazardous\Hazardous\e-waste\electronic-waste-ready-for-recycling-isolated-on-white-background-J769FF - Copy.jpg,C:\Users\trish\Desktop\smart-waste-segregation-ai\data\raw\phenomsg\Hazardous\Hazardous\e-waste\electronic-waste-ready-for-recycling-isolated-on-white-background-J769FF - Copy.jpg
133,c0d6b60912be6579400e6540b79cbfde53c42d76dafa15e9b4e4f878ab789f29,phenomsg,Hazardous\Hazardous\e-waste\electronic-waste-ready-for-recycling-isolated-on-white-background-J769FF.jpg,C:\Users\trish\Desktop\smart-waste-segregation-ai\data\raw\phenomsg\Hazardous\Hazardous\e-waste\electronic-waste-ready-for-recycling-isolated-on-white-background-J769FF.jpg
134,ba611d4693537761e0d996c29031bf2da3f223c828a02f5ef357117a044228f5,phenomsg,Hazardous\Hazardous\e-waste\electronic-waste-statistics - Copy.jpg,C:\Users\trish\Desktop\smart-waste-segregation-ai\data\raw\phenomsg\Hazardous\Hazardous\e-waste\electronic-waste-statistics - Copy.jpg
134,ba611d4693537761e0d996c29031bf2da3f223c828a02f5ef357117a044228f5,phenomsg,Hazardous\Hazardous\e-waste\electronic-waste-statistics.jpg,C:\Users\trish\Desktop\smart-waste-segregation-ai\data\raw\phenomsg\Hazardous\Hazardous\e-waste\electronic-waste-statistics.jpg
135,452283e10f5f5520bf1f13ce0775de86363e1dad386c172e13dd70748c4f52ba,phenomsg,Hazardous\Hazardous\e-waste\electronic-waste-stock-photo_csp13003320 - Copy.jpg,C:\Users\trish\Desktop\smart-waste-segregation-ai\data\raw\phenomsg\Hazardous\Hazardous\e-waste\electronic-waste-stock-photo_csp13003320 - Copy.jpg
135,452283e10f5f5520bf1f13ce0775de86363e1dad386c172e13dd70748c4f52ba,phenomsg,Hazardous\Hazardous\e-waste\electronic-waste-stock-photo_csp13003320.jpg,C:\Users\trish\Desktop\smart-waste-segregation-ai\data\raw\phenomsg\Hazardous\Hazardous\e-waste\electronic-waste-stock-photo_csp13003320.jpg
136,926a3c0e5377e62c9a4fdce81ff0c4f532422d0deab1ab0fbd1ff02549282f0c,phenomsg,Hazardous\Hazardous\e-waste\Electronic-waste2-scaled - Copy.jpg,C:\Users\trish\Desktop\smart-waste-segregation-ai\data\raw\phenomsg\Hazardous\Hazardous\e-waste\Electronic-waste2-scaled - Copy.jpg
136,926a3c0e5377e62c9a4fdce81ff0c4f532422d0deab1ab0fbd1ff02549282f0c,phenomsg,Hazardous\Hazardous\e-waste\Electronic-waste2-scaled.jpg,C:\Users\trish\Desktop\smart-waste-segregation-ai\data\raw\phenomsg\Hazardous\Hazardous\e-waste\Electronic-waste2-scaled.jpg
137,60da44ef064e00228a16667c1263262178e9054eb6bfdd2608e213ff114b7788,phenomsg,Hazardous\Hazardous\e-waste\Electronic_waste_at_Agbogbloshie2C_Ghana - Copy.jpg,C:\Users\trish\Desktop\smart-waste-segregation-ai\data\raw\phenomsg\Hazardous\Hazardous\e-waste\Electronic_waste_at_Agbogbloshie2C_Ghana - Copy.jpg
137,60da44ef064e00228a16667c1263262178e9054eb6bfdd2608e213ff114b7788,phenomsg,Hazardous\Hazardous\e-waste\Electronic_waste_at_Agbogbloshie2C_Ghana.jpg,C:\Users\trish\Desktop\smart-waste-segregation-ai\data\raw\phenomsg\Hazardous\Hazardous\e-waste\Electronic_waste_at_Agbogbloshie2C_Ghana.jpg
138,55dea16d84ed1d46ec7d44ee4692f5b5bb69635700e98f3efc01ed74109b8f30,phenomsg,Hazardous\Hazardous\e-waste\Energiesparlampe_01_retouched - Copy.jpg,C:\Users\trish\Desktop\smart-waste-segregation-ai\data\raw\phenomsg\Hazardous\Hazardous\e-waste\Energiesparlampe_01_retouched - Copy.jpg
138,55dea16d84ed1d46ec7d44ee4692f5b5bb69635700e98f3efc01ed74109b8f30,phenomsg,Hazardous\Hazardous\e-waste\Energiesparlampe_01_retouched.jpg,C:\Users\trish\Desktop\smart-waste-segregation-ai\data\raw\phenomsg\Hazardous\Hazardous\e-waste\Energiesparlampe_01_retouched.jpg
139,1aaa2f3664dedff578f4881d54a7f711b0e663c86e29bdc51b6bfff7868be874,phenomsg,Hazardous\Hazardous\e-waste\energy-saving-bulbs-spent-incandescent-halogen-cfi-fluorescent-led-174891292 - Copy.jpg,C:\Users\trish\Desktop\smart-waste-segregation-ai\data\raw\phenomsg\Hazardous\Hazardous\e-waste\energy-saving-bulbs-spent-incandescent-halogen-cfi-fluorescent-led-174891292 - Copy.jpg
139,1aaa2f3664dedff578f4881d54a7f711b0e663c86e29bdc51b6bfff7868be874,phenomsg,Hazardous\Hazardous\e-waste\energy-saving-bulbs-spent-incandescent-halogen-cfi-fluorescent-led-174891292.jpg,C:\Users\trish\Desktop\smart-waste-segregation-ai\data\raw\phenomsg\Hazardous\Hazardous\e-waste\energy-saving-bulbs-spent-incandescent-halogen-cfi-fluorescent-led-174891292.jpg
140,eb0cc1737ee2e2e461ccecdf62e6e8e082985b447bac1e7f12b2e5b27eb907c4,phenomsg,Hazardous\Hazardous\e-waste\esy-042966920 - Copy.jpg,C:\Users\trish\Desktop\smart-waste-segregation-ai\data\raw\phenomsg\Hazardous\Hazardous\e-waste\esy-042966920 - Copy.jpg
140,eb0cc1737ee2e2e461ccecdf62e6e8e082985b447bac1e7f12b2e5b27eb907c4,phenomsg,Hazardous\Hazardous\e-waste\esy-042966920.jpg,C:\Users\trish\Desktop\smart-waste-segregation-ai\data\raw\phenomsg\Hazardous\Hazardous\e-waste\esy-042966920.jpg
141,f5a6b3b1c92720e0c9a9229584cc448560e700559798d054de192f83e9a59081,phenomsg,Hazardous\Hazardous\e-waste\eWaste - Copy.jpg,C:\Users\trish\Desktop\smart-waste-segregation-ai\data\raw\phenomsg\Hazardous\Hazardous\e-waste\eWaste - Copy.jpg
141,f5a6b3b1c92720e0c9a9229584cc448560e700559798d054de192f83e9a59081,phenomsg,Hazardous\Hazardous\e-waste\eWaste.jpg,C:\Users\trish\Desktop\smart-waste-segregation-ai\data\raw\phenomsg\Hazardous\Hazardous\e-waste\eWaste.jpg
142,ab58f020f1d0c5abc98dd859ccf687da3851f5f6dc47d2e11a6d952dabc46b6b,phenomsg,Hazardous\Hazardous\e-waste\Ewaste - Copy.png,C:\Users\trish\Desktop\smart-waste-segregation-ai\data\raw\phenomsg\Hazardous\Hazardous\e-waste\Ewaste - Copy.png
142,ab58f020f1d0c5abc98dd859ccf687da3851f5f6dc47d2e11a6d952dabc46b6b,phenomsg,Hazardous\Hazardous\e-waste\Ewaste.png,C:\Users\trish\Desktop\smart-waste-segregation-ai\data\raw\phenomsg\Hazardous\Hazardous\e-waste\Ewaste.png
143,c5199aa7e31737ddfbba1d98c7870c062761fef55f81597063214e265e9ec733,phenomsg,Hazardous\Hazardous\e-waste\Ewaste-1602590536972 - Copy.png,C:\Users\trish\Desktop\smart-waste-segregation-ai\data\raw\phenomsg\Hazardous\Hazardous\e-waste\Ewaste-1602590536972 - Copy.png
143,c5199aa7e31737ddfbba1d98c7870c062761fef55f81597063214e265e9ec733,phenomsg,Hazardous\Hazardous\e-waste\Ewaste-1602590536972.png,C:\Users\trish\Desktop\smart-waste-segregation-ai\data\raw\phenomsg\Hazardous\Hazardous\e-waste\Ewaste-1602590536972.png
144,5ee856875f3dfed9165d1ce0633875bf5f1b076c88af6b60316b03e5a44d4037,phenomsg,Hazardous\Hazardous\e-waste\ewaste-3 - Copy.jpg,C:\Users\trish\Desktop\smart-waste-segregation-ai\data\raw\phenomsg\Hazardous\Hazardous\e-waste\ewaste-3 - Copy.jpg
144,5ee856875f3dfed9165d1ce0633875bf5f1b076c88af6b60316b03e5a44d4037,phenomsg,Hazardous\Hazardous\e-waste\ewaste-3.jpg,C:\Users\trish\Desktop\smart-waste-segregation-ai\data\raw\phenomsg\Hazardous\Hazardous\e-waste\ewaste-3.jpg
145,4cb282b89cfef52084f4d65ef2042ff8482a250499be9673e18fc8030ab19524,phenomsg,Hazardous\Hazardous\e-waste\ewaste-aspect-ratio-2000-1200-1024x614 - Copy.jpg,C:\Users\trish\Desktop\smart-waste-segregation-ai\data\raw\phenomsg\Hazardous\Hazardous\e-waste\ewaste-aspect-ratio-2000-1200-1024x614 - Copy.jpg
145,4cb282b89cfef52084f4d65ef2042ff8482a250499be9673e18fc8030ab19524,phenomsg,Hazardous\Hazardous\e-waste\ewaste-aspect-ratio-2000-1200-1024x614.jpg,C:\Users\trish\Desktop\smart-waste-segregation-ai\data\raw\phenomsg\Hazardous\Hazardous\e-waste\ewaste-aspect-ratio-2000-1200-1024x614.jpg
146,fede92f5ae71182cc18ec103307c83e5d776c857720b86e3d90ec09d838f82b1,phenomsg,Hazardous\Hazardous\e-waste\ewaste-hero-banner - Copy.jpg,C:\Users\trish\Desktop\smart-waste-segregation-ai\data\raw\phenomsg\Hazardous\Hazardous\e-waste\ewaste-hero-banner - Copy.jpg
146,fede92f5ae71182cc18ec103307c83e5d776c857720b86e3d90ec09d838f82b1,phenomsg,Hazardous\Hazardous\e-waste\ewaste-hero-banner.jpg,C:\Users\trish\Desktop\smart-waste-segregation-ai\data\raw\phenomsg\Hazardous\Hazardous\e-waste\ewaste-hero-banner.jpg
147,6c6230b716cdfea0faeafe418ed81e76df926fdf940781f76825b23cfdce7372,phenomsg,Hazardous\Hazardous\e-waste\ewaste-recycling - Copy.jpg,C:\Users\trish\Desktop\smart-waste-segregation-ai\data\raw\phenomsg\Hazardous\Hazardous\e-waste\ewaste-recycling - Copy.jpg
147,6c6230b716cdfea0faeafe418ed81e76df926fdf940781f76825b23cfdce7372,phenomsg,Hazardous\Hazardous\e-waste\ewaste-recycling.jpg,C:\Users\trish\Desktop\smart-waste-segregation-ai\data\raw\phenomsg\Hazardous\Hazardous\e-waste\ewaste-recycling.jpg
148,f59b590fcc95ea33a01c4e0bf3e101ae2acc6ae439e589daba8e3119d06481f9,phenomsg,Hazardous\Hazardous\e-waste\ewaste-type - Copy.png,C:\Users\trish\Desktop\smart-waste-segregation-ai\data\raw\phenomsg\Hazardous\Hazardous\e-waste\ewaste-type - Copy.png
148,f59b590fcc95ea33a01c4e0bf3e101ae2acc6ae439e589daba8e3119d06481f9,phenomsg,Hazardous\Hazardous\e-waste\ewaste-type.png,C:\Users\trish\Desktop\smart-waste-segregation-ai\data\raw\phenomsg\Hazardous\Hazardous\e-waste\ewaste-type.png
149,d5f54dd7dfad51a326befd111584e81a2597fac404c6d854e52760ffce98811f,phenomsg,Hazardous\Hazardous\e-waste\Example-of-e-waste-in-Category-3-ICT-a-used-mobile-phones-and-b-used-monitors_Q320 - Copy.jpg,C:\Users\trish\Desktop\smart-waste-segregation-ai\data\raw\phenomsg\Hazardous\Hazardous\e-waste\Example-of-e-waste-in-Category-3-ICT-a-used-mobile-phones-and-b-used-monitors_Q320 - Copy.jpg
149,d5f54dd7dfad51a326befd111584e81a2597fac404c6d854e52760ffce98811f,phenomsg,Hazardous\Hazardous\e-waste\Example-of-e-waste-in-Category-3-ICT-a-used-mobile-phones-and-b-used-monitors_Q320.jpg,C:\Users\trish\Desktop\smart-waste-segregation-ai\data\raw\phenomsg\Hazardous\Hazardous\e-waste\Example-of-e-waste-in-Category-3-ICT-a-used-mobile-phones-and-b-used-monitors_Q320.jpg
150,b12152ced109890694f5d12d93e1fc94f77bec24f12aa70b49e8bbd9e2afb29e,phenomsg,Hazardous\Hazardous\e-waste\ey-waste-bin-full-of-e-waste - Copy.jpg,C:\Users\trish\Desktop\smart-waste-segregation-ai\data\raw\phenomsg\Hazardous\Hazardous\e-waste\ey-waste-bin-full-of-e-waste - Copy.jpg
150,b12152ced109890694f5d12d93e1fc94f77bec24f12aa70b49e8bbd9e2afb29e,phenomsg,Hazardous\Hazardous\e-waste\ey-waste-bin-full-of-e-waste.jpg,C:\Users\trish\Desktop\smart-waste-segregation-ai\data\raw\phenomsg\Hazardous\Hazardous\e-waste\ey-waste-bin-full-of-e-waste.jpg
151,efd2cb6debd47fcaebb72f5a2591f6e418ff96a1866df1954e0d375190a77bef,phenomsg,Hazardous\Hazardous\e-waste\Featured-pictures-for-webiste11 - Copy.png,C:\Users\trish\Desktop\smart-waste-segregation-ai\data\raw\phenomsg\Hazardous\Hazardous\e-waste\Featured-pictures-for-webiste11 - Copy.png
151,efd2cb6debd47fcaebb72f5a2591f6e418ff96a1866df1954e0d375190a77bef,phenomsg,Hazardous\Hazardous\e-waste\Featured-pictures-for-webiste11.png,C:\Users\trish\Desktop\smart-waste-segregation-ai\data\raw\phenomsg\Hazardous\Hazardous\e-waste\Featured-pictures-for-webiste11.png
152,f8417ebb17ae21ba5f5287c1515117fb0fed68ce34d5589e19ec2299ef37f639,phenomsg,Hazardous\Hazardous\e-waste\file-20200709-58-1grgzv5 - Copy.jpg,C:\Users\trish\Desktop\smart-waste-segregation-ai\data\raw\phenomsg\Hazardous\Hazardous\e-waste\file-20200709-58-1grgzv5 - Copy.jpg
152,f8417ebb17ae21ba5f5287c1515117fb0fed68ce34d5589e19ec2299ef37f639,phenomsg,Hazardous\Hazardous\e-waste\file-20200709-58-1grgzv5.jpg,C:\Users\trish\Desktop\smart-waste-segregation-ai\data\raw\phenomsg\Hazardous\Hazardous\e-waste\file-20200709-58-1grgzv5.jpg
153,48aac20fd3298987e23c2b45cf8164664a961d672f154977854943052f98a92a,phenomsg,Hazardous\Hazardous\e-waste\file-20210216-19-57bzc1 - Copy.jpg,C:\Users\trish\Desktop\smart-waste-segregation-ai\data\raw\phenomsg\Hazardous\Hazardous\e-waste\file-20210216-19-57bzc1 - Copy.jpg
153,48aac20fd3298987e23c2b45cf8164664a961d672f154977854943052f98a92a,phenomsg,Hazardous\Hazardous\e-waste\file-20210216-19-57bzc1.jpg,C:\Users\trish\Desktop\smart-waste-segregation-ai\data\raw\phenomsg\Hazardous\Hazardous\e-waste\file-20210216-19-57bzc1.jpg
154,1d64ca5576abc9e6f55095cdf74e94d028474cac6ed61af7f46d9b2eb6a7340a,phenomsg,Hazardous\Hazardous\e-waste\Five-Reasons-Why-E-Waste-Recycling-is-Important-1-1024x517 - Copy.jpg,C:\Users\trish\Desktop\smart-waste-segregation-ai\data\raw\phenomsg\Hazardous\Hazardous\e-waste\Five-Reasons-Why-E-Waste-Recycling-is-Important-1-1024x517 - Copy.jpg
154,1d64ca5576abc9e6f55095cdf74e94d028474cac6ed61af7f46d9b2eb6a7340a,phenomsg,Hazardous\Hazardous\e-waste\Five-Reasons-Why-E-Waste-Recycling-is-Important-1-1024x517.jpg,C:\Users\trish\Desktop\smart-waste-segregation-ai\data\raw\phenomsg\Hazardous\Hazardous\e-waste\Five-Reasons-Why-E-Waste-Recycling-is-Important-1-1024x517.jpg
155,5f22e747d9a171f5c33b6a7d7dc23d20b93cfd6eacedab9f3fb3bfd8ba271a77,phenomsg,Hazardous\Hazardous\e-waste\fluorescent - Copy.jpg,C:\Users\trish\Desktop\smart-waste-segregation-ai\data\raw\phenomsg\Hazardous\Hazardous\e-waste\fluorescent - Copy.jpg
155,5f22e747d9a171f5c33b6a7d7dc23d20b93cfd6eacedab9f3fb3bfd8ba271a77,phenomsg,Hazardous\Hazardous\e-waste\fluorescent.jpg,C:\Users\trish\Desktop\smart-waste-segregation-ai\data\raw\phenomsg\Hazardous\Hazardous\e-waste\fluorescent.jpg
156,96b3db6310a061ef4ece6c5b46a8af24a53e762142c8a0de5e21d9f7a0a9025a,phenomsg,Hazardous\Hazardous\e-waste\Fluorescent-Bulbs-in-Trash-1-1024x683 - Copy.jpg,C:\Users\trish\Desktop\smart-waste-segregation-ai\data\raw\phenomsg\Hazardous\Hazardous\e-waste\Fluorescent-Bulbs-in-Trash-1-1024x683 - Copy.jpg
156,96b3db6310a061ef4ece6c5b46a8af24a53e762142c8a0de5e21d9f7a0a9025a,phenomsg,Hazardous\Hazardous\e-waste\Fluorescent-Bulbs-in-Trash-1-1024x683.jpg,C:\Users\trish\Desktop\smart-waste-segregation-ai\data\raw\phenomsg\Hazardous\Hazardous\e-waste\Fluorescent-Bulbs-in-Trash-1-1024x683.jpg
157,18001fdcd746c3aee1046c4f33c2358ae003afb90cf0c22f0ba9f651e81a3d89,phenomsg,Hazardous\Hazardous\e-waste\Fluorescent-Bulbs-in-Trash-2-e1434205961573 - Copy.jpg,C:\Users\trish\Desktop\smart-waste-segregation-ai\data\raw\phenomsg\Hazardous\Hazardous\e-waste\Fluorescent-Bulbs-in-Trash-2-e1434205961573 - Copy.jpg
157,18001fdcd746c3aee1046c4f33c2358ae003afb90cf0c22f0ba9f651e81a3d89,phenomsg,Hazardous\Hazardous\e-waste\Fluorescent-Bulbs-in-Trash-2-e1434205961573.jpg,C:\Users\trish\Desktop\smart-waste-segregation-ai\data\raw\phenomsg\Hazardous\Hazardous\e-waste\Fluorescent-Bulbs-in-Trash-2-e1434205961573.jpg
158,c3cb78601432b1c3bd63445fe66906b0cdcad529a62f0ef74103f74a1e512fe6,phenomsg,Hazardous\Hazardous\e-waste\fluorescent-lightbulb-abstract-15600002 - Copy.jpg,C:\Users\trish\Desktop\smart-waste-segregation-ai\data\raw\phenomsg\Hazardous\Hazardous\e-waste\fluorescent-lightbulb-abstract-15600002 - Copy.jpg
158,c3cb78601432b1c3bd63445fe66906b0cdcad529a62f0ef74103f74a1e512fe6,phenomsg,Hazardous\Hazardous\e-waste\fluorescent-lightbulb-abstract-15600002.jpg,C:\Users\trish\Desktop\smart-waste-segregation-ai\data\raw\phenomsg\Hazardous\Hazardous\e-waste\fluorescent-lightbulb-abstract-15600002.jpg
159,b21e8d73993ab03114b5a46f72bfa6dccb9600ddfbd37b5255a6f5e4bdbb25e5,phenomsg,Hazardous\Hazardous\e-waste\fluorescent2 - Copy.jpg,C:\Users\trish\Desktop\smart-waste-segregation-ai\data\raw\phenomsg\Hazardous\Hazardous\e-waste\fluorescent2 - Copy.jpg
159,b21e8d73993ab03114b5a46f72bfa6dccb9600ddfbd37b5255a6f5e4bdbb25e5,phenomsg,Hazardous\Hazardous\e-waste\fluorescent2.jpg,C:\Users\trish\Desktop\smart-waste-segregation-ai\data\raw\phenomsg\Hazardous\Hazardous\e-waste\fluorescent2.jpg
160,b973f4abb76a2dec6ecdde4710d9c689b302fe5f5f16979a4931b6c6a0ca6e04,phenomsg,Hazardous\Hazardous\e-waste\fluorescent20lights20hero - Copy.png,C:\Users\trish\Desktop\smart-waste-segregation-ai\data\raw\phenomsg\Hazardous\Hazardous\e-waste\fluorescent20lights20hero - Copy.png
160,b973f4abb76a2dec6ecdde4710d9c689b302fe5f5f16979a4931b6c6a0ca6e04,phenomsg,Hazardous\Hazardous\e-waste\fluorescent20lights20hero.png,C:\Users\trish\Desktop\smart-waste-segregation-ai\data\raw\phenomsg\Hazardous\Hazardous\e-waste\fluorescent20lights20hero.png
161,173afd2467fda7701ef39fb6998af7da88a97c5241ebd179de5028fe2ba4c9b0,phenomsg,Hazardous\Hazardous\e-waste\Fluorescent_light_bulb_from_inside_2 - Copy.jpg,C:\Users\trish\Desktop\smart-waste-segregation-ai\data\raw\phenomsg\Hazardous\Hazardous\e-waste\Fluorescent_light_bulb_from_inside_2 - Copy.jpg
161,173afd2467fda7701ef39fb6998af7da88a97c5241ebd179de5028fe2ba4c9b0,phenomsg,Hazardous\Hazardous\e-waste\Fluorescent_light_bulb_from_inside_2.jpg,C:\Users\trish\Desktop\smart-waste-segregation-ai\data\raw\phenomsg\Hazardous\Hazardous\e-waste\Fluorescent_light_bulb_from_inside_2.jpg
162,621ea2aa69e584332be2914f948a1f5080f486ad7408c2f993ab0c5d0dc08ff9,phenomsg,Hazardous\Hazardous\e-waste\Fluorescent_Light_Video - Copy.jpg,C:\Users\trish\Desktop\smart-waste-segregation-ai\data\raw\phenomsg\Hazardous\Hazardous\e-waste\Fluorescent_Light_Video - Copy.jpg
162,621ea2aa69e584332be2914f948a1f5080f486ad7408c2f993ab0c5d0dc08ff9,phenomsg,Hazardous\Hazardous\e-waste\Fluorescent_Light_Video.jpg,C:\Users\trish\Desktop\smart-waste-segregation-ai\data\raw\phenomsg\Hazardous\Hazardous\e-waste\Fluorescent_Light_Video.jpg
163,bfba202e25243afaa377312127634bd9542e682a375e49c92329c9faba838937,phenomsg,Hazardous\Hazardous\e-waste\FluorescentBulbs - Copy.jpg,C:\Users\trish\Desktop\smart-waste-segregation-ai\data\raw\phenomsg\Hazardous\Hazardous\e-waste\FluorescentBulbs - Copy.jpg
163,bfba202e25243afaa377312127634bd9542e682a375e49c92329c9faba838937,phenomsg,Hazardous\Hazardous\e-waste\FluorescentBulbs.jpg,C:\Users\trish\Desktop\smart-waste-segregation-ai\data\raw\phenomsg\Hazardous\Hazardous\e-waste\FluorescentBulbs.jpg
164,729bd42744b3ad7d6801382db425854fd8e7077c91db88b84583c0f81dc0babe,phenomsg,Hazardous\Hazardous\e-waste\fluorescentlights - Copy.png,C:\Users\trish\Desktop\smart-waste-segregation-ai\data\raw\phenomsg\Hazardous\Hazardous\e-waste\fluorescentlights - Copy.png
164,729bd42744b3ad7d6801382db425854fd8e7077c91db88b84583c0f81dc0babe,phenomsg,Hazardous\Hazardous\e-waste\fluorescentlights.png,C:\Users\trish\Desktop\smart-waste-segregation-ai\data\raw\phenomsg\Hazardous\Hazardous\e-waste\fluorescentlights.png
165,e99912aa855db721f287a5bd9fa38eda3a487d6d3a80db258ac4cc53e08707fa,phenomsg,Hazardous\Hazardous\e-waste\GettyImages-1298365434 - Copy.jpg,C:\Users\trish\Desktop\smart-waste-segregation-ai\data\raw\phenomsg\Hazardous\Hazardous\e-waste\GettyImages-1298365434 - Copy.jpg
165,e99912aa855db721f287a5bd9fa38eda3a487d6d3a80db258ac4cc53e08707fa,phenomsg,Hazardous\Hazardous\e-waste\GettyImages-1298365434.jpg,C:\Users\trish\Desktop\smart-waste-segregation-ai\data\raw\phenomsg\Hazardous\Hazardous\e-waste\GettyImages-1298365434.jpg
166,b1a9b58afa1757ad4d782bf5f955d3d2f826e431250fc52bc7128e6e95df6ba2,phenomsg,Hazardous\Hazardous\e-waste\gettyimages-522580785 - Copy.jpg,C:\Users\trish\Desktop\smart-waste-segregation-ai\data\raw\phenomsg\Hazardous\Hazardous\e-waste\gettyimages-522580785 - Copy.jpg
166,b1a9b58afa1757ad4d782bf5f955d3d2f826e431250fc52bc7128e6e95df6ba2,phenomsg,Hazardous\Hazardous\e-waste\gettyimages-522580785.jpg,C:\Users\trish\Desktop\smart-waste-segregation-ai\data\raw\phenomsg\Hazardous\Hazardous\e-waste\gettyimages-522580785.jpg
167,c2cdb009657420b3c60418c71d9b1e4df302f4d6a2d55b8fd78ce1edf77af1a3,phenomsg,Hazardous\Hazardous\e-waste\gettyimages-566436837-1559940280 - Copy.jpg,C:\Users\trish\Desktop\smart-waste-segregation-ai\data\raw\phenomsg\Hazardous\Hazardous\e-waste\gettyimages-566436837-1559940280 - Copy.jpg
167,c2cdb009657420b3c60418c71d9b1e4df302f4d6a2d55b8fd78ce1edf77af1a3,phenomsg,Hazardous\Hazardous\e-waste\gettyimages-566436837-1559940280.jpg,C:\Users\trish\Desktop\smart-waste-segregation-ai\data\raw\phenomsg\Hazardous\Hazardous\e-waste\gettyimages-566436837-1559940280.jpg
168,e413ce4aba24c0fcb9029e46eb673b3be7961f036c074af82f26c7992c735fab,phenomsg,Hazardous\Hazardous\e-waste\going-greener-by-recycling-burnt-out-bulbs-1523856076-3781852 - Copy.jpeg,C:\Users\trish\Desktop\smart-waste-segregation-ai\data\raw\phenomsg\Hazardous\Hazardous\e-waste\going-greener-by-recycling-burnt-out-bulbs-1523856076-3781852 - Copy.jpeg
168,e413ce4aba24c0fcb9029e46eb673b3be7961f036c074af82f26c7992c735fab,phenomsg,Hazardous\Hazardous\e-waste\going-greener-by-recycling-burnt-out-bulbs-1523856076-3781852.jpeg,C:\Users\trish\Desktop\smart-waste-segregation-ai\data\raw\phenomsg\Hazardous\Hazardous\e-waste\going-greener-by-recycling-burnt-out-bulbs-1523856076-3781852.jpeg
169,d5c565390102bf14c8dd6d99c365bd8d0299a0f623ca218e05d8e2b935258665,phenomsg,Hazardous\Hazardous\e-waste\hazardous-waste-solutions-fluorescent-tubes - Copy.jpg,C:\Users\trish\Desktop\smart-waste-segregation-ai\data\raw\phenomsg\Hazardous\Hazardous\e-waste\hazardous-waste-solutions-fluorescent-tubes - Copy.jpg
169,d5c565390102bf14c8dd6d99c365bd8d0299a0f623ca218e05d8e2b935258665,phenomsg,Hazardous\Hazardous\e-waste\hazardous-waste-solutions-fluorescent-tubes.jpg,C:\Users\trish\Desktop\smart-waste-segregation-ai\data\raw\phenomsg\Hazardous\Hazardous\e-waste\hazardous-waste-solutions-fluorescent-tubes.jpg
170,854bee9569e18a8fbfe21415ce94583051aaa5cc540a2b6ed6c4b1dfc328e667,phenomsg,Hazardous\Hazardous\e-waste\hazardous-waste-wooden-background-74234943 - Copy.jpg,C:\Users\trish\Desktop\smart-waste-segregation-ai\data\raw\phenomsg\Hazardous\Hazardous\e-waste\hazardous-waste-wooden-background-74234943 - Copy.jpg
170,854bee9569e18a8fbfe21415ce94583051aaa5cc540a2b6ed6c4b1dfc328e667,phenomsg,Hazardous\Hazardous\e-waste\hazardous-waste-wooden-background-74234943.jpg,C:\Users\trish\Desktop\smart-waste-segregation-ai\data\raw\phenomsg\Hazardous\Hazardous\e-waste\hazardous-waste-wooden-background-74234943.jpg
171,86535929a227d0df4d2bcbd0a33a1cae37c93fc40345f93922c1c957332dcc2c,phenomsg,Hazardous\Hazardous\e-waste\HHW_Bulbs-updated - Copy.jpg,C:\Users\trish\Desktop\smart-waste-segregation-ai\data\raw\phenomsg\Hazardous\Hazardous\e-waste\HHW_Bulbs-updated - Copy.jpg
171,86535929a227d0df4d2bcbd0a33a1cae37c93fc40345f93922c1c957332dcc2c,phenomsg,Hazardous\Hazardous\e-waste\HHW_Bulbs-updated.jpg,C:\Users\trish\Desktop\smart-waste-segregation-ai\data\raw\phenomsg\Hazardous\Hazardous\e-waste\HHW_Bulbs-updated.jpg
172,661c36e3a8d116b320cf8f857401c479ef54fde0c4c4ab3e32e54fe8f5ecbe44,phenomsg,Hazardous\Hazardous\e-waste\how-fluorescents-work - Copy.jpg,C:\Users\trish\Desktop\smart-waste-segregation-ai\data\raw\phenomsg\Hazardous\Hazardous\e-waste\how-fluorescents-work - Copy.jpg
172,661c36e3a8d116b320cf8f857401c479ef54fde0c4c4ab3e32e54fe8f5ecbe44,phenomsg,Hazardous\Hazardous\e-waste\how-fluorescents-work.jpg,C:\Users\trish\Desktop\smart-waste-segregation-ai\data\raw\phenomsg\Hazardous\Hazardous\e-waste\how-fluorescents-work.jpg
173,f5b37a2fe95691323d2c3b139d8f3cb8cf13561669743a307c8e2336f7089b1e,phenomsg,Hazardous\Hazardous\e-waste\how-to-dispose-of-fluorescent-light-bulbs - Copy.jpg,C:\Users\trish\Desktop\smart-waste-segregation-ai\data\raw\phenomsg\Hazardous\Hazardous\e-waste\how-to-dispose-of-fluorescent-light-bulbs - Copy.jpg
173,f5b37a2fe95691323d2c3b139d8f3cb8cf13561669743a307c8e2336f7089b1e,phenomsg,Hazardous\Hazardous\e-waste\how-to-dispose-of-fluorescent-light-bulbs.jpg,C:\Users\trish\Desktop\smart-waste-segregation-ai\data\raw\phenomsg\Hazardous\Hazardous\e-waste\how-to-dispose-of-fluorescent-light-bulbs.jpg
174,eac80bf19e53dc9165b654af37721de00ea6e0a516621d937405d8eaf9825baa,phenomsg,Hazardous\Hazardous\e-waste\how-to-dispose-of-light-bulbs-section-3 - Copy.jpg,C:\Users\trish\Desktop\smart-waste-segregation-ai\data\raw\phenomsg\Hazardous\Hazardous\e-waste\how-to-dispose-of-light-bulbs-section-3 - Copy.jpg
174,eac80bf19e53dc9165b654af37721de00ea6e0a516621d937405d8eaf9825baa,phenomsg,Hazardous\Hazardous\e-waste\how-to-dispose-of-light-bulbs-section-3.jpg,C:\Users\trish\Desktop\smart-waste-segregation-ai\data\raw\phenomsg\Hazardous\Hazardous\e-waste\how-to-dispose-of-light-bulbs-section-3.jpg
175,2ab293dc8110e64b9eb4459ff0ead510b682582d182d3b961f99d9f9b445af5a,phenomsg,Hazardous\Hazardous\e-waste\how-to-dispose-of-light-bulbs-section-4 - Copy.jpg,C:\Users\trish\Desktop\smart-waste-segregation-ai\data\raw\phenomsg\Hazardous\Hazardous\e-waste\how-to-dispose-of-light-bulbs-section-4 - Copy.jpg
175,2ab293dc8110e64b9eb4459ff0ead510b682582d182d3b961f99d9f9b445af5a,phenomsg,Hazardous\Hazardous\e-waste\how-to-dispose-of-light-bulbs-section-4.jpg,C:\Users\trish\Desktop\smart-waste-segregation-ai\data\raw\phenomsg\Hazardous\Hazardous\e-waste\how-to-dispose-of-light-bulbs-section-4.jpg
176,d6bc3b73ee4ce28b5488afd3ff015407e25b5009be385617c8d2b8a69b4f5260,phenomsg,Hazardous\Hazardous\e-waste\how_to_upcycle_ewaste_1573547808 - Copy.jpg,C:\Users\trish\Desktop\smart-waste-segregation-ai\data\raw\phenomsg\Hazardous\Hazardous\e-waste\how_to_upcycle_ewaste_1573547808 - Copy.jpg
176,d6bc3b73ee4ce28b5488afd3ff015407e25b5009be385617c8d2b8a69b4f5260,phenomsg,Hazardous\Hazardous\e-waste\how_to_upcycle_ewaste_1573547808.jpg,C:\Users\trish\Desktop\smart-waste-segregation-ai\data\raw\phenomsg\Hazardous\Hazardous\e-waste\how_to_upcycle_ewaste_1573547808.jpg
177,6c27a5f7f8fbff8568890895a7a62f792e552d93e45a4dddca86a8ada9a0690d,phenomsg,Hazardous\Hazardous\e-waste\https3A2F2Fwww.elektormagazine.com2Fassets2Fupload2Fimages2F02Fe-waste4 - Copy.jpg,C:\Users\trish\Desktop\smart-waste-segregation-ai\data\raw\phenomsg\Hazardous\Hazardous\e-waste\https3A2F2Fwww.elektormagazine.com2Fassets2Fupload2Fimages2F02Fe-waste4 - Copy.jpg
177,6c27a5f7f8fbff8568890895a7a62f792e552d93e45a4dddca86a8ada9a0690d,phenomsg,Hazardous\Hazardous\e-waste\https3A2F2Fwww.elektormagazine.com2Fassets2Fupload2Fimages2F02Fe-waste4.jpg,C:\Users\trish\Desktop\smart-waste-segregation-ai\data\raw\phenomsg\Hazardous\Hazardous\e-waste\https3A2F2Fwww.elektormagazine.com2Fassets2Fupload2Fimages2F02Fe-waste4.jpg
178,653f109cae5f2cbeb7b95b7ff5f463c1991ae1d57e98a89ac2646ec37f8f22e5,phenomsg,Hazardous\Hazardous\e-waste\ic-waste-old-products-china-cyclic-utilization-broken-energy-saving-47934966 - Copy.jpg,C:\Users\trish\Desktop\smart-waste-segregation-ai\data\raw\phenomsg\Hazardous\Hazardous\e-waste\ic-waste-old-products-china-cyclic-utilization-broken-energy-saving-47934966 - Copy.jpg
178,653f109cae5f2cbeb7b95b7ff5f463c1991ae1d57e98a89ac2646ec37f8f22e5,phenomsg,Hazardous\Hazardous\e-waste\ic-waste-old-products-china-cyclic-utilization-broken-energy-saving-47934966.jpg,C:\Users\trish\Desktop\smart-waste-segregation-ai\data\raw\phenomsg\Hazardous\Hazardous\e-waste\ic-waste-old-products-china-cyclic-utilization-broken-energy-saving-47934966.jpg
179,c7b47934c1ebc0402b832d6df4a7a8a1fec1e89310234284eae57dfa54871804,phenomsg,Hazardous\Hazardous\e-waste\icons-led-lamps-types-fluorescent-filament-halogen-diode-and-other-632016899 - Copy.jpg,C:\Users\trish\Desktop\smart-waste-segregation-ai\data\raw\phenomsg\Hazardous\Hazardous\e-waste\icons-led-lamps-types-fluorescent-filament-halogen-diode-and-other-632016899 - Copy.jpg
179,c7b47934c1ebc0402b832d6df4a7a8a1fec1e89310234284eae57dfa54871804,phenomsg,Hazardous\Hazardous\e-waste\icons-led-lamps-types-fluorescent-filament-halogen-diode-and-other-632016899.jpg,C:\Users\trish\Desktop\smart-waste-segregation-ai\data\raw\phenomsg\Hazardous\Hazardous\e-waste\icons-led-lamps-types-fluorescent-filament-halogen-diode-and-other-632016899.jpg
180,475371ce14650e5b0afec7933f93051095295dbeb73fcb8040774839dc17d155,phenomsg,Hazardous\Hazardous\e-waste\image31 - Copy.png,C:\Users\trish\Desktop\smart-waste-segregation-ai\data\raw\phenomsg\Hazardous\Hazardous\e-waste\image31 - Copy.png
180,475371ce14650e5b0afec7933f93051095295dbeb73fcb8040774839dc17d155,phenomsg,Hazardous\Hazardous\e-waste\image31.png,C:\Users\trish\Desktop\smart-waste-segregation-ai\data\raw\phenomsg\Hazardous\Hazardous\e-waste\image31.png
181,25132210c1ec59a8e8970ea04f1d66253866f278b09803c72154887fd54e012e,phenomsg,Hazardous\Hazardous\e-waste\ImageForArticle_8587_16733568303499477 - Copy.jpg,C:\Users\trish\Desktop\smart-waste-segregation-ai\data\raw\phenomsg\Hazardous\Hazardous\e-waste\ImageForArticle_8587_16733568303499477 - Copy.jpg
181,25132210c1ec59a8e8970ea04f1d66253866f278b09803c72154887fd54e012e,phenomsg,Hazardous\Hazardous\e-waste\ImageForArticle_8587_16733568303499477.jpg,C:\Users\trish\Desktop\smart-waste-segregation-ai\data\raw\phenomsg\Hazardous\Hazardous\e-waste\ImageForArticle_8587_16733568303499477.jpg
182,de285f329d122abaeb3af74448d5a26e377317ddae884008aa33c18cfd92e496,phenomsg,Hazardous\Hazardous\e-waste\img878241 - Copy.jpg,C:\Users\trish\Desktop\smart-waste-segregation-ai\data\raw\phenomsg\Hazardous\Hazardous\e-waste\img878241 - Copy.jpg
182,de285f329d122abaeb3af74448d5a26e377317ddae884008aa33c18cfd92e496,phenomsg,Hazardous\Hazardous\e-waste\img878241.jpg,C:\Users\trish\Desktop\smart-waste-segregation-ai\data\raw\phenomsg\Hazardous\Hazardous\e-waste\img878241.jpg
183,0e0c23e2199396c0ccb7c97511eca4e54178f7831f7de74d4dfe8c658092ca2f,phenomsg,Hazardous\Hazardous\e-waste\impact-of-e-waste-hero1540775416137 - Copy.jpg,C:\Users\trish\Desktop\smart-waste-segregation-ai\data\raw\phenomsg\Hazardous\Hazardous\e-waste\impact-of-e-waste-hero1540775416137 - Copy.jpg
183,0e0c23e2199396c0ccb7c97511eca4e54178f7831f7de74d4dfe8c658092ca2f,phenomsg,Hazardous\Hazardous\e-waste\impact-of-e-waste-hero1540775416137.jpg,C:\Users\trish\Desktop\smart-waste-segregation-ai\data\raw\phenomsg\Hazardous\Hazardous\e-waste\impact-of-e-waste-hero1540775416137.jpg
184,6b2da72e19626eaa35f7a8ad4d7e7e154b1413c8bbdaddee8adbb3d7d78dbd98,phenomsg,Hazardous\Hazardous\e-waste\impact-of-e-waste-infographic1541812360135 - Copy.jpg,C:\Users\trish\Desktop\smart-waste-segregation-ai\data\raw\phenomsg\Hazardous\Hazardous\e-waste\impact-of-e-waste-infographic1541812360135 - Copy.jpg
184,6b2da72e19626eaa35f7a8ad4d7e7e154b1413c8bbdaddee8adbb3d7d78dbd98,phenomsg,Hazardous\Hazardous\e-waste\impact-of-e-waste-infographic1541812360135.jpg,C:\Users\trish\Desktop\smart-waste-segregation-ai\data\raw\phenomsg\Hazardous\Hazardous\e-waste\impact-of-e-waste-infographic1541812360135.jpg
185,00bd9d96af5d393d2642f4cd2d3f65b30276abd359ec45da25716d8af8c0361b,phenomsg,Hazardous\Hazardous\e-waste\incandescent-led-cfl - Copy.png,C:\Users\trish\Desktop\smart-waste-segregation-ai\data\raw\phenomsg\Hazardous\Hazardous\e-waste\incandescent-led-cfl - Copy.png
185,00bd9d96af5d393d2642f4cd2d3f65b30276abd359ec45da25716d8af8c0361b,phenomsg,Hazardous\Hazardous\e-waste\incandescent-led-cfl.png,C:\Users\trish\Desktop\smart-waste-segregation-ai\data\raw\phenomsg\Hazardous\Hazardous\e-waste\incandescent-led-cfl.png
186,2b0f9a764647eda642596a54e490ad52c18beea900e7603ab4768ed31fe16682,phenomsg,Hazardous\Hazardous\e-waste\Incandescent_and_fluorescent_light_bulbs - Copy.png,C:\Users\trish\Desktop\smart-waste-segregation-ai\data\raw\phenomsg\Hazardous\Hazardous\e-waste\Incandescent_and_fluorescent_light_bulbs - Copy.png
186,2b0f9a764647eda642596a54e490ad52c18beea900e7603ab4768ed31fe16682,phenomsg,Hazardous\Hazardous\e-waste\Incandescent_and_fluorescent_light_bulbs.png,C:\Users\trish\Desktop\smart-waste-segregation-ai\data\raw\phenomsg\Hazardous\Hazardous\e-waste\Incandescent_and_fluorescent_light_bulbs.png
187,3e9a1b4ba7adaf841f2ea0b76bbfb157d55a20523bc50f91c6500fba20fc104c,phenomsg,Hazardous\Hazardous\e-waste\international-e-waste-day - Copy.jpg,C:\Users\trish\Desktop\smart-waste-segregation-ai\data\raw\phenomsg\Hazardous\Hazardous\e-waste\international-e-waste-day - Copy.jpg
187,3e9a1b4ba7adaf841f2ea0b76bbfb157d55a20523bc50f91c6500fba20fc104c,phenomsg,Hazardous\Hazardous\e-waste\international-e-waste-day.jpg,C:\Users\trish\Desktop\smart-waste-segregation-ai\data\raw\phenomsg\Hazardous\Hazardous\e-waste\international-e-waste-day.jpg
188,1938557c48ef3b39ba9162a77fbb416e0852877116238deca376040f94f9270e,phenomsg,Hazardous\Hazardous\e-waste\Intro-to-E-Waste - Copy.jpg,C:\Users\trish\Desktop\smart-waste-segregation-ai\data\raw\phenomsg\Hazardous\Hazardous\e-waste\Intro-to-E-Waste - Copy.jpg
188,1938557c48ef3b39ba9162a77fbb416e0852877116238deca376040f94f9270e,phenomsg,Hazardous\Hazardous\e-waste\Intro-to-E-Waste.jpg,C:\Users\trish\Desktop\smart-waste-segregation-ai\data\raw\phenomsg\Hazardous\Hazardous\e-waste\Intro-to-E-Waste.jpg
189,d2b3bfe9af83cc94ba4a248e336cf9ef00a75f243b44bb6929998dfbb1a1f67f,phenomsg,Hazardous\Hazardous\e-waste\iPleaders-17 - Copy.jpg,C:\Users\trish\Desktop\smart-waste-segregation-ai\data\raw\phenomsg\Hazardous\Hazardous\e-waste\iPleaders-17 - Copy.jpg
189,d2b3bfe9af83cc94ba4a248e336cf9ef00a75f243b44bb6929998dfbb1a1f67f,phenomsg,Hazardous\Hazardous\e-waste\iPleaders-17.jpg,C:\Users\trish\Desktop\smart-waste-segregation-ai\data\raw\phenomsg\Hazardous\Hazardous\e-waste\iPleaders-17.jpg
190,89aeb885ddc226c19b7c41426e0ebf0027341cf92dce19b68aab5fd3b68033c7,phenomsg,Hazardous\Hazardous\e-waste\Is-it-hazardous-waste...flourescent-light-bulbs - Copy.png,C:\Users\trish\Desktop\smart-waste-segregation-ai\data\raw\phenomsg\Hazardous\Hazardous\e-waste\Is-it-hazardous-waste...flourescent-light-bulbs - Copy.png
190,89aeb885ddc226c19b7c41426e0ebf0027341cf92dce19b68aab5fd3b68033c7,phenomsg,Hazardous\Hazardous\e-waste\Is-it-hazardous-waste...flourescent-light-bulbs.png,C:\Users\trish\Desktop\smart-waste-segregation-ai\data\raw\phenomsg\Hazardous\Hazardous\e-waste\Is-it-hazardous-waste...flourescent-light-bulbs.png
191,85962bebb2f2db93ac3e7347f7c6c91f111d840f9cf965b7c0cdaea2857305ff,phenomsg,Hazardous\Hazardous\e-waste\JunkDevices-607673850 - Copy.jpg,C:\Users\trish\Desktop\smart-waste-segregation-ai\data\raw\phenomsg\Hazardous\Hazardous\e-waste\JunkDevices-607673850 - Copy.jpg
191,85962bebb2f2db93ac3e7347f7c6c91f111d840f9cf965b7c0cdaea2857305ff,phenomsg,Hazardous\Hazardous\e-waste\JunkDevices-607673850.jpg,C:\Users\trish\Desktop\smart-waste-segregation-ai\data\raw\phenomsg\Hazardous\Hazardous\e-waste\JunkDevices-607673850.jpg
192,ac7f57e825256b1eeb2ebe3746e3434e03917fe5701967ec7ed67863ddff913c,phenomsg,Hazardous\Hazardous\e-waste\lable-black-line-icon-varieties-of-lamps-waste-recycling-garbage-sorting-eco - Copy.jpg,C:\Users\trish\Desktop\smart-waste-segregation-ai\data\raw\phenomsg\Hazardous\Hazardous\e-waste\lable-black-line-icon-varieties-of-lamps-waste-recycling-garbage-sorting-eco - Copy.jpg
192,ac7f57e825256b1eeb2ebe3746e3434e03917fe5701967ec7ed67863ddff913c,phenomsg,Hazardous\Hazardous\e-waste\lable-black-line-icon-varieties-of-lamps-waste-recycling-garbage-sorting-eco.jpg,C:\Users\trish\Desktop\smart-waste-segregation-ai\data\raw\phenomsg\Hazardous\Hazardous\e-waste\lable-black-line-icon-varieties-of-lamps-waste-recycling-garbage-sorting-eco.jpg
193,c5fbb405fab3e3e745e7347613f0282cc9a7452aba0d83aee59ff610569c3aae,phenomsg,Hazardous\Hazardous\e-waste\lamps - Copy.jpg,C:\Users\trish\Desktop\smart-waste-segregation-ai\data\raw\phenomsg\Hazardous\Hazardous\e-waste\lamps - Copy.jpg
193,c5fbb405fab3e3e745e7347613f0282cc9a7452aba0d83aee59ff610569c3aae,phenomsg,Hazardous\Hazardous\e-waste\lamps.jpg,C:\Users\trish\Desktop\smart-waste-segregation-ai\data\raw\phenomsg\Hazardous\Hazardous\e-waste\lamps.jpg
194,40a06f55d3d4a32faaf6d3f8ae758f695cf59a8449cb3623e1caf54812511572,phenomsg,Hazardous\Hazardous\e-waste\Led-CFL-And-Incandescent-Bulbs-Wi-6719889-scaled - Copy.jpg,C:\Users\trish\Desktop\smart-waste-segregation-ai\data\raw\phenomsg\Hazardous\Hazardous\e-waste\Led-CFL-And-Incandescent-Bulbs-Wi-6719889-scaled - Copy.jpg
194,40a06f55d3d4a32faaf6d3f8ae758f695cf59a8449cb3623e1caf54812511572,phenomsg,Hazardous\Hazardous\e-waste\Led-CFL-And-Incandescent-Bulbs-Wi-6719889-scaled.jpg,C:\Users\trish\Desktop\smart-waste-segregation-ai\data\raw\phenomsg\Hazardous\Hazardous\e-waste\Led-CFL-And-Incandescent-Bulbs-Wi-6719889-scaled.jpg
195,38cdfa2524b08e34c3f2dbeed3adeb9c7158edbee32ea0300f35269912e1cf26,phenomsg,Hazardous\Hazardous\e-waste\LED-CLF-Incandescent-2 - Copy.jpg,C:\Users\trish\Desktop\smart-waste-segregation-ai\data\raw\phenomsg\Hazardous\Hazardous\e-waste\LED-CLF-Incandescent-2 - Copy.jpg
195,38cdfa2524b08e34c3f2dbeed3adeb9c7158edbee32ea0300f35269912e1cf26,phenomsg,Hazardous\Hazardous\e-waste\LED-CLF-Incandescent-2.jpg,C:\Users\trish\Desktop\smart-waste-segregation-ai\data\raw\phenomsg\Hazardous\Hazardous\e-waste\LED-CLF-Incandescent-2.jpg
196,789455482089d9b03962164044790b7bd41844a26b5cd1454e0dedd33229df68,phenomsg,Hazardous\Hazardous\e-waste\LED-CLF-Incandescent_1024x1024 - Copy.jpg,C:\Users\trish\Desktop\smart-waste-segregation-ai\data\raw\phenomsg\Hazardous\Hazardous\e-waste\LED-CLF-Incandescent_1024x1024 - Copy.jpg
196,789455482089d9b03962164044790b7bd41844a26b5cd1454e0dedd33229df68,phenomsg,Hazardous\Hazardous\e-waste\LED-CLF-Incandescent_1024x1024.jpg,C:\Users\trish\Desktop\smart-waste-segregation-ai\data\raw\phenomsg\Hazardous\Hazardous\e-waste\LED-CLF-Incandescent_1024x1024.jpg
197,d511507a68d09bc1844ced17a26147618bfb4227be74e9afdd9e94972f928f35,phenomsg,Hazardous\Hazardous\e-waste\LED-vs-fluorescent-2022-section-1 - Copy.jpg,C:\Users\trish\Desktop\smart-waste-segregation-ai\data\raw\phenomsg\Hazardous\Hazardous\e-waste\LED-vs-fluorescent-2022-section-1 - Copy.jpg
197,d511507a68d09bc1844ced17a26147618bfb4227be74e9afdd9e94972f928f35,phenomsg,Hazardous\Hazardous\e-waste\LED-vs-fluorescent-2022-section-1.jpg,C:\Users\trish\Desktop\smart-waste-segregation-ai\data\raw\phenomsg\Hazardous\Hazardous\e-waste\LED-vs-fluorescent-2022-section-1.jpg
198,99a20c980d3644820d5e7c7550369bf25261d53d025755a866c6323f965f9f5e,phenomsg,Hazardous\Hazardous\e-waste\LED20vs20Fluorescent20Image20202120Blog20Sized - Copy.png,C:\Users\trish\Desktop\smart-waste-segregation-ai\data\raw\phenomsg\Hazardous\Hazardous\e-waste\LED20vs20Fluorescent20Image20202120Blog20Sized - Copy.png
198,99a20c980d3644820d5e7c7550369bf25261d53d025755a866c6323f965f9f5e,phenomsg,Hazardous\Hazardous\e-waste\LED20vs20Fluorescent20Image20202120Blog20Sized.png,C:\Users\trish\Desktop\smart-waste-segregation-ai\data\raw\phenomsg\Hazardous\Hazardous\e-waste\LED20vs20Fluorescent20Image20202120Blog20Sized.png
199,e9e88fd74d5a70f4ec488516e132f8d5606b96a6ae497c9bd7005f30731b18d1,phenomsg,Hazardous\Hazardous\e-waste\light-bulb-fluorescent - Copy.jpg,C:\Users\trish\Desktop\smart-waste-segregation-ai\data\raw\phenomsg\Hazardous\Hazardous\e-waste\light-bulb-fluorescent - Copy.jpg
199,e9e88fd74d5a70f4ec488516e132f8d5606b96a6ae497c9bd7005f30731b18d1,phenomsg,Hazardous\Hazardous\e-waste\light-bulb-fluorescent.jpg,C:\Users\trish\Desktop\smart-waste-segregation-ai\data\raw\phenomsg\Hazardous\Hazardous\e-waste\light-bulb-fluorescent.jpg
200,a16b9605921628addcdf7587c13d343da012c405362094142b475ad47608f9d7,phenomsg,Hazardous\Hazardous\e-waste\Light-Bulb-Recycling - Copy.jpg,C:\Users\trish\Desktop\smart-waste-segregation-ai\data\raw\phenomsg\Hazardous\Hazardous\e-waste\Light-Bulb-Recycling - Copy.jpg
200,a16b9605921628addcdf7587c13d343da012c405362094142b475ad47608f9d7,phenomsg,Hazardous\Hazardous\e-waste\Light-Bulb-Recycling.jpg,C:\Users\trish\Desktop\smart-waste-segregation-ai\data\raw\phenomsg\Hazardous\Hazardous\e-waste\Light-Bulb-Recycling.jpg
201,abdfaa533af1ab71f2c20ac4f7e4d1dcf00de435680413f849170ba36fd7f7f9,phenomsg,Hazardous\Hazardous\e-waste\light-bulb-recycling-waste-legacy-tungsten-on-white-background-GJ5BDK - Copy.jpg,C:\Users\trish\Desktop\smart-waste-segregation-ai\data\raw\phenomsg\Hazardous\Hazardous\e-waste\light-bulb-recycling-waste-legacy-tungsten-on-white-background-GJ5BDK - Copy.jpg
201,abdfaa533af1ab71f2c20ac4f7e4d1dcf00de435680413f849170ba36fd7f7f9,phenomsg,Hazardous\Hazardous\e-waste\light-bulb-recycling-waste-legacy-tungsten-on-white-background-GJ5BDK.jpg,C:\Users\trish\Desktop\smart-waste-segregation-ai\data\raw\phenomsg\Hazardous\Hazardous\e-waste\light-bulb-recycling-waste-legacy-tungsten-on-white-background-GJ5BDK.jpg
202,eac86288eaceda439cb7e70e036ecc3330450cd561e6b9abbadb487d1ccdd26e,phenomsg,Hazardous\Hazardous\e-waste\light-bulbs-and-recycling-bin-for-them-light-bulbs-and-fluorescent-lamps-are - Copy.jpg,C:\Users\trish\Desktop\smart-waste-segregation-ai\data\raw\phenomsg\Hazardous\Hazardous\e-waste\light-bulbs-and-recycling-bin-for-them-light-bulbs-and-fluorescent-lamps-are - Copy.jpg
202,eac86288eaceda439cb7e70e036ecc3330450cd561e6b9abbadb487d1ccdd26e,phenomsg,Hazardous\Hazardous\e-waste\light-bulbs-and-recycling-bin-for-them-light-bulbs-and-fluorescent-lamps-are.jpg,C:\Users\trish\Desktop\smart-waste-segregation-ai\data\raw\phenomsg\Hazardous\Hazardous\e-waste\light-bulbs-and-recycling-bin-for-them-light-bulbs-and-fluorescent-lamps-are.jpg
203,10da5732cb79bf1eb8fded65093a0219ad7b89019b6e7daae0bc83909828399a,phenomsg,Hazardous\Hazardous\e-waste\Light20bulbs.JPG - Copy.jpg,C:\Users\trish\Desktop\smart-waste-segregation-ai\data\raw\phenomsg\Hazardous\Hazardous\e-waste\Light20bulbs.JPG - Copy.jpg
203,10da5732cb79bf1eb8fded65093a0219ad7b89019b6e7daae0bc83909828399a,phenomsg,Hazardous\Hazardous\e-waste\Light20bulbs.JPG.jpg,C:\Users\trish\Desktop\smart-waste-segregation-ai\data\raw\phenomsg\Hazardous\Hazardous\e-waste\Light20bulbs.JPG.jpg
204,e5c818540ee3bd291b06917f57d68ce57e8db2e4b2d5aff74e37661dc0a1939f,phenomsg,Hazardous\Hazardous\e-waste\lightbulb-average-rated-lifetime-hours-1 - Copy.jpg,C:\Users\trish\Desktop\smart-waste-segregation-ai\data\raw\phenomsg\Hazardous\Hazardous\e-waste\lightbulb-average-rated-lifetime-hours-1 - Copy.jpg
204,e5c818540ee3bd291b06917f57d68ce57e8db2e4b2d5aff74e37661dc0a1939f,phenomsg,Hazardous\Hazardous\e-waste\lightbulb-average-rated-lifetime-hours-1.jpg,C:\Users\trish\Desktop\smart-waste-segregation-ai\data\raw\phenomsg\Hazardous\Hazardous\e-waste\lightbulb-average-rated-lifetime-hours-1.jpg
205,9e844714ee06e01aa0f7496cedc9a0ba4bb8534592b8abcb5df1cdfd566e2f72,phenomsg,Hazardous\Hazardous\e-waste\lightbulb-recycling - Copy.jpg,C:\Users\trish\Desktop\smart-waste-segregation-ai\data\raw\phenomsg\Hazardous\Hazardous\e-waste\lightbulb-recycling - Copy.jpg
205,9e844714ee06e01aa0f7496cedc9a0ba4bb8534592b8abcb5df1cdfd566e2f72,phenomsg,Hazardous\Hazardous\e-waste\lightbulb-recycling.jpg,C:\Users\trish\Desktop\smart-waste-segregation-ai\data\raw\phenomsg\Hazardous\Hazardous\e-waste\lightbulb-recycling.jpg
206,78d9ed0f55e40d93a6ae7d75903ad4cc31f0d86f8ce66ec27f6a3fb5cb92f16d,phenomsg,Hazardous\Hazardous\e-waste\lightbulbs - Copy.png,C:\Users\trish\Desktop\smart-waste-segregation-ai\data\raw\phenomsg\Hazardous\Hazardous\e-waste\lightbulbs - Copy.png
206,78d9ed0f55e40d93a6ae7d75903ad4cc31f0d86f8ce66ec27f6a3fb5cb92f16d,phenomsg,Hazardous\Hazardous\e-waste\lightbulbs.png,C:\Users\trish\Desktop\smart-waste-segregation-ai\data\raw\phenomsg\Hazardous\Hazardous\e-waste\lightbulbs.png
207,aaa8cd44175f0ae6284b9dd76c268501b2f25b8b4dacdf27a2cbd699af55d076,phenomsg,Hazardous\Hazardous\e-waste\Lights-Hero - Copy.jpg,C:\Users\trish\Desktop\smart-waste-segregation-ai\data\raw\phenomsg\Hazardous\Hazardous\e-waste\Lights-Hero - Copy.jpg
207,aaa8cd44175f0ae6284b9dd76c268501b2f25b8b4dacdf27a2cbd699af55d076,phenomsg,Hazardous\Hazardous\e-waste\Lights-Hero.jpg,C:\Users\trish\Desktop\smart-waste-segregation-ai\data\raw\phenomsg\Hazardous\Hazardous\e-waste\Lights-Hero.jpg
208,08b2eafb8f3949220d51153f00e02742b1ba9098c6cf8f8fd2b7da6cac032119,phenomsg,Hazardous\Hazardous\e-waste\ling-electronic-waste-electronics-hazardous-waste-recycle-computer-recycling - Copy.png,C:\Users\trish\Desktop\smart-waste-segregation-ai\data\raw\phenomsg\Hazardous\Hazardous\e-waste\ling-electronic-waste-electronics-hazardous-waste-recycle-computer-recycling - Copy.png
208,08b2eafb8f3949220d51153f00e02742b1ba9098c6cf8f8fd2b7da6cac032119,phenomsg,Hazardous\Hazardous\e-waste\ling-electronic-waste-electronics-hazardous-waste-recycle-computer-recycling.png,C:\Users\trish\Desktop\smart-waste-segregation-ai\data\raw\phenomsg\Hazardous\Hazardous\e-waste\ling-electronic-waste-electronics-hazardous-waste-recycle-computer-recycling.png
209,f365b886dff07b00c292a1077b741e1033b1cea195f69290a1594430e6766a81,phenomsg,Hazardous\Hazardous\e-waste\ling-issue-concept-copy-space-text-damaged-held-disposal-challenge-277763587 - Copy.jpg,C:\Users\trish\Desktop\smart-waste-segregation-ai\data\raw\phenomsg\Hazardous\Hazardous\e-waste\ling-issue-concept-copy-space-text-damaged-held-disposal-challenge-277763587 - Copy.jpg
209,f365b886dff07b00c292a1077b741e1033b1cea195f69290a1594430e6766a81,phenomsg,Hazardous\Hazardous\e-waste\ling-issue-concept-copy-space-text-damaged-held-disposal-challenge-277763587.jpg,C:\Users\trish\Desktop\smart-waste-segregation-ai\data\raw\phenomsg\Hazardous\Hazardous\e-waste\ling-issue-concept-copy-space-text-damaged-held-disposal-challenge-277763587.jpg
210,b7080296c4cb1fd39e1334caf79f6cc488498d30ad552c6fc42bf26768454d3c,phenomsg,Hazardous\Hazardous\e-waste\Maple-Leaf-Foods-Electronic-Recycling-Program-Photo-Credit-Lya_Cattel - Copy.jpg,C:\Users\trish\Desktop\smart-waste-segregation-ai\data\raw\phenomsg\Hazardous\Hazardous\e-waste\Maple-Leaf-Foods-Electronic-Recycling-Program-Photo-Credit-Lya_Cattel - Copy.jpg
210,b7080296c4cb1fd39e1334caf79f6cc488498d30ad552c6fc42bf26768454d3c,phenomsg,Hazardous\Hazardous\e-waste\Maple-Leaf-Foods-Electronic-Recycling-Program-Photo-Credit-Lya_Cattel.jpg,C:\Users\trish\Desktop\smart-waste-segregation-ai\data\raw\phenomsg\Hazardous\Hazardous\e-waste\Maple-Leaf-Foods-Electronic-Recycling-Program-Photo-Credit-Lya_Cattel.jpg
211,f9018529b977991faff41cf2849cd170dc7134041789d3196ed2e76bdf35f23c,phenomsg,Hazardous\Hazardous\e-waste\maxresdefault - Copy.jpg,C:\Users\trish\Desktop\smart-waste-segregation-ai\data\raw\phenomsg\Hazardous\Hazardous\e-waste\maxresdefault - Copy.jpg
211,f9018529b977991faff41cf2849cd170dc7134041789d3196ed2e76bdf35f23c,phenomsg,Hazardous\Hazardous\e-waste\maxresdefault.jpg,C:\Users\trish\Desktop\smart-waste-segregation-ai\data\raw\phenomsg\Hazardous\Hazardous\e-waste\maxresdefault.jpg
212,08a10112bf7838631d8b1a0d58cff7f4fbd5d0823d4eb895acd8d4ebc06705aa,phenomsg,Hazardous\Hazardous\e-waste\maxresdefault2 - Copy.jpg,C:\Users\trish\Desktop\smart-waste-segregation-ai\data\raw\phenomsg\Hazardous\Hazardous\e-waste\maxresdefault2 - Copy.jpg
212,08a10112bf7838631d8b1a0d58cff7f4fbd5d0823d4eb895acd8d4ebc06705aa,phenomsg,Hazardous\Hazardous\e-waste\maxresdefault2.jpg,C:\Users\trish\Desktop\smart-waste-segregation-ai\data\raw\phenomsg\Hazardous\Hazardous\e-waste\maxresdefault2.jpg
213,fca4c999c9b4d392122d3167f634fdb3411dedaac17faf1806ef91470bba2e73,phenomsg,Hazardous\Hazardous\e-waste\Mercury-bulb-ban-1024x341 - Copy.png,C:\Users\trish\Desktop\smart-waste-segregation-ai\data\raw\phenomsg\Hazardous\Hazardous\e-waste\Mercury-bulb-ban-1024x341 - Copy.png
213,fca4c999c9b4d392122d3167f634fdb3411dedaac17faf1806ef91470bba2e73,phenomsg,Hazardous\Hazardous\e-waste\Mercury-bulb-ban-1024x341.png,C:\Users\trish\Desktop\smart-waste-segregation-ai\data\raw\phenomsg\Hazardous\Hazardous\e-waste\Mercury-bulb-ban-1024x341.png
214,151825eb995a2e463aae45f0531493b3240c8da2b26317e010330b8a27df5054,phenomsg,Hazardous\Hazardous\e-waste\mika-baumeister-oXb5tA61wI-unsplash-scaled-e1651078651490 - Copy.jpg,C:\Users\trish\Desktop\smart-waste-segregation-ai\data\raw\phenomsg\Hazardous\Hazardous\e-waste\mika-baumeister-oXb5tA61wI-unsplash-scaled-e1651078651490 - Copy.jpg
214,151825eb995a2e463aae45f0531493b3240c8da2b26317e010330b8a27df5054,phenomsg,Hazardous\Hazardous\e-waste\mika-baumeister-oXb5tA61wI-unsplash-scaled-e1651078651490.jpg,C:\Users\trish\Desktop\smart-waste-segregation-ai\data\raw\phenomsg\Hazardous\Hazardous\e-waste\mika-baumeister-oXb5tA61wI-unsplash-scaled-e1651078651490.jpg
215,3a3b0bd3e2b980dbfeff9d43b81e98efeb0ebe9ce9e599d35203807be45bda60,phenomsg,Hazardous\Hazardous\e-waste\n-edison-fluorescent-and-led-isolated-on-a-transparent-background-1242075553 - Copy.jpg,C:\Users\trish\Desktop\smart-waste-segregation-ai\data\raw\phenomsg\Hazardous\Hazardous\e-waste\n-edison-fluorescent-and-led-isolated-on-a-transparent-background-1242075553 - Copy.jpg
215,3a3b0bd3e2b980dbfeff9d43b81e98efeb0ebe9ce9e599d35203807be45bda60,phenomsg,Hazardous\Hazardous\e-waste\n-edison-fluorescent-and-led-isolated-on-a-transparent-background-1242075553.jpg,C:\Users\trish\Desktop\smart-waste-segregation-ai\data\raw\phenomsg\Hazardous\Hazardous\e-waste\n-edison-fluorescent-and-led-isolated-on-a-transparent-background-1242075553.jpg
216,c891de3210cb56c2e5262b8f1a4d0ff61e478527ec282c8306e492c39ea4c779,phenomsg,Hazardous\Hazardous\e-waste\n1-e1639575580776 - Copy.jpg,C:\Users\trish\Desktop\smart-waste-segregation-ai\data\raw\phenomsg\Hazardous\Hazardous\e-waste\n1-e1639575580776 - Copy.jpg
216,c891de3210cb56c2e5262b8f1a4d0ff61e478527ec282c8306e492c39ea4c779,phenomsg,Hazardous\Hazardous\e-waste\n1-e1639575580776.jpg,C:\Users\trish\Desktop\smart-waste-segregation-ai\data\raw\phenomsg\Hazardous\Hazardous\e-waste\n1-e1639575580776.jpg
217,9490d9ebb56957a3aa33dc688464c986110938644922ea67f29e516d729d781b,phenomsg,Hazardous\Hazardous\e-waste\Namo-Blog_Cover-7-1024x536 - Copy.jpg,C:\Users\trish\Desktop\smart-waste-segregation-ai\data\raw\phenomsg\Hazardous\Hazardous\e-waste\Namo-Blog_Cover-7-1024x536 - Copy.jpg
217,9490d9ebb56957a3aa33dc688464c986110938644922ea67f29e516d729d781b,phenomsg,Hazardous\Hazardous\e-waste\Namo-Blog_Cover-7-1024x536.jpg,C:\Users\trish\Desktop\smart-waste-segregation-ai\data\raw\phenomsg\Hazardous\Hazardous\e-waste\Namo-Blog_Cover-7-1024x536.jpg
218,16dbc6f8ba4ede4336514765f419dc8b24c4f3aedf307fc8526d18ba98f7a53b,phenomsg,Hazardous\Hazardous\e-waste\negative-side-of-compact-flourescent-bulbs-cfls - Copy.jpg,C:\Users\trish\Desktop\smart-waste-segregation-ai\data\raw\phenomsg\Hazardous\Hazardous\e-waste\negative-side-of-compact-flourescent-bulbs-cfls - Copy.jpg
218,16dbc6f8ba4ede4336514765f419dc8b24c4f3aedf307fc8526d18ba98f7a53b,phenomsg,Hazardous\Hazardous\e-waste\negative-side-of-compact-flourescent-bulbs-cfls.jpg,C:\Users\trish\Desktop\smart-waste-segregation-ai\data\raw\phenomsg\Hazardous\Hazardous\e-waste\negative-side-of-compact-flourescent-bulbs-cfls.jpg
219,9f3448fc87f5d0eb28aca77574849c6271a4b8a629a63cace6ca64b68d164b75,phenomsg,Hazardous\Hazardous\e-waste\nergy-saving-bulbs-tube-spent-incandescent-halogen-cfi-fluorescent-174891297 - Copy.jpg,C:\Users\trish\Desktop\smart-waste-segregation-ai\data\raw\phenomsg\Hazardous\Hazardous\e-waste\nergy-saving-bulbs-tube-spent-incandescent-halogen-cfi-fluorescent-174891297 - Copy.jpg
219,9f3448fc87f5d0eb28aca77574849c6271a4b8a629a63cace6ca64b68d164b75,phenomsg,Hazardous\Hazardous\e-waste\nergy-saving-bulbs-tube-spent-incandescent-halogen-cfi-fluorescent-174891297.jpg,C:\Users\trish\Desktop\smart-waste-segregation-ai\data\raw\phenomsg\Hazardous\Hazardous\e-waste\nergy-saving-bulbs-tube-spent-incandescent-halogen-cfi-fluorescent-174891297.jpg
220,f35c50301480f46ca7af03919e3862660efcd9bde05d41b9071b0d457fba0287,phenomsg,Hazardous\Hazardous\e-waste\nergy-saving-bulbs-tube-spent-incandescent-halogen-cfi-fluorescent-174891307 - Copy.jpg,C:\Users\trish\Desktop\smart-waste-segregation-ai\data\raw\phenomsg\Hazardous\Hazardous\e-waste\nergy-saving-bulbs-tube-spent-incandescent-halogen-cfi-fluorescent-174891307 - Copy.jpg
220,f35c50301480f46ca7af03919e3862660efcd9bde05d41b9071b0d457fba0287,phenomsg,Hazardous\Hazardous\e-waste\nergy-saving-bulbs-tube-spent-incandescent-halogen-cfi-fluorescent-174891307.jpg,C:\Users\trish\Desktop\smart-waste-segregation-ai\data\raw\phenomsg\Hazardous\Hazardous\e-waste\nergy-saving-bulbs-tube-spent-incandescent-halogen-cfi-fluorescent-174891307.jpg
221,eb98ee1d74f835631999906d9bf61a2bc063a5a54a37157cdddce827e7b5cc97,phenomsg,Hazardous\Hazardous\e-waste\New-RepBan_Guide-FluorescentBulbs_2008 - Copy.jpg,C:\Users\trish\Desktop\smart-waste-segregation-ai\data\raw\phenomsg\Hazardous\Hazardous\e-waste\New-RepBan_Guide-FluorescentBulbs_2008 - Copy.jpg
221,eb98ee1d74f835631999906d9bf61a2bc063a5a54a37157cdddce827e7b5cc97,phenomsg,Hazardous\Hazardous\e-waste\New-RepBan_Guide-FluorescentBulbs_2008.jpg,C:\Users\trish\Desktop\smart-waste-segregation-ai\data\raw\phenomsg\Hazardous\Hazardous\e-waste\New-RepBan_Guide-FluorescentBulbs_2008.jpg
222,b3445521b014fae988428d3918f3b42446a923ca44cceebcb86204d0cfcb049c,phenomsg,Hazardous\Hazardous\e-waste\ng-electronic-waste-electronics-recycle-bin-miscellaneous-computer-recycling - Copy.png,C:\Users\trish\Desktop\smart-waste-segregation-ai\data\raw\phenomsg\Hazardous\Hazardous\e-waste\ng-electronic-waste-electronics-recycle-bin-miscellaneous-computer-recycling - Copy.png
222,b3445521b014fae988428d3918f3b42446a923ca44cceebcb86204d0cfcb049c,phenomsg,Hazardous\Hazardous\e-waste\ng-electronic-waste-electronics-recycle-bin-miscellaneous-computer-recycling.png,C:\Users\trish\Desktop\smart-waste-segregation-ai\data\raw\phenomsg\Hazardous\Hazardous\e-waste\ng-electronic-waste-electronics-recycle-bin-miscellaneous-computer-recycling.png
223,9b8199644ce3493c4acad1b4072ef8781b9ebbe207610ed388a61032eb8dc536,phenomsg,Hazardous\Hazardous\e-waste\Noteable_ewaste_main-760x378 - Copy.jpg,C:\Users\trish\Desktop\smart-waste-segregation-ai\data\raw\phenomsg\Hazardous\Hazardous\e-waste\Noteable_ewaste_main-760x378 - Copy.jpg
223,9b8199644ce3493c4acad1b4072ef8781b9ebbe207610ed388a61032eb8dc536,phenomsg,Hazardous\Hazardous\e-waste\Noteable_ewaste_main-760x378.jpg,C:\Users\trish\Desktop\smart-waste-segregation-ai\data\raw\phenomsg\Hazardous\Hazardous\e-waste\Noteable_ewaste_main-760x378.jpg
224,702cb48713826297bc027bbb96c54383d4e4dc2125eef5a34a7910693e73f2c8,phenomsg,Hazardous\Hazardous\e-waste\old-burnt-fluorescent-energy-saving-lamps-hazardous-toxic-electronic-waste-75820716 - Copy.jpg,C:\Users\trish\Desktop\smart-waste-segregation-ai\data\raw\phenomsg\Hazardous\Hazardous\e-waste\old-burnt-fluorescent-energy-saving-lamps-hazardous-toxic-electronic-waste-75820716 - Copy.jpg
224,702cb48713826297bc027bbb96c54383d4e4dc2125eef5a34a7910693e73f2c8,phenomsg,Hazardous\Hazardous\e-waste\old-burnt-fluorescent-energy-saving-lamps-hazardous-toxic-electronic-waste-75820716.jpg,C:\Users\trish\Desktop\smart-waste-segregation-ai\data\raw\phenomsg\Hazardous\Hazardous\e-waste\old-burnt-fluorescent-energy-saving-lamps-hazardous-toxic-electronic-waste-75820716.jpg
225,2c56968d4354c8b4cc598366d8fbae0b47500fe71db932ccfb5fbe0d3028a12a,phenomsg,Hazardous\Hazardous\e-waste\old-used-led-halogen-bulbs-fluorescent-tubes-different-light-bulbs-collected-recycling-217026394 - Copy.jpg,C:\Users\trish\Desktop\smart-waste-segregation-ai\data\raw\phenomsg\Hazardous\Hazardous\e-waste\old-used-led-halogen-bulbs-fluorescent-tubes-different-light-bulbs-collected-recycling-217026394 - Copy.jpg
225,2c56968d4354c8b4cc598366d8fbae0b47500fe71db932ccfb5fbe0d3028a12a,phenomsg,Hazardous\Hazardous\e-waste\old-used-led-halogen-bulbs-fluorescent-tubes-different-light-bulbs-collected-recycling-217026394.jpg,C:\Users\trish\Desktop\smart-waste-segregation-ai\data\raw\phenomsg\Hazardous\Hazardous\e-waste\old-used-led-halogen-bulbs-fluorescent-tubes-different-light-bulbs-collected-recycling-217026394.jpg
226,e0ab238230f909a1c0b9f790af3a224eae1c025a8601ced43e6c673c0c498414,phenomsg,Hazardous\Hazardous\e-waste\omponents-mainboards-pcb-connectors-hardware-electronics-industry-eco-PNX35G - Copy.jpg,C:\Users\trish\Desktop\smart-waste-segregation-ai\data\raw\phenomsg\Hazardous\Hazardous\e-waste\omponents-mainboards-pcb-connectors-hardware-electronics-industry-eco-PNX35G - Copy.jpg
226,e0ab238230f909a1c0b9f790af3a224eae1c025a8601ced43e6c673c0c498414,phenomsg,Hazardous\Hazardous\e-waste\omponents-mainboards-pcb-connectors-hardware-electronics-industry-eco-PNX35G.jpg,C:\Users\trish\Desktop\smart-waste-segregation-ai\data\raw\phenomsg\Hazardous\Hazardous\e-waste\omponents-mainboards-pcb-connectors-hardware-electronics-industry-eco-PNX35G.jpg
227,59f68db235b39ab11749cc50351da5375862044eb50a5e7ec5b5363654034d90,phenomsg,Hazardous\Hazardous\e-waste\onic-waste-on-white-background-reuse-and-recycle-concept-top-view-1011557155 - Copy.jpg,C:\Users\trish\Desktop\smart-waste-segregation-ai\data\raw\phenomsg\Hazardous\Hazardous\e-waste\onic-waste-on-white-background-reuse-and-recycle-concept-top-view-1011557155 - Copy.jpg
227,59f68db235b39ab11749cc50351da5375862044eb50a5e7ec5b5363654034d90,phenomsg,Hazardous\Hazardous\e-waste\onic-waste-on-white-background-reuse-and-recycle-concept-top-view-1011557155.jpg,C:\Users\trish\Desktop\smart-waste-segregation-ai\data\raw\phenomsg\Hazardous\Hazardous\e-waste\onic-waste-on-white-background-reuse-and-recycle-concept-top-view-1011557155.jpg
228,453e53f26846b02ba9aab57d1bb1e3e00de92ec9caf10ea2a8cf9eaab1717623,phenomsg,Hazardous\Hazardous\e-waste\Optimized-ewaste-middle-east - Copy.jpg,C:\Users\trish\Desktop\smart-waste-segregation-ai\data\raw\phenomsg\Hazardous\Hazardous\e-waste\Optimized-ewaste-middle-east - Copy.jpg
228,453e53f26846b02ba9aab57d1bb1e3e00de92ec9caf10ea2a8cf9eaab1717623,phenomsg,Hazardous\Hazardous\e-waste\Optimized-ewaste-middle-east.jpg,C:\Users\trish\Desktop\smart-waste-segregation-ai\data\raw\phenomsg\Hazardous\Hazardous\e-waste\Optimized-ewaste-middle-east.jpg
229,626109e2448ea7272b05ca31acd97413e061adb2d463c091e9898fb0a8c713e2,phenomsg,Hazardous\Hazardous\e-waste\outlined-compact-fluorescent-light-bulbs-stock-illustrations_csp49558453 - Copy.jpg,C:\Users\trish\Desktop\smart-waste-segregation-ai\data\raw\phenomsg\Hazardous\Hazardous\e-waste\outlined-compact-fluorescent-light-bulbs-stock-illustrations_csp49558453 - Copy.jpg
229,626109e2448ea7272b05ca31acd97413e061adb2d463c091e9898fb0a8c713e2,phenomsg,Hazardous\Hazardous\e-waste\outlined-compact-fluorescent-light-bulbs-stock-illustrations_csp49558453.jpg,C:\Users\trish\Desktop\smart-waste-segregation-ai\data\raw\phenomsg\Hazardous\Hazardous\e-waste\outlined-compact-fluorescent-light-bulbs-stock-illustrations_csp49558453.jpg
230,3a9c1d19740192f318fa3ace8d04bca99451525ba4c3b18e07f76566e39f7953,phenomsg,Hazardous\Hazardous\e-waste\page_1 - Copy.jpg,C:\Users\trish\Desktop\smart-waste-segregation-ai\data\raw\phenomsg\Hazardous\Hazardous\e-waste\page_1 - Copy.jpg
230,3a9c1d19740192f318fa3ace8d04bca99451525ba4c3b18e07f76566e39f7953,phenomsg,Hazardous\Hazardous\e-waste\page_1.jpg,C:\Users\trish\Desktop\smart-waste-segregation-ai\data\raw\phenomsg\Hazardous\Hazardous\e-waste\page_1.jpg
231,584560698c5d3888de43e62c4f62416aafdbddf358837c7cba7fdb7bade06052,phenomsg,Hazardous\Hazardous\e-waste\Parts_of_CFL_large - Copy.jpg,C:\Users\trish\Desktop\smart-waste-segregation-ai\data\raw\phenomsg\Hazardous\Hazardous\e-waste\Parts_of_CFL_large - Copy.jpg
231,584560698c5d3888de43e62c4f62416aafdbddf358837c7cba7fdb7bade06052,phenomsg,Hazardous\Hazardous\e-waste\Parts_of_CFL_large.jpg,C:\Users\trish\Desktop\smart-waste-segregation-ai\data\raw\phenomsg\Hazardous\Hazardous\e-waste\Parts_of_CFL_large.jpg
232,45253ba70a65159891f6d0eca34516d801a7afdfb395be47db81e6314109b010,phenomsg,Hazardous\Hazardous\e-waste\pile-o-light-bulbs-1024x683 - Copy.jpg,C:\Users\trish\Desktop\smart-waste-segregation-ai\data\raw\phenomsg\Hazardous\Hazardous\e-waste\pile-o-light-bulbs-1024x683 - Copy.jpg
232,45253ba70a65159891f6d0eca34516d801a7afdfb395be47db81e6314109b010,phenomsg,Hazardous\Hazardous\e-waste\pile-o-light-bulbs-1024x683.jpg,C:\Users\trish\Desktop\smart-waste-segregation-ai\data\raw\phenomsg\Hazardous\Hazardous\e-waste\pile-o-light-bulbs-1024x683.jpg
233,87cb141f775219f277600b608664ad96f28ac7870572bcbd1f8d319e6792dd54,phenomsg,Hazardous\Hazardous\e-waste\post_lighting_waste - Copy.png,C:\Users\trish\Desktop\smart-waste-segregation-ai\data\raw\phenomsg\Hazardous\Hazardous\e-waste\post_lighting_waste - Copy.png
233,87cb141f775219f277600b608664ad96f28ac7870572bcbd1f8d319e6792dd54,phenomsg,Hazardous\Hazardous\e-waste\post_lighting_waste.png,C:\Users\trish\Desktop\smart-waste-segregation-ai\data\raw\phenomsg\Hazardous\Hazardous\e-waste\post_lighting_waste.png
234,7060efa627ccc8c66807c3e7b08a6dea366d2b97dd7755b9a15ed514ecaef1f6,phenomsg,Hazardous\Hazardous\e-waste\r-illustrations-set-different-lightbulb-types-with-various-shapes-2035328045 - Copy.jpg,C:\Users\trish\Desktop\smart-waste-segregation-ai\data\raw\phenomsg\Hazardous\Hazardous\e-waste\r-illustrations-set-different-lightbulb-types-with-various-shapes-2035328045 - Copy.jpg
234,7060efa627ccc8c66807c3e7b08a6dea366d2b97dd7755b9a15ed514ecaef1f6,phenomsg,Hazardous\Hazardous\e-waste\r-illustrations-set-different-lightbulb-types-with-various-shapes-2035328045.jpg,C:\Users\trish\Desktop\smart-waste-segregation-ai\data\raw\phenomsg\Hazardous\Hazardous\e-waste\r-illustrations-set-different-lightbulb-types-with-various-shapes-2035328045.jpg
235,562ebe9db87c97e66a26b443c620f033149601bb5c006b51ef67429c60e4c051,phenomsg,Hazardous\Hazardous\e-waste\rcury-lamps-e-waste-environmental-pollution-crime-dirty-broken-old-128643963 - Copy.jpg,C:\Users\trish\Desktop\smart-waste-segregation-ai\data\raw\phenomsg\Hazardous\Hazardous\e-waste\rcury-lamps-e-waste-environmental-pollution-crime-dirty-broken-old-128643963 - Copy.jpg
235,562ebe9db87c97e66a26b443c620f033149601bb5c006b51ef67429c60e4c051,phenomsg,Hazardous\Hazardous\e-waste\rcury-lamps-e-waste-environmental-pollution-crime-dirty-broken-old-128643963.jpg,C:\Users\trish\Desktop\smart-waste-segregation-ai\data\raw\phenomsg\Hazardous\Hazardous\e-waste\rcury-lamps-e-waste-environmental-pollution-crime-dirty-broken-old-128643963.jpg
236,fc5693f495a81bcec928fc1eb0ddeecb282e0c375d940e292ee1d9ca8c38c8b5,phenomsg,Hazardous\Hazardous\e-waste\reciclaje-industrial-portada - Copy.jpg,C:\Users\trish\Desktop\smart-waste-segregation-ai\data\raw\phenomsg\Hazardous\Hazardous\e-waste\reciclaje-industrial-portada - Copy.jpg
236,fc5693f495a81bcec928fc1eb0ddeecb282e0c375d940e292ee1d9ca8c38c8b5,phenomsg,Hazardous\Hazardous\e-waste\reciclaje-industrial-portada.jpg,C:\Users\trish\Desktop\smart-waste-segregation-ai\data\raw\phenomsg\Hazardous\Hazardous\e-waste\reciclaje-industrial-portada.jpg
237,333d59be1778d02f6fea44b6573d7d87c205804d97d21dc3a1919041aa60e159,phenomsg,Hazardous\Hazardous\e-waste\Reciclaje_electronico_categorias_inglC3A9s - Copy.jpg,C:\Users\trish\Desktop\smart-waste-segregation-ai\data\raw\phenomsg\Hazardous\Hazardous\e-waste\Reciclaje_electronico_categorias_inglC3A9s - Copy.jpg
237,333d59be1778d02f6fea44b6573d7d87c205804d97d21dc3a1919041aa60e159,phenomsg,Hazardous\Hazardous\e-waste\Reciclaje_electronico_categorias_inglC3A9s.jpg,C:\Users\trish\Desktop\smart-waste-segregation-ai\data\raw\phenomsg\Hazardous\Hazardous\e-waste\Reciclaje_electronico_categorias_inglC3A9s.jpg
238,e8ddd16110caefc2cee4d0e5a8908473d817556031bb3748b1983fbb3a05e9ba,phenomsg,Hazardous\Hazardous\e-waste\recycle-e-waste-new-aug-22 - Copy.png,C:\Users\trish\Desktop\smart-waste-segregation-ai\data\raw\phenomsg\Hazardous\Hazardous\e-waste\recycle-e-waste-new-aug-22 - Copy.png
238,e8ddd16110caefc2cee4d0e5a8908473d817556031bb3748b1983fbb3a05e9ba,phenomsg,Hazardous\Hazardous\e-waste\recycle-e-waste-new-aug-22.png,C:\Users\trish\Desktop\smart-waste-segregation-ai\data\raw\phenomsg\Hazardous\Hazardous\e-waste\recycle-e-waste-new-aug-22.png
239,2d5f752a0c660ddba6d7a301211a3b2f11facd38ca395e4fd975967f5a5a904e,phenomsg,Hazardous\Hazardous\e-waste\recycle-old-phones-1617128956 - Copy.png,C:\Users\trish\Desktop\smart-waste-segregation-ai\data\raw\phenomsg\Hazardous\Hazardous\e-waste\recycle-old-phones-1617128956 - Copy.png
239,2d5f752a0c660ddba6d7a301211a3b2f11facd38ca395e4fd975967f5a5a904e,phenomsg,Hazardous\Hazardous\e-waste\recycle-old-phones-1617128956.png,C:\Users\trish\Desktop\smart-waste-segregation-ai\data\raw\phenomsg\Hazardous\Hazardous\e-waste\recycle-old-phones-1617128956.png
240,972607a00bd4ff82c31d3cc470e3c0b570d8af830644f3b176e133fac34c3e2c,phenomsg,Hazardous\Hazardous\e-waste\rk-background-the-concept-of-recycling-and-disposal-of-electronic-2188810405 - Copy.jpg,C:\Users\trish\Desktop\smart-waste-segregation-ai\data\raw\phenomsg\Hazardous\Hazardous\e-waste\rk-background-the-concept-of-recycling-and-disposal-of-electronic-2188810405 - Copy.jpg
240,972607a00bd4ff82c31d3cc470e3c0b570d8af830644f3b176e133fac34c3e2c,phenomsg,Hazardous\Hazardous\e-waste\rk-background-the-concept-of-recycling-and-disposal-of-electronic-2188810405.jpg,C:\Users\trish\Desktop\smart-waste-segregation-ai\data\raw\phenomsg\Hazardous\Hazardous\e-waste\rk-background-the-concept-of-recycling-and-disposal-of-electronic-2188810405.jpg
241,ca2c9fa2ab59ab5acd8938e47b2e083ac72e8cded753405bd67d9b84e4797afb,phenomsg,Hazardous\Hazardous\e-waste\rk-background-the-concept-of-recycling-and-disposal-of-electronic-2199207751 - Copy.jpg,C:\Users\trish\Desktop\smart-waste-segregation-ai\data\raw\phenomsg\Hazardous\Hazardous\e-waste\rk-background-the-concept-of-recycling-and-disposal-of-electronic-2199207751 - Copy.jpg
241,ca2c9fa2ab59ab5acd8938e47b2e083ac72e8cded753405bd67d9b84e4797afb,phenomsg,Hazardous\Hazardous\e-waste\rk-background-the-concept-of-recycling-and-disposal-of-electronic-2199207751.jpg,C:\Users\trish\Desktop\smart-waste-segregation-ai\data\raw\phenomsg\Hazardous\Hazardous\e-waste\rk-background-the-concept-of-recycling-and-disposal-of-electronic-2199207751.jpg
242,bd222aab3f704a8a509cab58ebb7fa780a5c44f50f905b3510dc4b5e0209c5cf,phenomsg,Hazardous\Hazardous\e-waste\s-devices-and-used-electronic-components-intended-for-waste-disposal-2F3X0P0 - Copy.jpg,C:\Users\trish\Desktop\smart-waste-segregation-ai\data\raw\phenomsg\Hazardous\Hazardous\e-waste\s-devices-and-used-electronic-components-intended-for-waste-disposal-2F3X0P0 - Copy.jpg
242,bd222aab3f704a8a509cab58ebb7fa780a5c44f50f905b3510dc4b5e0209c5cf,phenomsg,Hazardous\Hazardous\e-waste\s-devices-and-used-electronic-components-intended-for-waste-disposal-2F3X0P0.jpg,C:\Users\trish\Desktop\smart-waste-segregation-ai\data\raw\phenomsg\Hazardous\Hazardous\e-waste\s-devices-and-used-electronic-components-intended-for-waste-disposal-2F3X0P0.jpg
243,40e3e1b477661b01ac568bea56e2e35ddabe215aee07dd3c70cff7b31e216930,phenomsg,Hazardous\Hazardous\e-waste\S4cyF6X8zyxWbqHjnI83ICAtzm6CgAqDFVIA9UZG95I.JPG - Copy.jpg,C:\Users\trish\Desktop\smart-waste-segregation-ai\data\raw\phenomsg\Hazardous\Hazardous\e-waste\S4cyF6X8zyxWbqHjnI83ICAtzm6CgAqDFVIA9UZG95I.JPG - Copy.jpg
243,40e3e1b477661b01ac568bea56e2e35ddabe215aee07dd3c70cff7b31e216930,phenomsg,Hazardous\Hazardous\e-waste\S4cyF6X8zyxWbqHjnI83ICAtzm6CgAqDFVIA9UZG95I.JPG.jpg,C:\Users\trish\Desktop\smart-waste-segregation-ai\data\raw\phenomsg\Hazardous\Hazardous\e-waste\S4cyF6X8zyxWbqHjnI83ICAtzm6CgAqDFVIA9UZG95I.JPG.jpg
244,97e6d10490cef433b89c341437ca38befdf5ae55f3d9b629e3e4cb499fd53cc3,phenomsg,Hazardous\Hazardous\e-waste\safe-disposal-any-logos-brand-names-have-been-removed-great-recycle-33215495 - Copy.jpg,C:\Users\trish\Desktop\smart-waste-segregation-ai\data\raw\phenomsg\Hazardous\Hazardous\e-waste\safe-disposal-any-logos-brand-names-have-been-removed-great-recycle-33215495 - Copy.jpg
244,97e6d10490cef433b89c341437ca38befdf5ae55f3d9b629e3e4cb499fd53cc3,phenomsg,Hazardous\Hazardous\e-waste\safe-disposal-any-logos-brand-names-have-been-removed-great-recycle-33215495.jpg,C:\Users\trish\Desktop\smart-waste-segregation-ai\data\raw\phenomsg\Hazardous\Hazardous\e-waste\safe-disposal-any-logos-brand-names-have-been-removed-great-recycle-33215495.jpg
245,38f0e49df69d45028628241a19664f318854314e148707c367b99a314e6fdb13,phenomsg,Hazardous\Hazardous\e-waste\sddefault - Copy.jpg,C:\Users\trish\Desktop\smart-waste-segregation-ai\data\raw\phenomsg\Hazardous\Hazardous\e-waste\sddefault - Copy.jpg
245,38f0e49df69d45028628241a19664f318854314e148707c367b99a314e6fdb13,phenomsg,Hazardous\Hazardous\e-waste\sddefault.jpg,C:\Users\trish\Desktop\smart-waste-segregation-ai\data\raw\phenomsg\Hazardous\Hazardous\e-waste\sddefault.jpg
246,39b114097ddad9ab11d744a0e9bf8a33bcb15e7ece81b14a62fba09d662f568f,phenomsg,Hazardous\Hazardous\e-waste\set-different-types-light-bulbs-incandescent-compact-fluorescent-lamp_223337-667 - Copy.jpg,C:\Users\trish\Desktop\smart-waste-segregation-ai\data\raw\phenomsg\Hazardous\Hazardous\e-waste\set-different-types-light-bulbs-incandescent-compact-fluorescent-lamp_223337-667 - Copy.jpg
246,39b114097ddad9ab11d744a0e9bf8a33bcb15e7ece81b14a62fba09d662f568f,phenomsg,Hazardous\Hazardous\e-waste\set-different-types-light-bulbs-incandescent-compact-fluorescent-lamp_223337-667.jpg,C:\Users\trish\Desktop\smart-waste-segregation-ai\data\raw\phenomsg\Hazardous\Hazardous\e-waste\set-different-types-light-bulbs-incandescent-compact-fluorescent-lamp_223337-667.jpg
247,fe459425f5d90f708c9431cf2729c4a44f4122a5147424fa78f9e69396579bee,phenomsg,Hazardous\Hazardous\e-waste\shutterstock_101806765-Bulbs - Copy.jpg,C:\Users\trish\Desktop\smart-waste-segregation-ai\data\raw\phenomsg\Hazardous\Hazardous\e-waste\shutterstock_101806765-Bulbs - Copy.jpg
247,fe459425f5d90f708c9431cf2729c4a44f4122a5147424fa78f9e69396579bee,phenomsg,Hazardous\Hazardous\e-waste\shutterstock_101806765-Bulbs.jpg,C:\Users\trish\Desktop\smart-waste-segregation-ai\data\raw\phenomsg\Hazardous\Hazardous\e-waste\shutterstock_101806765-Bulbs.jpg
248,0e8d5498e076980dfc7e7b5aabb843ea8d56954b481f1a32d32afd493c1d248f,phenomsg,Hazardous\Hazardous\e-waste\shutterstock_139275554-1024x600 - Copy.jpg,C:\Users\trish\Desktop\smart-waste-segregation-ai\data\raw\phenomsg\Hazardous\Hazardous\e-waste\shutterstock_139275554-1024x600 - Copy.jpg
248,0e8d5498e076980dfc7e7b5aabb843ea8d56954b481f1a32d32afd493c1d248f,phenomsg,Hazardous\Hazardous\e-waste\shutterstock_139275554-1024x600.jpg,C:\Users\trish\Desktop\smart-waste-segregation-ai\data\raw\phenomsg\Hazardous\Hazardous\e-waste\shutterstock_139275554-1024x600.jpg
249,51358a916a98dc97d12e96360bd8eded4c19700bbac3717c26c162b6fe04dfe2,phenomsg,Hazardous\Hazardous\e-waste\shutterstock_29134336 - Copy.jpg,C:\Users\trish\Desktop\smart-waste-segregation-ai\data\raw\phenomsg\Hazardous\Hazardous\e-waste\shutterstock_29134336 - Copy.jpg
249,51358a916a98dc97d12e96360bd8eded4c19700bbac3717c26c162b6fe04dfe2,phenomsg,Hazardous\Hazardous\e-waste\shutterstock_29134336.jpg,C:\Users\trish\Desktop\smart-waste-segregation-ai\data\raw\phenomsg\Hazardous\Hazardous\e-waste\shutterstock_29134336.jpg
250,f449c001a712455079d96e6489bb02ee4c3f8e517736233b460ac6fc4ec2eed5,phenomsg,Hazardous\Hazardous\e-waste\Solutions-to-e-waste-problems1 - Copy.jpg,C:\Users\trish\Desktop\smart-waste-segregation-ai\data\raw\phenomsg\Hazardous\Hazardous\e-waste\Solutions-to-e-waste-problems1 - Copy.jpg
250,f449c001a712455079d96e6489bb02ee4c3f8e517736233b460ac6fc4ec2eed5,phenomsg,Hazardous\Hazardous\e-waste\Solutions-to-e-waste-problems1.jpg,C:\Users\trish\Desktop\smart-waste-segregation-ai\data\raw\phenomsg\Hazardous\Hazardous\e-waste\Solutions-to-e-waste-problems1.jpg
251,32cbf0d6bc6b6d6f8fbddc64a61b737bbf18a124fecb7a9b1016295acb5e0ef7,phenomsg,Hazardous\Hazardous\e-waste\spiral-20-23-watt-cfl-bulbs - Copy.jpg,C:\Users\trish\Desktop\smart-waste-segregation-ai\data\raw\phenomsg\Hazardous\Hazardous\e-waste\spiral-20-23-watt-cfl-bulbs - Copy.jpg
251,32cbf0d6bc6b6d6f8fbddc64a61b737bbf18a124fecb7a9b1016295acb5e0ef7,phenomsg,Hazardous\Hazardous\e-waste\spiral-20-23-watt-cfl-bulbs.jpg,C:\Users\trish\Desktop\smart-waste-segregation-ai\data\raw\phenomsg\Hazardous\Hazardous\e-waste\spiral-20-23-watt-cfl-bulbs.jpg
252,c202cfaf132c07f452fe6f0a02fd229163b435e2a95c44782803c0ba199622a1,phenomsg,Hazardous\Hazardous\e-waste\stock-photo-electronic-waste-and-garbage-for-recycling-1675112317 - Copy.jpg,C:\Users\trish\Desktop\smart-waste-segregation-ai\data\raw\phenomsg\Hazardous\Hazardous\e-waste\stock-photo-electronic-waste-and-garbage-for-recycling-1675112317 - Copy.jpg
252,c202cfaf132c07f452fe6f0a02fd229163b435e2a95c44782803c0ba199622a1,phenomsg,Hazardous\Hazardous\e-waste\stock-photo-electronic-waste-and-garbage-for-recycling-1675112317.jpg,C:\Users\trish\Desktop\smart-waste-segregation-ai\data\raw\phenomsg\Hazardous\Hazardous\e-waste\stock-photo-electronic-waste-and-garbage-for-recycling-1675112317.jpg
253,db8ca198dbd237698d9350ad49735a3750aa8d8135a78f23a08ced029dee3054,phenomsg,Hazardous\Hazardous\e-waste\stock-photo-hazardous-waste-on-a-black-background-681808615 - Copy.jpg,C:\Users\trish\Desktop\smart-waste-segregation-ai\data\raw\phenomsg\Hazardous\Hazardous\e-waste\stock-photo-hazardous-waste-on-a-black-background-681808615 - Copy.jpg
253,db8ca198dbd237698d9350ad49735a3750aa8d8135a78f23a08ced029dee3054,phenomsg,Hazardous\Hazardous\e-waste\stock-photo-hazardous-waste-on-a-black-background-681808615.jpg,C:\Users\trish\Desktop\smart-waste-segregation-ai\data\raw\phenomsg\Hazardous\Hazardous\e-waste\stock-photo-hazardous-waste-on-a-black-background-681808615.jpg
254,18d30671ec4c7e3c3b4c73f0c9731121b44881275a50fb8d1aff8a372f34aa07,phenomsg,Hazardous\Hazardous\e-waste\stock-photo-hazardous-waste-on-a-black-background-with-space-for-text-681808597 - Copy.jpg,C:\Users\trish\Desktop\smart-waste-segregation-ai\data\raw\phenomsg\Hazardous\Hazardous\e-waste\stock-photo-hazardous-waste-on-a-black-background-with-space-for-text-681808597 - Copy.jpg
254,18d30671ec4c7e3c3b4c73f0c9731121b44881275a50fb8d1aff8a372f34aa07,phenomsg,Hazardous\Hazardous\e-waste\stock-photo-hazardous-waste-on-a-black-background-with-space-for-text-681808597.jpg,C:\Users\trish\Desktop\smart-waste-segregation-ai\data\raw\phenomsg\Hazardous\Hazardous\e-waste\stock-photo-hazardous-waste-on-a-black-background-with-space-for-text-681808597.jpg
255,43ed044c84195ac02a4286396b216db113beea2b22a0aeeb7129c6749d4a4cd6,phenomsg,Hazardous\Hazardous\e-waste\stock-photo-old-and-dusty-light-incandescent-bulb-isolated-on-white-background-2289784737 - Copy.jpg,C:\Users\trish\Desktop\smart-waste-segregation-ai\data\raw\phenomsg\Hazardous\Hazardous\e-waste\stock-photo-old-and-dusty-light-incandescent-bulb-isolated-on-white-background-2289784737 - Copy.jpg
255,43ed044c84195ac02a4286396b216db113beea2b22a0aeeb7129c6749d4a4cd6,phenomsg,Hazardous\Hazardous\e-waste\stock-photo-old-and-dusty-light-incandescent-bulb-isolated-on-white-background-2289784737.jpg,C:\Users\trish\Desktop\smart-waste-segregation-ai\data\raw\phenomsg\Hazardous\Hazardous\e-waste\stock-photo-old-and-dusty-light-incandescent-bulb-isolated-on-white-background-2289784737.jpg
256,4435ea55bc03fbf43ebc5725c7771f371236835de6079bc8fb07f86d3dbef9eb,phenomsg,Hazardous\Hazardous\e-waste\stock-photo-old-lamps-and-lightbulbs-collection-in-a-waste-bin-2167268987 - Copy.jpg,C:\Users\trish\Desktop\smart-waste-segregation-ai\data\raw\phenomsg\Hazardous\Hazardous\e-waste\stock-photo-old-lamps-and-lightbulbs-collection-in-a-waste-bin-2167268987 - Copy.jpg
256,4435ea55bc03fbf43ebc5725c7771f371236835de6079bc8fb07f86d3dbef9eb,phenomsg,Hazardous\Hazardous\e-waste\stock-photo-old-lamps-and-lightbulbs-collection-in-a-waste-bin-2167268987.jpg,C:\Users\trish\Desktop\smart-waste-segregation-ai\data\raw\phenomsg\Hazardous\Hazardous\e-waste\stock-photo-old-lamps-and-lightbulbs-collection-in-a-waste-bin-2167268987.jpg
257,87b0f9ebcd7588ef9751151d1fbe9c9252e6968a4e856319bb8fc460df1ea894,phenomsg,Hazardous\Hazardous\e-waste\stock-photo-pile-of-broken-fluorescent-light-bulb-is-danger-for-health-386850775 - Copy.jpg,C:\Users\trish\Desktop\smart-waste-segregation-ai\data\raw\phenomsg\Hazardous\Hazardous\e-waste\stock-photo-pile-of-broken-fluorescent-light-bulb-is-danger-for-health-386850775 - Copy.jpg
257,87b0f9ebcd7588ef9751151d1fbe9c9252e6968a4e856319bb8fc460df1ea894,phenomsg,Hazardous\Hazardous\e-waste\stock-photo-pile-of-broken-fluorescent-light-bulb-is-danger-for-health-386850775.jpg,C:\Users\trish\Desktop\smart-waste-segregation-ai\data\raw\phenomsg\Hazardous\Hazardous\e-waste\stock-photo-pile-of-broken-fluorescent-light-bulb-is-danger-for-health-386850775.jpg
258,e23df4f8640c164662741facbdc4078e93f1942b7aab7d3c1f146d59677d9d2d,phenomsg,Hazardous\Hazardous\e-waste\stock-photo-pile-of-light-bulbs-energy-saving-diode-glass-etc-recycling-clutter-745555078 - Copy.jpg,C:\Users\trish\Desktop\smart-waste-segregation-ai\data\raw\phenomsg\Hazardous\Hazardous\e-waste\stock-photo-pile-of-light-bulbs-energy-saving-diode-glass-etc-recycling-clutter-745555078 - Copy.jpg
258,e23df4f8640c164662741facbdc4078e93f1942b7aab7d3c1f146d59677d9d2d,phenomsg,Hazardous\Hazardous\e-waste\stock-photo-pile-of-light-bulbs-energy-saving-diode-glass-etc-recycling-clutter-745555078.jpg,C:\Users\trish\Desktop\smart-waste-segregation-ai\data\raw\phenomsg\Hazardous\Hazardous\e-waste\stock-photo-pile-of-light-bulbs-energy-saving-diode-glass-etc-recycling-clutter-745555078.jpg
259,938b3553cd34c1a31a790c340b0b1c01050b0dd7ecc7ff2b991fc507abfdb0ec,phenomsg,Hazardous\Hazardous\e-waste\stock-photo-spent-fluorescent-lamps-and-energy-saving-bulbs-awaiting-disposal-243014344 - Copy.jpg,C:\Users\trish\Desktop\smart-waste-segregation-ai\data\raw\phenomsg\Hazardous\Hazardous\e-waste\stock-photo-spent-fluorescent-lamps-and-energy-saving-bulbs-awaiting-disposal-243014344 - Copy.jpg
259,938b3553cd34c1a31a790c340b0b1c01050b0dd7ecc7ff2b991fc507abfdb0ec,phenomsg,Hazardous\Hazardous\e-waste\stock-photo-spent-fluorescent-lamps-and-energy-saving-bulbs-awaiting-disposal-243014344.jpg,C:\Users\trish\Desktop\smart-waste-segregation-ai\data\raw\phenomsg\Hazardous\Hazardous\e-waste\stock-photo-spent-fluorescent-lamps-and-energy-saving-bulbs-awaiting-disposal-243014344.jpg
260,c00c25da2922d97ca34eb89214a3f3cd2c88efd64948d373a91707fe7805748a,phenomsg,Hazardous\Hazardous\e-waste\stock-vector-led-incandescent-and-energy-saving-light-bulbs-vector-illustration-1898745574 - Copy.jpg,C:\Users\trish\Desktop\smart-waste-segregation-ai\data\raw\phenomsg\Hazardous\Hazardous\e-waste\stock-vector-led-incandescent-and-energy-saving-light-bulbs-vector-illustration-1898745574 - Copy.jpg
260,c00c25da2922d97ca34eb89214a3f3cd2c88efd64948d373a91707fe7805748a,phenomsg,Hazardous\Hazardous\e-waste\stock-vector-led-incandescent-and-energy-saving-light-bulbs-vector-illustration-1898745574.jpg,C:\Users\trish\Desktop\smart-waste-segregation-ai\data\raw\phenomsg\Hazardous\Hazardous\e-waste\stock-vector-led-incandescent-and-energy-saving-light-bulbs-vector-illustration-1898745574.jpg
261,c5a9d05ac36fdf6c59806d379f444dcf119b1eab5f647cb7c9a606de3b0fd1e7,phenomsg,Hazardous\Hazardous\e-waste\sustainability-15-01837-g001 - Copy.png,C:\Users\trish\Desktop\smart-waste-segregation-ai\data\raw\phenomsg\Hazardous\Hazardous\e-waste\sustainability-15-01837-g001 - Copy.png
261,c5a9d05ac36fdf6c59806d379f444dcf119b1eab5f647cb7c9a606de3b0fd1e7,phenomsg,Hazardous\Hazardous\e-waste\sustainability-15-01837-g001.png,C:\Users\trish\Desktop\smart-waste-segregation-ai\data\raw\phenomsg\Hazardous\Hazardous\e-waste\sustainability-15-01837-g001.png
262,8d7b4d92e6a1c45edd3ac4046c44c611e08c5b129c54936075e6f4bc020fe6e2,phenomsg,Hazardous\Hazardous\e-waste\t-diverse-old-halogen-and-fluorescent-light-bulbs-in-and-around-a-2197969323 - Copy.jpg,C:\Users\trish\Desktop\smart-waste-segregation-ai\data\raw\phenomsg\Hazardous\Hazardous\e-waste\t-diverse-old-halogen-and-fluorescent-light-bulbs-in-and-around-a-2197969323 - Copy.jpg
262,8d7b4d92e6a1c45edd3ac4046c44c611e08c5b129c54936075e6f4bc020fe6e2,phenomsg,Hazardous\Hazardous\e-waste\t-diverse-old-halogen-and-fluorescent-light-bulbs-in-and-around-a-2197969323.jpg,C:\Users\trish\Desktop\smart-waste-segregation-ai\data\raw\phenomsg\Hazardous\Hazardous\e-waste\t-diverse-old-halogen-and-fluorescent-light-bulbs-in-and-around-a-2197969323.jpg
263,1050f1b62f8b3a996a9a6ef768859236c2ccf7ac30ac8a6c94b42a66e8105c0d,phenomsg,Hazardous\Hazardous\e-waste\t-diverse-old-halogen-and-fluorescent-light-bulbs-in-and-around-a-2197969345 - Copy.jpg,C:\Users\trish\Desktop\smart-waste-segregation-ai\data\raw\phenomsg\Hazardous\Hazardous\e-waste\t-diverse-old-halogen-and-fluorescent-light-bulbs-in-and-around-a-2197969345 - Copy.jpg
263,1050f1b62f8b3a996a9a6ef768859236c2ccf7ac30ac8a6c94b42a66e8105c0d,phenomsg,Hazardous\Hazardous\e-waste\t-diverse-old-halogen-and-fluorescent-light-bulbs-in-and-around-a-2197969345.jpg,C:\Users\trish\Desktop\smart-waste-segregation-ai\data\raw\phenomsg\Hazardous\Hazardous\e-waste\t-diverse-old-halogen-and-fluorescent-light-bulbs-in-and-around-a-2197969345.jpg
264,8dd75e4c85ecd6d0e0fa9ec1b51b9dc4f04717dd2931d7553e777ab86dcece5c,phenomsg,Hazardous\Hazardous\e-waste\t5-recycling - Copy.jpg,C:\Users\trish\Desktop\smart-waste-segregation-ai\data\raw\phenomsg\Hazardous\Hazardous\e-waste\t5-recycling - Copy.jpg
264,8dd75e4c85ecd6d0e0fa9ec1b51b9dc4f04717dd2931d7553e777ab86dcece5c,phenomsg,Hazardous\Hazardous\e-waste\t5-recycling.jpg,C:\Users\trish\Desktop\smart-waste-segregation-ai\data\raw\phenomsg\Hazardous\Hazardous\e-waste\t5-recycling.jpg
265,517dc5be756b02959043164d985def28c62819c5e835f1d7781a2f845fa0b732,phenomsg,Hazardous\Hazardous\e-waste\ulbs-at-recycling-event-old-broken-and-burnt-light-bulbs-waits-to-1593279565 - Copy.jpg,C:\Users\trish\Desktop\smart-waste-segregation-ai\data\raw\phenomsg\Hazardous\Hazardous\e-waste\ulbs-at-recycling-event-old-broken-and-burnt-light-bulbs-waits-to-1593279565 - Copy.jpg
265,517dc5be756b02959043164d985def28c62819c5e835f1d7781a2f845fa0b732,phenomsg,Hazardous\Hazardous\e-waste\ulbs-at-recycling-event-old-broken-and-burnt-light-bulbs-waits-to-1593279565.jpg,C:\Users\trish\Desktop\smart-waste-segregation-ai\data\raw\phenomsg\Hazardous\Hazardous\e-waste\ulbs-at-recycling-event-old-broken-and-burnt-light-bulbs-waits-to-1593279565.jpg
266,6fe465ed4292a720d1d7f4995d33f0cfeac478fcb12be4f9f4fb088ee51104d0,phenomsg,Hazardous\Hazardous\e-waste\uter-gold-as-ingredient-motherboards-e-waste-problem-environmental-279793363 - Copy.jpg,C:\Users\trish\Desktop\smart-waste-segregation-ai\data\raw\phenomsg\Hazardous\Hazardous\e-waste\uter-gold-as-ingredient-motherboards-e-waste-problem-environmental-279793363 - Copy.jpg
266,6fe465ed4292a720d1d7f4995d33f0cfeac478fcb12be4f9f4fb088ee51104d0,phenomsg,Hazardous\Hazardous\e-waste\uter-gold-as-ingredient-motherboards-e-waste-problem-environmental-279793363.jpg,C:\Users\trish\Desktop\smart-waste-segregation-ai\data\raw\phenomsg\Hazardous\Hazardous\e-waste\uter-gold-as-ingredient-motherboards-e-waste-problem-environmental-279793363.jpg
267,8d0eda17cc0860e42e059c3c2156327ad09d09f4fb9a95eb46cb2debb71c51d0,phenomsg,Hazardous\Hazardous\e-waste\waste - Copy.jpg,C:\Users\trish\Desktop\smart-waste-segregation-ai\data\raw\phenomsg\Hazardous\Hazardous\e-waste\waste - Copy.jpg
267,8d0eda17cc0860e42e059c3c2156327ad09d09f4fb9a95eb46cb2debb71c51d0,phenomsg,Hazardous\Hazardous\e-waste\waste.jpg,C:\Users\trish\Desktop\smart-waste-segregation-ai\data\raw\phenomsg\Hazardous\Hazardous\e-waste\waste.jpg
268,63d103923ff4dbc95a76429cefdb3b2454cdab64d4c688e1a1b001846581da5c,phenomsg,Hazardous\Hazardous\e-waste\WASTE-superJumbo - Copy.jpg,C:\Users\trish\Desktop\smart-waste-segregation-ai\data\raw\phenomsg\Hazardous\Hazardous\e-waste\WASTE-superJumbo - Copy.jpg
268,63d103923ff4dbc95a76429cefdb3b2454cdab64d4c688e1a1b001846581da5c,phenomsg,Hazardous\Hazardous\e-waste\WASTE-superJumbo.jpg,C:\Users\trish\Desktop\smart-waste-segregation-ai\data\raw\phenomsg\Hazardous\Hazardous\e-waste\WASTE-superJumbo.jpg
269,22633151aec254d29dfcd8bc37fbb2a725ed1c15fe8fad9a13d11d27e64b8406,phenomsg,Hazardous\Hazardous\e-waste\What-is-e-waste-Great-Lakes-Electronics-Corporation-collection - Copy.jpg,C:\Users\trish\Desktop\smart-waste-segregation-ai\data\raw\phenomsg\Hazardous\Hazardous\e-waste\What-is-e-waste-Great-Lakes-Electronics-Corporation-collection - Copy.jpg
269,22633151aec254d29dfcd8bc37fbb2a725ed1c15fe8fad9a13d11d27e64b8406,phenomsg,Hazardous\Hazardous\e-waste\What-is-e-waste-Great-Lakes-Electronics-Corporation-collection.jpg,C:\Users\trish\Desktop\smart-waste-segregation-ai\data\raw\phenomsg\Hazardous\Hazardous\e-waste\What-is-e-waste-Great-Lakes-Electronics-Corporation-collection.jpg
270,5f9eb36824fe65a13ec0a5579a0e3fc02ea00147a6b3cf783a433effeb677fd8,phenomsg,Hazardous\Hazardous\e-waste\what_are_cfl_bulbs_and_where_should_they_be_used - Copy.jpg,C:\Users\trish\Desktop\smart-waste-segregation-ai\data\raw\phenomsg\Hazardous\Hazardous\e-waste\what_are_cfl_bulbs_and_where_should_they_be_used - Copy.jpg
270,5f9eb36824fe65a13ec0a5579a0e3fc02ea00147a6b3cf783a433effeb677fd8,phenomsg,Hazardous\Hazardous\e-waste\what_are_cfl_bulbs_and_where_should_they_be_used.jpg,C:\Users\trish\Desktop\smart-waste-segregation-ai\data\raw\phenomsg\Hazardous\Hazardous\e-waste\what_are_cfl_bulbs_and_where_should_they_be_used.jpg
271,aa87ad175283f61b047c83b81feb3ba17db650bd98987ff356eac4d52f1817f6,phenomsg,Hazardous\Hazardous\e-waste\What_is_electronic_waste_recycling - Copy.jpg,C:\Users\trish\Desktop\smart-waste-segregation-ai\data\raw\phenomsg\Hazardous\Hazardous\e-waste\What_is_electronic_waste_recycling - Copy.jpg
271,aa87ad175283f61b047c83b81feb3ba17db650bd98987ff356eac4d52f1817f6,phenomsg,Hazardous\Hazardous\e-waste\What_is_electronic_waste_recycling.jpg,C:\Users\trish\Desktop\smart-waste-segregation-ai\data\raw\phenomsg\Hazardous\Hazardous\e-waste\What_is_electronic_waste_recycling.jpg
272,e2ba59a085e3fc45b684d992ffb80312fdc5289263f70b57704f740464a0c108,phenomsg,Non-Recyclable\Non-Recyclable\ceramic_product\09928-cover-opener.jpg,C:\Users\trish\Desktop\smart-waste-segregation-ai\data\raw\phenomsg\Non-Recyclable\Non-Recyclable\ceramic_product\09928-cover-opener.jpg
272,e2ba59a085e3fc45b684d992ffb80312fdc5289263f70b57704f740464a0c108,phenomsg,Recyclable\Recyclable\glass_containers\09928-cover-opener.jpg,C:\Users\trish\Desktop\smart-waste-segregation-ai\data\raw\phenomsg\Recyclable\Recyclable\glass_containers\09928-cover-opener.jpg
273,342258917b4cf862012f5723cfc077012d103736180593d85f643c12572cf5da,phenomsg,Non-Recyclable\Non-Recyclable\ceramic_product\recycled-glass.jpg,C:\Users\trish\Desktop\smart-waste-segregation-ai\data\raw\phenomsg\Non-Recyclable\Non-Recyclable\ceramic_product\recycled-glass.jpg
273,342258917b4cf862012f5723cfc077012d103736180593d85f643c12572cf5da,phenomsg,Recyclable\Recyclable\glass_containers\recycled-glass.jpg,C:\Users\trish\Desktop\smart-waste-segregation-ai\data\raw\phenomsg\Recyclable\Recyclable\glass_containers\recycled-glass.jpg
274,69c38231b066e3b36f59c375ad5454078d46070f47e002204e8b62edc479c8c4,phenomsg,Non-Recyclable\Non-Recyclable\platics_bags_wrappers\garbage-1260833_1280.jpg,C:\Users\trish\Desktop\smart-waste-segregation-ai\data\raw\phenomsg\Non-Recyclable\Non-Recyclable\platics_bags_wrappers\garbage-1260833_1280.jpg
274,69c38231b066e3b36f59c375ad5454078d46070f47e002204e8b62edc479c8c4,phenomsg,Non-Recyclable\Non-Recyclable\stroform_product\garbage-1260833_1280.jpg,C:\Users\trish\Desktop\smart-waste-segregation-ai\data\raw\phenomsg\Non-Recyclable\Non-Recyclable\stroform_product\garbage-1260833_1280.jpg
275,976afe6b5a1f4efaa0919c05ed54370109bc7419d3cc3898220349a1789a68af,phenomsg,Non-Recyclable\Non-Recyclable\platics_bags_wrappers\social.jpg,C:\Users\trish\Desktop\smart-waste-segregation-ai\data\raw\phenomsg\Non-Recyclable\Non-Recyclable\platics_bags_wrappers\social.jpg
275,976afe6b5a1f4efaa0919c05ed54370109bc7419d3cc3898220349a1789a68af,phenomsg,Non-Recyclable\Non-Recyclable\stroform_product\social.jpg,C:\Users\trish\Desktop\smart-waste-segregation-ai\data\raw\phenomsg\Non-Recyclable\Non-Recyclable\stroform_product\social.jpg
276,da2690e630240686dc76dec50416c0e79228fe5708fe140c0ed10d8ff9fd1598,phenomsg,Non-Recyclable\Non-Recyclable\stroform_product\200114-compostable-packaging-cups-utensils-plates.pla-plastic-waste-pollution-3-salad.jpg,C:\Users\trish\Desktop\smart-waste-segregation-ai\data\raw\phenomsg\Non-Recyclable\Non-Recyclable\stroform_product\200114-compostable-packaging-cups-utensils-plates.pla-plastic-waste-pollution-3-salad.jpg
276,da2690e630240686dc76dec50416c0e79228fe5708fe140c0ed10d8ff9fd1598,phenomsg,Recyclable\Recyclable\cans_all_type\200114-compostable-packaging-cups-utensils-plates.pla-plastic-waste-pollution-3-salad.jpg,C:\Users\trish\Desktop\smart-waste-segregation-ai\data\raw\phenomsg\Recyclable\Recyclable\cans_all_type\200114-compostable-packaging-cups-utensils-plates.pla-plastic-waste-pollution-3-salad.jpg
277,734ad818008a3086fa32dc1bb2e0adf58e73851d4e9173e017f7857d42c602ee,phenomsg,Non-Recyclable\Non-Recyclable\stroform_product\the-drive-toward-sustainability-5050-1536x1536.jpg,C:\Users\trish\Desktop\smart-waste-segregation-ai\data\raw\phenomsg\Non-Recyclable\Non-Recyclable\stroform_product\the-drive-toward-sustainability-5050-1536x1536.jpg
277,734ad818008a3086fa32dc1bb2e0adf58e73851d4e9173e017f7857d42c602ee,phenomsg,Recyclable\Recyclable\paper_products\the-drive-toward-sustainability-5050-1536x1536.jpg,C:\Users\trish\Desktop\smart-waste-segregation-ai\data\raw\phenomsg\Recyclable\Recyclable\paper_products\the-drive-toward-sustainability-5050-1536x1536.jpg
278,6fb9a110d23c2703c8c35d89b1b8c3a8873c061f66ec542c7875a14a1cf1f39c,phenomsg,Organic\Organic\egg_shells\egg-shells-1622966061-5849297.jpeg,C:\Users\trish\Desktop\smart-waste-segregation-ai\data\raw\phenomsg\Organic\Organic\egg_shells\egg-shells-1622966061-5849297.jpeg
278,6fb9a110d23c2703c8c35d89b1b8c3a8873c061f66ec542c7875a14a1cf1f39c,phenomsg,Organic\Organic\egg_shells\White-Eggshells-On-a-Wooden-Surface.jpg,C:\Users\trish\Desktop\smart-waste-segregation-ai\data\raw\phenomsg\Organic\Organic\egg_shells\White-Eggshells-On-a-Wooden-Surface.jpg
279,b0fd67907078965f8c9564029bdf1e8a78e6da92991d939acb51e29feac03540,phenomsg,Organic\Organic\food_scraps\6106-05977845a_2400x1600.jpg.jpg,C:\Users\trish\Desktop\smart-waste-segregation-ai\data\raw\phenomsg\Organic\Organic\food_scraps\6106-05977845a_2400x1600.jpg.jpg
279,b0fd67907078965f8c9564029bdf1e8a78e6da92991d939acb51e29feac03540,phenomsg,Organic\Organic\kitchen_waste\6106-05977845a_2400x1600.jpg.jpg,C:\Users\trish\Desktop\smart-waste-segregation-ai\data\raw\phenomsg\Organic\Organic\kitchen_waste\6106-05977845a_2400x1600.jpg.jpg
280,a8371198580d06c4db40d4d4d82cf22f3b5760b95388c4c4966c62710f642094,phenomsg,Organic\Organic\food_scraps\content13101.jpg,C:\Users\trish\Desktop\smart-waste-segregation-ai\data\raw\phenomsg\Organic\Organic\food_scraps\content13101.jpg
280,a8371198580d06c4db40d4d4d82cf22f3b5760b95388c4c4966c62710f642094,phenomsg,Organic\Organic\kitchen_waste\content13101.jpg,C:\Users\trish\Desktop\smart-waste-segregation-ai\data\raw\phenomsg\Organic\Organic\kitchen_waste\content13101.jpg
281,c6f8b2e2d2154aed3f51e335bd5c1f68a2e09c2eea5ec55564fca250998bbaec,phenomsg,Organic\Organic\food_scraps\Organic-waste-to-wealth.jpg,C:\Users\trish\Desktop\smart-waste-segregation-ai\data\raw\phenomsg\Organic\Organic\food_scraps\Organic-waste-to-wealth.jpg
281,c6f8b2e2d2154aed3f51e335bd5c1f68a2e09c2eea5ec55564fca250998bbaec,phenomsg,Organic\Organic\kitchen_waste\Organic-waste-to-wealth.jpg,C:\Users\trish\Desktop\smart-waste-segregation-ai\data\raw\phenomsg\Organic\Organic\kitchen_waste\Organic-waste-to-wealth.jpg
282,f325a174ac2d42e2f84960d0416487f050c31253d649762a8b53e159ea9b3fe8,phenomsg,Organic\Organic\food_scraps\Trashed_vegetables_in_Luxembourg.jpeg,C:\Users\trish\Desktop\smart-waste-segregation-ai\data\raw\phenomsg\Organic\Organic\food_scraps\Trashed_vegetables_in_Luxembourg.jpeg
282,f325a174ac2d42e2f84960d0416487f050c31253d649762a8b53e159ea9b3fe8,phenomsg,Organic\Organic\kitchen_waste\Trashed_vegetables_in_Luxembourg.jpeg,C:\Users\trish\Desktop\smart-waste-segregation-ai\data\raw\phenomsg\Organic\Organic\kitchen_waste\Trashed_vegetables_in_Luxembourg.jpeg
283,d85aa96a68b3e6381de775c1bde1c410160fcaa5d43d4f64dfd364edca13d7fe,phenomsg,Recyclable\Recyclable\cans_all_type\dreamstimexxl1772400920-20aluminum20cans.jpg,C:\Users\trish\Desktop\smart-waste-segregation-ai\data\raw\phenomsg\Recyclable\Recyclable\cans_all_type\dreamstimexxl1772400920-20aluminum20cans.jpg
283,d85aa96a68b3e6381de775c1bde1c410160fcaa5d43d4f64dfd364edca13d7fe,phenomsg,Recyclable\Recyclable\cans_all_type\LzEyLzAzL2RyZWFtc3RpbWV4eGwxNzcyNDAwOSAtIGFsdW1pbnVtIGNhbnMuanBn.1V4x5MynmFA.jpg,C:\Users\trish\Desktop\smart-waste-segregation-ai\data\raw\phenomsg\Recyclable\Recyclable\cans_all_type\LzEyLzAzL2RyZWFtc3RpbWV4eGwxNzcyNDAwOSAtIGFsdW1pbnVtIGNhbnMuanBn.1V4x5MynmFA.jpg
284,5e7ce70f9981a9ece977fa1c57f1679d45342144450ec242c4aed5a9d946d849,phenomsg,Recyclable\Recyclable\paper_products\image29.jpg,C:\Users\trish\Desktop\smart-waste-segregation-ai\data\raw\phenomsg\Recyclable\Recyclable\paper_products\image29.jpg
284,5e7ce70f9981a9ece977fa1c57f1679d45342144450ec242c4aed5a9d946d849,phenomsg,Recyclable\Recyclable\paper_products\image32.jpg,C:\Users\trish\Desktop\smart-waste-segregation-ai\data\raw\phenomsg\Recyclable\Recyclable\paper_products\image32.jpg
285,b5b7e3097b8aefd90bc5af940ed72a804246377fe77fd05973832a4338d25a75,phenomsg,Recyclable\Recyclable\paper_products\maxresdefault.jpg,C:\Users\trish\Desktop\smart-waste-segregation-ai\data\raw\phenomsg\Recyclable\Recyclable\paper_products\maxresdefault.jpg
285,b5b7e3097b8aefd90bc5af940ed72a804246377fe77fd05973832a4338d25a75,phenomsg,Recyclable\Recyclable\paper_products\maxresdefault3.jpg,C:\Users\trish\Desktop\smart-waste-segregation-ai\data\raw\phenomsg\Recyclable\Recyclable\paper_products\maxresdefault3.jpg
286,a0874c6f96aea52014bb71079c4fc393b20fbc1c8b23d7679d12c3ca9434bd7d,ewaste,test\Printer\Printer_61.jpg,C:\Users\trish\Desktop\smart-waste-segregation-ai\data\raw\ewaste\test\Printer\Printer_61.jpg
286,a0874c6f96aea52014bb71079c4fc393b20fbc1c8b23d7679d12c3ca9434bd7d,ewaste,train\Printer\Printer_62.jpg,C:\Users\trish\Desktop\smart-waste-segregation-ai\data\raw\ewaste\train\Printer\Printer_62.jpg
287,2ac0770439732e5642c1f8efadb28296a4c6e25c312366f040078c767af4535e,ewaste,test\Television\Television_294.jpg,C:\Users\trish\Desktop\smart-waste-segregation-ai\data\raw\ewaste\test\Television\Television_294.jpg
287,2ac0770439732e5642c1f8efadb28296a4c6e25c312366f040078c767af4535e,ewaste,train\Television\Television_283.jpg,C:\Users\trish\Desktop\smart-waste-segregation-ai\data\raw\ewaste\train\Television\Television_283.jpg
288,38fec542e5f5236db1ade3dac705481365a44d6ff776c5826cfcb2b7438dc1fa,ewaste,train\Mobile\Mobile_56.jpg,C:\Users\trish\Desktop\smart-waste-segregation-ai\data\raw\ewaste\train\Mobile\Mobile_56.jpg
288,38fec542e5f5236db1ade3dac705481365a44d6ff776c5826cfcb2b7438dc1fa,ewaste,train\Mobile\Mobile_6.jpg,C:\Users\trish\Desktop\smart-waste-segregation-ai\data\raw\ewaste\train\Mobile\Mobile_6.jpg
289,7c2ab4970f42379984656affd2a42f7d3e6cc29a5e17c72f3859f60d3e027afc,ewaste,train\Mouse\Mouse_153.jpg,C:\Users\trish\Desktop\smart-waste-segregation-ai\data\raw\ewaste\train\Mouse\Mouse_153.jpg
289,7c2ab4970f42379984656affd2a42f7d3e6cc29a5e17c72f3859f60d3e027afc,ewaste,train\Mouse\Mouse_180.jpg,C:\Users\trish\Desktop\smart-waste-segregation-ai\data\raw\ewaste\train\Mouse\Mouse_180.jpg
290,4acb1820fa4a6da63a7fafedd90f58f630b381a062a7aebf170e5a7a7470082b,ewaste,train\Mouse\Mouse_154.jpg,C:\Users\trish\Desktop\smart-waste-segregation-ai\data\raw\ewaste\train\Mouse\Mouse_154.jpg
290,4acb1820fa4a6da63a7fafedd90f58f630b381a062a7aebf170e5a7a7470082b,ewaste,train\Mouse\Mouse_209.jpg,C:\Users\trish\Desktop\smart-waste-segregation-ai\data\raw\ewaste\train\Mouse\Mouse_209.jpg
291,5b7b41c5b0167001a817c6ea838200e4843cbd011823e8d574e38654325d7ea1,ewaste,train\Mouse\Mouse_155.jpg,C:\Users\trish\Desktop\smart-waste-segregation-ai\data\raw\ewaste\train\Mouse\Mouse_155.jpg
291,5b7b41c5b0167001a817c6ea838200e4843cbd011823e8d574e38654325d7ea1,ewaste,train\Mouse\Mouse_185.jpg,C:\Users\trish\Desktop\smart-waste-segregation-ai\data\raw\ewaste\train\Mouse\Mouse_185.jpg
292,ae4515643d0c18e3ae5343be1d82da80455a8537d2fb5a3448cc49de299cb8ba,ewaste,train\Mouse\Mouse_162.jpg,C:\Users\trish\Desktop\smart-waste-segregation-ai\data\raw\ewaste\train\Mouse\Mouse_162.jpg
292,ae4515643d0c18e3ae5343be1d82da80455a8537d2fb5a3448cc49de299cb8ba,ewaste,train\Mouse\Mouse_210.jpg,C:\Users\trish\Desktop\smart-waste-segregation-ai\data\raw\ewaste\train\Mouse\Mouse_210.jpg
293,9a7006aed454bc6d55fd744a0bfcbfac31c7d60c450e17e58e40f730c05255e6,ewaste,train\Mouse\Mouse_171.jpg,C:\Users\trish\Desktop\smart-waste-segregation-ai\data\raw\ewaste\train\Mouse\Mouse_171.jpg
293,9a7006aed454bc6d55fd744a0bfcbfac31c7d60c450e17e58e40f730c05255e6,ewaste,train\Mouse\Mouse_201.jpg,C:\Users\trish\Desktop\smart-waste-segregation-ai\data\raw\ewaste\train\Mouse\Mouse_201.jpg
294,1207f24767fec1269d13426b884981fd7d9bc426bfbbc8f4702209a8a625e182,ewaste,train\Mouse\Mouse_176.jpg,C:\Users\trish\Desktop\smart-waste-segregation-ai\data\raw\ewaste\train\Mouse\Mouse_176.jpg
294,1207f24767fec1269d13426b884981fd7d9bc426bfbbc8f4702209a8a625e182,ewaste,train\Mouse\Mouse_212.jpg,C:\Users\trish\Desktop\smart-waste-segregation-ai\data\raw\ewaste\train\Mouse\Mouse_212.jpg
295,40d34fa96953a1b61f49549f5d398a423316f1b8a9e6d9c5e67eeb2c36f05b12,ewaste,train\Mouse\Mouse_179.jpg,C:\Users\trish\Desktop\smart-waste-segregation-ai\data\raw\ewaste\train\Mouse\Mouse_179.jpg
295,40d34fa96953a1b61f49549f5d398a423316f1b8a9e6d9c5e67eeb2c36f05b12,ewaste,train\Mouse\Mouse_186.jpg,C:\Users\trish\Desktop\smart-waste-segregation-ai\data\raw\ewaste\train\Mouse\Mouse_186.jpg
296,c6113b04ef73311aa2c3e00ec6fa4ea4fe96c7134374310a20cde45d018ac82e,ewaste,train\Mouse\Mouse_187.jpg,C:\Users\trish\Desktop\smart-waste-segregation-ai\data\raw\ewaste\train\Mouse\Mouse_187.jpg
296,c6113b04ef73311aa2c3e00ec6fa4ea4fe96c7134374310a20cde45d018ac82e,ewaste,val\Mouse\Mouse_147.jpg,C:\Users\trish\Desktop\smart-waste-segregation-ai\data\raw\ewaste\val\Mouse\Mouse_147.jpg
297,71ef457b5d404017a2c73fa3628507640ac6383760e4663a0a295942934be99f,ewaste,train\Mouse\Mouse_193.jpg,C:\Users\trish\Desktop\smart-waste-segregation-ai\data\raw\ewaste\train\Mouse\Mouse_193.jpg
297,71ef457b5d404017a2c73fa3628507640ac6383760e4663a0a295942934be99f,ewaste,val\Mouse\Mouse_150.jpg,C:\Users\trish\Desktop\smart-waste-segregation-ai\data\raw\ewaste\val\Mouse\Mouse_150.jpg
298,7e4b855d4753ec1ee03c45a100ed00c1f496e02d42ca825b66e7aec01542e3d8,ewaste,train\Mouse\Mouse_213.jpg,C:\Users\trish\Desktop\smart-waste-segregation-ai\data\raw\ewaste\train\Mouse\Mouse_213.jpg
298,7e4b855d4753ec1ee03c45a100ed00c1f496e02d42ca825b66e7aec01542e3d8,ewaste,val\Mouse\Mouse_189.jpg,C:\Users\trish\Desktop\smart-waste-segregation-ai\data\raw\ewaste\val\Mouse\Mouse_189.jpg
299,85f7d9eb22b510acd09b7954e456ca86ae171c2d47efdff4e01e43f60f27dc35,ewaste,train\PCB\pcb_110.jpg,C:\Users\trish\Desktop\smart-waste-segregation-ai\data\raw\ewaste\train\PCB\pcb_110.jpg
299,85f7d9eb22b510acd09b7954e456ca86ae171c2d47efdff4e01e43f60f27dc35,ewaste,train\PCB\pcb_155.jpg,C:\Users\trish\Desktop\smart-waste-segregation-ai\data\raw\ewaste\train\PCB\pcb_155.jpg
300,ee601dac09fb69b5d178f89533d570e0089ceb013467764e5b8e4dd5d8e29aba,ewaste,train\PCB\pcb_113.jpg,C:\Users\trish\Desktop\smart-waste-segregation-ai\data\raw\ewaste\train\PCB\pcb_113.jpg
300,ee601dac09fb69b5d178f89533d570e0089ceb013467764e5b8e4dd5d8e29aba,ewaste,train\PCB\pcb_209.jpg,C:\Users\trish\Desktop\smart-waste-segregation-ai\data\raw\ewaste\train\PCB\pcb_209.jpg
300,ee601dac09fb69b5d178f89533d570e0089ceb013467764e5b8e4dd5d8e29aba,ewaste,train\PCB\pcb_228.jpg,C:\Users\trish\Desktop\smart-waste-segregation-ai\data\raw\ewaste\train\PCB\pcb_228.jpg
301,f05010338950c54e235b03750fa7a35a0bc4f3916e7b934539927202687a78e2,ewaste,train\PCB\pcb_156.jpg,C:\Users\trish\Desktop\smart-waste-segregation-ai\data\raw\ewaste\train\PCB\pcb_156.jpg
301,f05010338950c54e235b03750fa7a35a0bc4f3916e7b934539927202687a78e2,ewaste,train\PCB\pcb_161.jpg,C:\Users\trish\Desktop\smart-waste-segregation-ai\data\raw\ewaste\train\PCB\pcb_161.jpg
302,1510b6eefbb59e0fd6680c9cd5e3b2d6ec7a0370fb12ef04558974eae8c2f317,ewaste,train\PCB\pcb_166.jpg,C:\Users\trish\Desktop\smart-waste-segregation-ai\data\raw\ewaste\train\PCB\pcb_166.jpg
302,1510b6eefbb59e0fd6680c9cd5e3b2d6ec7a0370fb12ef04558974eae8c2f317,ewaste,train\PCB\pcb_292.jpg,C:\Users\trish\Desktop\smart-waste-segregation-ai\data\raw\ewaste\train\PCB\pcb_292.jpg
303,dc1dbb6480d561682608a2b5599acb488353541f89030f45b47ffb582e1aefb6,ewaste,train\PCB\pcb_171.jpg,C:\Users\trish\Desktop\smart-waste-segregation-ai\data\raw\ewaste\train\PCB\pcb_171.jpg
303,dc1dbb6480d561682608a2b5599acb488353541f89030f45b47ffb582e1aefb6,ewaste,train\PCB\pcb_86.jpg,C:\Users\trish\Desktop\smart-waste-segregation-ai\data\raw\ewaste\train\PCB\pcb_86.jpg
304,cf3fa52ef7ef88e3af81180f9cb383e429563b38c60bfc6c2cb1e824939de0f4,ewaste,train\PCB\pcb_214.jpg,C:\Users\trish\Desktop\smart-waste-segregation-ai\data\raw\ewaste\train\PCB\pcb_214.jpg
304,cf3fa52ef7ef88e3af81180f9cb383e429563b38c60bfc6c2cb1e824939de0f4,ewaste,train\PCB\pcb_248.jpg,C:\Users\trish\Desktop\smart-waste-segregation-ai\data\raw\ewaste\train\PCB\pcb_248.jpg
305,7d011d3ddcf253661a1cda56ef3b8b7bb20e79a85df3a9a342ce9977a05d171e,ewaste,train\PCB\pcb_67.jpg,C:\Users\trish\Desktop\smart-waste-segregation-ai\data\raw\ewaste\train\PCB\pcb_67.jpg
305,7d011d3ddcf253661a1cda56ef3b8b7bb20e79a85df3a9a342ce9977a05d171e,ewaste,train\PCB\pcb_93.jpg,C:\Users\trish\Desktop\smart-waste-segregation-ai\data\raw\ewaste\train\PCB\pcb_93.jpg
306,9c1cfcde46bd70cb4ea68f48cab0efa5188fb18bbbb8f65a8b0308fa3af51c1b,ewaste,train\Player\Player_125.jpg,C:\Users\trish\Desktop\smart-waste-segregation-ai\data\raw\ewaste\train\Player\Player_125.jpg
306,9c1cfcde46bd70cb4ea68f48cab0efa5188fb18bbbb8f65a8b0308fa3af51c1b,ewaste,train\Player\Player_170.jpg,C:\Users\trish\Desktop\smart-waste-segregation-ai\data\raw\ewaste\train\Player\Player_170.jpg
307,66af29e9d583a1ec2c892c7e924d2ae67b5630bc97aa568a3679f9d5c96dc46a,ewaste,train\Player\Player_145.jpg,C:\Users\trish\Desktop\smart-waste-segregation-ai\data\raw\ewaste\train\Player\Player_145.jpg
307,66af29e9d583a1ec2c892c7e924d2ae67b5630bc97aa568a3679f9d5c96dc46a,ewaste,train\Player\Player_82.jpg,C:\Users\trish\Desktop\smart-waste-segregation-ai\data\raw\ewaste\train\Player\Player_82.jpg
308,ee44b520beda33097a6c6ac4f5e589af5589d5e412772dd0414442a1535b456d,ewaste,train\Player\Player_151.jpg,C:\Users\trish\Desktop\smart-waste-segregation-ai\data\raw\ewaste\train\Player\Player_151.jpg
308,ee44b520beda33097a6c6ac4f5e589af5589d5e412772dd0414442a1535b456d,ewaste,train\Player\Player_202.jpg,C:\Users\trish\Desktop\smart-waste-segregation-ai\data\raw\ewaste\train\Player\Player_202.jpg
309,9181d31bd345b7bf60ec92ce5630d681a8f0e951c680367928179f8ec70cc9af,ewaste,train\Player\Player_21.jpg,C:\Users\trish\Desktop\smart-waste-segregation-ai\data\raw\ewaste\train\Player\Player_21.jpg
309,9181d31bd345b7bf60ec92ce5630d681a8f0e951c680367928179f8ec70cc9af,ewaste,train\Player\Player_60.jpg,C:\Users\trish\Desktop\smart-waste-segregation-ai\data\raw\ewaste\train\Player\Player_60.jpg
310,a2a392996d6549559f66db181bf166d89388da5faa676f21778cc41c9283597c,ewaste,train\Player\Player_243.jpg,C:\Users\trish\Desktop\smart-waste-segregation-ai\data\raw\ewaste\train\Player\Player_243.jpg
310,a2a392996d6549559f66db181bf166d89388da5faa676f21778cc41c9283597c,ewaste,train\Player\Player_38.jpg,C:\Users\trish\Desktop\smart-waste-segregation-ai\data\raw\ewaste\train\Player\Player_38.jpg
311,803e757d7cb990dc9a4ec4642aee98a99fbe476a9c77284bf2c33e2c61b4dfbd,ewaste,train\Player\Player_45.jpg,C:\Users\trish\Desktop\smart-waste-segregation-ai\data\raw\ewaste\train\Player\Player_45.jpg
311,803e757d7cb990dc9a4ec4642aee98a99fbe476a9c77284bf2c33e2c61b4dfbd,ewaste,train\Player\Player_70.jpg,C:\Users\trish\Desktop\smart-waste-segregation-ai\data\raw\ewaste\train\Player\Player_70.jpg
312,d4dbf10ce4c280ea759c29dd162f69c76cfeb9e0dd25cb19e1916985158af643,ewaste,train\Player\Player_72.jpg,C:\Users\trish\Desktop\smart-waste-segregation-ai\data\raw\ewaste\train\Player\Player_72.jpg
312,d4dbf10ce4c280ea759c29dd162f69c76cfeb9e0dd25cb19e1916985158af643,ewaste,val\Player\Player_105.jpg,C:\Users\trish\Desktop\smart-waste-segregation-ai\data\raw\ewaste\val\Player\Player_105.jpg
313,49d006d3ec03140dc7b2f340583a69f4523704da3b68721ca4d7ceaf09fc29d6,ewaste,train\Printer\Printer_53.jpg,C:\Users\trish\Desktop\smart-waste-segregation-ai\data\raw\ewaste\train\Printer\Printer_53.jpg
313,49d006d3ec03140dc7b2f340583a69f4523704da3b68721ca4d7ceaf09fc29d6,ewaste,train\Printer\Printer_54.jpg,C:\Users\trish\Desktop\smart-waste-segregation-ai\data\raw\ewaste\train\Printer\Printer_54.jpg
314,6cec38c4d5d941ff4a10d62500b602de36eb2e7394d92f8fa8e8c5c1c79aad71,ewaste,train\Printer\Printer_56.jpg,C:\Users\trish\Desktop\smart-waste-segregation-ai\data\raw\ewaste\train\Printer\Printer_56.jpg
314,6cec38c4d5d941ff4a10d62500b602de36eb2e7394d92f8fa8e8c5c1c79aad71,ewaste,train\Printer\Printer_57.jpg,C:\Users\trish\Desktop\smart-waste-segregation-ai\data\raw\ewaste\train\Printer\Printer_57.jpg
315,67130586fd35bde48889531f703955c7abdb91e92928a89a38b6b0ddbc0c3d9b,ewaste,train\Printer\Printer_59.jpg,C:\Users\trish\Desktop\smart-waste-segregation-ai\data\raw\ewaste\train\Printer\Printer_59.jpg
315,67130586fd35bde48889531f703955c7abdb91e92928a89a38b6b0ddbc0c3d9b,ewaste,train\Printer\Printer_60.jpg,C:\Users\trish\Desktop\smart-waste-segregation-ai\data\raw\ewaste\train\Printer\Printer_60.jpg
316,c3ac52d87e740cd9412bdb9679ef1edee7f109722cde585ea8fe9da34481a1df,ewaste,train\Printer\Printer_63.jpg,C:\Users\trish\Desktop\smart-waste-segregation-ai\data\raw\ewaste\train\Printer\Printer_63.jpg
316,c3ac52d87e740cd9412bdb9679ef1edee7f109722cde585ea8fe9da34481a1df,ewaste,train\Printer\Printer_64.jpg,C:\Users\trish\Desktop\smart-waste-segregation-ai\data\raw\ewaste\train\Printer\Printer_64.jpg
317,5af8936db5565192e8f602dafe479613800fe848e8c9c44a9cfaea7042a8f312,ewaste,train\Television\Television_207.jpg,C:\Users\trish\Desktop\smart-waste-segregation-ai\data\raw\ewaste\train\Television\Television_207.jpg
317,5af8936db5565192e8f602dafe479613800fe848e8c9c44a9cfaea7042a8f312,ewaste,train\Television\Television_272.jpg,C:\Users\trish\Desktop\smart-waste-segregation-ai\data\raw\ewaste\train\Television\Television_272.jpg
318,e2d0b2238bb60827a4685f591b90d90f5b7130e47a43898ae28dbccd5e351b48,ewaste,train\Television\Television_238.jpg,C:\Users\trish\Desktop\smart-waste-segregation-ai\data\raw\ewaste\train\Television\Television_238.jpg
318,e2d0b2238bb60827a4685f591b90d90f5b7130e47a43898ae28dbccd5e351b48,ewaste,train\Television\Television_245.jpg,C:\Users\trish\Desktop\smart-waste-segregation-ai\data\raw\ewaste\train\Television\Television_245.jpg
319,14e1b800f0be7c70a023478bba1f41c9444191849c2e5db9395317787dd0b754,ewaste,train\Television\Television_270.jpg,C:\Users\trish\Desktop\smart-waste-segregation-ai\data\raw\ewaste\train\Television\Television_270.jpg
319,14e1b800f0be7c70a023478bba1f41c9444191849c2e5db9395317787dd0b754,ewaste,val\Television\Television_247.jpg,C:\Users\trish\Desktop\smart-waste-segregation-ai\data\raw\ewaste\val\Television\Television_247.jpg
320,6692bafc3c915d0bcbf83ae55794b16b64c5e29382aba19b6e524b1ecaf7f09c,ewaste,val\Player\Player_146.jpg,C:\Users\trish\Desktop\smart-waste-segregation-ai\data\raw\ewaste\val\Player\Player_146.jpg
320,6692bafc3c915d0bcbf83ae55794b16b64c5e29382aba19b6e524b1ecaf7f09c,ewaste,val\Player\Player_99.jpg,C:\Users\trish\Desktop\smart-waste-segregation-ai\data\raw\ewaste\val\Player\Player_99.jpg
