dataset,label,split,path,width,height,aspect_ratio,format,mode,mean_brightness,blur_score,status,issues
ewaste,Keyboard,test,data\raw\ewaste\test\Keyboard\Keyboard_177.jpg,150,150,1.0,JPEG,RGB,238.27,54.44,WARNING,very_bright
ewaste,Keyboard,test,data\raw\ewaste\test\Keyboard\Keyboard_284.jpg,150,150,1.0,JPEG,RGB,242.82,31.51,WARNING,very_bright | possible_blur
ewaste,Player,test,data\raw\ewaste\test\Player\Player_106.jpg,150,150,1.0,JPEG,RGB,238.05,1004.28,WARNING,very_bright
ewaste,Washing Machine,test,data\raw\ewaste\test\Washing Machine\Washing_Machine_264.jpg,150,150,1.0,JPEG,RGB,235.85,70.74,WARNING,very_bright
ewaste,Washing Machine,test,data\raw\ewaste\test\Washing Machine\Washing_Machine_4.jpg,150,150,1.0,JPEG,RGB,238.67,98.15,WARNING,very_bright
ewaste,Battery,train,data\raw\ewaste\train\Battery\battery_1.jpg,150,150,1.0,JPEG,RGB,239.81,2049.91,WARNING,very_bright
ewaste,Battery,train,data\raw\ewaste\train\Battery\battery_100.jpg,150,150,1.0,JPEG,RGB,240.69,676.83,WARNING,very_bright
ewaste,Battery,train,data\raw\ewaste\train\Battery\battery_125.jpg,150,150,1.0,JPEG,RGB,243.95,206.85,WARNING,very_bright
ewaste,Battery,train,data\raw\ewaste\train\Battery\battery_172.jpg,150,150,1.0,JPEG,RGB,240.1,593.67,WARNING,very_bright
ewaste,Battery,train,data\raw\ewaste\train\Battery\battery_178.jpg,150,150,1.0,JPEG,RGB,235.73,1323.91,WARNING,very_bright
ewaste,Battery,train,data\raw\ewaste\train\Battery\battery_184.jpg,150,150,1.0,JPEG,RGB,243.71,1756.4,WARNING,very_bright
ewaste,Battery,train,data\raw\ewaste\train\Battery\battery_195.jpg,150,150,1.0,JPEG,RGB,238.58,2318.29,WARNING,very_bright
ewaste,Battery,train,data\raw\ewaste\train\Battery\battery_202.jpg,150,150,1.0,JPEG,RGB,236.72,518.75,WARNING,very_bright
ewaste,Battery,train,data\raw\ewaste\train\Battery\battery_246.jpg,150,150,1.0,JPEG,RGB,237.04,1331.15,WARNING,very_bright
ewaste,Battery,train,data\raw\ewaste\train\Battery\battery_26.jpg,150,150,1.0,JPEG,RGB,236.72,1265.44,WARNING,very_bright
ewaste,Battery,train,data\raw\ewaste\train\Battery\battery_263.jpg,150,150,1.0,JPEG,RGB,240.47,714.11,WARNING,very_bright
ewaste,Battery,train,data\raw\ewaste\train\Battery\battery_292.jpg,150,150,1.0,JPEG,RGB,238.52,596.28,WARNING,very_bright
ewaste,Battery,train,data\raw\ewaste\train\Battery\battery_296.jpg,150,150,1.0,JPEG,RGB,246.04,1096.13,WARNING,very_bright
ewaste,Keyboard,train,data\raw\ewaste\train\Keyboard\Keyboard_10.jpg,150,150,1.0,JPEG,RGB,235.16,127.35,WARNING,very_bright
ewaste,Keyboard,train,data\raw\ewaste\train\Keyboard\Keyboard_107.jpg,150,150,1.0,JPEG,RGB,126.8,26.02,WARNING,possible_blur
ewaste,Keyboard,train,data\raw\ewaste\train\Keyboard\Keyboard_121.jpg,150,150,1.0,JPEG,RGB,5.86,19.09,WARNING,very_dark | possible_blur
ewaste,Keyboard,train,data\raw\ewaste\train\Keyboard\Keyboard_126.jpg,150,150,1.0,JPEG,RGB,15.92,81.66,WARNING,very_dark
ewaste,Keyboard,train,data\raw\ewaste\train\Keyboard\Keyboard_132.jpg,150,150,1.0,JPEG,RGB,165.23,31.89,WARNING,possible_blur
ewaste,Keyboard,train,data\raw\ewaste\train\Keyboard\Keyboard_158.jpg,150,150,1.0,JPEG,RGB,7.91,54.98,WARNING,very_dark
ewaste,Keyboard,train,data\raw\ewaste\train\Keyboard\Keyboard_161.jpg,150,150,1.0,JPEG,RGB,10.73,64.25,WARNING,very_dark
ewaste,Keyboard,train,data\raw\ewaste\train\Keyboard\Keyboard_183.jpg,150,150,1.0,JPEG,RGB,17.08,71.07,WARNING,very_dark
ewaste,Keyboard,train,data\raw\ewaste\train\Keyboard\Keyboard_237.jpg,150,150,1.0,JPEG,RGB,38.58,36.95,WARNING,possible_blur
ewaste,Keyboard,train,data\raw\ewaste\train\Keyboard\Keyboard_238.jpg,150,150,1.0,JPEG,RGB,127.9,39.39,WARNING,possible_blur
ewaste,Keyboard,train,data\raw\ewaste\train\Keyboard\Keyboard_278.jpg,150,150,1.0,JPEG,RGB,213.47,48.71,WARNING,possible_blur
ewaste,Keyboard,train,data\raw\ewaste\train\Keyboard\Keyboard_46.jpg,150,150,1.0,JPEG,RGB,237.18,152.97,WARNING,very_bright
ewaste,Keyboard,train,data\raw\ewaste\train\Keyboard\Keyboard_67.jpg,150,150,1.0,JPEG,RGB,24.24,528.48,WARNING,very_dark
ewaste,Keyboard,train,data\raw\ewaste\train\Keyboard\Keyboard_71.jpg,150,150,1.0,JPEG,RGB,241.0,116.14,WARNING,very_bright
ewaste,Microwave,train,data\raw\ewaste\train\Microwave\Microwave_10.jpg,150,150,1.0,JPEG,RGB,236.53,71.31,WARNING,very_bright
ewaste,Microwave,train,data\raw\ewaste\train\Microwave\Microwave_124.jpg,150,150,1.0,JPEG,RGB,14.0,2718.88,WARNING,very_dark
ewaste,Microwave,train,data\raw\ewaste\train\Microwave\Microwave_246.jpg,150,150,1.0,JPEG,RGB,130.31,47.67,WARNING,possible_blur
ewaste,Microwave,train,data\raw\ewaste\train\Microwave\Microwave_26.jpg,150,150,1.0,JPEG,RGB,228.78,30.45,WARNING,possible_blur
ewaste,Microwave,train,data\raw\ewaste\train\Microwave\Microwave_298.jpg,150,150,1.0,JPEG,RGB,235.11,44.49,WARNING,very_bright | possible_blur
ewaste,Microwave,train,data\raw\ewaste\train\Microwave\Microwave_39.jpg,150,150,1.0,JPEG,RGB,233.72,34.0,WARNING,possible_blur
ewaste,Mobile,train,data\raw\ewaste\train\Mobile\Mobile_278.jpg,150,150,1.0,JPEG,RGB,122.61,40.58,WARNING,possible_blur
ewaste,Mouse,train,data\raw\ewaste\train\Mouse\Mouse_144.jpg,150,150,1.0,JPEG,RGB,24.33,198.91,WARNING,very_dark
ewaste,Mouse,train,data\raw\ewaste\train\Mouse\Mouse_160.jpg,150,150,1.0,JPEG,RGB,241.6,80.46,WARNING,very_bright
ewaste,Mouse,train,data\raw\ewaste\train\Mouse\Mouse_184.jpg,150,150,1.0,JPEG,RGB,245.61,541.92,WARNING,very_bright
ewaste,Mouse,train,data\raw\ewaste\train\Mouse\Mouse_196.jpg,150,150,1.0,JPEG,RGB,239.79,404.31,WARNING,very_bright
ewaste,Mouse,train,data\raw\ewaste\train\Mouse\Mouse_205.jpg,150,150,1.0,JPEG,RGB,237.91,844.15,WARNING,very_bright
ewaste,Mouse,train,data\raw\ewaste\train\Mouse\Mouse_206.jpg,150,150,1.0,JPEG,RGB,246.57,161.7,WARNING,very_bright
ewaste,Mouse,train,data\raw\ewaste\train\Mouse\Mouse_243.jpg,150,150,1.0,JPEG,RGB,167.29,28.29,WARNING,possible_blur
ewaste,Mouse,train,data\raw\ewaste\train\Mouse\Mouse_244.jpg,150,150,1.0,JPEG,RGB,236.14,915.97,WARNING,very_bright
ewaste,Mouse,train,data\raw\ewaste\train\Mouse\Mouse_67.jpg,150,150,1.0,JPEG,RGB,246.5,64.71,WARNING,very_bright
ewaste,Player,train,data\raw\ewaste\train\Player\Player_16.jpg,150,150,1.0,JPEG,RGB,238.59,496.99,WARNING,very_bright
ewaste,Player,train,data\raw\ewaste\train\Player\Player_238.jpg,150,150,1.0,JPEG,RGB,235.05,878.55,WARNING,very_bright
ewaste,Player,train,data\raw\ewaste\train\Player\Player_274.jpg,150,150,1.0,JPEG,RGB,235.32,578.91,WARNING,very_bright
ewaste,Printer,train,data\raw\ewaste\train\Printer\Printer_120.jpg,150,150,1.0,JPEG,RGB,235.07,769.19,WARNING,very_bright
ewaste,Printer,train,data\raw\ewaste\train\Printer\Printer_256.jpg,150,150,1.0,JPEG,RGB,236.1,1310.17,WARNING,very_bright
ewaste,Television,train,data\raw\ewaste\train\Television\Television_139.jpg,150,150,1.0,JPEG,RGB,62.03,40.67,WARNING,possible_blur
ewaste,Television,train,data\raw\ewaste\train\Television\Television_161.jpg,150,150,1.0,JPEG,RGB,20.22,216.39,WARNING,very_dark
ewaste,Television,train,data\raw\ewaste\train\Television\Television_180.jpg,150,150,1.0,JPEG,RGB,35.28,26.58,WARNING,possible_blur
ewaste,Television,train,data\raw\ewaste\train\Television\Television_185.jpg,150,150,1.0,JPEG,RGB,23.3,82.92,WARNING,very_dark
ewaste,Television,train,data\raw\ewaste\train\Television\Television_202.jpg,150,150,1.0,JPEG,RGB,84.38,43.39,WARNING,possible_blur
ewaste,Television,train,data\raw\ewaste\train\Television\Television_29.jpg,150,150,1.0,JPEG,RGB,106.6,32.31,WARNING,possible_blur
ewaste,Television,train,data\raw\ewaste\train\Television\Television_80.jpg,150,150,1.0,JPEG,RGB,48.55,47.62,WARNING,possible_blur
ewaste,Washing Machine,train,data\raw\ewaste\train\Washing Machine\Washing_Machine_1.jpg,150,150,1.0,JPEG,RGB,235.87,52.05,WARNING,very_bright
ewaste,Washing Machine,train,data\raw\ewaste\train\Washing Machine\Washing_Machine_101.jpg,150,150,1.0,JPEG,RGB,239.59,72.11,WARNING,very_bright
ewaste,Washing Machine,train,data\raw\ewaste\train\Washing Machine\Washing_Machine_110.jpg,150,150,1.0,JPEG,RGB,227.82,45.17,WARNING,possible_blur
ewaste,Washing Machine,train,data\raw\ewaste\train\Washing Machine\Washing_Machine_112.jpg,150,150,1.0,JPEG,RGB,226.85,25.37,WARNING,possible_blur
ewaste,Washing Machine,train,data\raw\ewaste\train\Washing Machine\Washing_Machine_115.jpg,150,150,1.0,JPEG,RGB,214.71,46.31,WARNING,possible_blur
ewaste,Washing Machine,train,data\raw\ewaste\train\Washing Machine\Washing_Machine_117.jpg,150,150,1.0,JPEG,RGB,237.15,17.16,WARNING,very_bright | possible_blur
ewaste,Washing Machine,train,data\raw\ewaste\train\Washing Machine\Washing_Machine_121.jpg,150,150,1.0,JPEG,RGB,222.54,41.96,WARNING,possible_blur
ewaste,Washing Machine,train,data\raw\ewaste\train\Washing Machine\Washing_Machine_124.jpg,150,150,1.0,JPEG,RGB,242.56,22.58,WARNING,very_bright | possible_blur
ewaste,Washing Machine,train,data\raw\ewaste\train\Washing Machine\Washing_Machine_126.jpg,150,150,1.0,JPEG,RGB,239.43,18.88,WARNING,very_bright | possible_blur
ewaste,Washing Machine,train,data\raw\ewaste\train\Washing Machine\Washing_Machine_156.jpg,150,150,1.0,JPEG,RGB,239.9,46.06,WARNING,very_bright | possible_blur
ewaste,Washing Machine,train,data\raw\ewaste\train\Washing Machine\Washing_Machine_175.jpg,150,150,1.0,JPEG,RGB,239.15,29.35,WARNING,very_bright | possible_blur
ewaste,Washing Machine,train,data\raw\ewaste\train\Washing Machine\Washing_Machine_201.jpg,150,150,1.0,JPEG,RGB,236.94,41.92,WARNING,very_bright | possible_blur
ewaste,Washing Machine,train,data\raw\ewaste\train\Washing Machine\Washing_Machine_230.jpg,150,150,1.0,JPEG,RGB,223.02,42.59,WARNING,possible_blur
ewaste,Washing Machine,train,data\raw\ewaste\train\Washing Machine\Washing_Machine_240.jpg,150,150,1.0,JPEG,RGB,235.94,70.44,WARNING,very_bright
ewaste,Washing Machine,train,data\raw\ewaste\train\Washing Machine\Washing_Machine_244.jpg,150,150,1.0,JPEG,RGB,94.94,26.2,WARNING,possible_blur
ewaste,Washing Machine,train,data\raw\ewaste\train\Washing Machine\Washing_Machine_25.jpg,150,150,1.0,JPEG,RGB,235.35,44.78,WARNING,very_bright | possible_blur
ewaste,Washing Machine,train,data\raw\ewaste\train\Washing Machine\Washing_Machine_276.jpg,150,150,1.0,JPEG,RGB,123.87,44.01,WARNING,possible_blur
ewaste,Washing Machine,train,data\raw\ewaste\train\Washing Machine\Washing_Machine_293.jpg,150,150,1.0,JPEG,RGB,234.13,19.45,WARNING,possible_blur
ewaste,Washing Machine,train,data\raw\ewaste\train\Washing Machine\Washing_Machine_3.jpg,150,150,1.0,JPEG,RGB,235.66,40.38,WARNING,very_bright | possible_blur
ewaste,Washing Machine,train,data\raw\ewaste\train\Washing Machine\Washing_Machine_35.jpg,150,150,1.0,JPEG,RGB,125.9,43.83,WARNING,possible_blur
ewaste,Washing Machine,train,data\raw\ewaste\train\Washing Machine\Washing_Machine_54.jpg,150,150,1.0,JPEG,RGB,246.45,11.93,WARNING,very_bright | possible_blur
ewaste,Washing Machine,train,data\raw\ewaste\train\Washing Machine\Washing_Machine_85.jpg,150,150,1.0,JPEG,RGB,153.92,45.29,WARNING,possible_blur
ewaste,Washing Machine,train,data\raw\ewaste\train\Washing Machine\Washing_Machine_86.jpg,150,150,1.0,JPEG,RGB,242.67,15.49,WARNING,very_bright | possible_blur
ewaste,Washing Machine,train,data\raw\ewaste\train\Washing Machine\Washing_Machine_97.jpg,150,150,1.0,JPEG,RGB,235.94,79.46,WARNING,very_bright
ewaste,Battery,val,data\raw\ewaste\val\Battery\battery_122.jpg,150,150,1.0,JPEG,RGB,240.79,487.54,WARNING,very_bright
ewaste,Microwave,val,data\raw\ewaste\val\Microwave\Microwave_105.jpg,150,150,1.0,JPEG,RGB,115.69,39.11,WARNING,possible_blur
ewaste,Mouse,val,data\raw\ewaste\val\Mouse\Mouse_198.jpg,150,150,1.0,JPEG,RGB,122.5,39.84,WARNING,possible_blur
ewaste,Player,val,data\raw\ewaste\val\Player\Player_23.jpg,150,150,1.0,JPEG,RGB,235.96,711.77,WARNING,very_bright
ewaste,Player,val,data\raw\ewaste\val\Player\Player_280.jpg,150,150,1.0,JPEG,RGB,240.64,598.77,WARNING,very_bright
ewaste,Television,val,data\raw\ewaste\val\Television\Television_23.jpg,150,150,1.0,JPEG,RGB,83.19,45.14,WARNING,possible_blur
ewaste,Washing Machine,val,data\raw\ewaste\val\Washing Machine\Washing_Machine_286.jpg,150,150,1.0,JPEG,RGB,228.01,21.87,WARNING,possible_blur
ewaste,Washing Machine,val,data\raw\ewaste\val\Washing Machine\Washing_Machine_65.jpg,150,150,1.0,JPEG,RGB,231.36,48.48,WARNING,possible_blur
ewaste,Washing Machine,val,data\raw\ewaste\val\Washing Machine\Washing_Machine_99.jpg,150,150,1.0,JPEG,RGB,238.31,33.5,WARNING,very_bright | possible_blur
phenomsg,Hazardous,,data\raw\phenomsg\Hazardous\Hazardous\batteries\19.13.jpg,2733,1049,2.6053,JPEG,RGB,239.03,1246.46,WARNING,very_bright
phenomsg,Hazardous,,data\raw\phenomsg\Hazardous\Hazardous\batteries\41586_2019_1682_Fig1_HTML.png,1690,603,2.8027,PNG,RGB,238.13,1115.75,WARNING,very_bright
phenomsg,Hazardous,,data\raw\phenomsg\Hazardous\Hazardous\batteries\Alkaline-vs.-Lithium-Batteries.png,840,2452,0.3426,PNG,P,149.96,3814.8,WARNING,non_rgb_mode
phenomsg,Hazardous,,data\raw\phenomsg\Hazardous\Hazardous\batteries\batteries2.jpg,2716,1810,1.5006,JPEG,RGB,182.66,29.88,WARNING,possible_blur
phenomsg,Hazardous,,data\raw\phenomsg\Hazardous\Hazardous\batteries\Batteries_-Lithium-Ion-Battery-and-Lithium-Polymer-Battery-Explained.png,2240,1260,1.7778,PNG,P,79.23,74.14,WARNING,non_rgb_mode
phenomsg,Hazardous,,data\raw\phenomsg\Hazardous\Hazardous\batteries\creens-LCD-iPhone-panels-laptop-collected-for-disposal-in-plastic-containers.png,1440,792,1.8182,PNG,P,66.99,2600.19,WARNING,non_rgb_mode
phenomsg,Hazardous,,data\raw\phenomsg\Hazardous\Hazardous\batteries\Eneloop_6420.jpg,3000,3000,1.0,JPEG,RGB,186.36,33.0,WARNING,possible_blur
phenomsg,Hazardous,,data\raw\phenomsg\Hazardous\Hazardous\batteries\energizer-cold-weather-lithium-aa-battery.jpg,800,494,1.6194,JPEG,RGB,241.24,373.78,WARNING,very_bright
phenomsg,Hazardous,,data\raw\phenomsg\Hazardous\Hazardous\batteries\image-2-716x1024.png,716,1024,0.6992,PNG,RGBA,145.15,530.71,WARNING,non_rgb_mode
phenomsg,Hazardous,,data\raw\phenomsg\Hazardous\Hazardous\batteries\Intro-to-batteries-featured.jpg,770,603,1.2769,JPEG,RGB,238.03,453.32,WARNING,very_bright
phenomsg,Hazardous,,data\raw\phenomsg\Hazardous\Hazardous\batteries\Li-Batteries-for-Disposal-or-Recycling-1024x575.png,1024,575,1.7809,PNG,RGBA,135.83,2124.02,WARNING,non_rgb_mode
phenomsg,Hazardous,,data\raw\phenomsg\Hazardous\Hazardous\batteries\Life-cycle-inventory-of-Li-ion-battery-Ecoinvent-30-Battery-Li-ion-rechargeable.png,850,704,1.2074,PNG,P,239.97,5573.8,WARNING,very_bright | non_rgb_mode
phenomsg,Hazardous,,data\raw\phenomsg\Hazardous\Hazardous\batteries\lifecycleimagebatteries.png,2200,1700,1.2941,PNG,RGB,239.18,1079.67,WARNING,very_bright
phenomsg,Hazardous,,data\raw\phenomsg\Hazardous\Hazardous\batteries\lithium-vs-alkaline-batteries.png,1435,749,1.9159,PNG,P,110.35,483.34,WARNING,non_rgb_mode
phenomsg,Hazardous,,data\raw\phenomsg\Hazardous\Hazardous\batteries\machinedesign_7204_pulse_plus_batteries_promo_0.png,595,446,1.3341,PNG,RGBA,213.41,1007.32,WARNING,non_rgb_mode
phenomsg,Hazardous,,data\raw\phenomsg\Hazardous\Hazardous\batteries\non-rechargeable-batteries-product-image_0.png,477,294,1.6224,PNG,RGBA,214.67,1855.09,WARNING,non_rgb_mode
phenomsg,Hazardous,,data\raw\phenomsg\Hazardous\Hazardous\batteries\Primary-battery-types.png,960,540,1.7778,PNG,P,211.34,1081.53,WARNING,non_rgb_mode
phenomsg,Hazardous,,data\raw\phenomsg\Hazardous\Hazardous\batteries\Screen-Shot-2021-07-20-at-10.37.08-AM.png,1300,386,3.3679,PNG,RGBA,199.06,851.79,WARNING,non_rgb_mode
phenomsg,Hazardous,,data\raw\phenomsg\Hazardous\Hazardous\batteries\un3480.png,640,587,1.0903,PNG,RGBA,180.65,1004.71,WARNING,non_rgb_mode
phenomsg,Hazardous,,data\raw\phenomsg\Hazardous\Hazardous\e-waste\02bulb-web2-1454343899851-superJumbo - Copy.jpg,1955,2048,0.9546,JPEG,RGB,84.89,9.71,WARNING,possible_blur
phenomsg,Hazardous,,data\raw\phenomsg\Hazardous\Hazardous\e-waste\02bulb-web2-1454343899851-superJumbo.jpg,1955,2048,0.9546,JPEG,RGB,84.89,9.71,WARNING,possible_blur
phenomsg,Hazardous,,data\raw\phenomsg\Hazardous\Hazardous\e-waste\04801E3UVtxDTDY9ek1ovu0-3..v1618408208 - Copy.jpg,1920,1319,1.4556,JPEG,RGB,237.37,2740.79,WARNING,very_bright
phenomsg,Hazardous,,data\raw\phenomsg\Hazardous\Hazardous\e-waste\04801E3UVtxDTDY9ek1ovu0-3..v1618408208.jpg,1920,1319,1.4556,JPEG,RGB,237.37,2740.79,WARNING,very_bright
phenomsg,Hazardous,,data\raw\phenomsg\Hazardous\Hazardous\e-waste\1000_F_137113944_B7B2w62hhwjr7dWy8R5nYwwlHIwCRu6S - Copy.jpg,1000,1000,1.0,JPEG,RGB,247.94,1170.13,WARNING,very_bright
phenomsg,Hazardous,,data\raw\phenomsg\Hazardous\Hazardous\e-waste\1000_F_137113944_B7B2w62hhwjr7dWy8R5nYwwlHIwCRu6S.jpg,1000,1000,1.0,JPEG,RGB,247.94,1170.13,WARNING,very_bright
phenomsg,Hazardous,,data\raw\phenomsg\Hazardous\Hazardous\e-waste\20f1f392-6d51-4fdb-a0a1-b6e0e837a57b.bc4be531fe04703066c45a302f6d7c0e - Copy.jpeg,1477,1319,1.1198,JPEG,RGB,241.26,47.0,WARNING,very_bright | possible_blur
phenomsg,Hazardous,,data\raw\phenomsg\Hazardous\Hazardous\e-waste\20f1f392-6d51-4fdb-a0a1-b6e0e837a57b.bc4be531fe04703066c45a302f6d7c0e.jpeg,1477,1319,1.1198,JPEG,RGB,241.26,47.0,WARNING,very_bright | possible_blur
phenomsg,Hazardous,,data\raw\phenomsg\Hazardous\Hazardous\e-waste\6184AcGb9XL - Copy.jpg,1702,1600,1.0637,JPEG,RGB,234.24,21.01,WARNING,possible_blur
phenomsg,Hazardous,,data\raw\phenomsg\Hazardous\Hazardous\e-waste\6184AcGb9XL.jpg,1702,1600,1.0637,JPEG,RGB,234.24,21.01,WARNING,possible_blur
phenomsg,Hazardous,,data\raw\phenomsg\Hazardous\Hazardous\e-waste\61DVdFF9f-L - Copy.jpg,1500,1500,1.0,JPEG,RGB,245.84,59.32,WARNING,very_bright
phenomsg,Hazardous,,data\raw\phenomsg\Hazardous\Hazardous\e-waste\61DVdFF9f-L.jpg,1500,1500,1.0,JPEG,RGB,245.84,59.32,WARNING,very_bright
phenomsg,Hazardous,,data\raw\phenomsg\Hazardous\Hazardous\e-waste\634ec7fb55fe19788b75085f-18-watt-cfl-light-bulbs-4-pin-g24q-2 - Copy.jpg,1256,1169,1.0744,JPEG,RGB,234.64,27.99,WARNING,possible_blur
phenomsg,Hazardous,,data\raw\phenomsg\Hazardous\Hazardous\e-waste\634ec7fb55fe19788b75085f-18-watt-cfl-light-bulbs-4-pin-g24q-2.jpg,1256,1169,1.0744,JPEG,RGB,234.64,27.99,WARNING,possible_blur
phenomsg,Hazardous,,data\raw\phenomsg\Hazardous\Hazardous\e-waste\7ade6617-865a-42bf-b8f8-12859169a351.a7819c077ec87ce47606d6942a125eea - Copy.jpeg,1001,1001,1.0,JPEG,RGB,235.81,382.92,WARNING,very_bright
phenomsg,Hazardous,,data\raw\phenomsg\Hazardous\Hazardous\e-waste\7ade6617-865a-42bf-b8f8-12859169a351.a7819c077ec87ce47606d6942a125eea.jpeg,1001,1001,1.0,JPEG,RGB,235.81,382.92,WARNING,very_bright
phenomsg,Hazardous,,data\raw\phenomsg\Hazardous\Hazardous\e-waste\8085 - Copy.jpg,560,420,1.3333,JPEG,RGB,246.6,6.64,WARNING,very_bright | possible_blur
phenomsg,Hazardous,,data\raw\phenomsg\Hazardous\Hazardous\e-waste\8085.jpg,560,420,1.3333,JPEG,RGB,246.6,6.64,WARNING,very_bright | possible_blur
phenomsg,Hazardous,,data\raw\phenomsg\Hazardous\Hazardous\e-waste\85a44d0f-d9a2-37b6-93c1-1c21fed330cf - Copy.png,700,989,0.7078,PNG,P,152.04,866.06,WARNING,non_rgb_mode
phenomsg,Hazardous,,data\raw\phenomsg\Hazardous\Hazardous\e-waste\85a44d0f-d9a2-37b6-93c1-1c21fed330cf.png,700,989,0.7078,PNG,P,152.04,866.06,WARNING,non_rgb_mode
phenomsg,Hazardous,,data\raw\phenomsg\Hazardous\Hazardous\e-waste\box1-img - Copy.png,668,425,1.5718,PNG,RGBA,88.41,2779.22,WARNING,non_rgb_mode
phenomsg,Hazardous,,data\raw\phenomsg\Hazardous\Hazardous\e-waste\box1-img.png,668,425,1.5718,PNG,RGBA,88.41,2779.22,WARNING,non_rgb_mode
phenomsg,Hazardous,,data\raw\phenomsg\Hazardous\Hazardous\e-waste\bulbs_2 - Copy.png,1046,604,1.7318,PNG,RGB,241.45,869.39,WARNING,very_bright
phenomsg,Hazardous,,data\raw\phenomsg\Hazardous\Hazardous\e-waste\bulbs_2.png,1046,604,1.7318,PNG,RGB,241.45,869.39,WARNING,very_bright
phenomsg,Hazardous,,data\raw\phenomsg\Hazardous\Hazardous\e-waste\BulbSchematic - Copy.jpg,313,488,0.6414,JPEG,CMYK,237.98,1499.55,WARNING,very_bright
phenomsg,Hazardous,,data\raw\phenomsg\Hazardous\Hazardous\e-waste\BulbSchematic.jpg,313,488,0.6414,JPEG,CMYK,237.98,1499.55,WARNING,very_bright
phenomsg,Hazardous,,data\raw\phenomsg\Hazardous\Hazardous\e-waste\CFL-Broken-Bulb-scaled - Copy.jpeg,2048,1366,1.4993,JPEG,RGB,71.44,20.88,WARNING,possible_blur
phenomsg,Hazardous,,data\raw\phenomsg\Hazardous\Hazardous\e-waste\CFL-Broken-Bulb-scaled.jpeg,2048,1366,1.4993,JPEG,RGB,71.44,20.88,WARNING,possible_blur
phenomsg,Hazardous,,data\raw\phenomsg\Hazardous\Hazardous\e-waste\cfl-product-family - Copy.png,720,405,1.7778,PNG,RGBA,54.95,2084.15,WARNING,non_rgb_mode
phenomsg,Hazardous,,data\raw\phenomsg\Hazardous\Hazardous\e-waste\cfl-product-family.png,720,405,1.7778,PNG,RGBA,54.95,2084.15,WARNING,non_rgb_mode
phenomsg,Hazardous,,data\raw\phenomsg\Hazardous\Hazardous\e-waste\CFL-VS-LED-Lighting - Copy.jpg,1612,1008,1.5992,JPEG,RGB,242.7,132.63,WARNING,very_bright
phenomsg,Hazardous,,data\raw\phenomsg\Hazardous\Hazardous\e-waste\CFL-VS-LED-Lighting.jpg,1612,1008,1.5992,JPEG,RGB,242.7,132.63,WARNING,very_bright
phenomsg,Hazardous,,data\raw\phenomsg\Hazardous\Hazardous\e-waste\Compact-Flourescent-Lighbulb - Copy.png,730,852,0.8568,PNG,P,137.71,1928.2,WARNING,non_rgb_mode
phenomsg,Hazardous,,data\raw\phenomsg\Hazardous\Hazardous\e-waste\Compact-Flourescent-Lighbulb.png,730,852,0.8568,PNG,P,137.71,1928.2,WARNING,non_rgb_mode
phenomsg,Hazardous,,data\raw\phenomsg\Hazardous\Hazardous\e-waste\Compact_fluorescent_light_bulb_with_GU24_connector - Copy.png,230,374,0.615,PNG,RGBA,200.16,158.75,WARNING,non_rgb_mode
phenomsg,Hazardous,,data\raw\phenomsg\Hazardous\Hazardous\e-waste\Compact_fluorescent_light_bulb_with_GU24_connector.png,230,374,0.615,PNG,RGBA,200.16,158.75,WARNING,non_rgb_mode
phenomsg,Hazardous,,data\raw\phenomsg\Hazardous\Hazardous\e-waste\crompton-bulbs-and-cfls-19-08-2021-975-240174309-zjbfq - Copy.png,530,530,1.0,PNG,RGBA,236.94,175.74,WARNING,very_bright | non_rgb_mode
phenomsg,Hazardous,,data\raw\phenomsg\Hazardous\Hazardous\e-waste\crompton-bulbs-and-cfls-19-08-2021-975-240174309-zjbfq.png,530,530,1.0,PNG,RGBA,236.94,175.74,WARNING,very_bright | non_rgb_mode
phenomsg,Hazardous,,data\raw\phenomsg\Hazardous\Hazardous\e-waste\depositphotos_38625459-stock-photo-incandescent-compact-fluorescent-halogen-lamps - Copy.jpg,1024,657,1.5586,JPEG,RGB,240.78,518.86,WARNING,very_bright
phenomsg,Hazardous,,data\raw\phenomsg\Hazardous\Hazardous\e-waste\depositphotos_38625459-stock-photo-incandescent-compact-fluorescent-halogen-lamps.jpg,1024,657,1.5586,JPEG,RGB,240.78,518.86,WARNING,very_bright
phenomsg,Hazardous,,data\raw\phenomsg\Hazardous\Hazardous\e-waste\Dont-Trash-fluorescent-bulbs - Copy.png,269,341,0.7889,PNG,RGBA,107.07,934.32,WARNING,non_rgb_mode
phenomsg,Hazardous,,data\raw\phenomsg\Hazardous\Hazardous\e-waste\Dont-Trash-fluorescent-bulbs.png,269,341,0.7889,PNG,RGBA,107.07,934.32,WARNING,non_rgb_mode
phenomsg,Hazardous,,data\raw\phenomsg\Hazardous\Hazardous\e-waste\E-waste - Copy.png,497,493,1.0081,PNG,RGBA,176.93,2282.3,WARNING,non_rgb_mode
phenomsg,Hazardous,,data\raw\phenomsg\Hazardous\Hazardous\e-waste\E-waste.png,497,493,1.0081,PNG,RGBA,176.93,2282.3,WARNING,non_rgb_mode
phenomsg,Hazardous,,data\raw\phenomsg\Hazardous\Hazardous\e-waste\E-Waste20Wednesday20-20Waste20Reduction20Week202022 - Copy.png,1200,400,3.0,PNG,RGBA,123.21,1683.58,WARNING,non_rgb_mode
phenomsg,Hazardous,,data\raw\phenomsg\Hazardous\Hazardous\e-waste\E-Waste20Wednesday20-20Waste20Reduction20Week202022.png,1200,400,3.0,PNG,RGBA,123.21,1683.58,WARNING,non_rgb_mode
phenomsg,Hazardous,,data\raw\phenomsg\Hazardous\Hazardous\e-waste\Electronic-waste-1 - Copy.png,1080,1080,1.0,PNG,RGBA,175.41,1489.93,WARNING,non_rgb_mode
phenomsg,Hazardous,,data\raw\phenomsg\Hazardous\Hazardous\e-waste\Electronic-waste-1.png,1080,1080,1.0,PNG,RGBA,175.41,1489.93,WARNING,non_rgb_mode
phenomsg,Hazardous,,data\raw\phenomsg\Hazardous\Hazardous\e-waste\Energiesparlampe_01_retouched - Copy.jpg,3745,2667,1.4042,JPEG,RGB,48.47,8.44,WARNING,possible_blur
phenomsg,Hazardous,,data\raw\phenomsg\Hazardous\Hazardous\e-waste\Energiesparlampe_01_retouched.jpg,3745,2667,1.4042,JPEG,RGB,48.47,8.44,WARNING,possible_blur
phenomsg,Hazardous,,data\raw\phenomsg\Hazardous\Hazardous\e-waste\Ewaste-1602590536972 - Copy.png,800,400,2.0,PNG,P,156.81,3456.06,WARNING,non_rgb_mode
phenomsg,Hazardous,,data\raw\phenomsg\Hazardous\Hazardous\e-waste\Ewaste-1602590536972.png,800,400,2.0,PNG,P,156.81,3456.06,WARNING,non_rgb_mode
phenomsg,Hazardous,,data\raw\phenomsg\Hazardous\Hazardous\e-waste\ewaste-type - Copy.png,1074,1080,0.9944,PNG,RGBA,224.11,374.72,WARNING,non_rgb_mode
phenomsg,Hazardous,,data\raw\phenomsg\Hazardous\Hazardous\e-waste\ewaste-type.png,1074,1080,0.9944,PNG,RGBA,224.11,374.72,WARNING,non_rgb_mode
phenomsg,Hazardous,,data\raw\phenomsg\Hazardous\Hazardous\e-waste\Featured-pictures-for-webiste11 - Copy.png,1024,512,2.0,PNG,RGBA,105.3,3732.34,WARNING,non_rgb_mode
phenomsg,Hazardous,,data\raw\phenomsg\Hazardous\Hazardous\e-waste\Featured-pictures-for-webiste11.png,1024,512,2.0,PNG,RGBA,105.3,3732.34,WARNING,non_rgb_mode
phenomsg,Hazardous,,data\raw\phenomsg\Hazardous\Hazardous\e-waste\Fluorescent-Bulbs-in-Trash-1-1024x683 - Copy.jpg,1024,683,1.4993,JPEG,RGB,102.95,43.36,WARNING,possible_blur
phenomsg,Hazardous,,data\raw\phenomsg\Hazardous\Hazardous\e-waste\Fluorescent-Bulbs-in-Trash-1-1024x683.jpg,1024,683,1.4993,JPEG,RGB,102.95,43.36,WARNING,possible_blur
phenomsg,Hazardous,,data\raw\phenomsg\Hazardous\Hazardous\e-waste\fluorescent20lights20hero - Copy.png,1024,601,1.7038,PNG,RGBA,130.45,413.99,WARNING,non_rgb_mode
phenomsg,Hazardous,,data\raw\phenomsg\Hazardous\Hazardous\e-waste\fluorescent20lights20hero.png,1024,601,1.7038,PNG,RGBA,130.45,413.99,WARNING,non_rgb_mode
phenomsg,Hazardous,,data\raw\phenomsg\Hazardous\Hazardous\e-waste\FluorescentBulbs - Copy.jpg,500,500,1.0,JPEG,RGB,239.92,62.9,WARNING,very_bright
phenomsg,Hazardous,,data\raw\phenomsg\Hazardous\Hazardous\e-waste\FluorescentBulbs.jpg,500,500,1.0,JPEG,RGB,239.92,62.9,WARNING,very_bright
phenomsg,Hazardous,,data\raw\phenomsg\Hazardous\Hazardous\e-waste\fluorescentlights - Copy.png,714,294,2.4286,PNG,RGBA,190.58,652.59,WARNING,non_rgb_mode
phenomsg,Hazardous,,data\raw\phenomsg\Hazardous\Hazardous\e-waste\fluorescentlights.png,714,294,2.4286,PNG,RGBA,190.58,652.59,WARNING,non_rgb_mode
phenomsg,Hazardous,,data\raw\phenomsg\Hazardous\Hazardous\e-waste\image31 - Copy.png,1080,1080,1.0,PNG,P,195.88,3660.32,WARNING,non_rgb_mode
phenomsg,Hazardous,,data\raw\phenomsg\Hazardous\Hazardous\e-waste\image31.png,1080,1080,1.0,PNG,P,195.88,3660.32,WARNING,non_rgb_mode
phenomsg,Hazardous,,data\raw\phenomsg\Hazardous\Hazardous\e-waste\incandescent-led-cfl - Copy.png,640,382,1.6754,PNG,RGBA,193.07,1161.33,WARNING,non_rgb_mode
phenomsg,Hazardous,,data\raw\phenomsg\Hazardous\Hazardous\e-waste\incandescent-led-cfl.png,640,382,1.6754,PNG,RGBA,193.07,1161.33,WARNING,non_rgb_mode
phenomsg,Hazardous,,data\raw\phenomsg\Hazardous\Hazardous\e-waste\Is-it-hazardous-waste...flourescent-light-bulbs - Copy.png,400,400,1.0,PNG,P,233.6,357.45,WARNING,non_rgb_mode
phenomsg,Hazardous,,data\raw\phenomsg\Hazardous\Hazardous\e-waste\Is-it-hazardous-waste...flourescent-light-bulbs.png,400,400,1.0,PNG,P,233.6,357.45,WARNING,non_rgb_mode
phenomsg,Hazardous,,data\raw\phenomsg\Hazardous\Hazardous\e-waste\light-bulb-fluorescent - Copy.jpg,667,1000,0.667,JPEG,RGB,252.97,26.13,WARNING,very_bright | possible_blur
phenomsg,Hazardous,,data\raw\phenomsg\Hazardous\Hazardous\e-waste\light-bulb-fluorescent.jpg,667,1000,0.667,JPEG,RGB,252.97,26.13,WARNING,very_bright | possible_blur
phenomsg,Hazardous,,data\raw\phenomsg\Hazardous\Hazardous\e-waste\Light20bulbs.JPG - Copy.jpg,2789,2108,1.3231,JPEG,RGB,239.24,40.88,WARNING,very_bright | possible_blur
phenomsg,Hazardous,,data\raw\phenomsg\Hazardous\Hazardous\e-waste\Light20bulbs.JPG.jpg,2789,2108,1.3231,JPEG,RGB,239.24,40.88,WARNING,very_bright | possible_blur
phenomsg,Hazardous,,data\raw\phenomsg\Hazardous\Hazardous\e-waste\lightbulbs - Copy.png,625,449,1.392,PNG,P,240.71,56.49,WARNING,very_bright | non_rgb_mode
phenomsg,Hazardous,,data\raw\phenomsg\Hazardous\Hazardous\e-waste\lightbulbs.png,625,449,1.392,PNG,P,240.71,56.49,WARNING,very_bright | non_rgb_mode
phenomsg,Hazardous,,data\raw\phenomsg\Hazardous\Hazardous\e-waste\ling-electronic-waste-electronics-hazardous-waste-recycle-computer-recycling - Copy.png,900,958,0.9395,PNG,P,184.81,2859.98,WARNING,non_rgb_mode
phenomsg,Hazardous,,data\raw\phenomsg\Hazardous\Hazardous\e-waste\ling-electronic-waste-electronics-hazardous-waste-recycle-computer-recycling.png,900,958,0.9395,PNG,P,184.81,2859.98,WARNING,non_rgb_mode
phenomsg,Hazardous,,data\raw\phenomsg\Hazardous\Hazardous\e-waste\Mercury-bulb-ban-1024x341 - Copy.png,1024,341,3.0029,PNG,RGBA,151.02,216.29,WARNING,non_rgb_mode
phenomsg,Hazardous,,data\raw\phenomsg\Hazardous\Hazardous\e-waste\Mercury-bulb-ban-1024x341.png,1024,341,3.0029,PNG,RGBA,151.02,216.29,WARNING,non_rgb_mode
phenomsg,Hazardous,,data\raw\phenomsg\Hazardous\Hazardous\e-waste\mika-baumeister-oXb5tA61wI-unsplash-scaled-e1651078651490 - Copy.jpg,800,533,1.5009,JPEG,RGB,137.18,43.45,WARNING,possible_blur
phenomsg,Hazardous,,data\raw\phenomsg\Hazardous\Hazardous\e-waste\mika-baumeister-oXb5tA61wI-unsplash-scaled-e1651078651490.jpg,800,533,1.5009,JPEG,RGB,137.18,43.45,WARNING,possible_blur
phenomsg,Hazardous,,data\raw\phenomsg\Hazardous\Hazardous\e-waste\negative-side-of-compact-flourescent-bulbs-cfls - Copy.jpg,1200,675,1.7778,JPEG,RGB,44.84,10.19,WARNING,possible_blur
phenomsg,Hazardous,,data\raw\phenomsg\Hazardous\Hazardous\e-waste\negative-side-of-compact-flourescent-bulbs-cfls.jpg,1200,675,1.7778,JPEG,RGB,44.84,10.19,WARNING,possible_blur
phenomsg,Hazardous,,data\raw\phenomsg\Hazardous\Hazardous\e-waste\ng-electronic-waste-electronics-recycle-bin-miscellaneous-computer-recycling - Copy.png,920,1076,0.855,PNG,P,180.11,2085.68,WARNING,non_rgb_mode
phenomsg,Hazardous,,data\raw\phenomsg\Hazardous\Hazardous\e-waste\ng-electronic-waste-electronics-recycle-bin-miscellaneous-computer-recycling.png,920,1076,0.855,PNG,P,180.11,2085.68,WARNING,non_rgb_mode
phenomsg,Hazardous,,data\raw\phenomsg\Hazardous\Hazardous\e-waste\pile-o-light-bulbs-1024x683 - Copy.jpg,1024,683,1.4993,JPEG,RGB,239.58,212.24,WARNING,very_bright
phenomsg,Hazardous,,data\raw\phenomsg\Hazardous\Hazardous\e-waste\pile-o-light-bulbs-1024x683.jpg,1024,683,1.4993,JPEG,RGB,239.58,212.24,WARNING,very_bright
phenomsg,Hazardous,,data\raw\phenomsg\Hazardous\Hazardous\e-waste\post_lighting_waste - Copy.png,2240,1260,1.7778,PNG,RGBA,104.44,461.29,WARNING,non_rgb_mode
phenomsg,Hazardous,,data\raw\phenomsg\Hazardous\Hazardous\e-waste\post_lighting_waste.png,2240,1260,1.7778,PNG,RGBA,104.44,461.29,WARNING,non_rgb_mode
phenomsg,Hazardous,,data\raw\phenomsg\Hazardous\Hazardous\e-waste\Reciclaje_electronico_categorias_inglC3A9s - Copy.jpg,696,649,1.0724,JPEG,RGB,235.81,11078.87,WARNING,very_bright
phenomsg,Hazardous,,data\raw\phenomsg\Hazardous\Hazardous\e-waste\Reciclaje_electronico_categorias_inglC3A9s.jpg,696,649,1.0724,JPEG,RGB,235.81,11078.87,WARNING,very_bright
phenomsg,Hazardous,,data\raw\phenomsg\Hazardous\Hazardous\e-waste\recycle-e-waste-new-aug-22 - Copy.png,1600,751,2.1305,PNG,RGBA,196.37,2033.22,WARNING,non_rgb_mode
phenomsg,Hazardous,,data\raw\phenomsg\Hazardous\Hazardous\e-waste\recycle-e-waste-new-aug-22.png,1600,751,2.1305,PNG,RGBA,196.37,2033.22,WARNING,non_rgb_mode
phenomsg,Hazardous,,data\raw\phenomsg\Hazardous\Hazardous\e-waste\recycle-old-phones-1617128956 - Copy.png,800,304,2.6316,PNG,P,154.34,1472.63,WARNING,non_rgb_mode
phenomsg,Hazardous,,data\raw\phenomsg\Hazardous\Hazardous\e-waste\recycle-old-phones-1617128956.png,800,304,2.6316,PNG,P,154.34,1472.63,WARNING,non_rgb_mode
phenomsg,Hazardous,,data\raw\phenomsg\Hazardous\Hazardous\e-waste\set-different-types-light-bulbs-incandescent-compact-fluorescent-lamp_223337-667 - Copy.jpg,418,626,0.6677,JPEG,RGB,239.35,240.92,WARNING,very_bright
phenomsg,Hazardous,,data\raw\phenomsg\Hazardous\Hazardous\e-waste\set-different-types-light-bulbs-incandescent-compact-fluorescent-lamp_223337-667.jpg,418,626,0.6677,JPEG,RGB,239.35,240.92,WARNING,very_bright
phenomsg,Hazardous,,data\raw\phenomsg\Hazardous\Hazardous\e-waste\shutterstock_29134336 - Copy.jpg,6016,4000,1.504,JPEG,RGB,85.1,25.07,WARNING,possible_blur
phenomsg,Hazardous,,data\raw\phenomsg\Hazardous\Hazardous\e-waste\shutterstock_29134336.jpg,6016,4000,1.504,JPEG,RGB,85.1,25.07,WARNING,possible_blur
phenomsg,Hazardous,,data\raw\phenomsg\Hazardous\Hazardous\e-waste\spiral-20-23-watt-cfl-bulbs - Copy.jpg,3177,6008,0.5288,JPEG,RGB,245.72,16.4,WARNING,very_bright | possible_blur
phenomsg,Hazardous,,data\raw\phenomsg\Hazardous\Hazardous\e-waste\spiral-20-23-watt-cfl-bulbs.jpg,3177,6008,0.5288,JPEG,RGB,245.72,16.4,WARNING,very_bright | possible_blur
phenomsg,Hazardous,,data\raw\phenomsg\Hazardous\Hazardous\paints\006827571_1-ee962a21b5d2673a4c1f0ed05d640bb6.png,791,1024,0.7725,PNG,P,243.32,4978.35,WARNING,very_bright | non_rgb_mode
phenomsg,Hazardous,,data\raw\phenomsg\Hazardous\Hazardous\paints\1-s2.0-S2589004221010828-fx1.jpg,375,375,1.0,JPEG,RGB,239.04,4861.03,WARNING,very_bright
phenomsg,Hazardous,,data\raw\phenomsg\Hazardous\Hazardous\paints\2022-2023-HHW-Flyer-updated2.png,1545,2000,0.7725,PNG,RGBA,182.13,2047.86,WARNING,non_rgb_mode
phenomsg,Hazardous,,data\raw\phenomsg\Hazardous\Hazardous\paints\99-2.1800x1800.png,1800,1800,1.0,PNG,P,193.73,498.23,WARNING,transparency
phenomsg,Hazardous,,data\raw\phenomsg\Hazardous\Hazardous\paints\AdobeStock_210581916.jpeg,7800,5200,1.5,JPEG,RGB,143.29,11.09,WARNING,possible_blur
phenomsg,Hazardous,,data\raw\phenomsg\Hazardous\Hazardous\paints\circle-paint-and-solvents-scaled.jpeg,1200,800,1.5,JPEG,RGB,49.96,30.98,WARNING,possible_blur
phenomsg,Hazardous,,data\raw\phenomsg\Hazardous\Hazardous\paints\Composition-of-Solvent-borne-Paints.png,562,943,0.596,PNG,P,225.39,11222.5,WARNING,non_rgb_mode
phenomsg,Hazardous,,data\raw\phenomsg\Hazardous\Hazardous\paints\CRL-new-header-pics-14-1024x384.png,1024,384,2.6667,PNG,P,83.44,718.92,WARNING,non_rgb_mode
phenomsg,Hazardous,,data\raw\phenomsg\Hazardous\Hazardous\paints\Flow-sheet-for-the-three-stage-paint-stripper-waste-treatment-process.png,850,1292,0.6579,PNG,P,228.31,8052.7,WARNING,non_rgb_mode
phenomsg,Hazardous,,data\raw\phenomsg\Hazardous\Hazardous\paints\household_hazardous_waste_flier.png,562,800,0.7025,PNG,RGBA,210.27,2998.12,WARNING,non_rgb_mode
phenomsg,Hazardous,,data\raw\phenomsg\Hazardous\Hazardous\paints\Hydrocarbon-Solvents-used-for-Solvent-Based-Paint-Formulation.png,850,155,5.4839,PNG,P,225.5,10199.63,WARNING,extreme_aspect_ratio | non_rgb_mode
phenomsg,Hazardous,,data\raw\phenomsg\Hazardous\Hazardous\paints\JC_Licht_Blog_Water-Based_vs._Solvent-Based_Paints_800x800.png,800,544,1.4706,PNG,RGBA,130.93,1198.25,WARNING,non_rgb_mode
phenomsg,Hazardous,,data\raw\phenomsg\Hazardous\Hazardous\paints\nexus3-paint-cans.png,466,480,0.9708,PNG,RGBA,187.32,133.7,WARNING,non_rgb_mode
phenomsg,Hazardous,,data\raw\phenomsg\Hazardous\Hazardous\paints\Paint-Solvents-and-Thinners.jpg,1250,500,2.5,JPEG,RGB,242.76,1080.42,WARNING,very_bright
phenomsg,Hazardous,,data\raw\phenomsg\Hazardous\Hazardous\paints\paint-waste-disposal-e1652382599202.png,300,157,1.9108,PNG,RGBA,114.87,482.17,WARNING,non_rgb_mode
phenomsg,Hazardous,,data\raw\phenomsg\Hazardous\Hazardous\paints\ppe42a14c4_06.png,794,312,2.5449,PNG,RGBA,111.36,8516.19,WARNING,non_rgb_mode
phenomsg,Hazardous,,data\raw\phenomsg\Hazardous\Hazardous\paints\Screen-Shot-2022-09-22-at-12.37.23-PM-568x400.png,568,400,1.42,PNG,RGBA,96.07,697.63,WARNING,non_rgb_mode
phenomsg,Hazardous,,data\raw\phenomsg\Hazardous\Hazardous\paints\screenshot-2022-08-03-130744.png,1000,1278,0.7825,PNG,RGBA,144.29,8.43,WARNING,possible_blur | non_rgb_mode
phenomsg,Hazardous,,data\raw\phenomsg\Hazardous\Hazardous\paints\shutterstock_40569.jpg,2592,1952,1.3279,JPEG,RGB,227.93,14.21,WARNING,possible_blur
phenomsg,Hazardous,,data\raw\phenomsg\Hazardous\Hazardous\paints\Solvent-based-paints-1024x640.jpg,1024,640,1.6,JPEG,RGB,171.51,14.36,WARNING,possible_blur
phenomsg,Hazardous,,data\raw\phenomsg\Hazardous\Hazardous\paints\Trex-6.jpg,1024,768,1.3333,JPEG,RGB,102.05,40.89,WARNING,possible_blur
phenomsg,Hazardous,,data\raw\phenomsg\Hazardous\Hazardous\paints\Untitled_design_51.png,1640,924,1.7749,PNG,RGBA,143.22,480.83,WARNING,non_rgb_mode
phenomsg,Hazardous,,data\raw\phenomsg\Hazardous\Hazardous\paints\White-Spirit-1200x1200px.png,1200,1200,1.0,PNG,RGBA,212.95,305.28,WARNING,non_rgb_mode
phenomsg,Hazardous,,data\raw\phenomsg\Hazardous\Hazardous\pesticides\007243897_1-8f559f97b6cf58ab46d35d17e6771d24.png,725,1024,0.708,PNG,P,243.23,5269.19,WARNING,very_bright | non_rgb_mode
phenomsg,Hazardous,,data\raw\phenomsg\Hazardous\Hazardous\pesticides\007655891_1-545b05bd3c57e9fd46f3f49e371a5673-768x994.png,768,994,0.7726,PNG,P,243.37,2317.2,WARNING,very_bright | non_rgb_mode
phenomsg,Hazardous,,data\raw\phenomsg\Hazardous\Hazardous\pesticides\9c049d8218f7898c19adcee99354e73422-24-pesticides-lede.rsquare.w1200.jpg,1200,1200,1.0,JPEG,RGB,110.48,30.63,WARNING,possible_blur
phenomsg,Hazardous,,data\raw\phenomsg\Hazardous\Hazardous\pesticides\A-schematic-view-of-the-pesticide-cycle-in-an-ecosystem.png,850,592,1.4358,PNG,P,173.58,949.09,WARNING,non_rgb_mode
phenomsg,Hazardous,,data\raw\phenomsg\Hazardous\Hazardous\pesticides\agriculture-12-00600-g001.png,2553,2216,1.1521,PNG,RGB,205.36,27.03,WARNING,possible_blur
phenomsg,Hazardous,,data\raw\phenomsg\Hazardous\Hazardous\pesticides\bioengineering-08-00092-g001.png,3161,1741,1.8156,PNG,RGB,246.59,168.62,WARNING,very_bright
phenomsg,Hazardous,,data\raw\phenomsg\Hazardous\Hazardous\pesticides\Detected-pesticides-divided-into-three-groups-herbicides-insecticides-and-fungicides.png,850,836,1.0167,PNG,P,224.75,5065.06,WARNING,non_rgb_mode
phenomsg,Hazardous,,data\raw\phenomsg\Hazardous\Hazardous\pesticides\EFFECTS-OF-PESTICIDES-AND-INSECTICIDES-ON-ENVIRONMENT-AND-HUMAN-HEALTH-BleedGreen.png,1200,628,1.9108,PNG,RGBA,120.36,362.08,WARNING,non_rgb_mode
phenomsg,Hazardous,,data\raw\phenomsg\Hazardous\Hazardous\pesticides\fig13.png,900,877,1.0262,PNG,P,166.11,425.05,WARNING,transparency
phenomsg,Hazardous,,data\raw\phenomsg\Hazardous\Hazardous\pesticides\foods-09-01468-ag.png,1840,1019,1.8057,PNG,RGBA,39.22,647.38,WARNING,non_rgb_mode
phenomsg,Hazardous,,data\raw\phenomsg\Hazardous\Hazardous\pesticides\How_to_Start_Manufacturing_Agrochemical_Products_in_India_corpseed.png,1200,630,1.9048,PNG,RGBA,188.69,1056.04,WARNING,non_rgb_mode
phenomsg,Hazardous,,data\raw\phenomsg\Hazardous\Hazardous\pesticides\hpm_0000_0001_0_img0148.jpg,520,425,1.2235,JPEG,L,242.14,1325.16,WARNING,very_bright
phenomsg,Hazardous,,data\raw\phenomsg\Hazardous\Hazardous\pesticides\iStockpesticidefield1146x452-824x325.png,824,325,2.5354,PNG,RGBA,84.12,2733.24,WARNING,non_rgb_mode
phenomsg,Hazardous,,data\raw\phenomsg\Hazardous\Hazardous\pesticides\Pesticide-use-herbicides-insecticides-fungicides-and-others-ie-sulfur-and-oils.png,850,601,1.4143,PNG,P,204.31,1235.18,WARNING,non_rgb_mode
phenomsg,Hazardous,,data\raw\phenomsg\Hazardous\Hazardous\pesticides\pesticides-148331_640.png,363,640,0.5672,PNG,RGBA,189.19,2254.37,WARNING,non_rgb_mode
phenomsg,Hazardous,,data\raw\phenomsg\Hazardous\Hazardous\pesticides\Pesticides.png,600,400,1.5,PNG,RGBA,157.77,412.3,WARNING,non_rgb_mode
phenomsg,Hazardous,,data\raw\phenomsg\Hazardous\Hazardous\pesticides\pesticides2.png,1600,900,1.7778,PNG,RGBA,176.97,109.61,WARNING,non_rgb_mode
phenomsg,Hazardous,,data\raw\phenomsg\Hazardous\Hazardous\pesticides\Screen-Shot-2018-05-16-at-7.33.54-PM.png,701,283,2.477,PNG,RGBA,119.81,1395.66,WARNING,non_rgb_mode
phenomsg,Hazardous,,data\raw\phenomsg\Hazardous\Hazardous\pesticides\spraying-pesticides.jpg,600,600,1.0,JPEG,RGB,117.39,41.21,WARNING,possible_blur
phenomsg,Hazardous,,data\raw\phenomsg\Hazardous\Hazardous\pesticides\toxics-09-00042-g001.png,2382,2510,0.949,PNG,RGB,236.08,51.87,WARNING,very_bright
phenomsg,Hazardous,,data\raw\phenomsg\Hazardous\Hazardous\pesticides\Types-of-Presticides-1.png,800,2000,0.4,PNG,P,153.61,954.66,WARNING,non_rgb_mode
phenomsg,Non-Recyclable,,data\raw\phenomsg\Non-Recyclable\Non-Recyclable\ceramic_product\_118448907_154c85b8-47e0-4a98-8dd6-37e588315d9d.jpg,976,549,1.7778,JPEG,RGB,121.14,47.56,WARNING,possible_blur
phenomsg,Non-Recyclable,,data\raw\phenomsg\Non-Recyclable\Non-Recyclable\ceramic_product\Beauty-in-Broken-Things-Hero.jpg,1200,800,1.5,JPEG,RGB,36.68,33.4,WARNING,possible_blur
phenomsg,Non-Recyclable,,data\raw\phenomsg\Non-Recyclable\Non-Recyclable\ceramic_product\Beer_bottles_2018_G1.jpg,4800,3600,1.3333,JPEG,RGB,155.93,13.12,WARNING,possible_blur
phenomsg,Non-Recyclable,,data\raw\phenomsg\Non-Recyclable\Non-Recyclable\ceramic_product\broken20mug.png,320,260,1.2308,PNG,RGBA,43.95,5411.88,WARNING,non_rgb_mode
phenomsg,Non-Recyclable,,data\raw\phenomsg\Non-Recyclable\Non-Recyclable\ceramic_product\Crushed-ceramic-pots-waste-white-ceramics-24.png,850,479,1.7745,PNG,P,177.24,544.94,WARNING,non_rgb_mode
phenomsg,Non-Recyclable,,data\raw\phenomsg\Non-Recyclable\Non-Recyclable\ceramic_product\e-patterns-isolated-white-background-vector-cartoon-illustration_76964-12320.jpg,626,389,1.6093,JPEG,RGB,239.58,1140.25,WARNING,very_bright
phenomsg,Non-Recyclable,,data\raw\phenomsg\Non-Recyclable\Non-Recyclable\ceramic_product\file-20221102-45064-bw9n55.jpg,1920,1276,1.5047,JPEG,RGB,221.59,36.01,WARNING,possible_blur
phenomsg,Non-Recyclable,,data\raw\phenomsg\Non-Recyclable\Non-Recyclable\ceramic_product\Glass-Recycling-Process-InContent.png,625,600,1.0417,PNG,P,110.15,2634.06,WARNING,transparency
phenomsg,Non-Recyclable,,data\raw\phenomsg\Non-Recyclable\Non-Recyclable\ceramic_product\How-to-Dispose-of-Broken-Glass-Shards.png,800,400,2.0,PNG,P,172.07,478.1,WARNING,non_rgb_mode
phenomsg,Non-Recyclable,,data\raw\phenomsg\Non-Recyclable\Non-Recyclable\ceramic_product\J-152-019-thumb-1600x900---3890.jpg,1600,900,1.7778,JPEG,RGB,140.02,42.89,WARNING,possible_blur
phenomsg,Non-Recyclable,,data\raw\phenomsg\Non-Recyclable\Non-Recyclable\ceramic_product\Kintsugi-Card.png,800,600,1.3333,PNG,RGBA,167.06,133.61,WARNING,non_rgb_mode
phenomsg,Non-Recyclable,,data\raw\phenomsg\Non-Recyclable\Non-Recyclable\ceramic_product\kintsugi-hero.jpg,700,460,1.5217,JPEG,RGB,163.16,40.74,WARNING,possible_blur
phenomsg,Non-Recyclable,,data\raw\phenomsg\Non-Recyclable\Non-Recyclable\ceramic_product\kintsugi-portata.png,750,400,1.875,PNG,P,131.67,224.79,WARNING,non_rgb_mode
phenomsg,Non-Recyclable,,data\raw\phenomsg\Non-Recyclable\Non-Recyclable\ceramic_product\kintsugi_2048x2048.jpg,1597,1150,1.3887,JPEG,RGB,148.28,43.19,WARNING,possible_blur
phenomsg,Non-Recyclable,,data\raw\phenomsg\Non-Recyclable\Non-Recyclable\ceramic_product\largepreview.png,850,1100,0.7727,PNG,P,233.29,13217.98,WARNING,non_rgb_mode
phenomsg,Non-Recyclable,,data\raw\phenomsg\Non-Recyclable\Non-Recyclable\ceramic_product\LZSBWTVMZFLHTBPVKNOIAGPNEY.jpg,5500,3777,1.4562,JPEG,RGB,48.05,18.92,WARNING,possible_blur
phenomsg,Non-Recyclable,,data\raw\phenomsg\Non-Recyclable\Non-Recyclable\ceramic_product\nish-gray_glaze2C_gold_lacquer_-_Ethnological_Museum2C_Berlin_-_DSC02061.JPG.jpg,4400,3018,1.4579,JPEG,RGB,152.34,49.85,WARNING,possible_blur
phenomsg,Non-Recyclable,,data\raw\phenomsg\Non-Recyclable\Non-Recyclable\ceramic_product\p037kb0l.jpg,1040,1040,1.0,JPEG,RGB,130.6,19.19,WARNING,possible_blur
phenomsg,Non-Recyclable,,data\raw\phenomsg\Non-Recyclable\Non-Recyclable\ceramic_product\Photo-Waste-Recycled-glass-lifecycle.png,900,479,1.8789,PNG,P,117.07,5294.4,WARNING,non_rgb_mode
phenomsg,Non-Recyclable,,data\raw\phenomsg\Non-Recyclable\Non-Recyclable\ceramic_product\Recycle-Disposal.png,1200,618,1.9417,PNG,P,210.84,728.54,WARNING,non_rgb_mode
phenomsg,Non-Recyclable,,data\raw\phenomsg\Non-Recyclable\Non-Recyclable\ceramic_product\why-does-ceramic-break-glass.jpg,1200,700,1.7143,WEBP,RGB,23.09,2002.41,WARNING,very_dark
phenomsg,Non-Recyclable,,data\raw\phenomsg\Non-Recyclable\Non-Recyclable\ceramic_product\woman-repairing-broken-pottery-kintsugi-royalty-free-image-1680030784.jpg,3840,2160,1.7778,JPEG,RGB,128.73,33.54,WARNING,possible_blur
phenomsg,Non-Recyclable,,data\raw\phenomsg\Non-Recyclable\Non-Recyclable\diapers\1200px-Disposablediaper.JPG.jpg,1200,900,1.3333,JPEG,RGB,123.36,21.12,WARNING,possible_blur
phenomsg,Non-Recyclable,,data\raw\phenomsg\Non-Recyclable\Non-Recyclable\diapers\429348994-baby-crawling-away-from-camera-wearing-disposable-diaper.jpg,1000,667,1.4993,JPEG,RGB,212.79,14.85,WARNING,possible_blur
phenomsg,Non-Recyclable,,data\raw\phenomsg\Non-Recyclable\Non-Recyclable\diapers\4e2a79e2666c--baby-bum-music-a04902.png,812,1010,0.804,PNG,P,81.82,701.08,WARNING,transparency
phenomsg,Non-Recyclable,,data\raw\phenomsg\Non-Recyclable\Non-Recyclable\diapers\51zIAjQaiyL.jpg,1500,1500,1.0,JPEG,RGB,244.42,5.01,WARNING,very_bright | possible_blur
phenomsg,Non-Recyclable,,data\raw\phenomsg\Non-Recyclable\Non-Recyclable\diapers\8b7d1c_7de73bd317284b49b0872afa1aa3632emv2.png,636,954,0.6667,PNG,RGBA,177.96,2069.25,WARNING,non_rgb_mode
phenomsg,Non-Recyclable,,data\raw\phenomsg\Non-Recyclable\Non-Recyclable\diapers\baby-diapers2.jpg,1600,1200,1.3333,JPEG,RGB,219.61,5.93,WARNING,possible_blur
phenomsg,Non-Recyclable,,data\raw\phenomsg\Non-Recyclable\Non-Recyclable\diapers\Baby2BWith2BDisposable2BDiapers.jpg,1600,1066,1.5009,JPEG,RGB,200.28,30.24,WARNING,possible_blur
phenomsg,Non-Recyclable,,data\raw\phenomsg\Non-Recyclable\Non-Recyclable\diapers\best-diapers-1553537708.png,2000,1000,2.0,PNG,RGB,226.21,11.02,WARNING,possible_blur
phenomsg,Non-Recyclable,,data\raw\phenomsg\Non-Recyclable\Non-Recyclable\diapers\cloth-diapers-vs-disposable-2160x1200.jpg,2160,1200,1.8,JPEG,RGB,206.24,16.91,WARNING,possible_blur
phenomsg,Non-Recyclable,,data\raw\phenomsg\Non-Recyclable\Non-Recyclable\diapers\D_TopBanner_Catalog_IN.png,960,460,2.087,PNG,RGBA,120.0,557.49,WARNING,non_rgb_mode
phenomsg,Non-Recyclable,,data\raw\phenomsg\Non-Recyclable\Non-Recyclable\diapers\Dangers-of-Disposable-Diapers.jpg,1600,1066,1.5009,JPEG,RGB,181.51,40.04,WARNING,possible_blur
phenomsg,Non-Recyclable,,data\raw\phenomsg\Non-Recyclable\Non-Recyclable\diapers\diaper-biodegradable-1567090472295.jpg,1200,628,1.9108,JPEG,RGB,218.52,41.8,WARNING,possible_blur
phenomsg,Non-Recyclable,,data\raw\phenomsg\Non-Recyclable\Non-Recyclable\diapers\diaper-composition_orig.png,801,694,1.1542,PNG,RGBA,214.49,863.54,WARNING,non_rgb_mode
phenomsg,Non-Recyclable,,data\raw\phenomsg\Non-Recyclable\Non-Recyclable\diapers\Diapers4-01.png,1729,1080,1.6009,PNG,RGBA,225.84,130.08,WARNING,non_rgb_mode
phenomsg,Non-Recyclable,,data\raw\phenomsg\Non-Recyclable\Non-Recyclable\diapers\dirty-baby-diapers-trash-disposing-footage-180485037_prevstill.jpeg,3840,2160,1.7778,WEBP,RGB,123.39,3.17,WARNING,possible_blur
phenomsg,Non-Recyclable,,data\raw\phenomsg\Non-Recyclable\Non-Recyclable\diapers\disposable-baby-diaper.png,500,500,1.0,PNG,RGBA,239.44,21.85,WARNING,very_bright | possible_blur | non_rgb_mode
phenomsg,Non-Recyclable,,data\raw\phenomsg\Non-Recyclable\Non-Recyclable\diapers\disposable-baby-diapers.jpg,1566,1392,1.125,JPEG,RGB,242.75,261.37,WARNING,very_bright
phenomsg,Non-Recyclable,,data\raw\phenomsg\Non-Recyclable\Non-Recyclable\diapers\disposable-diaper-1.jpg,1500,1000,1.5,JPEG,RGB,227.01,20.01,WARNING,possible_blur
phenomsg,Non-Recyclable,,data\raw\phenomsg\Non-Recyclable\Non-Recyclable\diapers\February-Do-Good.jpg,1200,650,1.8462,JPEG,RGB,182.95,24.15,WARNING,possible_blur
phenomsg,Non-Recyclable,,data\raw\phenomsg\Non-Recyclable\Non-Recyclable\diapers\file-20190704-126340-13f38tz.jpg,1920,1249,1.5372,JPEG,RGB,156.83,21.15,WARNING,possible_blur
phenomsg,Non-Recyclable,,data\raw\phenomsg\Non-Recyclable\Non-Recyclable\diapers\file-20221019-22-gy6i0u.jpg,1920,1280,1.5,JPEG,RGB,198.72,39.23,WARNING,possible_blur
phenomsg,Non-Recyclable,,data\raw\phenomsg\Non-Recyclable\Non-Recyclable\diapers\HNCH4010_Disposal-Diaper-Test-Package.png,593,675,0.8785,PNG,RGB,223.03,11.01,WARNING,possible_blur
phenomsg,Non-Recyclable,,data\raw\phenomsg\Non-Recyclable\Non-Recyclable\diapers\how-to-keep-disposable-diapers-from-leaking-at-night.jpg,1200,1200,1.0,JPEG,RGB,182.61,20.4,WARNING,possible_blur
phenomsg,Non-Recyclable,,data\raw\phenomsg\Non-Recyclable\Non-Recyclable\diapers\oversonlinewith100_disposablehealthynappypads_liners_insertsnearmeatbdiapers.png,1080,1080,1.0,PNG,P,232.71,1129.94,WARNING,transparency
phenomsg,Non-Recyclable,,data\raw\phenomsg\Non-Recyclable\Non-Recyclable\diapers\Percentage-of-diapers-in-urban-solid-waste-in-some-countries-in-North-America-Europe-and.png,479,312,1.5353,PNG,RGB,240.67,2128.64,WARNING,very_bright
phenomsg,Non-Recyclable,,data\raw\phenomsg\Non-Recyclable\Non-Recyclable\diapers\pile-discarded-used-baby-diapers-footage-170531202_prevstill.jpeg,3840,2160,1.7778,WEBP,RGB,149.48,12.52,WARNING,possible_blur
phenomsg,Non-Recyclable,,data\raw\phenomsg\Non-Recyclable\Non-Recyclable\diapers\s_Matching_Tees_with_hybrid_cloth_diaper_covers_online_with_100_cotton_fabri.png,1800,1000,1.8,PNG,P,152.35,522.37,WARNING,transparency
phenomsg,Non-Recyclable,,data\raw\phenomsg\Non-Recyclable\Non-Recyclable\diapers\Screen-Shot-2017-09-18-at-14.12.32.png,480,307,1.5635,PNG,RGBA,141.71,2517.86,WARNING,non_rgb_mode
phenomsg,Non-Recyclable,,data\raw\phenomsg\Non-Recyclable\Non-Recyclable\diapers\Screen_Shot_2023-01-26_at_5.07.55_PM_480x480.png,316,480,0.6583,PNG,RGBA,105.32,125.99,WARNING,non_rgb_mode
phenomsg,Non-Recyclable,,data\raw\phenomsg\Non-Recyclable\Non-Recyclable\diapers\sustainability-10-00773-g001.png,3562,906,3.9316,PNG,RGB,202.39,30.81,WARNING,possible_blur
phenomsg,Non-Recyclable,,data\raw\phenomsg\Non-Recyclable\Non-Recyclable\diapers\The-chemistry-of-disposable-nappies.png,1654,1169,1.4149,PNG,P,216.66,1945.84,WARNING,non_rgb_mode
phenomsg,Non-Recyclable,,data\raw\phenomsg\Non-Recyclable\Non-Recyclable\platics_bags_wrappers\1y1fa85aTElzQL94rheAIAA.png,1200,766,1.5666,PNG,RGBA,111.08,2499.02,WARNING,non_rgb_mode
phenomsg,Non-Recyclable,,data\raw\phenomsg\Non-Recyclable\Non-Recyclable\platics_bags_wrappers\21120317-d037f89a-efc0-4769-93a1-56443ed6e12f.jpg,5400,3600,1.5,JPEG,RGB,207.4,2.84,WARNING,possible_blur
phenomsg,Non-Recyclable,,data\raw\phenomsg\Non-Recyclable\Non-Recyclable\platics_bags_wrappers\2_ad298a26-6603-4beb-a2d1-4c95cb0aabf5_480x480.png,480,480,1.0,PNG,RGBA,154.24,1615.2,WARNING,non_rgb_mode
phenomsg,Non-Recyclable,,data\raw\phenomsg\Non-Recyclable\Non-Recyclable\platics_bags_wrappers\62e7c92eab11b2a6d58c592e_Empty-candy-wrappers.png,707,538,1.3141,PNG,P,75.1,625.87,WARNING,non_rgb_mode
phenomsg,Non-Recyclable,,data\raw\phenomsg\Non-Recyclable\Non-Recyclable\platics_bags_wrappers\cenn3ctnls1xawwoaenx.png,1316,719,1.8303,PNG,RGBA,167.03,1176.81,WARNING,non_rgb_mode
phenomsg,Non-Recyclable,,data\raw\phenomsg\Non-Recyclable\Non-Recyclable\platics_bags_wrappers\facebook-gmb-posts-8.png,470,394,1.1929,PNG,RGBA,161.2,5167.79,WARNING,non_rgb_mode
phenomsg,Non-Recyclable,,data\raw\phenomsg\Non-Recyclable\Non-Recyclable\platics_bags_wrappers\maxresdefault2.jpg,1280,720,1.7778,JPEG,RGB,113.7,45.61,WARNING,possible_blur
phenomsg,Non-Recyclable,,data\raw\phenomsg\Non-Recyclable\Non-Recyclable\platics_bags_wrappers\Most-Plastic-Bags-H2R-checkerboard-SDO-4.png,649,322,2.0155,PNG,RGBA,224.12,346.29,WARNING,non_rgb_mode
phenomsg,Non-Recyclable,,data\raw\phenomsg\Non-Recyclable\Non-Recyclable\platics_bags_wrappers\NOBAGS-HEADER.png,940,572,1.6434,PNG,RGBA,131.86,1167.64,WARNING,non_rgb_mode
phenomsg,Non-Recyclable,,data\raw\phenomsg\Non-Recyclable\Non-Recyclable\platics_bags_wrappers\PlasticBags.png,355,220,1.6136,PNG,RGBA,90.52,1398.56,WARNING,non_rgb_mode
phenomsg,Non-Recyclable,,data\raw\phenomsg\Non-Recyclable\Non-Recyclable\platics_bags_wrappers\SDO.png,1200,704,1.7045,PNG,RGBA,220.62,316.39,WARNING,non_rgb_mode
phenomsg,Non-Recyclable,,data\raw\phenomsg\Non-Recyclable\Non-Recyclable\platics_bags_wrappers\Wrist_It_-_Impact_b16a8f3d-be40-41e9-b2a4-667e1f79613c.jpg,1600,1600,1.0,JPEG,RGB,243.29,540.31,WARNING,very_bright
phenomsg,Non-Recyclable,,data\raw\phenomsg\Non-Recyclable\Non-Recyclable\sanitary_napkin\-various-feminine-hygiene-products-zero-waste-objects-panties-pads_602734-60.jpg,626,626,1.0,JPEG,RGB,236.42,3062.28,WARNING,very_bright
phenomsg,Non-Recyclable,,data\raw\phenomsg\Non-Recyclable\Non-Recyclable\sanitary_napkin\006965731_1-a906255231db326e1934217ae548db6a.png,725,1024,0.708,PNG,P,222.7,4567.47,WARNING,non_rgb_mode
phenomsg,Non-Recyclable,,data\raw\phenomsg\Non-Recyclable\Non-Recyclable\sanitary_napkin\007481869_1-f6ad30c61ad557672837a415717eec59.png,725,1024,0.708,PNG,P,240.6,5544.46,WARNING,very_bright | non_rgb_mode
phenomsg,Non-Recyclable,,data\raw\phenomsg\Non-Recyclable\Non-Recyclable\sanitary_napkin\007493272_2-ecb03bdf21bfddb1d6366f947f29352d.png,791,1024,0.7725,PNG,P,239.9,2944.49,WARNING,very_bright | non_rgb_mode
phenomsg,Non-Recyclable,,data\raw\phenomsg\Non-Recyclable\Non-Recyclable\sanitary_napkin\3669-Feminine20hygiene20products2028329.jpg,1000,687,1.4556,JPEG,RGB,205.97,39.56,WARNING,possible_blur
phenomsg,Non-Recyclable,,data\raw\phenomsg\Non-Recyclable\Non-Recyclable\sanitary_napkin\6Risks_MenstrualHygiene.jpg,1920,1351,1.4212,JPEG,RGB,213.64,4.85,WARNING,possible_blur
phenomsg,Non-Recyclable,,data\raw\phenomsg\Non-Recyclable\Non-Recyclable\sanitary_napkin\800px-Feminine_Hygiene_Products_in_a_Walmart.png,800,553,1.4467,PNG,RGBA,110.35,1737.54,WARNING,non_rgb_mode
phenomsg,Non-Recyclable,,data\raw\phenomsg\Non-Recyclable\Non-Recyclable\sanitary_napkin\9641z.jpg,1600,1600,1.0,JPEG,RGB,248.69,193.89,WARNING,very_bright
phenomsg,Non-Recyclable,,data\raw\phenomsg\Non-Recyclable\Non-Recyclable\sanitary_napkin\blog.png,728,498,1.4618,PNG,P,155.78,201.92,WARNING,transparency
phenomsg,Non-Recyclable,,data\raw\phenomsg\Non-Recyclable\Non-Recyclable\sanitary_napkin\DT_Banner.png,740,450,1.6444,PNG,RGBA,95.9,52.39,WARNING,non_rgb_mode
phenomsg,Non-Recyclable,,data\raw\phenomsg\Non-Recyclable\Non-Recyclable\sanitary_napkin\Eco-friendly-pads.jpg,1920,1080,1.7778,JPEG,RGB,240.59,73.4,WARNING,very_bright
phenomsg,Non-Recyclable,,data\raw\phenomsg\Non-Recyclable\Non-Recyclable\sanitary_napkin\feminine-hygiene-products.jpg,630,380,1.6579,JPEG,RGB,204.43,19.03,WARNING,possible_blur
phenomsg,Non-Recyclable,,data\raw\phenomsg\Non-Recyclable\Non-Recyclable\sanitary_napkin\frph-04-920461-t001.jpg,1089,574,1.8972,JPEG,RGB,242.65,7836.72,WARNING,very_bright
phenomsg,Non-Recyclable,,data\raw\phenomsg\Non-Recyclable\Non-Recyclable\sanitary_napkin\GettyImages-1168730611_732x549-thumbnail.jpg,732,549,1.3333,JPEG,RGB,170.43,43.9,WARNING,possible_blur
phenomsg,Non-Recyclable,,data\raw\phenomsg\Non-Recyclable\Non-Recyclable\sanitary_napkin\gh-060520-ghi-best-feminine-wipes-1591385649.png,2000,1300,1.5385,PNG,RGBA,191.25,57.74,WARNING,non_rgb_mode
phenomsg,Non-Recyclable,,data\raw\phenomsg\Non-Recyclable\Non-Recyclable\sanitary_napkin\how_is_Biomedical_Waste_Disposed_Corpseed.png,1200,630,1.9048,PNG,RGBA,201.93,403.9,WARNING,non_rgb_mode
phenomsg,Non-Recyclable,,data\raw\phenomsg\Non-Recyclable\Non-Recyclable\sanitary_napkin\ijerph-15-02562-g001-550.jpg,550,323,1.7028,JPEG,L,235.9,10125.36,WARNING,very_bright
phenomsg,Non-Recyclable,,data\raw\phenomsg\Non-Recyclable\Non-Recyclable\sanitary_napkin\Lining_of_Uterine_Wall.jpg,383,269,1.4238,JPEG,RGB,236.98,4288.79,WARNING,very_bright
phenomsg,Non-Recyclable,,data\raw\phenomsg\Non-Recyclable\Non-Recyclable\sanitary_napkin\Mask_Group_1295.png,355,215,1.6512,PNG,RGBA,176.57,890.44,WARNING,non_rgb_mode
phenomsg,Non-Recyclable,,data\raw\phenomsg\Non-Recyclable\Non-Recyclable\sanitary_napkin\menstrual-hygiene-products.jpg,1100,736,1.4946,JPEG,RGB,199.01,28.95,WARNING,possible_blur
phenomsg,Non-Recyclable,,data\raw\phenomsg\Non-Recyclable\Non-Recyclable\sanitary_napkin\Menstrual-irregularities-1.png,794,1123,0.707,PNG,RGBA,229.94,7495.62,WARNING,non_rgb_mode
phenomsg,Non-Recyclable,,data\raw\phenomsg\Non-Recyclable\Non-Recyclable\sanitary_napkin\menstrual-pad-with-pink-glitter-on-pastel-royalty-free-image-920307028-1559531564.jpg,4777,3185,1.4998,JPEG,RGB,225.69,16.87,WARNING,possible_blur
phenomsg,Non-Recyclable,,data\raw\phenomsg\Non-Recyclable\Non-Recyclable\sanitary_napkin\metics-feminine-sanitary-supplies-soap-miscellaneous-food-cleaning-thumbnail.png,360,360,1.0,PNG,P,192.52,4666.87,WARNING,non_rgb_mode
phenomsg,Non-Recyclable,,data\raw\phenomsg\Non-Recyclable\Non-Recyclable\sanitary_napkin\personal-care.png,1200,628,1.9108,PNG,P,221.74,2021.16,WARNING,non_rgb_mode
phenomsg,Non-Recyclable,,data\raw\phenomsg\Non-Recyclable\Non-Recyclable\sanitary_napkin\pile-period-products.png,1920,1080,1.7778,PNG,P,130.82,736.25,WARNING,non_rgb_mode
phenomsg,Non-Recyclable,,data\raw\phenomsg\Non-Recyclable\Non-Recyclable\sanitary_napkin\polymers-14-05519-g001.png,3036,4205,0.722,PNG,RGB,201.37,17.64,WARNING,possible_blur
phenomsg,Non-Recyclable,,data\raw\phenomsg\Non-Recyclable\Non-Recyclable\sanitary_napkin\sanitary-napkins.jpg,550,387,1.4212,JPEG,RGB,239.47,1027.5,WARNING,very_bright
phenomsg,Non-Recyclable,,data\raw\phenomsg\Non-Recyclable\Non-Recyclable\sanitary_napkin\Sanitary-products_cmp-scaled.jpg,2048,1366,1.4993,JPEG,RGB,209.02,8.83,WARNING,possible_blur
phenomsg,Non-Recyclable,,data\raw\phenomsg\Non-Recyclable\Non-Recyclable\sanitary_napkin\sanitary_1669126812106_1669126820530_1669126820530.jpeg,1599,900,1.7767,JPEG,RGB,110.12,16.45,WARNING,possible_blur
phenomsg,Non-Recyclable,,data\raw\phenomsg\Non-Recyclable\Non-Recyclable\sanitary_napkin\vagina-vulva-1200x628-facebook-1200x628.jpg,1200,628,1.9108,JPEG,RGB,130.72,32.12,WARNING,possible_blur
phenomsg,Non-Recyclable,,data\raw\phenomsg\Non-Recyclable\Non-Recyclable\sanitary_napkin\vagina-vulva-1296x728-header.jpg,1296,728,1.7802,JPEG,RGB,132.15,22.86,WARNING,possible_blur
phenomsg,Non-Recyclable,,data\raw\phenomsg\Non-Recyclable\Non-Recyclable\sanitary_napkin\what-methods-can-be-used-for-the-disposal-of-infectious-waste.jpg,2100,650,3.2308,JPEG,RGB,122.66,26.5,WARNING,possible_blur
phenomsg,Non-Recyclable,,data\raw\phenomsg\Non-Recyclable\Non-Recyclable\stroform_product\-out-plastic-bag-styrofoam-paper-foam-miscellaneous-rectangle-food-packaging.png,920,756,1.2169,PNG,P,238.26,286.32,WARNING,very_bright | non_rgb_mode
phenomsg,Non-Recyclable,,data\raw\phenomsg\Non-Recyclable\Non-Recyclable\stroform_product\006599702_1-6aa3222b5bef71610d70bc6e3bad3255-768x994.png,768,994,0.7726,PNG,P,239.05,3477.96,WARNING,very_bright | non_rgb_mode
phenomsg,Non-Recyclable,,data\raw\phenomsg\Non-Recyclable\Non-Recyclable\stroform_product\1cd-600x600.png,600,600,1.0,PNG,RGBA,82.3,740.18,WARNING,non_rgb_mode
phenomsg,Non-Recyclable,,data\raw\phenomsg\Non-Recyclable\Non-Recyclable\stroform_product\2018-09-Chanalytics-iStock-reduce20foam20packaging20chainalytics_75ps.jpg,2000,1333,1.5004,JPEG,RGB,205.29,31.74,WARNING,possible_blur
phenomsg,Non-Recyclable,,data\raw\phenomsg\Non-Recyclable\Non-Recyclable\stroform_product\8f4dfec62271432d866768b7f62c88b4.jpg,6000,4000,1.5,JPEG,RGB,128.22,12.4,WARNING,possible_blur
phenomsg,Non-Recyclable,,data\raw\phenomsg\Non-Recyclable\Non-Recyclable\stroform_product\AMP-58_62348a9647c53.jpg,1200,900,1.3333,JPEG,RGB,205.81,30.78,WARNING,possible_blur
phenomsg,Non-Recyclable,,data\raw\phenomsg\Non-Recyclable\Non-Recyclable\stroform_product\BagasseContainers-pg9c7yp7i7al8c7b1cr5t240eval1iwbtyh0yvfhxs.png,400,296,1.3514,PNG,RGBA,74.46,1374.32,WARNING,non_rgb_mode
phenomsg,Non-Recyclable,,data\raw\phenomsg\Non-Recyclable\Non-Recyclable\stroform_product\bbdcdabfab359104e5e0d6d62b2b1bb0-e1604602972745.png,523,427,1.2248,PNG,P,204.4,446.65,WARNING,non_rgb_mode
phenomsg,Non-Recyclable,,data\raw\phenomsg\Non-Recyclable\Non-Recyclable\stroform_product\Custom-Clamshell-Container-3b.png,1200,1200,1.0,PNG,RGBA,103.8,712.22,WARNING,non_rgb_mode
phenomsg,Non-Recyclable,,data\raw\phenomsg\Non-Recyclable\Non-Recyclable\stroform_product\Designed4Trash_2.png,1060,700,1.5143,PNG,RGBA,171.64,108.23,WARNING,non_rgb_mode
phenomsg,Non-Recyclable,,data\raw\phenomsg\Non-Recyclable\Non-Recyclable\stroform_product\EPS-for-recycling-scaled.jpg,1654,924,1.79,JPEG,RGB,150.18,15.39,WARNING,possible_blur
phenomsg,Non-Recyclable,,data\raw\phenomsg\Non-Recyclable\Non-Recyclable\stroform_product\foam-plastic-no6.png,300,300,1.0,PNG,RGBA,215.37,153.66,WARNING,non_rgb_mode
phenomsg,Non-Recyclable,,data\raw\phenomsg\Non-Recyclable\Non-Recyclable\stroform_product\Food-Packaging-Waste-Statistics-Understanding-the-Rise-of-Food-Packaging-Waste-Feature-Images.jpg,1920,1280,1.5,JPEG,RGB,140.49,49.99,WARNING,possible_blur
phenomsg,Non-Recyclable,,data\raw\phenomsg\Non-Recyclable\Non-Recyclable\stroform_product\foods-12-01057-g001.png,3225,2200,1.4659,PNG,P,231.34,1030.77,WARNING,non_rgb_mode
phenomsg,Non-Recyclable,,data\raw\phenomsg\Non-Recyclable\Non-Recyclable\stroform_product\MaterialsBackground.jpg,2044,993,2.0584,JPEG,RGB,215.1,49.51,WARNING,possible_blur
phenomsg,Non-Recyclable,,data\raw\phenomsg\Non-Recyclable\Non-Recyclable\stroform_product\MaterialsInset-pg995s2adcgk9w92fq5jiv2tkudmqth20lfzr6svbk.png,400,296,1.3514,PNG,RGBA,123.79,837.64,WARNING,non_rgb_mode
phenomsg,Non-Recyclable,,data\raw\phenomsg\Non-Recyclable\Non-Recyclable\stroform_product\Packaging_waste_v4.png,1772,1289,1.3747,PNG,P,95.08,343.26,WARNING,non_rgb_mode
phenomsg,Non-Recyclable,,data\raw\phenomsg\Non-Recyclable\Non-Recyclable\stroform_product\plastic_food_containers.png,600,600,1.0,PNG,RGBA,86.48,203.03,WARNING,non_rgb_mode
phenomsg,Non-Recyclable,,data\raw\phenomsg\Non-Recyclable\Non-Recyclable\stroform_product\ps-foam-containers_20220124_Minh-Mi-Goi_shutterstock_1580179006-web.jpg,1200,800,1.5,JPEG,RGB,138.21,48.98,WARNING,possible_blur
phenomsg,Non-Recyclable,,data\raw\phenomsg\Non-Recyclable\Non-Recyclable\stroform_product\recycling-05-00030-g001.png,3068,2308,1.3293,PNG,RGBA,128.11,122.56,WARNING,non_rgb_mode
phenomsg,Non-Recyclable,,data\raw\phenomsg\Non-Recyclable\Non-Recyclable\stroform_product\Reuse-Container-by-Forest-Whale-edible-packaging.jpg,1080,700,1.5429,JPEG,RGB,99.71,18.18,WARNING,possible_blur
phenomsg,Non-Recyclable,,data\raw\phenomsg\Non-Recyclable\Non-Recyclable\stroform_product\sfe_zw_slider_styrofoam.jpg,514,226,2.2743,JPEG,RGB,236.48,1262.32,WARNING,very_bright
phenomsg,Non-Recyclable,,data\raw\phenomsg\Non-Recyclable\Non-Recyclable\stroform_product\shutterstock_1027804891-scaled-1.jpg,2560,1709,1.498,JPEG,RGB,200.19,29.71,WARNING,possible_blur
phenomsg,Non-Recyclable,,data\raw\phenomsg\Non-Recyclable\Non-Recyclable\stroform_product\strawberry-packaging_.png,929,720,1.2903,PNG,P,129.45,1017.54,WARNING,non_rgb_mode
phenomsg,Non-Recyclable,,data\raw\phenomsg\Non-Recyclable\Non-Recyclable\stroform_product\styrofoam-facts.jpg,1500,844,1.7773,JPEG,RGB,135.99,28.19,WARNING,possible_blur
phenomsg,Non-Recyclable,,data\raw\phenomsg\Non-Recyclable\Non-Recyclable\stroform_product\styrofoam-packing-peanutes-alternative-header.jpg,1600,750,2.1333,JPEG,RGB,180.78,47.0,WARNING,possible_blur
phenomsg,Non-Recyclable,,data\raw\phenomsg\Non-Recyclable\Non-Recyclable\stroform_product\styrofoam2.jpg,665,443,1.5011,JPEG,RGB,239.75,96.62,WARNING,very_bright
phenomsg,Non-Recyclable,,data\raw\phenomsg\Non-Recyclable\Non-Recyclable\stroform_product\StyrofoamContainers.jpg,500,500,1.0,JPEG,RGB,238.11,148.3,WARNING,very_bright
phenomsg,Non-Recyclable,,data\raw\phenomsg\Non-Recyclable\Non-Recyclable\stroform_product\tapioca20meal20box02.jpg,2128,1419,1.4996,JPEG,RGB,168.58,24.87,WARNING,possible_blur
phenomsg,Non-Recyclable,,data\raw\phenomsg\Non-Recyclable\Non-Recyclable\stroform_product\Thermoplastics-and-their-used-in-food-packaging.png,850,664,1.2801,PNG,P,241.79,2858.77,WARNING,very_bright | non_rgb_mode
phenomsg,Organic,,data\raw\phenomsg\Organic\Organic\coffee_tea_bags\154947875.wildland.packaging.png,1280,1280,1.0,PNG,RGBA,66.63,577.02,WARNING,non_rgb_mode
phenomsg,Organic,,data\raw\phenomsg\Organic\Organic\coffee_tea_bags\1JqctqHKmoMeugSMxsSKhpg.png,720,1080,0.6667,PNG,RGBA,139.04,124.84,WARNING,non_rgb_mode
phenomsg,Organic,,data\raw\phenomsg\Organic\Organic\coffee_tea_bags\3_b1846eaf-f53b-47b7-aec2-e163cf50171f_480x480.png,480,305,1.5738,PNG,RGBA,154.16,219.53,WARNING,non_rgb_mode
phenomsg,Organic,,data\raw\phenomsg\Organic\Organic\coffee_tea_bags\3_d72a8c69-d0f8-4ace-9ca1-792ed274da2e_1024x.png,1024,1024,1.0,PNG,RGBA,173.18,326.13,WARNING,non_rgb_mode
phenomsg,Organic,,data\raw\phenomsg\Organic\Organic\coffee_tea_bags\5_327d531b-bc9d-43a7-b3b9-2db3c568ae2a_480x480.png,480,305,1.5738,PNG,RGBA,155.35,308.6,WARNING,non_rgb_mode
phenomsg,Organic,,data\raw\phenomsg\Organic\Organic\coffee_tea_bags\7ef3ae48cc20439dbee2d1326eb6b417.jpg,690,700,0.9857,PNG,P,116.52,1507.11,WARNING,transparency
phenomsg,Organic,,data\raw\phenomsg\Organic\Organic\coffee_tea_bags\apple-tea.png,533,632,0.8434,PNG,P,221.17,1361.1,WARNING,non_rgb_mode
phenomsg,Organic,,data\raw\phenomsg\Organic\Organic\coffee_tea_bags\beans.png,1920,437,4.3936,PNG,RGBA,202.95,1251.05,WARNING,non_rgb_mode
phenomsg,Organic,,data\raw\phenomsg\Organic\Organic\coffee_tea_bags\benefits-for-the-body.png,830,1166,0.7118,PNG,RGBA,81.83,1568.99,WARNING,non_rgb_mode
phenomsg,Organic,,data\raw\phenomsg\Organic\Organic\coffee_tea_bags\coffe-hyper-Are-there-Coffee-Bags-Like-Tea-Bags.png,1500,925,1.6216,PNG,P,124.17,1976.25,WARNING,non_rgb_mode
phenomsg,Organic,,data\raw\phenomsg\Organic\Organic\coffee_tea_bags\coffee-beans-tea-leaves-storage-beans.jpg,1200,1090,1.1009,JPEG,RGB,137.17,38.42,WARNING,possible_blur
phenomsg,Organic,,data\raw\phenomsg\Organic\Organic\coffee_tea_bags\coffee-grounds-and-tea-bags.png,439,447,0.9821,PNG,RGBA,195.17,222.09,WARNING,non_rgb_mode
phenomsg,Organic,,data\raw\phenomsg\Organic\Organic\coffee_tea_bags\Coffee_TeaBags_RGB_2.jpg,2982,1988,1.5,JPEG,RGB,193.53,42.5,WARNING,possible_blur
phenomsg,Organic,,data\raw\phenomsg\Organic\Organic\coffee_tea_bags\Dip-Bag-01-600x600.png,600,600,1.0,PNG,RGBA,118.09,293.65,WARNING,non_rgb_mode
phenomsg,Organic,,data\raw\phenomsg\Organic\Organic\coffee_tea_bags\e0061fc43da23a9fd481dd16aa2bbdda.jpg,736,736,1.0,JPEG,RGB,236.46,234.73,WARNING,very_bright
phenomsg,Organic,,data\raw\phenomsg\Organic\Organic\coffee_tea_bags\e775f7fd372e414b924fcad3a829dd08.jpg,352,480,0.7333,PNG,P,134.63,2843.61,WARNING,transparency
phenomsg,Organic,,data\raw\phenomsg\Organic\Organic\coffee_tea_bags\Green-Beans-Coffee-2.png,1600,1600,1.0,PNG,P,178.75,97.68,WARNING,non_rgb_mode
phenomsg,Organic,,data\raw\phenomsg\Organic\Organic\coffee_tea_bags\Green-Coffee-Green-Tea-Bags-SDL352859297-1-9e4d7.png,850,995,0.8543,PNG,RGB,196.09,37.88,WARNING,possible_blur
phenomsg,Organic,,data\raw\phenomsg\Organic\Organic\coffee_tea_bags\Green-Zipper-15-Tea-Bags-500x500.png,500,500,1.0,PNG,P,149.31,1406.1,WARNING,non_rgb_mode
phenomsg,Organic,,data\raw\phenomsg\Organic\Organic\coffee_tea_bags\png-transparent-instant-coffee-espresso-coffee-bag-tea-bag-coffee-food-tea-coffee.png,920,1185,0.7764,PNG,P,207.56,806.93,WARNING,non_rgb_mode
phenomsg,Organic,,data\raw\phenomsg\Organic\Organic\coffee_tea_bags\premiumcoffe.jpg,1348,1348,1.0,JPEG,RGB,240.34,203.71,WARNING,very_bright
phenomsg,Organic,,data\raw\phenomsg\Organic\Organic\coffee_tea_bags\PS_ImmunityBoost_Pack-MockUp-with-Teabag_FRONT_600x.png,600,600,1.0,PNG,RGBA,26.43,1517.62,WARNING,non_rgb_mode
phenomsg,Organic,,data\raw\phenomsg\Organic\Organic\coffee_tea_bags\S7e1e604f3d034f399a52858e8be639dfQ.jpg,2000,2000,1.0,JPEG,RGB,120.21,32.72,WARNING,possible_blur
phenomsg,Organic,,data\raw\phenomsg\Organic\Organic\coffee_tea_bags\slider_25.png,2393,1049,2.2812,PNG,RGBA,110.11,290.2,WARNING,non_rgb_mode
phenomsg,Organic,,data\raw\phenomsg\Organic\Organic\coffee_tea_bags\tea-5174668_1280-e1619903116935.jpg,1200,675,1.7778,JPEG,RGB,163.58,36.12,WARNING,possible_blur
phenomsg,Organic,,data\raw\phenomsg\Organic\Organic\coffee_tea_bags\tea-vector-line-icons-contains-such-icons-as-cup-of-tea-teabags-coffee-beans.jpg,1300,824,1.5777,WEBP,RGB,245.89,1292.85,WARNING,very_bright
phenomsg,Organic,,data\raw\phenomsg\Organic\Organic\coffee_tea_bags\Top-5-Coffee-Producing-States-In-India.png,800,445,1.7978,PNG,RGBA,69.14,1095.06,WARNING,non_rgb_mode
phenomsg,Organic,,data\raw\phenomsg\Organic\Organic\coffee_tea_bags\Types-Of-Coffee-Packaging.jpg,1920,1080,1.7778,JPEG,RGB,166.39,25.95,WARNING,possible_blur
phenomsg,Organic,,data\raw\phenomsg\Organic\Organic\coffee_tea_bags\used_teabags_garden_featured.png,1200,630,1.9048,PNG,P,86.43,540.09,WARNING,non_rgb_mode
phenomsg,Organic,,data\raw\phenomsg\Organic\Organic\coffee_tea_bags\zindagi_green_coffee_beans_400_gm_0.jpg,600,600,1.0,JPEG,RGB,240.04,1247.71,WARNING,very_bright
phenomsg,Organic,,data\raw\phenomsg\Organic\Organic\egg_shells\001_486_IMG_broken-brown-eggshell-marble-surface.jpg,1080,790,1.3671,JPEG,RGB,160.82,5.76,WARNING,possible_blur
phenomsg,Organic,,data\raw\phenomsg\Organic\Organic\egg_shells\10-Cool-Things-to-Do-With-Eggshells.png,875,1556,0.5623,PNG,P,134.55,656.45,WARNING,non_rgb_mode
phenomsg,Organic,,data\raw\phenomsg\Organic\Organic\egg_shells\51kXtLk8BSL.jpg,1000,1000,1.0,JPEG,RGB,235.52,159.29,WARNING,very_bright
phenomsg,Organic,,data\raw\phenomsg\Organic\Organic\egg_shells\698107-hatched-open-poultry-chicks-egg-shells-shell-706502.jpg,1280,720,1.7778,JPEG,RGB,151.74,34.11,WARNING,possible_blur
phenomsg,Organic,,data\raw\phenomsg\Organic\Organic\egg_shells\broken-eggs-1711144_1920.jpg,1920,1280,1.5,JPEG,RGB,89.4,15.01,WARNING,possible_blur
phenomsg,Organic,,data\raw\phenomsg\Organic\Organic\egg_shells\broken-eggshells.jpg,2121,1414,1.5,JPEG,RGB,136.08,43.47,WARNING,possible_blur
phenomsg,Organic,,data\raw\phenomsg\Organic\Organic\egg_shells\brown-crushed-egg-shell.jpg,1000,1667,0.5999,JPEG,RGB,171.68,44.66,WARNING,possible_blur
phenomsg,Organic,,data\raw\phenomsg\Organic\Organic\egg_shells\composting-eggshells.jpg,1200,900,1.3333,JPEG,RGB,145.9,47.19,WARNING,possible_blur
phenomsg,Organic,,data\raw\phenomsg\Organic\Organic\egg_shells\eggshell9.png,2000,2000,1.0,PNG,RGBA,197.23,36.9,WARNING,possible_blur | non_rgb_mode
phenomsg,Organic,,data\raw\phenomsg\Organic\Organic\egg_shells\Eggshell_001.jpg,2304,1728,1.3333,JPEG,RGB,188.46,26.01,WARNING,possible_blur
phenomsg,Organic,,data\raw\phenomsg\Organic\Organic\egg_shells\eggshellpinfbready.png,800,419,1.9093,PNG,P,175.76,948.14,WARNING,non_rgb_mode
phenomsg,Organic,,data\raw\phenomsg\Organic\Organic\egg_shells\eggshells-.png,1200,800,1.5,PNG,P,168.64,113.9,WARNING,non_rgb_mode
phenomsg,Organic,,data\raw\phenomsg\Organic\Organic\egg_shells\eggshells-in-bowl-1296x728.jpg,1296,728,1.7802,JPEG,RGB,133.66,49.44,WARNING,possible_blur
phenomsg,Organic,,data\raw\phenomsg\Organic\Organic\egg_shells\Engraved-ostrich-eggshell-fragment-Upper-Palaeolithic-Patne-India.png,765,531,1.4407,PNG,P,89.52,66.52,WARNING,non_rgb_mode
phenomsg,Organic,,data\raw\phenomsg\Organic\Organic\egg_shells\GettyImages-1136556806.jpg,2121,1414,1.5,JPEG,RGB,169.69,24.05,WARNING,possible_blur
phenomsg,Organic,,data\raw\phenomsg\Organic\Organic\egg_shells\idiom-walk-on-eggshells.png,1000,1500,0.6667,PNG,P,182.13,857.44,WARNING,non_rgb_mode
phenomsg,Organic,,data\raw\phenomsg\Organic\Organic\egg_shells\iStock_000003656044XSmall_egg-shells.jpg,433,277,1.5632,JPEG,RGB,243.03,16.49,WARNING,very_bright | possible_blur
phenomsg,Organic,,data\raw\phenomsg\Organic\Organic\egg_shells\kvjhnutlxx2zrto2or8j.png,349,480,0.7271,PNG,P,181.71,2307.81,WARNING,transparency
phenomsg,Organic,,data\raw\phenomsg\Organic\Organic\egg_shells\l-intro-1680523821.jpg,1600,901,1.7758,JPEG,RGB,134.65,47.17,WARNING,possible_blur
phenomsg,Organic,,data\raw\phenomsg\Organic\Organic\egg_shells\ruCCMI2J-eggshells.png,745,491,1.5173,PNG,P,131.93,2084.23,WARNING,non_rgb_mode
phenomsg,Organic,,data\raw\phenomsg\Organic\Organic\egg_shells\seedling-growth-in-eggshells.jpg,1600,1200,1.3333,JPEG,RGB,154.58,16.74,WARNING,possible_blur
phenomsg,Organic,,data\raw\phenomsg\Organic\Organic\egg_shells\The-color-and-pigment-patterns-of-eggshells-vary-greatly-across-avian-lineages-We.png,850,842,1.0095,PNG,RGBA,84.68,326.05,WARNING,non_rgb_mode
phenomsg,Organic,,data\raw\phenomsg\Organic\Organic\egg_shells\Walking-on-eggshells-blog-graphics_Facebook.png,2500,1313,1.904,PNG,RGB,124.09,33.31,WARNING,possible_blur
phenomsg,Organic,,data\raw\phenomsg\Organic\Organic\egg_shells\ways-to-reuse-eggshells-1614120054.jpg,2124,1411,1.5053,JPEG,RGB,158.54,37.46,WARNING,possible_blur
phenomsg,Organic,,data\raw\phenomsg\Organic\Organic\food_scraps\5.png,1200,675,1.7778,PNG,RGBA,83.3,1006.32,WARNING,non_rgb_mode
phenomsg,Organic,,data\raw\phenomsg\Organic\Organic\food_scraps\81333635.jpg,1200,900,1.3333,JPEG,RGB,183.29,21.91,WARNING,possible_blur
phenomsg,Organic,,data\raw\phenomsg\Organic\Organic\food_scraps\food-scraps-flyer-1-1.png,3600,4800,0.75,PNG,P,201.94,698.07,WARNING,non_rgb_mode
phenomsg,Organic,,data\raw\phenomsg\Organic\Organic\food_scraps\food-waste.jpg,1200,669,1.7937,JPEG,RGB,124.72,14.11,WARNING,possible_blur
phenomsg,Organic,,data\raw\phenomsg\Organic\Organic\food_scraps\innovationsustainabilitya-home-bin-turning-food-scraps-into-farm-feed.png,1500,698,2.149,PNG,P,115.7,441.31,WARNING,transparency
phenomsg,Organic,,data\raw\phenomsg\Organic\Organic\food_scraps\iStock-1310811753.jpg,1253,836,1.4988,JPEG,RGB,146.62,45.13,WARNING,possible_blur
phenomsg,Organic,,data\raw\phenomsg\Organic\Organic\food_scraps\What-is-Food-Waste.png,1280,720,1.7778,PNG,RGBA,68.94,516.12,WARNING,non_rgb_mode
phenomsg,Organic,,data\raw\phenomsg\Organic\Organic\kitchen_waste\1622878634889.png,800,400,2.0,PNG,P,157.19,2463.53,WARNING,non_rgb_mode
phenomsg,Organic,,data\raw\phenomsg\Organic\Organic\kitchen_waste\3-Figure1-1.png,1400,684,2.0468,PNG,RGB,241.11,2164.69,WARNING,very_bright
phenomsg,Organic,,data\raw\phenomsg\Organic\Organic\kitchen_waste\768-Glad-C2A9-Salty-Dingo-2021-2846-Frame-1.png,768,768,1.0,PNG,RGBA,160.99,1164.7,WARNING,non_rgb_mode
phenomsg,Organic,,data\raw\phenomsg\Organic\Organic\kitchen_waste\Comparison-of-the-food-waste-estimated-using-the-MFA-approach-for-different-food-groups.png,850,1047,0.8118,PNG,P,239.1,641.73,WARNING,very_bright | non_rgb_mode
phenomsg,Organic,,data\raw\phenomsg\Organic\Organic\kitchen_waste\environmental-impacts-of-a-year-of-wasted-food_0.png,1600,900,1.7778,PNG,RGBA,196.05,2198.72,WARNING,non_rgb_mode
phenomsg,Organic,,data\raw\phenomsg\Organic\Organic\kitchen_waste\Food-Waste-based-Bio-gas-Plant-1.png,500,350,1.4286,PNG,P,96.86,686.03,WARNING,non_rgb_mode
phenomsg,Organic,,data\raw\phenomsg\Organic\Organic\kitchen_waste\garbage-hero.png,3000,1935,1.5504,PNG,P,211.07,68.93,WARNING,non_rgb_mode
phenomsg,Organic,,data\raw\phenomsg\Organic\Organic\kitchen_waste\ImageForArticle_1068_15838554769721277.png,950,638,1.489,PNG,RGBA,131.57,260.53,WARNING,non_rgb_mode
phenomsg,Organic,,data\raw\phenomsg\Organic\Organic\kitchen_waste\johnny-mcclung-702726-unsplash.jpg,5760,3840,1.5,JPEG,RGB,106.38,44.5,WARNING,possible_blur
phenomsg,Organic,,data\raw\phenomsg\Organic\Organic\kitchen_waste\New_Food_Diagram_Image3130.jpg,1000,739,1.3532,JPEG,RGB,241.99,1618.83,WARNING,very_bright
phenomsg,Organic,,data\raw\phenomsg\Organic\Organic\kitchen_waste\Screen_Shot_2022-11-07_at_11.19.24_PM_480x480.png,480,478,1.0042,PNG,RGBA,147.69,2712.01,WARNING,non_rgb_mode
phenomsg,Organic,,data\raw\phenomsg\Organic\Organic\kitchen_waste\shutterstock_1140138707.png,1200,627,1.9139,PNG,P,102.0,488.25,WARNING,non_rgb_mode
phenomsg,Organic,,data\raw\phenomsg\Organic\Organic\kitchen_waste\shutterstock_574145911-2.png,800,450,1.7778,PNG,RGBA,91.35,1281.25,WARNING,non_rgb_mode
phenomsg,Organic,,data\raw\phenomsg\Organic\Organic\kitchen_waste\sustainability-12-01976-g001.png,3745,2252,1.663,PNG,P,248.71,862.88,WARNING,very_bright | non_rgb_mode
phenomsg,Organic,,data\raw\phenomsg\Organic\Organic\kitchen_waste\te-Vegan-Meal-Plan-Digital-Recipe-Book-Plant-based-recipes-zero-waste-living.png,1200,628,1.9108,PNG,RGBA,187.5,467.4,WARNING,non_rgb_mode
phenomsg,Organic,,data\raw\phenomsg\Organic\Organic\kitchen_waste\vegan-plant-based-protein-food-waste-solution-header.png,1500,786,1.9084,PNG,RGBA,187.61,603.35,WARNING,non_rgb_mode
phenomsg,Organic,,data\raw\phenomsg\Organic\Organic\kitchen_waste\waste20ryc.png,584,417,1.4005,PNG,RGBA,133.93,1981.62,WARNING,non_rgb_mode
phenomsg,Organic,,data\raw\phenomsg\Organic\Organic\kitchen_waste\Zero-Waste-Dishes_825_432_int.png,825,432,1.9097,PNG,RGBA,163.3,2296.21,WARNING,non_rgb_mode
phenomsg,Organic,,data\raw\phenomsg\Organic\Organic\yard_trimmings\Carson-City-Green-Waste-Composting-Yes-and-No-Materials.png,812,1462,0.5554,PNG,RGBA,217.47,2104.66,WARNING,non_rgb_mode
phenomsg,Organic,,data\raw\phenomsg\Organic\Organic\yard_trimmings\Dont-trash-natural-areas-2.png,940,788,1.1929,PNG,RGBA,119.66,2938.46,WARNING,non_rgb_mode
phenomsg,Organic,,data\raw\phenomsg\Organic\Organic\yard_trimmings\dsc_0103.jpg,6000,4000,1.5,MPO,RGB,140.04,33.68,WARNING,possible_blur
phenomsg,Organic,,data\raw\phenomsg\Organic\Organic\yard_trimmings\No20YW20in20Plastic20Postcard.png,1198,564,2.1241,PNG,RGBA,119.11,846.54,WARNING,non_rgb_mode
phenomsg,Organic,,data\raw\phenomsg\Organic\Organic\yard_trimmings\Yard-Waste-101.jpg,4795,3720,1.289,JPEG,RGB,157.61,37.53,WARNING,possible_blur
phenomsg,Organic,,data\raw\phenomsg\Organic\Organic\yard_trimmings\Yard-waste-1024x532.png,1024,532,1.9248,PNG,RGBA,138.25,1958.15,WARNING,non_rgb_mode
phenomsg,Organic,,data\raw\phenomsg\Organic\Organic\yard_trimmings\yard-waste-disposal-1-1-.png,800,533,1.5009,PNG,RGBA,91.66,5124.01,WARNING,non_rgb_mode
phenomsg,Organic,,data\raw\phenomsg\Organic\Organic\yard_trimmings\yard-waste-header.png,5230,1936,2.7014,PNG,RGBA,133.85,199.21,WARNING,non_rgb_mode
phenomsg,Organic,,data\raw\phenomsg\Organic\Organic\yard_trimmings\yard-waste.png,2593,1739,1.4911,PNG,RGBA,218.2,1431.15,WARNING,non_rgb_mode
phenomsg,Recyclable,,data\raw\phenomsg\Recyclable\Recyclable\cans_all_type\012893089_1-b80c05baee89d6658162d41907fc5880-768x994.png,768,994,0.7726,PNG,P,231.95,3193.74,WARNING,non_rgb_mode
phenomsg,Recyclable,,data\raw\phenomsg\Recyclable\Recyclable\cans_all_type\02-zero-waste-plastic_3x4.jpg,2305,3072,0.7503,JPEG,RGB,191.31,4.98,WARNING,possible_blur
phenomsg,Recyclable,,data\raw\phenomsg\Recyclable\Recyclable\cans_all_type\12-oz-soda-can.png,600,600,1.0,PNG,P,93.78,710.15,WARNING,transparency
phenomsg,Recyclable,,data\raw\phenomsg\Recyclable\Recyclable\cans_all_type\20170221152145.png,560,400,1.4,PNG,RGBA,98.8,176.5,WARNING,non_rgb_mode
phenomsg,Recyclable,,data\raw\phenomsg\Recyclable\Recyclable\cans_all_type\2_piece_DI_02.png,220,220,1.0,PNG,RGBA,187.27,2038.14,WARNING,non_rgb_mode
phenomsg,Recyclable,,data\raw\phenomsg\Recyclable\Recyclable\cans_all_type\3_piece_can_new_03.png,828,823,1.0061,PNG,RGBA,181.08,418.2,WARNING,non_rgb_mode
phenomsg,Recyclable,,data\raw\phenomsg\Recyclable\Recyclable\cans_all_type\3d-illustration-of-blank-aluminum-can-png.png,1280,1920,0.6667,PNG,LA,83.15,103.41,WARNING,non_rgb_mode
phenomsg,Recyclable,,data\raw\phenomsg\Recyclable\Recyclable\cans_all_type\4-9.png,960,640,1.5,PNG,RGBA,197.58,2684.38,WARNING,non_rgb_mode
phenomsg,Recyclable,,data\raw\phenomsg\Recyclable\Recyclable\cans_all_type\47036.png,500,500,1.0,PNG,RGBA,154.76,1116.62,WARNING,non_rgb_mode
phenomsg,Recyclable,,data\raw\phenomsg\Recyclable\Recyclable\cans_all_type\500ml-blank-customized-drink-printed-aluminum-can-747.jpg,496,500,0.992,JPEG,RGB,235.92,483.77,WARNING,very_bright
phenomsg,Recyclable,,data\raw\phenomsg\Recyclable\Recyclable\cans_all_type\6396f35dfc97666fdf78c2a7_NOMOQ-productfotografie-20221028-Rotterdam-063.png,1600,986,1.6227,PNG,P,100.54,459.82,WARNING,transparency
phenomsg,Recyclable,,data\raw\phenomsg\Recyclable\Recyclable\cans_all_type\88e4ee48ecbd4b52ba034205595b58f4.jpg,6690,5173,1.2933,JPEG,RGB,108.7,12.31,WARNING,possible_blur
phenomsg,Recyclable,,data\raw\phenomsg\Recyclable\Recyclable\cans_all_type\aero-landing_0005_Full-can.png,1413,1545,0.9146,PNG,P,132.99,526.42,WARNING,transparency
phenomsg,Recyclable,,data\raw\phenomsg\Recyclable\Recyclable\cans_all_type\alum-metal.png,650,661,0.9834,PNG,RGBA,178.74,1092.96,WARNING,non_rgb_mode
phenomsg,Recyclable,,data\raw\phenomsg\Recyclable\Recyclable\cans_all_type\aluminium-steel-cans.png,1500,905,1.6575,PNG,P,193.61,2569.87,WARNING,non_rgb_mode
phenomsg,Recyclable,,data\raw\phenomsg\Recyclable\Recyclable\cans_all_type\aluminium05.png,540,450,1.2,PNG,RGBA,126.89,680.47,WARNING,non_rgb_mode
phenomsg,Recyclable,,data\raw\phenomsg\Recyclable\Recyclable\cans_all_type\aluminum-cans-p4bj2zq8ghz8sr6olvxa68f6em8uc1rra8lni6kazw-fbe6b699.jpg,500,350,1.4286,PNG,RGBA,123.88,2112.2,WARNING,non_rgb_mode
phenomsg,Recyclable,,data\raw\phenomsg\Recyclable\Recyclable\cans_all_type\aluminum-recycling2.png,478,320,1.4937,PNG,RGBA,114.27,4293.49,WARNING,non_rgb_mode
phenomsg,Recyclable,,data\raw\phenomsg\Recyclable\Recyclable\cans_all_type\b7objects_household001.jpg,2048,1536,1.3333,JPEG,RGB,161.17,11.98,WARNING,possible_blur
phenomsg,Recyclable,,data\raw\phenomsg\Recyclable\Recyclable\cans_all_type\bev-can-by-size.png,1570,1570,1.0,PNG,P,118.61,249.2,WARNING,transparency
phenomsg,Recyclable,,data\raw\phenomsg\Recyclable\Recyclable\cans_all_type\CAN-BODY-03-longfit.png,727,727,1.0,PNG,P,58.84,53.9,WARNING,transparency
phenomsg,Recyclable,,data\raw\phenomsg\Recyclable\Recyclable\cans_all_type\can-lifecycle.png,1360,500,2.72,PNG,P,135.45,397.1,WARNING,non_rgb_mode
phenomsg,Recyclable,,data\raw\phenomsg\Recyclable\Recyclable\cans_all_type\Canned20Food20Blog2028129.png,730,400,1.825,PNG,RGBA,208.87,1013.13,WARNING,non_rgb_mode
phenomsg,Recyclable,,data\raw\phenomsg\Recyclable\Recyclable\cans_all_type\Cans.png,404,329,1.228,PNG,RGBA,149.93,2438.02,WARNING,non_rgb_mode
phenomsg,Recyclable,,data\raw\phenomsg\Recyclable\Recyclable\cans_all_type\cd28515cb9fbaf5589376da505766a8f.png,1110,350,3.1714,PNG,RGBA,103.17,2970.0,WARNING,non_rgb_mode
phenomsg,Recyclable,,data\raw\phenomsg\Recyclable\Recyclable\cans_all_type\di-steel-2-new-6.png,480,480,1.0,PNG,RGBA,180.73,1553.69,WARNING,non_rgb_mode
phenomsg,Recyclable,,data\raw\phenomsg\Recyclable\Recyclable\cans_all_type\Empty_tin_can2009-01-19.jpg,2592,3872,0.6694,JPEG,RGB,204.91,47.57,WARNING,possible_blur
phenomsg,Recyclable,,data\raw\phenomsg\Recyclable\Recyclable\cans_all_type\Examples-of-aluminum-items-that-are-recyclable-1.png,1640,924,1.7749,PNG,RGBA,216.0,2225.31,WARNING,non_rgb_mode
phenomsg,Recyclable,,data\raw\phenomsg\Recyclable\Recyclable\cans_all_type\Experimental-treatments-soup-example.png,850,508,1.6732,PNG,RGBA,230.14,5588.94,WARNING,non_rgb_mode
phenomsg,Recyclable,,data\raw\phenomsg\Recyclable\Recyclable\cans_all_type\Figure-1_can-coatings-2.png,1249,439,2.8451,PNG,RGB,237.25,3008.11,WARNING,very_bright
phenomsg,Recyclable,,data\raw\phenomsg\Recyclable\Recyclable\cans_all_type\gh-052720-best-healthy-canned-soups-1590698072.png,2000,1000,2.0,PNG,RGBA,182.98,1179.39,WARNING,non_rgb_mode
phenomsg,Recyclable,,data\raw\phenomsg\Recyclable\Recyclable\cans_all_type\how-to-recycle-aluminum-cans.png,600,600,1.0,PNG,RGBA,188.34,2178.78,WARNING,non_rgb_mode
phenomsg,Recyclable,,data\raw\phenomsg\Recyclable\Recyclable\cans_all_type\mbers_target_to_achieve_70_per_cent_aluminium_can_recycling_rate_by_2030_0_0.png,850,567,1.4991,PNG,RGBA,111.33,4286.0,WARNING,non_rgb_mode
phenomsg,Recyclable,,data\raw\phenomsg\Recyclable\Recyclable\cans_all_type\paint_cats.png,1378,668,2.0629,PNG,RGBA,92.1,705.12,WARNING,non_rgb_mode
phenomsg,Recyclable,,data\raw\phenomsg\Recyclable\Recyclable\cans_all_type\png-clipart-aluminum-can-recycling-bin-rubbish-bins-waste-paper-baskets-others-recycling-waste.png,900,600,1.5,PNG,P,190.4,852.85,WARNING,non_rgb_mode
phenomsg,Recyclable,,data\raw\phenomsg\Recyclable\Recyclable\cans_all_type\png-transparent-fizzy-drinks-aluminum-can-sprite-coca-cola-jarritos-sprite-recycling-waste-cola.png,920,698,1.3181,PNG,P,208.78,489.72,WARNING,non_rgb_mode
phenomsg,Recyclable,,data\raw\phenomsg\Recyclable\Recyclable\cans_all_type\qad-blog-aluminum-cans.png,1024,512,2.0,PNG,RGBA,125.18,521.36,WARNING,non_rgb_mode
phenomsg,Recyclable,,data\raw\phenomsg\Recyclable\Recyclable\cans_all_type\RauTZ.png,500,375,1.3333,PNG,RGBA,75.25,1448.28,WARNING,non_rgb_mode
phenomsg,Recyclable,,data\raw\phenomsg\Recyclable\Recyclable\cans_all_type\realistic-cans-blue-with-water-drops-for-mock-up-soda-can-mock-up-free-png.png,1152,1920,0.6,PNG,RGBA,119.2,277.9,WARNING,non_rgb_mode
phenomsg,Recyclable,,data\raw\phenomsg\Recyclable\Recyclable\cans_all_type\Screen-Shot-2019-06-27-at-2.59.36-PM-e1561681171942.png,2269,1452,1.5627,PNG,RGBA,202.85,67.76,WARNING,non_rgb_mode
phenomsg,Recyclable,,data\raw\phenomsg\Recyclable\Recyclable\cans_all_type\Screenshot-2023-02-15-100305.png,504,374,1.3476,PNG,RGBA,92.91,2183.24,WARNING,non_rgb_mode
phenomsg,Recyclable,,data\raw\phenomsg\Recyclable\Recyclable\cans_all_type\shutterstock_1059823553-scaled.jpg,2560,1707,1.4997,JPEG,RGB,152.93,43.88,WARNING,possible_blur
phenomsg,Recyclable,,data\raw\phenomsg\Recyclable\Recyclable\cans_all_type\soda-can-mockup-realistic-transparent-free-png.png,1920,1920,1.0,PNG,RGBA,71.31,1039.89,WARNING,non_rgb_mode
phenomsg,Recyclable,,data\raw\phenomsg\Recyclable\Recyclable\cans_all_type\warhol-campbell-cans-dec-2018-embed01.png,1559,2000,0.7795,PNG,RGBA,206.96,1685.26,WARNING,non_rgb_mode
phenomsg,Recyclable,,data\raw\phenomsg\Recyclable\Recyclable\cans_all_type\website2.0.png,4000,3000,1.3333,PNG,RGBA,205.14,13.57,WARNING,possible_blur | non_rgb_mode
phenomsg,Recyclable,,data\raw\phenomsg\Recyclable\Recyclable\cans_all_type\ZWB_ANZ_BoxThumbnail_AluminiumCans_bfe1ab62-ced7-47d4-9b8f-251c863db01d_720x.png,720,721,0.9986,PNG,RGBA,211.2,890.8,WARNING,non_rgb_mode
phenomsg,Recyclable,,data\raw\phenomsg\Recyclable\Recyclable\glass_containers\-jar-transparency-and-translucency-glass-jar-empty-clear-glass-jar-glass-lid.png,900,1012,0.8893,PNG,P,235.41,748.08,WARNING,very_bright | non_rgb_mode
phenomsg,Recyclable,,data\raw\phenomsg\Recyclable\Recyclable\glass_containers\100ml-clear-acrylic-jar-cap-with-foam-liner-plastic-jars-314.webp,800,800,1.0,PNG,RGBA,204.07,36.15,WARNING,possible_blur | non_rgb_mode
phenomsg,Recyclable,,data\raw\phenomsg\Recyclable\Recyclable\glass_containers\32.5_19d4770e-dc7a-4951-82bb-bf0030a411f7.jpg,2563,2563,1.0,JPEG,RGB,205.42,14.52,WARNING,possible_blur
phenomsg,Recyclable,,data\raw\phenomsg\Recyclable\Recyclable\glass_containers\48252.jpg,1500,1500,1.0,JPEG,RGB,234.37,6.89,WARNING,possible_blur
phenomsg,Recyclable,,data\raw\phenomsg\Recyclable\Recyclable\glass_containers\51Jl-pF7VZL.jpg,1024,1024,1.0,JPEG,RGB,238.2,20.82,WARNING,very_bright | possible_blur
phenomsg,Recyclable,,data\raw\phenomsg\Recyclable\Recyclable\glass_containers\61APfOjOwNL.jpg,1500,1500,1.0,JPEG,RGB,246.33,478.02,WARNING,very_bright
phenomsg,Recyclable,,data\raw\phenomsg\Recyclable\Recyclable\glass_containers\ae518d0b2da51b3a5332f05eb5f78517.png,576,1024,0.5625,PNG,RGBA,173.56,226.01,WARNING,non_rgb_mode
phenomsg,Recyclable,,data\raw\phenomsg\Recyclable\Recyclable\glass_containers\Best-out-of-waste-ideas-to-decorate-your-home.jpg,1200,700,1.7143,JPEG,RGB,145.59,45.58,WARNING,possible_blur
phenomsg,Recyclable,,data\raw\phenomsg\Recyclable\Recyclable\glass_containers\DSC07050.jpg,3517,4096,0.8586,JPEG,RGB,237.23,7.18,WARNING,very_bright | possible_blur
phenomsg,Recyclable,,data\raw\phenomsg\Recyclable\Recyclable\glass_containers\etics-cartoon-style-clip-art-for-mobile-app-isolated-rgb-illustration-vector.jpg,1920,1920,1.0,JPEG,RGB,238.56,8.58,WARNING,very_bright | possible_blur
phenomsg,Recyclable,,data\raw\phenomsg\Recyclable\Recyclable\glass_containers\fdfgfgfgfg-removebg-preview_2.png,1080,1080,1.0,PNG,RGBA,117.47,477.45,WARNING,non_rgb_mode
phenomsg,Recyclable,,data\raw\phenomsg\Recyclable\Recyclable\glass_containers\GHJ_2005_2400x.jpg,2400,3200,0.75,JPEG,RGB,248.61,37.29,WARNING,very_bright | possible_blur
phenomsg,Recyclable,,data\raw\phenomsg\Recyclable\Recyclable\glass_containers\glass-bottle-or-jar.jpg,2734,3545,0.7712,JPEG,RGB,190.53,22.84,WARNING,possible_blur
phenomsg,Recyclable,,data\raw\phenomsg\Recyclable\Recyclable\glass_containers\Header-Image-1-1200x838.png,1200,838,1.432,PNG,RGBA,145.14,64.94,WARNING,non_rgb_mode
phenomsg,Recyclable,,data\raw\phenomsg\Recyclable\Recyclable\glass_containers\image-removebg-preview_9fe2e65d-5a31-414e-81c5-4401ae93aecb.png,305,500,0.61,PNG,RGBA,73.97,1093.88,WARNING,non_rgb_mode
phenomsg,Recyclable,,data\raw\phenomsg\Recyclable\Recyclable\glass_containers\Industrial-glass-bottle-and-jar-scheme.png,706,773,0.9133,PNG,RGBA,243.44,1755.32,WARNING,very_bright | non_rgb_mode
phenomsg,Recyclable,,data\raw\phenomsg\Recyclable\Recyclable\glass_containers\ing-Glass-Cans-Recycled-Clear-Glass-Jar-for-Honey-Sauce-Jam-Candy-Packaging.webp,750,750,1.0,WEBP,RGB,237.93,571.09,WARNING,very_bright
phenomsg,Recyclable,,data\raw\phenomsg\Recyclable\Recyclable\glass_containers\jar.Cosmeticpetbottle_emptycontainers_acrylicshanjar_acrylicjar_50gmjarglass.jpg,3000,3000,1.0,JPEG,RGB,178.3,29.7,WARNING,possible_blur
phenomsg,Recyclable,,data\raw\phenomsg\Recyclable\Recyclable\glass_containers\korken-bottle-shaped-jar-with-lid-clear-glass__1152252_pe885219_s5.jpg,1400,1400,1.0,JPEG,RGB,246.36,178.77,WARNING,very_bright
phenomsg,Recyclable,,data\raw\phenomsg\Recyclable\Recyclable\glass_containers\korken-bottle-shaped-jar-with-lid-clear-glass__1152258_pe885224_s5.jpg,1400,1400,1.0,JPEG,RGB,247.67,179.67,WARNING,very_bright
phenomsg,Recyclable,,data\raw\phenomsg\Recyclable\Recyclable\glass_containers\korken-jar-with-lid-clear-glass__0713739_pe729738_s5.jpg,1400,1400,1.0,JPEG,RGB,238.47,2519.74,WARNING,very_bright
phenomsg,Recyclable,,data\raw\phenomsg\Recyclable\Recyclable\glass_containers\maxresdefault2.jpg,1280,720,1.7778,JPEG,RGB,184.35,20.62,WARNING,possible_blur
phenomsg,Recyclable,,data\raw\phenomsg\Recyclable\Recyclable\glass_containers\pr_473.jpg,2001,2001,1.0,JPEG,RGB,233.35,9.65,WARNING,possible_blur
phenomsg,Recyclable,,data\raw\phenomsg\Recyclable\Recyclable\glass_containers\Real-Cycled4-1024x678.jpg,1024,678,1.5103,JPEG,RGB,235.89,173.64,WARNING,very_bright
phenomsg,Recyclable,,data\raw\phenomsg\Recyclable\Recyclable\glass_containers\rsemptyemptycontainerforcosmeticsemptylipbalmcontainercreamjarsemptycosmetic.jpg,3000,3000,1.0,JPEG,RGB,235.59,4.5,WARNING,very_bright | possible_blur
phenomsg,Recyclable,,data\raw\phenomsg\Recyclable\Recyclable\glass_containers\Screenshot2023-01-22at4.00.14PM.png,1000,1080,0.9259,PNG,RGBA,166.91,6.14,WARNING,possible_blur | non_rgb_mode
phenomsg,Recyclable,,data\raw\phenomsg\Recyclable\Recyclable\glass_containers\types-glass-you-can-recycle.png,1224,477,2.566,PNG,P,164.7,1103.48,WARNING,non_rgb_mode
phenomsg,Recyclable,,data\raw\phenomsg\Recyclable\Recyclable\glass_containers\XCRn60a5zd9b8KJQ3L2dA0xFNKxXe1Etv4u4o34D.jpeg,3305,3306,0.9997,JPEG,RGB,250.39,106.26,WARNING,very_bright
phenomsg,Recyclable,,data\raw\phenomsg\Recyclable\Recyclable\paper_products\007490085_1-8e6d461c5712bdb1ad0c6f6948f82b11.png,791,1024,0.7725,PNG,P,244.09,4589.39,WARNING,very_bright | non_rgb_mode
phenomsg,Recyclable,,data\raw\phenomsg\Recyclable\Recyclable\paper_products\17d7bd040219620f734f78e70bb24438.jpg,1080,2065,0.523,JPEG,RGB,210.07,44.08,WARNING,possible_blur
phenomsg,Recyclable,,data\raw\phenomsg\Recyclable\Recyclable\paper_products\20200117122035-shopping-bags-4243556.jpeg,2000,1333,1.5004,JPEG,RGB,90.74,16.44,WARNING,possible_blur
phenomsg,Recyclable,,data\raw\phenomsg\Recyclable\Recyclable\paper_products\Banner-focused-on-plus-products-eng-2-1024x506-1-1024x506.png,1024,506,2.0237,PNG,P,221.18,1279.59,WARNING,transparency
phenomsg,Recyclable,,data\raw\phenomsg\Recyclable\Recyclable\paper_products\best-crafts-using-newspaper.jpg,1200,798,1.5038,JPEG,RGB,167.09,48.68,WARNING,possible_blur
phenomsg,Recyclable,,data\raw\phenomsg\Recyclable\Recyclable\paper_products\cardboard-box-packing-peanuts-GettyImages-177495280-MLedit.jpg,2400,1600,1.5,JPEG,RGB,145.96,23.02,WARNING,possible_blur
phenomsg,Recyclable,,data\raw\phenomsg\Recyclable\Recyclable\paper_products\d820hero20newspaper20-20second20try.png,1280,720,1.7778,PNG,RGBA,144.46,1005.67,WARNING,non_rgb_mode
phenomsg,Recyclable,,data\raw\phenomsg\Recyclable\Recyclable\paper_products\media2F14d2F14d799bf-bb7d-4c4f-ab41-23cb516d7c292Fimage.png,700,247,2.834,PNG,RGB,239.16,5194.81,WARNING,very_bright
phenomsg,Recyclable,,data\raw\phenomsg\Recyclable\Recyclable\paper_products\media2F31f2F31f4b7e5-1e39-42c4-a183-9d791928ee472FphpAWnYQQ.png,676,744,0.9086,PNG,RGBA,240.9,12115.23,WARNING,very_bright | non_rgb_mode
phenomsg,Recyclable,,data\raw\phenomsg\Recyclable\Recyclable\paper_products\og-large-recycling-symbol.png,1200,630,1.9048,PNG,P,190.57,1411.83,WARNING,non_rgb_mode
phenomsg,Recyclable,,data\raw\phenomsg\Recyclable\Recyclable\paper_products\Paper-scaled.png,2560,1077,2.377,PNG,RGBA,85.63,745.95,WARNING,non_rgb_mode
phenomsg,Recyclable,,data\raw\phenomsg\Recyclable\Recyclable\paper_products\plus-envelopes-carton-kraft-material403x-1024x682.png,1024,682,1.5015,PNG,P,95.23,190.22,WARNING,transparency
phenomsg,Recyclable,,data\raw\phenomsg\Recyclable\Recyclable\paper_products\recyclablesbecome.jpg,613,762,0.8045,JPEG,RGB,235.54,3115.46,WARNING,very_bright
phenomsg,Recyclable,,data\raw\phenomsg\Recyclable\Recyclable\paper_products\Recycled_Paper_Towels_2_600x600.png,600,200,3.0,PNG,RGBA,200.13,1760.04,WARNING,non_rgb_mode
phenomsg,Recyclable,,data\raw\phenomsg\Recyclable\Recyclable\paper_products\small-business-packaging-ideas.png,1848,782,2.3632,PNG,RGBA,149.65,23.16,WARNING,possible_blur | non_rgb_mode
phenomsg,Recyclable,,data\raw\phenomsg\Recyclable\Recyclable\paper_products\spotify402x.png,720,482,1.4938,PNG,P,85.45,2517.03,WARNING,transparency
phenomsg,Recyclable,,data\raw\phenomsg\Recyclable\Recyclable\paper_products\Untitled-design-28.png,750,375,2.0,PNG,P,186.8,304.42,WARNING,non_rgb_mode
phenomsg,Recyclable,,data\raw\phenomsg\Recyclable\Recyclable\paper_products\WhatPaperProductsRecyclable_greyoverlay.png,500,400,1.25,PNG,RGBA,82.32,742.89,WARNING,non_rgb_mode
phenomsg,Recyclable,,data\raw\phenomsg\Recyclable\Recyclable\paper_products\WPC26RS_Section20Photo201_Eng.jpg,1187,474,2.5042,JPEG,RGB,241.88,2979.18,WARNING,very_bright
phenomsg,Recyclable,,data\raw\phenomsg\Recyclable\Recyclable\plastic_bottles\-drawing-plastic-waste-fresh-soda-drink-liquid-vector-illustration-244100830.jpg,1600,1690,0.9467,JPEG,RGB,238.2,903.4,WARNING,very_bright
phenomsg,Recyclable,,data\raw\phenomsg\Recyclable\Recyclable\plastic_bottles\072822sprite.jpg,1280,720,1.7778,JPEG,RGB,236.6,67.23,WARNING,very_bright
phenomsg,Recyclable,,data\raw\phenomsg\Recyclable\Recyclable\plastic_bottles\1.5.jpg,600,580,1.0345,JPEG,RGB,246.08,24.04,WARNING,very_bright | possible_blur
phenomsg,Recyclable,,data\raw\phenomsg\Recyclable\Recyclable\plastic_bottles\102178025-Premium_Platic_Bottles.jpg,3870,2575,1.5029,JPEG,RGB,126.58,10.17,WARNING,possible_blur
phenomsg,Recyclable,,data\raw\phenomsg\Recyclable\Recyclable\plastic_bottles\1600x960_205472-untitled-design-2021-10-26t214840301.jpg,1600,960,1.6667,JPEG,RGB,109.0,15.61,WARNING,possible_blur
phenomsg,Recyclable,,data\raw\phenomsg\Recyclable\Recyclable\plastic_bottles\61355355.jpg,450,424,1.0613,JPEG,RGB,235.0,1284.4,WARNING,very_bright
phenomsg,Recyclable,,data\raw\phenomsg\Recyclable\Recyclable\plastic_bottles\_116927274_adez_paper_bottle.jpg,976,549,1.7778,JPEG,RGB,89.94,25.87,WARNING,possible_blur
phenomsg,Recyclable,,data\raw\phenomsg\Recyclable\Recyclable\plastic_bottles\Aluminium_Plastics_Wood-Mackenzie-1200x675.png,1200,675,1.7778,PNG,RGBA,80.04,329.99,WARNING,non_rgb_mode
phenomsg,Recyclable,,data\raw\phenomsg\Recyclable\Recyclable\plastic_bottles\botella-plastico.jpg,920,720,1.2778,JPEG,RGB,241.49,754.01,WARNING,very_bright
phenomsg,Recyclable,,data\raw\phenomsg\Recyclable\Recyclable\plastic_bottles\bottle-1300161_640.png,320,640,0.5,PNG,RGBA,182.62,2405.17,WARNING,non_rgb_mode
phenomsg,Recyclable,,data\raw\phenomsg\Recyclable\Recyclable\plastic_bottles\bottleHistory.jpg,2400,1350,1.7778,JPEG,RGB,198.98,27.02,WARNING,possible_blur
phenomsg,Recyclable,,data\raw\phenomsg\Recyclable\Recyclable\plastic_bottles\ctor-set-illustration-container-water-bottle-plastic-with-liquid_102902-4326.jpg,626,521,1.2015,JPEG,RGB,235.75,139.31,WARNING,very_bright
phenomsg,Recyclable,,data\raw\phenomsg\Recyclable\Recyclable\plastic_bottles\Dasani_web_3.6303e0c91079d.png,1920,1487,1.2912,PNG,RGBA,95.06,878.8,WARNING,non_rgb_mode
phenomsg,Recyclable,,data\raw\phenomsg\Recyclable\Recyclable\plastic_bottles\ded-sea-waste-environment-contamination-neat-vector-illustration_81894-10608.jpg,626,397,1.5768,JPEG,RGB,240.66,110.27,WARNING,very_bright
phenomsg,Recyclable,,data\raw\phenomsg\Recyclable\Recyclable\plastic_bottles\H9436b5a8afeb4b8685783aec367a9022q.jpg,810,810,1.0,JPEG,RGB,249.8,67.62,WARNING,very_bright
phenomsg,Recyclable,,data\raw\phenomsg\Recyclable\Recyclable\plastic_bottles\How-Much-Money-Is-There-In-Plastic-Bottles.png,1004,590,1.7017,PNG,RGBA,115.56,675.41,WARNING,non_rgb_mode
phenomsg,Recyclable,,data\raw\phenomsg\Recyclable\Recyclable\plastic_bottles\minium-vs-carton-carbon-footprint-p6s8ct2sc0qlo3sipt9k1m2zjocwp37mfzvcpsjmh4.png,1140,500,2.28,PNG,RGBA,233.24,36.5,WARNING,possible_blur | non_rgb_mode
phenomsg,Recyclable,,data\raw\phenomsg\Recyclable\Recyclable\plastic_bottles\mysoda-bottle-0.5l-white-2pcs-crop.jpg,800,812,0.9852,JPEG,RGB,241.67,432.89,WARNING,very_bright
phenomsg,Recyclable,,data\raw\phenomsg\Recyclable\Recyclable\plastic_bottles\pet-plastic-soda-bottles-category.png,800,1000,0.8,PNG,RGB,244.53,88.66,WARNING,very_bright
phenomsg,Recyclable,,data\raw\phenomsg\Recyclable\Recyclable\plastic_bottles\pexels-photo-802221.jpeg,3256,2166,1.5032,JPEG,RGB,93.71,30.61,WARNING,possible_blur
phenomsg,Recyclable,,data\raw\phenomsg\Recyclable\Recyclable\plastic_bottles\png-clipart-plastic-bag-plastic-bottle-water-bottles-water-dam-photography-recycling.png,900,560,1.6071,PNG,P,237.76,1631.68,WARNING,very_bright | non_rgb_mode
phenomsg,Recyclable,,data\raw\phenomsg\Recyclable\Recyclable\plastic_bottles\Reusable-Bottles-scaled.jpg,2560,1703,1.5032,JPEG,RGB,149.1,30.68,WARNING,possible_blur
phenomsg,Recyclable,,data\raw\phenomsg\Recyclable\Recyclable\plastic_bottles\Screenshot-2021-11-01-at-22.49.21.png,2048,638,3.21,PNG,RGBA,177.62,152.16,WARNING,non_rgb_mode
phenomsg,Recyclable,,data\raw\phenomsg\Recyclable\Recyclable\plastic_bottles\sprite_custom-69f1695b46d4430dda05de4503fc55028693fe4c.jpg,4800,2696,1.7804,JPEG,RGB,154.7,16.55,WARNING,possible_blur
trashnet,cardboard,,data\raw\trashnet\cardboard\cardboard1.jpg,4032,3024,1.3333,JPEG,RGB,162.22,15.89,WARNING,possible_blur
trashnet,cardboard,,data\raw\trashnet\cardboard\cardboard10.jpg,4032,3024,1.3333,JPEG,RGB,167.69,42.12,WARNING,possible_blur
trashnet,cardboard,,data\raw\trashnet\cardboard\cardboard100.jpg,4032,3024,1.3333,JPEG,RGB,182.29,22.67,WARNING,possible_blur
trashnet,cardboard,,data\raw\trashnet\cardboard\cardboard101.jpg,4032,3024,1.3333,JPEG,RGB,130.99,20.12,WARNING,possible_blur
trashnet,cardboard,,data\raw\trashnet\cardboard\cardboard102.jpg,4032,3024,1.3333,JPEG,RGB,165.16,16.18,WARNING,possible_blur
trashnet,cardboard,,data\raw\trashnet\cardboard\cardboard103.jpg,4032,3024,1.3333,JPEG,RGB,167.75,37.57,WARNING,possible_blur
trashnet,cardboard,,data\raw\trashnet\cardboard\cardboard104.jpg,4032,3024,1.3333,JPEG,RGB,147.93,21.25,WARNING,possible_blur
trashnet,cardboard,,data\raw\trashnet\cardboard\cardboard105.jpg,4032,3024,1.3333,JPEG,RGB,164.23,31.44,WARNING,possible_blur
trashnet,cardboard,,data\raw\trashnet\cardboard\cardboard106.jpg,4032,3024,1.3333,JPEG,RGB,152.43,36.67,WARNING,possible_blur
trashnet,cardboard,,data\raw\trashnet\cardboard\cardboard107.jpg,4032,3024,1.3333,JPEG,RGB,161.1,24.71,WARNING,possible_blur
trashnet,cardboard,,data\raw\trashnet\cardboard\cardboard109.jpg,4032,3024,1.3333,JPEG,RGB,152.7,31.88,WARNING,possible_blur
trashnet,cardboard,,data\raw\trashnet\cardboard\cardboard11.jpg,4032,3024,1.3333,JPEG,RGB,148.98,18.52,WARNING,possible_blur
trashnet,cardboard,,data\raw\trashnet\cardboard\cardboard110.jpg,4032,3024,1.3333,JPEG,RGB,170.33,32.88,WARNING,possible_blur
trashnet,cardboard,,data\raw\trashnet\cardboard\cardboard111.jpg,4032,3024,1.3333,JPEG,RGB,154.91,28.87,WARNING,possible_blur
trashnet,cardboard,,data\raw\trashnet\cardboard\cardboard113.jpg,4032,3024,1.3333,JPEG,RGB,154.17,18.99,WARNING,possible_blur
trashnet,cardboard,,data\raw\trashnet\cardboard\cardboard114.jpg,4032,3024,1.3333,JPEG,RGB,144.25,8.83,WARNING,possible_blur
trashnet,cardboard,,data\raw\trashnet\cardboard\cardboard115.jpg,4032,3024,1.3333,JPEG,RGB,134.93,9.6,WARNING,possible_blur
trashnet,cardboard,,data\raw\trashnet\cardboard\cardboard116.jpg,4032,3024,1.3333,JPEG,RGB,129.47,18.76,WARNING,possible_blur
trashnet,cardboard,,data\raw\trashnet\cardboard\cardboard117.jpg,3264,2448,1.3333,JPEG,RGB,145.52,45.06,WARNING,possible_blur
trashnet,cardboard,,data\raw\trashnet\cardboard\cardboard121.jpg,3264,2448,1.3333,JPEG,RGB,128.17,40.74,WARNING,possible_blur
trashnet,cardboard,,data\raw\trashnet\cardboard\cardboard123.jpg,3264,2448,1.3333,JPEG,RGB,143.13,43.02,WARNING,possible_blur
trashnet,cardboard,,data\raw\trashnet\cardboard\cardboard126.jpg,4032,3024,1.3333,JPEG,RGB,157.39,36.24,WARNING,possible_blur
trashnet,cardboard,,data\raw\trashnet\cardboard\cardboard128.jpg,3264,2448,1.3333,JPEG,RGB,124.97,28.61,WARNING,possible_blur
trashnet,cardboard,,data\raw\trashnet\cardboard\cardboard129.jpg,3264,2448,1.3333,JPEG,RGB,111.38,32.62,WARNING,possible_blur
trashnet,cardboard,,data\raw\trashnet\cardboard\cardboard130.jpg,3264,2448,1.3333,JPEG,RGB,154.17,40.26,WARNING,possible_blur
trashnet,cardboard,,data\raw\trashnet\cardboard\cardboard131.jpg,3264,2448,1.3333,JPEG,RGB,183.8,18.81,WARNING,possible_blur
trashnet,cardboard,,data\raw\trashnet\cardboard\cardboard132.jpg,3264,2448,1.3333,JPEG,RGB,192.12,15.69,WARNING,possible_blur
trashnet,cardboard,,data\raw\trashnet\cardboard\cardboard133.jpg,3264,2448,1.3333,JPEG,RGB,191.54,6.45,WARNING,possible_blur
trashnet,cardboard,,data\raw\trashnet\cardboard\cardboard134.jpg,3264,2448,1.3333,JPEG,RGB,191.75,9.48,WARNING,possible_blur
trashnet,cardboard,,data\raw\trashnet\cardboard\cardboard135.jpg,4032,3024,1.3333,JPEG,RGB,184.3,16.17,WARNING,possible_blur
trashnet,cardboard,,data\raw\trashnet\cardboard\cardboard136.jpg,3264,2448,1.3333,JPEG,RGB,188.05,8.45,WARNING,possible_blur
trashnet,cardboard,,data\raw\trashnet\cardboard\cardboard137.jpg,3264,2448,1.3333,JPEG,RGB,194.71,8.09,WARNING,possible_blur
trashnet,cardboard,,data\raw\trashnet\cardboard\cardboard138.jpg,4032,3024,1.3333,JPEG,RGB,145.04,18.0,WARNING,possible_blur
trashnet,cardboard,,data\raw\trashnet\cardboard\cardboard14.jpg,4032,3024,1.3333,JPEG,RGB,129.68,12.12,WARNING,possible_blur
trashnet,cardboard,,data\raw\trashnet\cardboard\cardboard140.jpg,4032,3024,1.3333,JPEG,RGB,171.86,16.85,WARNING,possible_blur
trashnet,cardboard,,data\raw\trashnet\cardboard\cardboard141.jpg,4032,3024,1.3333,JPEG,RGB,153.03,40.82,WARNING,possible_blur
trashnet,cardboard,,data\raw\trashnet\cardboard\cardboard142.jpg,3264,2448,1.3333,JPEG,RGB,182.64,13.82,WARNING,possible_blur
trashnet,cardboard,,data\raw\trashnet\cardboard\cardboard144.jpg,3264,2448,1.3333,JPEG,RGB,176.19,23.02,WARNING,possible_blur
trashnet,cardboard,,data\raw\trashnet\cardboard\cardboard145.jpg,3264,2448,1.3333,JPEG,RGB,186.21,17.33,WARNING,possible_blur
trashnet,cardboard,,data\raw\trashnet\cardboard\cardboard149.jpg,3264,2448,1.3333,JPEG,RGB,114.17,24.05,WARNING,possible_blur
trashnet,cardboard,,data\raw\trashnet\cardboard\cardboard150.jpg,3264,2448,1.3333,JPEG,RGB,183.36,31.97,WARNING,possible_blur
trashnet,cardboard,,data\raw\trashnet\cardboard\cardboard151.jpg,3264,2448,1.3333,JPEG,RGB,188.49,30.65,WARNING,possible_blur
trashnet,cardboard,,data\raw\trashnet\cardboard\cardboard152.jpg,3264,2448,1.3333,JPEG,RGB,186.76,13.99,WARNING,possible_blur
trashnet,cardboard,,data\raw\trashnet\cardboard\cardboard154.jpg,3264,2448,1.3333,JPEG,RGB,182.79,37.77,WARNING,possible_blur
trashnet,cardboard,,data\raw\trashnet\cardboard\cardboard155.jpg,4032,3024,1.3333,JPEG,RGB,154.1,17.55,WARNING,possible_blur
trashnet,cardboard,,data\raw\trashnet\cardboard\cardboard156.jpg,4032,3024,1.3333,JPEG,RGB,139.15,9.84,WARNING,possible_blur
trashnet,cardboard,,data\raw\trashnet\cardboard\cardboard157.jpg,4032,3024,1.3333,JPEG,RGB,149.85,16.74,WARNING,possible_blur
trashnet,cardboard,,data\raw\trashnet\cardboard\cardboard158.jpg,4032,3024,1.3333,JPEG,RGB,109.63,21.77,WARNING,possible_blur
trashnet,cardboard,,data\raw\trashnet\cardboard\cardboard159.jpg,4032,3024,1.3333,JPEG,RGB,125.57,13.27,WARNING,possible_blur
trashnet,cardboard,,data\raw\trashnet\cardboard\cardboard16.jpg,4032,3024,1.3333,JPEG,RGB,133.97,11.69,WARNING,possible_blur
trashnet,cardboard,,data\raw\trashnet\cardboard\cardboard160.jpg,4032,3024,1.3333,JPEG,RGB,125.55,19.51,WARNING,possible_blur
trashnet,cardboard,,data\raw\trashnet\cardboard\cardboard164.jpg,3264,2448,1.3333,JPEG,RGB,184.61,43.06,WARNING,possible_blur
trashnet,cardboard,,data\raw\trashnet\cardboard\cardboard168.jpg,3264,2448,1.3333,JPEG,RGB,164.16,21.8,WARNING,possible_blur
trashnet,cardboard,,data\raw\trashnet\cardboard\cardboard170.jpg,3264,2448,1.3333,JPEG,RGB,201.44,17.21,WARNING,possible_blur
trashnet,cardboard,,data\raw\trashnet\cardboard\cardboard171.jpg,3264,2448,1.3333,JPEG,RGB,206.18,17.6,WARNING,possible_blur
trashnet,cardboard,,data\raw\trashnet\cardboard\cardboard172.jpg,3264,2448,1.3333,JPEG,RGB,187.65,27.25,WARNING,possible_blur
trashnet,cardboard,,data\raw\trashnet\cardboard\cardboard173.jpg,3264,2448,1.3333,JPEG,RGB,193.86,18.08,WARNING,possible_blur
trashnet,cardboard,,data\raw\trashnet\cardboard\cardboard18.jpg,4032,3024,1.3333,JPEG,RGB,153.74,29.21,WARNING,possible_blur
trashnet,cardboard,,data\raw\trashnet\cardboard\cardboard181.jpg,3264,2448,1.3333,JPEG,RGB,165.94,46.08,WARNING,possible_blur
trashnet,cardboard,,data\raw\trashnet\cardboard\cardboard183.jpg,3264,2448,1.3333,JPEG,RGB,185.51,32.13,WARNING,possible_blur
trashnet,cardboard,,data\raw\trashnet\cardboard\cardboard184.jpg,3264,2448,1.3333,JPEG,RGB,196.7,17.42,WARNING,possible_blur
trashnet,cardboard,,data\raw\trashnet\cardboard\cardboard186.jpg,3264,2448,1.3333,JPEG,RGB,123.47,48.2,WARNING,possible_blur
trashnet,cardboard,,data\raw\trashnet\cardboard\cardboard187.jpg,3264,2448,1.3333,JPEG,RGB,164.43,31.97,WARNING,possible_blur
trashnet,cardboard,,data\raw\trashnet\cardboard\cardboard188.jpg,3264,2448,1.3333,JPEG,RGB,179.71,38.53,WARNING,possible_blur
trashnet,cardboard,,data\raw\trashnet\cardboard\cardboard19.jpg,4032,3024,1.3333,JPEG,RGB,133.26,12.37,WARNING,possible_blur
trashnet,cardboard,,data\raw\trashnet\cardboard\cardboard192.jpg,4032,3024,1.3333,JPEG,RGB,153.9,47.07,WARNING,possible_blur
trashnet,cardboard,,data\raw\trashnet\cardboard\cardboard194.jpg,3264,2448,1.3333,JPEG,RGB,163.27,39.85,WARNING,possible_blur
trashnet,cardboard,,data\raw\trashnet\cardboard\cardboard196.jpg,3264,2448,1.3333,JPEG,RGB,153.32,46.53,WARNING,possible_blur
trashnet,cardboard,,data\raw\trashnet\cardboard\cardboard197.jpg,3264,2448,1.3333,JPEG,RGB,182.66,29.39,WARNING,possible_blur
trashnet,cardboard,,data\raw\trashnet\cardboard\cardboard198.jpg,3264,2448,1.3333,JPEG,RGB,178.05,31.34,WARNING,possible_blur
trashnet,cardboard,,data\raw\trashnet\cardboard\cardboard199.jpg,3264,2448,1.3333,JPEG,RGB,208.02,5.84,WARNING,possible_blur
trashnet,cardboard,,data\raw\trashnet\cardboard\cardboard2.jpg,4032,3024,1.3333,JPEG,RGB,165.44,22.18,WARNING,possible_blur
trashnet,cardboard,,data\raw\trashnet\cardboard\cardboard20.jpg,4032,3024,1.3333,JPEG,RGB,152.54,16.65,WARNING,possible_blur
trashnet,cardboard,,data\raw\trashnet\cardboard\cardboard200.jpg,3264,2448,1.3333,JPEG,RGB,163.23,38.04,WARNING,possible_blur
trashnet,cardboard,,data\raw\trashnet\cardboard\cardboard201.jpg,3264,2448,1.3333,JPEG,RGB,169.76,24.04,WARNING,possible_blur
trashnet,cardboard,,data\raw\trashnet\cardboard\cardboard202.jpg,3264,2448,1.3333,JPEG,RGB,201.32,19.21,WARNING,possible_blur
trashnet,cardboard,,data\raw\trashnet\cardboard\cardboard203.jpg,3264,2448,1.3333,JPEG,RGB,207.04,31.0,WARNING,possible_blur
trashnet,cardboard,,data\raw\trashnet\cardboard\cardboard204.jpg,3264,2448,1.3333,JPEG,RGB,198.12,15.58,WARNING,possible_blur
trashnet,cardboard,,data\raw\trashnet\cardboard\cardboard205.jpg,3264,2448,1.3333,JPEG,RGB,217.96,19.49,WARNING,possible_blur
trashnet,cardboard,,data\raw\trashnet\cardboard\cardboard206.jpg,3264,2448,1.3333,JPEG,RGB,165.84,48.27,WARNING,possible_blur
trashnet,cardboard,,data\raw\trashnet\cardboard\cardboard207.jpg,3264,2448,1.3333,JPEG,RGB,149.59,16.71,WARNING,possible_blur
trashnet,cardboard,,data\raw\trashnet\cardboard\cardboard208.jpg,3264,2448,1.3333,JPEG,RGB,164.56,11.39,WARNING,possible_blur
trashnet,cardboard,,data\raw\trashnet\cardboard\cardboard209.jpg,3264,2448,1.3333,JPEG,RGB,136.3,23.36,WARNING,possible_blur
trashnet,cardboard,,data\raw\trashnet\cardboard\cardboard21.jpg,4032,3024,1.3333,JPEG,RGB,143.63,9.52,WARNING,possible_blur
trashnet,cardboard,,data\raw\trashnet\cardboard\cardboard210.jpg,3264,2448,1.3333,JPEG,RGB,149.87,17.27,WARNING,possible_blur
trashnet,cardboard,,data\raw\trashnet\cardboard\cardboard211.jpg,3264,2448,1.3333,JPEG,RGB,166.24,17.86,WARNING,possible_blur
trashnet,cardboard,,data\raw\trashnet\cardboard\cardboard212.jpg,3264,2448,1.3333,JPEG,RGB,184.64,19.55,WARNING,possible_blur
trashnet,cardboard,,data\raw\trashnet\cardboard\cardboard213.jpg,3264,2448,1.3333,JPEG,RGB,180.2,11.02,WARNING,possible_blur
trashnet,cardboard,,data\raw\trashnet\cardboard\cardboard214.jpg,3264,2448,1.3333,JPEG,RGB,192.55,12.08,WARNING,possible_blur
trashnet,cardboard,,data\raw\trashnet\cardboard\cardboard215.jpg,3264,2448,1.3333,JPEG,RGB,191.38,8.21,WARNING,possible_blur
trashnet,cardboard,,data\raw\trashnet\cardboard\cardboard216.jpg,3264,2448,1.3333,JPEG,RGB,198.24,14.14,WARNING,possible_blur
trashnet,cardboard,,data\raw\trashnet\cardboard\cardboard217.jpg,3264,2448,1.3333,JPEG,RGB,199.93,17.46,WARNING,possible_blur
trashnet,cardboard,,data\raw\trashnet\cardboard\cardboard218.jpg,3264,2448,1.3333,JPEG,RGB,198.94,25.65,WARNING,possible_blur
trashnet,cardboard,,data\raw\trashnet\cardboard\cardboard219.jpg,3264,2448,1.3333,JPEG,RGB,197.05,29.54,WARNING,possible_blur
trashnet,cardboard,,data\raw\trashnet\cardboard\cardboard22.jpg,4032,3024,1.3333,JPEG,RGB,153.06,26.37,WARNING,possible_blur
trashnet,cardboard,,data\raw\trashnet\cardboard\cardboard220.jpg,3264,2448,1.3333,JPEG,RGB,184.08,17.45,WARNING,possible_blur
trashnet,cardboard,,data\raw\trashnet\cardboard\cardboard221.jpg,4032,3024,1.3333,JPEG,RGB,128.73,20.37,WARNING,possible_blur
trashnet,cardboard,,data\raw\trashnet\cardboard\cardboard223.jpg,4032,3024,1.3333,JPEG,RGB,142.6,11.89,WARNING,possible_blur
trashnet,cardboard,,data\raw\trashnet\cardboard\cardboard224.jpg,4032,3024,1.3333,JPEG,RGB,168.36,9.17,WARNING,possible_blur
trashnet,cardboard,,data\raw\trashnet\cardboard\cardboard225.jpg,4032,3024,1.3333,JPEG,RGB,147.41,24.94,WARNING,possible_blur
trashnet,cardboard,,data\raw\trashnet\cardboard\cardboard226.jpg,4032,3024,1.3333,JPEG,RGB,126.15,11.29,WARNING,possible_blur
trashnet,cardboard,,data\raw\trashnet\cardboard\cardboard227.jpg,4032,3024,1.3333,JPEG,RGB,146.75,6.33,WARNING,possible_blur
trashnet,cardboard,,data\raw\trashnet\cardboard\cardboard228.jpg,4032,3024,1.3333,JPEG,RGB,134.55,23.56,WARNING,possible_blur
trashnet,cardboard,,data\raw\trashnet\cardboard\cardboard23.jpg,4032,3024,1.3333,JPEG,RGB,148.04,17.27,WARNING,possible_blur
trashnet,cardboard,,data\raw\trashnet\cardboard\cardboard230.jpg,4032,3024,1.3333,JPEG,RGB,116.48,9.73,WARNING,possible_blur
trashnet,cardboard,,data\raw\trashnet\cardboard\cardboard231.jpg,4032,3024,1.3333,JPEG,RGB,145.49,18.79,WARNING,possible_blur
trashnet,cardboard,,data\raw\trashnet\cardboard\cardboard232.jpg,4032,3024,1.3333,JPEG,RGB,142.08,28.16,WARNING,possible_blur
trashnet,cardboard,,data\raw\trashnet\cardboard\cardboard233.jpg,4032,3024,1.3333,JPEG,RGB,120.18,12.66,WARNING,possible_blur
trashnet,cardboard,,data\raw\trashnet\cardboard\cardboard234.jpg,4032,3024,1.3333,JPEG,RGB,131.57,19.73,WARNING,possible_blur
trashnet,cardboard,,data\raw\trashnet\cardboard\cardboard235.jpg,4032,3024,1.3333,JPEG,RGB,153.75,13.0,WARNING,possible_blur
trashnet,cardboard,,data\raw\trashnet\cardboard\cardboard236.jpg,4032,3024,1.3333,JPEG,RGB,144.79,10.15,WARNING,possible_blur
trashnet,cardboard,,data\raw\trashnet\cardboard\cardboard237.jpg,4032,3024,1.3333,JPEG,RGB,161.87,49.65,WARNING,possible_blur
trashnet,cardboard,,data\raw\trashnet\cardboard\cardboard238.jpg,4032,3024,1.3333,JPEG,RGB,178.3,23.55,WARNING,possible_blur
trashnet,cardboard,,data\raw\trashnet\cardboard\cardboard24.jpg,4032,3024,1.3333,JPEG,RGB,155.29,28.36,WARNING,possible_blur
trashnet,cardboard,,data\raw\trashnet\cardboard\cardboard240.jpg,4032,3024,1.3333,JPEG,RGB,156.74,8.44,WARNING,possible_blur
trashnet,cardboard,,data\raw\trashnet\cardboard\cardboard241.jpg,4032,3024,1.3333,JPEG,RGB,151.27,34.25,WARNING,possible_blur
trashnet,cardboard,,data\raw\trashnet\cardboard\cardboard243.jpg,4032,3024,1.3333,JPEG,RGB,142.31,22.47,WARNING,possible_blur
trashnet,cardboard,,data\raw\trashnet\cardboard\cardboard245.jpg,4032,3024,1.3333,JPEG,RGB,172.28,44.64,WARNING,possible_blur
trashnet,cardboard,,data\raw\trashnet\cardboard\cardboard246.jpg,4032,3024,1.3333,JPEG,RGB,161.93,31.81,WARNING,possible_blur
trashnet,cardboard,,data\raw\trashnet\cardboard\cardboard247.jpg,4032,3024,1.3333,JPEG,RGB,108.44,30.43,WARNING,possible_blur
trashnet,cardboard,,data\raw\trashnet\cardboard\cardboard249.jpg,4032,3024,1.3333,JPEG,RGB,144.49,42.87,WARNING,possible_blur
trashnet,cardboard,,data\raw\trashnet\cardboard\cardboard25.jpg,4032,3024,1.3333,JPEG,RGB,161.05,42.18,WARNING,possible_blur
trashnet,cardboard,,data\raw\trashnet\cardboard\cardboard251.jpg,4032,3024,1.3333,JPEG,RGB,169.03,47.05,WARNING,possible_blur
trashnet,cardboard,,data\raw\trashnet\cardboard\cardboard252.jpg,4032,3024,1.3333,JPEG,RGB,158.8,28.22,WARNING,possible_blur
trashnet,cardboard,,data\raw\trashnet\cardboard\cardboard253.jpg,4032,3024,1.3333,JPEG,RGB,150.94,33.63,WARNING,possible_blur
trashnet,cardboard,,data\raw\trashnet\cardboard\cardboard255.jpg,4032,3024,1.3333,JPEG,RGB,129.33,48.32,WARNING,possible_blur
trashnet,cardboard,,data\raw\trashnet\cardboard\cardboard256.jpg,4032,3024,1.3333,JPEG,RGB,145.81,14.17,WARNING,possible_blur
trashnet,cardboard,,data\raw\trashnet\cardboard\cardboard258.jpg,4032,3024,1.3333,JPEG,RGB,147.0,29.96,WARNING,possible_blur
trashnet,cardboard,,data\raw\trashnet\cardboard\cardboard259.jpg,4032,3024,1.3333,JPEG,RGB,145.6,12.24,WARNING,possible_blur
trashnet,cardboard,,data\raw\trashnet\cardboard\cardboard26.jpg,4032,3024,1.3333,JPEG,RGB,87.54,18.67,WARNING,possible_blur
trashnet,cardboard,,data\raw\trashnet\cardboard\cardboard260.jpg,4032,3024,1.3333,JPEG,RGB,150.85,27.5,WARNING,possible_blur
trashnet,cardboard,,data\raw\trashnet\cardboard\cardboard261.jpg,4032,3024,1.3333,JPEG,RGB,165.22,38.13,WARNING,possible_blur
trashnet,cardboard,,data\raw\trashnet\cardboard\cardboard262.jpg,4032,3024,1.3333,JPEG,RGB,126.53,13.64,WARNING,possible_blur
trashnet,cardboard,,data\raw\trashnet\cardboard\cardboard263.jpg,4032,3024,1.3333,JPEG,RGB,81.13,15.25,WARNING,possible_blur
trashnet,cardboard,,data\raw\trashnet\cardboard\cardboard264.jpg,4032,3024,1.3333,JPEG,RGB,154.23,27.75,WARNING,possible_blur
trashnet,cardboard,,data\raw\trashnet\cardboard\cardboard265.jpg,4032,3024,1.3333,JPEG,RGB,148.41,26.99,WARNING,possible_blur
trashnet,cardboard,,data\raw\trashnet\cardboard\cardboard267.jpg,4032,3024,1.3333,JPEG,RGB,160.71,6.12,WARNING,possible_blur
trashnet,cardboard,,data\raw\trashnet\cardboard\cardboard269.jpg,4032,3024,1.3333,JPEG,RGB,156.2,35.01,WARNING,possible_blur
trashnet,cardboard,,data\raw\trashnet\cardboard\cardboard27.jpg,4032,3024,1.3333,JPEG,RGB,164.91,34.86,WARNING,possible_blur
trashnet,cardboard,,data\raw\trashnet\cardboard\cardboard270.jpg,4032,3024,1.3333,JPEG,RGB,136.83,15.15,WARNING,possible_blur
trashnet,cardboard,,data\raw\trashnet\cardboard\cardboard271.jpg,4032,3024,1.3333,JPEG,RGB,152.56,31.51,WARNING,possible_blur
trashnet,cardboard,,data\raw\trashnet\cardboard\cardboard272.jpg,4032,3024,1.3333,JPEG,RGB,143.84,21.07,WARNING,possible_blur
trashnet,cardboard,,data\raw\trashnet\cardboard\cardboard273.jpg,4032,3024,1.3333,JPEG,RGB,155.91,12.57,WARNING,possible_blur
trashnet,cardboard,,data\raw\trashnet\cardboard\cardboard274.jpg,4032,3024,1.3333,JPEG,RGB,167.94,8.73,WARNING,possible_blur
trashnet,cardboard,,data\raw\trashnet\cardboard\cardboard275.jpg,4032,3024,1.3333,JPEG,RGB,156.71,35.17,WARNING,possible_blur
trashnet,cardboard,,data\raw\trashnet\cardboard\cardboard276.jpg,4032,3024,1.3333,JPEG,RGB,151.4,10.11,WARNING,possible_blur
trashnet,cardboard,,data\raw\trashnet\cardboard\cardboard277.jpg,4032,3024,1.3333,JPEG,RGB,111.66,45.0,WARNING,possible_blur
trashnet,cardboard,,data\raw\trashnet\cardboard\cardboard278.jpg,4032,3024,1.3333,JPEG,RGB,144.12,7.23,WARNING,possible_blur
trashnet,cardboard,,data\raw\trashnet\cardboard\cardboard28.jpg,4032,3024,1.3333,JPEG,RGB,154.01,14.82,WARNING,possible_blur
trashnet,cardboard,,data\raw\trashnet\cardboard\cardboard281.jpg,4032,3024,1.3333,JPEG,RGB,148.68,28.37,WARNING,possible_blur
trashnet,cardboard,,data\raw\trashnet\cardboard\cardboard282.jpg,4032,3024,1.3333,JPEG,RGB,139.17,20.41,WARNING,possible_blur
trashnet,cardboard,,data\raw\trashnet\cardboard\cardboard283.jpg,4032,3024,1.3333,JPEG,RGB,123.34,15.12,WARNING,possible_blur
trashnet,cardboard,,data\raw\trashnet\cardboard\cardboard284.jpg,4032,3024,1.3333,JPEG,RGB,150.41,11.89,WARNING,possible_blur
trashnet,cardboard,,data\raw\trashnet\cardboard\cardboard285.jpg,4032,3024,1.3333,JPEG,RGB,149.61,29.39,WARNING,possible_blur
trashnet,cardboard,,data\raw\trashnet\cardboard\cardboard287.jpg,4032,3024,1.3333,JPEG,RGB,152.74,6.75,WARNING,possible_blur
trashnet,cardboard,,data\raw\trashnet\cardboard\cardboard288.jpg,4032,3024,1.3333,JPEG,RGB,152.49,33.95,WARNING,possible_blur
trashnet,cardboard,,data\raw\trashnet\cardboard\cardboard289.jpg,4032,3024,1.3333,JPEG,RGB,166.48,20.18,WARNING,possible_blur
trashnet,cardboard,,data\raw\trashnet\cardboard\cardboard29.jpg,4032,3024,1.3333,JPEG,RGB,189.42,48.38,WARNING,possible_blur
trashnet,cardboard,,data\raw\trashnet\cardboard\cardboard290.jpg,4032,3024,1.3333,JPEG,RGB,142.24,21.64,WARNING,possible_blur
trashnet,cardboard,,data\raw\trashnet\cardboard\cardboard291.jpg,4032,3024,1.3333,JPEG,RGB,158.43,29.95,WARNING,possible_blur
trashnet,cardboard,,data\raw\trashnet\cardboard\cardboard292.jpg,4032,3024,1.3333,JPEG,RGB,112.55,43.34,WARNING,possible_blur
trashnet,cardboard,,data\raw\trashnet\cardboard\cardboard293.jpg,4032,3024,1.3333,JPEG,RGB,144.96,8.39,WARNING,possible_blur
trashnet,cardboard,,data\raw\trashnet\cardboard\cardboard294.jpg,4032,3024,1.3333,JPEG,RGB,170.41,13.89,WARNING,possible_blur
trashnet,cardboard,,data\raw\trashnet\cardboard\cardboard295.jpg,4032,3024,1.3333,JPEG,RGB,153.49,11.04,WARNING,possible_blur
trashnet,cardboard,,data\raw\trashnet\cardboard\cardboard296.jpg,4032,3024,1.3333,JPEG,RGB,180.72,9.79,WARNING,possible_blur
trashnet,cardboard,,data\raw\trashnet\cardboard\cardboard297.jpg,4032,3024,1.3333,JPEG,RGB,147.31,42.35,WARNING,possible_blur
trashnet,cardboard,,data\raw\trashnet\cardboard\cardboard298.jpg,4032,3024,1.3333,JPEG,RGB,132.21,23.94,WARNING,possible_blur
trashnet,cardboard,,data\raw\trashnet\cardboard\cardboard299.jpg,4032,3024,1.3333,JPEG,RGB,153.6,26.07,WARNING,possible_blur
trashnet,cardboard,,data\raw\trashnet\cardboard\cardboard3.jpg,4032,3024,1.3333,JPEG,RGB,157.79,48.51,WARNING,possible_blur
trashnet,cardboard,,data\raw\trashnet\cardboard\cardboard30.jpg,4032,3024,1.3333,JPEG,RGB,168.51,14.97,WARNING,possible_blur
trashnet,cardboard,,data\raw\trashnet\cardboard\cardboard301.jpg,4032,3024,1.3333,JPEG,RGB,157.07,20.4,WARNING,possible_blur
trashnet,cardboard,,data\raw\trashnet\cardboard\cardboard302.jpg,4032,3024,1.3333,JPEG,RGB,149.59,26.06,WARNING,possible_blur
trashnet,cardboard,,data\raw\trashnet\cardboard\cardboard303.jpg,4032,3024,1.3333,JPEG,RGB,151.18,29.88,WARNING,possible_blur
trashnet,cardboard,,data\raw\trashnet\cardboard\cardboard304.jpg,4032,3024,1.3333,JPEG,RGB,143.99,33.46,WARNING,possible_blur
trashnet,cardboard,,data\raw\trashnet\cardboard\cardboard309.jpg,4032,3024,1.3333,JPEG,RGB,143.37,8.93,WARNING,possible_blur
trashnet,cardboard,,data\raw\trashnet\cardboard\cardboard31.jpg,4032,3024,1.3333,JPEG,RGB,132.23,30.78,WARNING,possible_blur
trashnet,cardboard,,data\raw\trashnet\cardboard\cardboard310.jpg,4032,3024,1.3333,JPEG,RGB,141.74,46.46,WARNING,possible_blur
trashnet,cardboard,,data\raw\trashnet\cardboard\cardboard311.jpg,4032,3024,1.3333,JPEG,RGB,150.9,31.12,WARNING,possible_blur
trashnet,cardboard,,data\raw\trashnet\cardboard\cardboard312.jpg,4032,3024,1.3333,JPEG,RGB,160.24,22.22,WARNING,possible_blur
trashnet,cardboard,,data\raw\trashnet\cardboard\cardboard313.jpg,4032,3024,1.3333,JPEG,RGB,139.27,8.93,WARNING,possible_blur
trashnet,cardboard,,data\raw\trashnet\cardboard\cardboard315.jpg,4032,3024,1.3333,JPEG,RGB,137.28,31.44,WARNING,possible_blur
trashnet,cardboard,,data\raw\trashnet\cardboard\cardboard316.jpg,4032,3024,1.3333,JPEG,RGB,160.56,9.8,WARNING,possible_blur
trashnet,cardboard,,data\raw\trashnet\cardboard\cardboard317.jpg,4032,3024,1.3333,JPEG,RGB,156.45,37.17,WARNING,possible_blur
trashnet,cardboard,,data\raw\trashnet\cardboard\cardboard318.jpg,4032,3024,1.3333,JPEG,RGB,171.82,34.41,WARNING,possible_blur
trashnet,cardboard,,data\raw\trashnet\cardboard\cardboard319.jpg,4032,3024,1.3333,JPEG,RGB,153.55,26.33,WARNING,possible_blur
trashnet,cardboard,,data\raw\trashnet\cardboard\cardboard32.jpg,4032,3024,1.3333,JPEG,RGB,158.85,38.59,WARNING,possible_blur
trashnet,cardboard,,data\raw\trashnet\cardboard\cardboard320.jpg,4032,3024,1.3333,JPEG,RGB,135.49,12.79,WARNING,possible_blur
trashnet,cardboard,,data\raw\trashnet\cardboard\cardboard321.jpg,4032,3024,1.3333,JPEG,RGB,161.12,40.02,WARNING,possible_blur
trashnet,cardboard,,data\raw\trashnet\cardboard\cardboard322.jpg,4032,3024,1.3333,JPEG,RGB,130.08,37.5,WARNING,possible_blur
trashnet,cardboard,,data\raw\trashnet\cardboard\cardboard323.jpg,4032,3024,1.3333,JPEG,RGB,120.83,27.08,WARNING,possible_blur
trashnet,cardboard,,data\raw\trashnet\cardboard\cardboard324.jpg,4032,3024,1.3333,JPEG,RGB,144.0,10.23,WARNING,possible_blur
trashnet,cardboard,,data\raw\trashnet\cardboard\cardboard325.jpg,4032,3024,1.3333,JPEG,RGB,143.72,31.18,WARNING,possible_blur
trashnet,cardboard,,data\raw\trashnet\cardboard\cardboard327.jpg,4032,3024,1.3333,JPEG,RGB,160.97,20.89,WARNING,possible_blur
trashnet,cardboard,,data\raw\trashnet\cardboard\cardboard328.jpg,4032,3024,1.3333,JPEG,RGB,157.75,8.28,WARNING,possible_blur
trashnet,cardboard,,data\raw\trashnet\cardboard\cardboard329.jpg,4032,3024,1.3333,JPEG,RGB,152.95,29.59,WARNING,possible_blur
trashnet,cardboard,,data\raw\trashnet\cardboard\cardboard33.jpg,4032,3024,1.3333,JPEG,RGB,169.29,25.77,WARNING,possible_blur
trashnet,cardboard,,data\raw\trashnet\cardboard\cardboard330.jpg,4032,3024,1.3333,JPEG,RGB,154.09,40.83,WARNING,possible_blur
trashnet,cardboard,,data\raw\trashnet\cardboard\cardboard332.jpg,4032,3024,1.3333,JPEG,RGB,160.42,9.2,WARNING,possible_blur
trashnet,cardboard,,data\raw\trashnet\cardboard\cardboard333.jpg,4032,3024,1.3333,JPEG,RGB,154.63,18.34,WARNING,possible_blur
trashnet,cardboard,,data\raw\trashnet\cardboard\cardboard334.jpg,4032,3024,1.3333,JPEG,RGB,111.83,17.96,WARNING,possible_blur
trashnet,cardboard,,data\raw\trashnet\cardboard\cardboard336.jpg,4032,3024,1.3333,JPEG,RGB,141.81,20.0,WARNING,possible_blur
trashnet,cardboard,,data\raw\trashnet\cardboard\cardboard337.jpg,4032,3024,1.3333,JPEG,RGB,144.52,13.62,WARNING,possible_blur
trashnet,cardboard,,data\raw\trashnet\cardboard\cardboard338.jpg,4032,3024,1.3333,JPEG,RGB,142.45,9.76,WARNING,possible_blur
trashnet,cardboard,,data\raw\trashnet\cardboard\cardboard34.jpg,4032,3024,1.3333,JPEG,RGB,156.74,14.7,WARNING,possible_blur
trashnet,cardboard,,data\raw\trashnet\cardboard\cardboard340.jpg,4032,3024,1.3333,JPEG,RGB,154.38,35.04,WARNING,possible_blur
trashnet,cardboard,,data\raw\trashnet\cardboard\cardboard341.jpg,4032,3024,1.3333,JPEG,RGB,154.76,6.98,WARNING,possible_blur
trashnet,cardboard,,data\raw\trashnet\cardboard\cardboard342.jpg,4032,3024,1.3333,JPEG,RGB,152.62,35.09,WARNING,possible_blur
trashnet,cardboard,,data\raw\trashnet\cardboard\cardboard343.jpg,4032,3024,1.3333,JPEG,RGB,163.9,19.46,WARNING,possible_blur
trashnet,cardboard,,data\raw\trashnet\cardboard\cardboard344.jpg,4032,3024,1.3333,JPEG,RGB,131.75,31.41,WARNING,possible_blur
trashnet,cardboard,,data\raw\trashnet\cardboard\cardboard345.jpg,4032,3024,1.3333,JPEG,RGB,153.23,44.59,WARNING,possible_blur
trashnet,cardboard,,data\raw\trashnet\cardboard\cardboard347.jpg,4032,3024,1.3333,JPEG,RGB,157.76,22.51,WARNING,possible_blur
trashnet,cardboard,,data\raw\trashnet\cardboard\cardboard348.jpg,4032,3024,1.3333,JPEG,RGB,124.54,31.12,WARNING,possible_blur
trashnet,cardboard,,data\raw\trashnet\cardboard\cardboard349.jpg,4032,3024,1.3333,JPEG,RGB,142.97,22.61,WARNING,possible_blur
trashnet,cardboard,,data\raw\trashnet\cardboard\cardboard350.jpg,4032,3024,1.3333,JPEG,RGB,147.39,24.9,WARNING,possible_blur
trashnet,cardboard,,data\raw\trashnet\cardboard\cardboard351.jpg,4032,3024,1.3333,JPEG,RGB,148.12,11.6,WARNING,possible_blur
trashnet,cardboard,,data\raw\trashnet\cardboard\cardboard352.jpg,4032,3024,1.3333,JPEG,RGB,162.93,11.26,WARNING,possible_blur
trashnet,cardboard,,data\raw\trashnet\cardboard\cardboard353.jpg,4032,3024,1.3333,JPEG,RGB,180.4,12.73,WARNING,possible_blur
trashnet,cardboard,,data\raw\trashnet\cardboard\cardboard354.jpg,4032,3024,1.3333,JPEG,RGB,175.98,9.53,WARNING,possible_blur
trashnet,cardboard,,data\raw\trashnet\cardboard\cardboard355.jpg,4032,3024,1.3333,JPEG,RGB,147.42,19.92,WARNING,possible_blur
trashnet,cardboard,,data\raw\trashnet\cardboard\cardboard356.jpg,4032,3024,1.3333,JPEG,RGB,143.94,17.17,WARNING,possible_blur
trashnet,cardboard,,data\raw\trashnet\cardboard\cardboard357.jpg,4032,3024,1.3333,JPEG,RGB,152.58,32.64,WARNING,possible_blur
trashnet,cardboard,,data\raw\trashnet\cardboard\cardboard358.jpg,4032,3024,1.3333,JPEG,RGB,159.35,43.11,WARNING,possible_blur
trashnet,cardboard,,data\raw\trashnet\cardboard\cardboard359.jpg,4032,3024,1.3333,JPEG,RGB,147.57,34.21,WARNING,possible_blur
trashnet,cardboard,,data\raw\trashnet\cardboard\cardboard36.jpg,4032,3024,1.3333,JPEG,RGB,150.33,17.87,WARNING,possible_blur
trashnet,cardboard,,data\raw\trashnet\cardboard\cardboard362.jpg,4032,3024,1.3333,JPEG,RGB,141.0,12.43,WARNING,possible_blur
trashnet,cardboard,,data\raw\trashnet\cardboard\cardboard364.jpg,4032,3024,1.3333,JPEG,RGB,130.06,13.86,WARNING,possible_blur
trashnet,cardboard,,data\raw\trashnet\cardboard\cardboard365.jpg,4032,3024,1.3333,JPEG,RGB,154.97,18.37,WARNING,possible_blur
trashnet,cardboard,,data\raw\trashnet\cardboard\cardboard367.jpg,4032,3024,1.3333,JPEG,RGB,170.9,24.85,WARNING,possible_blur
trashnet,cardboard,,data\raw\trashnet\cardboard\cardboard368.jpg,4032,3024,1.3333,JPEG,RGB,158.41,14.36,WARNING,possible_blur
trashnet,cardboard,,data\raw\trashnet\cardboard\cardboard369.jpg,4032,3024,1.3333,JPEG,RGB,152.22,24.09,WARNING,possible_blur
trashnet,cardboard,,data\raw\trashnet\cardboard\cardboard37.jpg,4032,3024,1.3333,JPEG,RGB,144.03,25.8,WARNING,possible_blur
trashnet,cardboard,,data\raw\trashnet\cardboard\cardboard371.jpg,4032,3024,1.3333,JPEG,RGB,152.04,16.0,WARNING,possible_blur
trashnet,cardboard,,data\raw\trashnet\cardboard\cardboard372.jpg,4032,3024,1.3333,JPEG,RGB,165.13,28.49,WARNING,possible_blur
trashnet,cardboard,,data\raw\trashnet\cardboard\cardboard373.jpg,4032,3024,1.3333,JPEG,RGB,154.22,44.65,WARNING,possible_blur
trashnet,cardboard,,data\raw\trashnet\cardboard\cardboard374.jpg,4032,3024,1.3333,JPEG,RGB,155.38,27.96,WARNING,possible_blur
trashnet,cardboard,,data\raw\trashnet\cardboard\cardboard375.jpg,4032,3024,1.3333,JPEG,RGB,138.05,33.02,WARNING,possible_blur
trashnet,cardboard,,data\raw\trashnet\cardboard\cardboard376.jpg,4032,3024,1.3333,JPEG,RGB,115.17,14.26,WARNING,possible_blur
trashnet,cardboard,,data\raw\trashnet\cardboard\cardboard377.jpg,4032,3024,1.3333,JPEG,RGB,155.72,17.32,WARNING,possible_blur
trashnet,cardboard,,data\raw\trashnet\cardboard\cardboard38.jpg,4032,3024,1.3333,JPEG,RGB,159.62,17.78,WARNING,possible_blur
trashnet,cardboard,,data\raw\trashnet\cardboard\cardboard380.jpg,4032,3024,1.3333,JPEG,RGB,149.13,9.66,WARNING,possible_blur
trashnet,cardboard,,data\raw\trashnet\cardboard\cardboard381.jpg,4032,3024,1.3333,JPEG,RGB,157.95,38.83,WARNING,possible_blur
trashnet,cardboard,,data\raw\trashnet\cardboard\cardboard382.jpg,4032,3024,1.3333,JPEG,RGB,159.56,8.09,WARNING,possible_blur
trashnet,cardboard,,data\raw\trashnet\cardboard\cardboard387.jpg,4032,3024,1.3333,JPEG,RGB,173.79,12.1,WARNING,possible_blur
trashnet,cardboard,,data\raw\trashnet\cardboard\cardboard389.jpg,4032,3024,1.3333,JPEG,RGB,150.31,11.59,WARNING,possible_blur
trashnet,cardboard,,data\raw\trashnet\cardboard\cardboard39.jpg,4032,3024,1.3333,JPEG,RGB,159.74,21.63,WARNING,possible_blur
trashnet,cardboard,,data\raw\trashnet\cardboard\cardboard390.jpg,4032,3024,1.3333,JPEG,RGB,145.59,23.57,WARNING,possible_blur
trashnet,cardboard,,data\raw\trashnet\cardboard\cardboard391.jpg,4032,3024,1.3333,JPEG,RGB,150.47,32.04,WARNING,possible_blur
trashnet,cardboard,,data\raw\trashnet\cardboard\cardboard392.jpg,4032,3024,1.3333,JPEG,RGB,175.38,12.23,WARNING,possible_blur
trashnet,cardboard,,data\raw\trashnet\cardboard\cardboard393.jpg,4032,3024,1.3333,JPEG,RGB,165.55,35.95,WARNING,possible_blur
trashnet,cardboard,,data\raw\trashnet\cardboard\cardboard394.jpg,4032,3024,1.3333,JPEG,RGB,156.49,4.58,WARNING,possible_blur
trashnet,cardboard,,data\raw\trashnet\cardboard\cardboard395.jpg,4032,3024,1.3333,JPEG,RGB,130.18,14.9,WARNING,possible_blur
trashnet,cardboard,,data\raw\trashnet\cardboard\cardboard396.jpg,4032,3024,1.3333,JPEG,RGB,152.09,40.98,WARNING,possible_blur
trashnet,cardboard,,data\raw\trashnet\cardboard\cardboard397.jpg,4032,3024,1.3333,JPEG,RGB,136.73,13.19,WARNING,possible_blur
trashnet,cardboard,,data\raw\trashnet\cardboard\cardboard398.jpg,4032,3024,1.3333,JPEG,RGB,148.38,45.36,WARNING,possible_blur
trashnet,cardboard,,data\raw\trashnet\cardboard\cardboard399.jpg,4032,3024,1.3333,JPEG,RGB,153.83,5.69,WARNING,possible_blur
trashnet,cardboard,,data\raw\trashnet\cardboard\cardboard40.jpg,4032,3024,1.3333,JPEG,RGB,158.08,32.97,WARNING,possible_blur
trashnet,cardboard,,data\raw\trashnet\cardboard\cardboard400.jpg,4032,3024,1.3333,JPEG,RGB,143.26,19.45,WARNING,possible_blur
trashnet,cardboard,,data\raw\trashnet\cardboard\cardboard401.jpg,4032,3024,1.3333,JPEG,RGB,140.83,6.1,WARNING,possible_blur
trashnet,cardboard,,data\raw\trashnet\cardboard\cardboard403.jpg,4032,3024,1.3333,JPEG,RGB,147.85,18.89,WARNING,possible_blur
trashnet,cardboard,,data\raw\trashnet\cardboard\cardboard41.jpg,4032,3024,1.3333,JPEG,RGB,149.53,32.33,WARNING,possible_blur
trashnet,cardboard,,data\raw\trashnet\cardboard\cardboard42.jpg,4032,3024,1.3333,JPEG,RGB,155.51,39.08,WARNING,possible_blur
trashnet,cardboard,,data\raw\trashnet\cardboard\cardboard43.jpg,4032,3024,1.3333,JPEG,RGB,195.05,1.95,WARNING,possible_blur
trashnet,cardboard,,data\raw\trashnet\cardboard\cardboard46.jpg,4032,3024,1.3333,JPEG,RGB,106.76,17.92,WARNING,possible_blur
trashnet,cardboard,,data\raw\trashnet\cardboard\cardboard47.jpg,4032,3024,1.3333,JPEG,RGB,161.04,3.11,WARNING,possible_blur
trashnet,cardboard,,data\raw\trashnet\cardboard\cardboard48.jpg,4032,3024,1.3333,JPEG,RGB,163.24,26.69,WARNING,possible_blur
trashnet,cardboard,,data\raw\trashnet\cardboard\cardboard49.jpg,4032,3024,1.3333,JPEG,RGB,143.11,17.2,WARNING,possible_blur
trashnet,cardboard,,data\raw\trashnet\cardboard\cardboard5.jpg,4032,3024,1.3333,JPEG,RGB,139.89,8.67,WARNING,possible_blur
trashnet,cardboard,,data\raw\trashnet\cardboard\cardboard51.jpg,4032,3024,1.3333,JPEG,RGB,158.31,35.85,WARNING,possible_blur
trashnet,cardboard,,data\raw\trashnet\cardboard\cardboard53.jpg,4032,3024,1.3333,JPEG,RGB,163.45,2.5,WARNING,possible_blur
trashnet,cardboard,,data\raw\trashnet\cardboard\cardboard54.jpg,4032,3024,1.3333,JPEG,RGB,170.5,19.12,WARNING,possible_blur
trashnet,cardboard,,data\raw\trashnet\cardboard\cardboard55.jpg,4032,3024,1.3333,JPEG,RGB,164.66,36.06,WARNING,possible_blur
trashnet,cardboard,,data\raw\trashnet\cardboard\cardboard56.jpg,4032,3024,1.3333,JPEG,RGB,153.96,45.12,WARNING,possible_blur
trashnet,cardboard,,data\raw\trashnet\cardboard\cardboard57.jpg,4032,3024,1.3333,JPEG,RGB,137.1,36.03,WARNING,possible_blur
trashnet,cardboard,,data\raw\trashnet\cardboard\cardboard58.jpg,4032,3024,1.3333,JPEG,RGB,170.14,31.65,WARNING,possible_blur
trashnet,cardboard,,data\raw\trashnet\cardboard\cardboard59.jpg,4032,3024,1.3333,JPEG,RGB,141.15,18.72,WARNING,possible_blur
trashnet,cardboard,,data\raw\trashnet\cardboard\cardboard6.jpg,4032,3024,1.3333,JPEG,RGB,153.74,14.64,WARNING,possible_blur
trashnet,cardboard,,data\raw\trashnet\cardboard\cardboard60.jpg,4032,3024,1.3333,JPEG,RGB,151.18,14.57,WARNING,possible_blur
trashnet,cardboard,,data\raw\trashnet\cardboard\cardboard61.jpg,4032,3024,1.3333,JPEG,RGB,111.71,14.38,WARNING,possible_blur
trashnet,cardboard,,data\raw\trashnet\cardboard\cardboard62.jpg,4032,3024,1.3333,JPEG,RGB,148.34,16.51,WARNING,possible_blur
trashnet,cardboard,,data\raw\trashnet\cardboard\cardboard63.jpg,4032,3024,1.3333,JPEG,RGB,159.47,11.63,WARNING,possible_blur
trashnet,cardboard,,data\raw\trashnet\cardboard\cardboard64.jpg,4032,3024,1.3333,JPEG,RGB,151.49,14.57,WARNING,possible_blur
trashnet,cardboard,,data\raw\trashnet\cardboard\cardboard67.jpg,4032,3024,1.3333,JPEG,RGB,155.68,8.63,WARNING,possible_blur
trashnet,cardboard,,data\raw\trashnet\cardboard\cardboard68.jpg,4032,3024,1.3333,JPEG,RGB,157.67,16.7,WARNING,possible_blur
trashnet,cardboard,,data\raw\trashnet\cardboard\cardboard69.jpg,4032,3024,1.3333,JPEG,RGB,157.74,23.21,WARNING,possible_blur
trashnet,cardboard,,data\raw\trashnet\cardboard\cardboard7.jpg,4032,3024,1.3333,JPEG,RGB,145.99,19.12,WARNING,possible_blur
trashnet,cardboard,,data\raw\trashnet\cardboard\cardboard70.jpg,4032,3024,1.3333,JPEG,RGB,134.16,40.91,WARNING,possible_blur
trashnet,cardboard,,data\raw\trashnet\cardboard\cardboard71.jpg,4032,3024,1.3333,JPEG,RGB,150.25,24.99,WARNING,possible_blur
trashnet,cardboard,,data\raw\trashnet\cardboard\cardboard73.jpg,4032,3024,1.3333,JPEG,RGB,156.65,17.45,WARNING,possible_blur
trashnet,cardboard,,data\raw\trashnet\cardboard\cardboard74.jpg,4032,3024,1.3333,JPEG,RGB,136.72,12.99,WARNING,possible_blur
trashnet,cardboard,,data\raw\trashnet\cardboard\cardboard75.jpg,4032,3024,1.3333,JPEG,RGB,153.72,4.52,WARNING,possible_blur
trashnet,cardboard,,data\raw\trashnet\cardboard\cardboard76.jpg,4032,3024,1.3333,JPEG,RGB,149.95,23.52,WARNING,possible_blur
trashnet,cardboard,,data\raw\trashnet\cardboard\cardboard77.jpg,4032,3024,1.3333,JPEG,RGB,123.57,12.58,WARNING,possible_blur
trashnet,cardboard,,data\raw\trashnet\cardboard\cardboard78.jpg,4032,3024,1.3333,JPEG,RGB,160.91,22.4,WARNING,possible_blur
trashnet,cardboard,,data\raw\trashnet\cardboard\cardboard8.jpg,4032,3024,1.3333,JPEG,RGB,109.93,13.93,WARNING,possible_blur
trashnet,cardboard,,data\raw\trashnet\cardboard\cardboard80.jpg,4032,3024,1.3333,JPEG,RGB,127.75,33.56,WARNING,possible_blur
trashnet,cardboard,,data\raw\trashnet\cardboard\cardboard81.jpg,4032,3024,1.3333,JPEG,RGB,124.68,41.41,WARNING,possible_blur
trashnet,cardboard,,data\raw\trashnet\cardboard\cardboard83.jpg,4032,3024,1.3333,JPEG,RGB,146.72,16.87,WARNING,possible_blur
trashnet,cardboard,,data\raw\trashnet\cardboard\cardboard84.jpg,4032,3024,1.3333,JPEG,RGB,157.83,32.5,WARNING,possible_blur
trashnet,cardboard,,data\raw\trashnet\cardboard\cardboard85.jpg,4032,3024,1.3333,JPEG,RGB,157.28,35.41,WARNING,possible_blur
trashnet,cardboard,,data\raw\trashnet\cardboard\cardboard86.jpg,4032,3024,1.3333,JPEG,RGB,147.47,8.0,WARNING,possible_blur
trashnet,cardboard,,data\raw\trashnet\cardboard\cardboard87.jpg,4032,3024,1.3333,JPEG,RGB,151.68,14.65,WARNING,possible_blur
trashnet,cardboard,,data\raw\trashnet\cardboard\cardboard89.jpg,4032,3024,1.3333,JPEG,RGB,155.06,26.68,WARNING,possible_blur
trashnet,cardboard,,data\raw\trashnet\cardboard\cardboard9.jpg,4032,3024,1.3333,JPEG,RGB,147.98,13.99,WARNING,possible_blur
trashnet,cardboard,,data\raw\trashnet\cardboard\cardboard90.jpg,4032,3024,1.3333,JPEG,RGB,162.36,32.1,WARNING,possible_blur
trashnet,cardboard,,data\raw\trashnet\cardboard\cardboard91.jpg,4032,3024,1.3333,JPEG,RGB,137.21,9.97,WARNING,possible_blur
trashnet,cardboard,,data\raw\trashnet\cardboard\cardboard92.jpg,4032,3024,1.3333,JPEG,RGB,158.12,29.08,WARNING,possible_blur
trashnet,cardboard,,data\raw\trashnet\cardboard\cardboard93.jpg,4032,3024,1.3333,JPEG,RGB,135.09,22.2,WARNING,possible_blur
trashnet,cardboard,,data\raw\trashnet\cardboard\cardboard94.jpg,4032,3024,1.3333,JPEG,RGB,120.11,29.33,WARNING,possible_blur
trashnet,cardboard,,data\raw\trashnet\cardboard\cardboard96.jpg,4032,3024,1.3333,JPEG,RGB,137.89,27.17,WARNING,possible_blur
trashnet,cardboard,,data\raw\trashnet\cardboard\cardboard97.jpg,4032,3024,1.3333,JPEG,RGB,157.66,20.38,WARNING,possible_blur
trashnet,cardboard,,data\raw\trashnet\cardboard\cardboard98.jpg,4032,3024,1.3333,JPEG,RGB,152.55,26.1,WARNING,possible_blur
trashnet,cardboard,,data\raw\trashnet\cardboard\cardboard99.jpg,4032,3024,1.3333,JPEG,RGB,174.0,16.24,WARNING,possible_blur
trashnet,glass,,data\raw\trashnet\glass\glass1.jpg,3264,2448,1.3333,JPEG,RGB,194.3,5.8,WARNING,possible_blur
trashnet,glass,,data\raw\trashnet\glass\glass10.jpg,3264,2448,1.3333,JPEG,RGB,201.47,7.33,WARNING,possible_blur
trashnet,glass,,data\raw\trashnet\glass\glass102.jpg,4032,3024,1.3333,JPEG,RGB,170.71,26.83,WARNING,possible_blur
trashnet,glass,,data\raw\trashnet\glass\glass103.jpg,4032,3024,1.3333,JPEG,RGB,171.17,15.48,WARNING,possible_blur
trashnet,glass,,data\raw\trashnet\glass\glass104.jpg,4032,3024,1.3333,JPEG,RGB,172.46,13.15,WARNING,possible_blur
trashnet,glass,,data\raw\trashnet\glass\glass105.jpg,3264,2448,1.3333,JPEG,RGB,195.82,26.72,WARNING,possible_blur
trashnet,glass,,data\raw\trashnet\glass\glass106.jpg,4032,3024,1.3333,JPEG,RGB,172.89,16.16,WARNING,possible_blur
trashnet,glass,,data\raw\trashnet\glass\glass107.jpg,4032,3024,1.3333,JPEG,RGB,167.81,29.7,WARNING,possible_blur
trashnet,glass,,data\raw\trashnet\glass\glass108.jpg,4032,3024,1.3333,JPEG,RGB,188.94,21.09,WARNING,possible_blur
trashnet,glass,,data\raw\trashnet\glass\glass109.jpg,4032,3024,1.3333,JPEG,RGB,164.52,27.03,WARNING,possible_blur
trashnet,glass,,data\raw\trashnet\glass\glass11.jpg,3264,2448,1.3333,JPEG,RGB,188.58,32.37,WARNING,possible_blur
trashnet,glass,,data\raw\trashnet\glass\glass111.jpg,4032,3024,1.3333,JPEG,RGB,175.35,25.47,WARNING,possible_blur
trashnet,glass,,data\raw\trashnet\glass\glass112.jpg,4032,3024,1.3333,JPEG,RGB,176.93,10.45,WARNING,possible_blur
trashnet,glass,,data\raw\trashnet\glass\glass113.jpg,4032,3024,1.3333,JPEG,RGB,178.49,4.2,WARNING,possible_blur
trashnet,glass,,data\raw\trashnet\glass\glass114.jpg,4032,3024,1.3333,JPEG,RGB,174.88,30.75,WARNING,possible_blur
trashnet,glass,,data\raw\trashnet\glass\glass115.jpg,4032,3024,1.3333,JPEG,RGB,182.43,19.98,WARNING,possible_blur
trashnet,glass,,data\raw\trashnet\glass\glass116.jpg,4032,3024,1.3333,JPEG,RGB,154.65,11.19,WARNING,possible_blur
trashnet,glass,,data\raw\trashnet\glass\glass118.jpg,4032,3024,1.3333,JPEG,RGB,151.92,37.56,WARNING,possible_blur
trashnet,glass,,data\raw\trashnet\glass\glass119.jpg,4032,3024,1.3333,JPEG,RGB,143.89,6.52,WARNING,possible_blur
trashnet,glass,,data\raw\trashnet\glass\glass12.jpg,3264,2448,1.3333,JPEG,RGB,150.35,10.68,WARNING,possible_blur
trashnet,glass,,data\raw\trashnet\glass\glass120.jpg,4032,3024,1.3333,JPEG,RGB,171.86,6.89,WARNING,possible_blur
trashnet,glass,,data\raw\trashnet\glass\glass121.jpg,4032,3024,1.3333,JPEG,RGB,161.66,29.38,WARNING,possible_blur
trashnet,glass,,data\raw\trashnet\glass\glass122.jpg,4032,3024,1.3333,JPEG,RGB,162.51,42.85,WARNING,possible_blur
trashnet,glass,,data\raw\trashnet\glass\glass123.jpg,4032,3024,1.3333,JPEG,RGB,157.6,10.2,WARNING,possible_blur
trashnet,glass,,data\raw\trashnet\glass\glass125.jpg,4032,3024,1.3333,JPEG,RGB,169.51,30.61,WARNING,possible_blur
trashnet,glass,,data\raw\trashnet\glass\glass126.jpg,4032,3024,1.3333,JPEG,RGB,178.26,19.63,WARNING,possible_blur
trashnet,glass,,data\raw\trashnet\glass\glass127.jpg,4032,3024,1.3333,JPEG,RGB,183.04,6.9,WARNING,possible_blur
trashnet,glass,,data\raw\trashnet\glass\glass128.jpg,4032,3024,1.3333,JPEG,RGB,164.12,43.14,WARNING,possible_blur
trashnet,glass,,data\raw\trashnet\glass\glass129.jpg,4032,3024,1.3333,JPEG,RGB,162.58,20.04,WARNING,possible_blur
trashnet,glass,,data\raw\trashnet\glass\glass13.jpg,3264,2448,1.3333,JPEG,RGB,150.46,15.48,WARNING,possible_blur
trashnet,glass,,data\raw\trashnet\glass\glass130.jpg,4032,3024,1.3333,JPEG,RGB,166.43,14.95,WARNING,possible_blur
trashnet,glass,,data\raw\trashnet\glass\glass131.jpg,4032,3024,1.3333,JPEG,RGB,180.12,28.61,WARNING,possible_blur
trashnet,glass,,data\raw\trashnet\glass\glass132.jpg,4032,3024,1.3333,JPEG,RGB,174.09,11.1,WARNING,possible_blur
trashnet,glass,,data\raw\trashnet\glass\glass133.jpg,4032,3024,1.3333,JPEG,RGB,170.19,42.41,WARNING,possible_blur
trashnet,glass,,data\raw\trashnet\glass\glass134.jpg,4032,3024,1.3333,JPEG,RGB,185.97,12.13,WARNING,possible_blur
trashnet,glass,,data\raw\trashnet\glass\glass135.jpg,4032,3024,1.3333,JPEG,RGB,177.95,24.77,WARNING,possible_blur
trashnet,glass,,data\raw\trashnet\glass\glass136.jpg,4032,3024,1.3333,JPEG,RGB,169.31,21.54,WARNING,possible_blur
trashnet,glass,,data\raw\trashnet\glass\glass137.jpg,4032,3024,1.3333,JPEG,RGB,150.71,7.72,WARNING,possible_blur
trashnet,glass,,data\raw\trashnet\glass\glass138.jpg,4032,3024,1.3333,JPEG,RGB,175.91,17.56,WARNING,possible_blur
trashnet,glass,,data\raw\trashnet\glass\glass139.jpg,4032,3024,1.3333,JPEG,RGB,170.83,12.01,WARNING,possible_blur
trashnet,glass,,data\raw\trashnet\glass\glass14.jpg,3264,2448,1.3333,JPEG,RGB,149.96,12.22,WARNING,possible_blur
trashnet,glass,,data\raw\trashnet\glass\glass140.jpg,4032,3024,1.3333,JPEG,RGB,186.32,14.05,WARNING,possible_blur
trashnet,glass,,data\raw\trashnet\glass\glass141.jpg,4032,3024,1.3333,JPEG,RGB,164.99,6.09,WARNING,possible_blur
trashnet,glass,,data\raw\trashnet\glass\glass142.jpg,4032,3024,1.3333,JPEG,RGB,152.69,20.2,WARNING,possible_blur
trashnet,glass,,data\raw\trashnet\glass\glass143.jpg,4032,3024,1.3333,JPEG,RGB,160.18,18.03,WARNING,possible_blur
trashnet,glass,,data\raw\trashnet\glass\glass144.jpg,4032,3024,1.3333,JPEG,RGB,174.71,37.75,WARNING,possible_blur
trashnet,glass,,data\raw\trashnet\glass\glass146.jpg,4032,3024,1.3333,JPEG,RGB,177.68,13.03,WARNING,possible_blur
trashnet,glass,,data\raw\trashnet\glass\glass147.jpg,4032,3024,1.3333,JPEG,RGB,149.05,10.56,WARNING,possible_blur
trashnet,glass,,data\raw\trashnet\glass\glass148.jpg,4032,3024,1.3333,JPEG,RGB,170.93,17.49,WARNING,possible_blur
trashnet,glass,,data\raw\trashnet\glass\glass149.jpg,4032,3024,1.3333,JPEG,RGB,165.84,17.02,WARNING,possible_blur
trashnet,glass,,data\raw\trashnet\glass\glass15.jpg,3264,2448,1.3333,JPEG,RGB,150.86,12.39,WARNING,possible_blur
trashnet,glass,,data\raw\trashnet\glass\glass150.jpg,4032,3024,1.3333,JPEG,RGB,172.67,11.15,WARNING,possible_blur
trashnet,glass,,data\raw\trashnet\glass\glass153.jpg,4032,3024,1.3333,JPEG,RGB,176.76,22.56,WARNING,possible_blur
trashnet,glass,,data\raw\trashnet\glass\glass154.jpg,4032,3024,1.3333,JPEG,RGB,165.44,38.58,WARNING,possible_blur
trashnet,glass,,data\raw\trashnet\glass\glass156.jpg,4032,3024,1.3333,JPEG,RGB,156.06,7.49,WARNING,possible_blur
trashnet,glass,,data\raw\trashnet\glass\glass157.jpg,4032,3024,1.3333,JPEG,RGB,165.25,8.56,WARNING,possible_blur
trashnet,glass,,data\raw\trashnet\glass\glass16.jpg,3264,2448,1.3333,JPEG,RGB,151.61,13.52,WARNING,possible_blur
trashnet,glass,,data\raw\trashnet\glass\glass160.jpg,4032,3024,1.3333,JPEG,RGB,171.93,45.45,WARNING,possible_blur
trashnet,glass,,data\raw\trashnet\glass\glass161.jpg,4032,3024,1.3333,JPEG,RGB,177.09,17.68,WARNING,possible_blur
trashnet,glass,,data\raw\trashnet\glass\glass162.jpg,4032,3024,1.3333,JPEG,RGB,149.16,26.42,WARNING,possible_blur
trashnet,glass,,data\raw\trashnet\glass\glass163.jpg,4032,3024,1.3333,JPEG,RGB,166.32,7.29,WARNING,possible_blur
trashnet,glass,,data\raw\trashnet\glass\glass165.jpg,4032,3024,1.3333,JPEG,RGB,155.84,10.65,WARNING,possible_blur
trashnet,glass,,data\raw\trashnet\glass\glass166.jpg,4032,3024,1.3333,JPEG,RGB,186.88,32.5,WARNING,possible_blur
trashnet,glass,,data\raw\trashnet\glass\glass167.jpg,4032,3024,1.3333,JPEG,RGB,142.94,12.88,WARNING,possible_blur
trashnet,glass,,data\raw\trashnet\glass\glass168.jpg,4032,3024,1.3333,JPEG,RGB,182.35,15.67,WARNING,possible_blur
trashnet,glass,,data\raw\trashnet\glass\glass169.jpg,3264,2448,1.3333,JPEG,RGB,167.73,11.56,WARNING,possible_blur
trashnet,glass,,data\raw\trashnet\glass\glass170.jpg,3264,2448,1.3333,JPEG,RGB,173.91,11.15,WARNING,possible_blur
trashnet,glass,,data\raw\trashnet\glass\glass171.jpg,3264,2448,1.3333,JPEG,RGB,166.85,15.24,WARNING,possible_blur
trashnet,glass,,data\raw\trashnet\glass\glass172.jpg,4032,3024,1.3333,JPEG,RGB,192.57,10.28,WARNING,possible_blur
trashnet,glass,,data\raw\trashnet\glass\glass173.jpg,4032,3024,1.3333,JPEG,RGB,195.44,4.41,WARNING,possible_blur
trashnet,glass,,data\raw\trashnet\glass\glass174.jpg,4032,3024,1.3333,JPEG,RGB,161.21,8.27,WARNING,possible_blur
trashnet,glass,,data\raw\trashnet\glass\glass175.jpg,4032,3024,1.3333,JPEG,RGB,199.22,9.32,WARNING,possible_blur
trashnet,glass,,data\raw\trashnet\glass\glass176.jpg,4032,3024,1.3333,JPEG,RGB,164.77,6.33,WARNING,possible_blur
trashnet,glass,,data\raw\trashnet\glass\glass177.jpg,4032,3024,1.3333,JPEG,RGB,178.07,44.75,WARNING,possible_blur
trashnet,glass,,data\raw\trashnet\glass\glass178.jpg,3264,2448,1.3333,JPEG,RGB,141.03,16.48,WARNING,possible_blur
trashnet,glass,,data\raw\trashnet\glass\glass179.jpg,4032,3024,1.3333,JPEG,RGB,135.87,9.14,WARNING,possible_blur
trashnet,glass,,data\raw\trashnet\glass\glass18.jpg,4032,3024,1.3333,JPEG,RGB,174.22,23.92,WARNING,possible_blur
trashnet,glass,,data\raw\trashnet\glass\glass180.jpg,3264,2448,1.3333,JPEG,RGB,146.01,14.99,WARNING,possible_blur
trashnet,glass,,data\raw\trashnet\glass\glass182.jpg,4032,3024,1.3333,JPEG,RGB,180.9,9.19,WARNING,possible_blur
trashnet,glass,,data\raw\trashnet\glass\glass183.jpg,3264,2448,1.3333,JPEG,RGB,154.06,14.23,WARNING,possible_blur
trashnet,glass,,data\raw\trashnet\glass\glass184.jpg,4032,3024,1.3333,JPEG,RGB,174.52,15.36,WARNING,possible_blur
trashnet,glass,,data\raw\trashnet\glass\glass185.jpg,4032,3024,1.3333,JPEG,RGB,159.13,42.74,WARNING,possible_blur
trashnet,glass,,data\raw\trashnet\glass\glass186.jpg,4032,3024,1.3333,JPEG,RGB,136.64,44.51,WARNING,possible_blur
trashnet,glass,,data\raw\trashnet\glass\glass187.jpg,3264,2448,1.3333,JPEG,RGB,147.27,12.62,WARNING,possible_blur
trashnet,glass,,data\raw\trashnet\glass\glass188.jpg,3264,2448,1.3333,JPEG,RGB,150.73,11.33,WARNING,possible_blur
trashnet,glass,,data\raw\trashnet\glass\glass189.jpg,4032,3024,1.3333,JPEG,RGB,186.74,5.75,WARNING,possible_blur
trashnet,glass,,data\raw\trashnet\glass\glass19.jpg,4032,3024,1.3333,JPEG,RGB,161.05,32.02,WARNING,possible_blur
trashnet,glass,,data\raw\trashnet\glass\glass190.jpg,4032,3024,1.3333,JPEG,RGB,154.75,9.96,WARNING,possible_blur
trashnet,glass,,data\raw\trashnet\glass\glass191.jpg,3264,2448,1.3333,JPEG,RGB,149.1,11.92,WARNING,possible_blur
trashnet,glass,,data\raw\trashnet\glass\glass192.jpg,4032,3024,1.3333,JPEG,RGB,137.78,5.53,WARNING,possible_blur
trashnet,glass,,data\raw\trashnet\glass\glass193.jpg,3264,2448,1.3333,JPEG,RGB,171.6,14.18,WARNING,possible_blur
trashnet,glass,,data\raw\trashnet\glass\glass194.jpg,3264,2448,1.3333,JPEG,RGB,175.75,9.43,WARNING,possible_blur
trashnet,glass,,data\raw\trashnet\glass\glass195.jpg,4032,3024,1.3333,JPEG,RGB,169.78,29.89,WARNING,possible_blur
trashnet,glass,,data\raw\trashnet\glass\glass196.jpg,3264,2448,1.3333,JPEG,RGB,152.13,9.33,WARNING,possible_blur
trashnet,glass,,data\raw\trashnet\glass\glass198.jpg,4032,3024,1.3333,JPEG,RGB,168.5,8.57,WARNING,possible_blur
trashnet,glass,,data\raw\trashnet\glass\glass199.jpg,4032,3024,1.3333,JPEG,RGB,131.45,10.48,WARNING,possible_blur
trashnet,glass,,data\raw\trashnet\glass\glass2.jpg,3264,2448,1.3333,JPEG,RGB,143.81,16.99,WARNING,possible_blur
trashnet,glass,,data\raw\trashnet\glass\glass20.jpg,4032,3024,1.3333,JPEG,RGB,164.47,35.56,WARNING,possible_blur
trashnet,glass,,data\raw\trashnet\glass\glass200.jpg,4032,3024,1.3333,JPEG,RGB,159.93,10.53,WARNING,possible_blur
trashnet,glass,,data\raw\trashnet\glass\glass201.jpg,4032,3024,1.3333,JPEG,RGB,177.94,9.53,WARNING,possible_blur
trashnet,glass,,data\raw\trashnet\glass\glass202.jpg,4032,3024,1.3333,JPEG,RGB,172.67,30.14,WARNING,possible_blur
trashnet,glass,,data\raw\trashnet\glass\glass203.jpg,3264,2448,1.3333,JPEG,RGB,154.45,5.99,WARNING,possible_blur
trashnet,glass,,data\raw\trashnet\glass\glass204.jpg,3264,2448,1.3333,JPEG,RGB,158.27,8.56,WARNING,possible_blur
trashnet,glass,,data\raw\trashnet\glass\glass205.jpg,3264,2448,1.3333,JPEG,RGB,150.49,11.3,WARNING,possible_blur
trashnet,glass,,data\raw\trashnet\glass\glass206.jpg,3264,2448,1.3333,JPEG,RGB,155.54,8.29,WARNING,possible_blur
trashnet,glass,,data\raw\trashnet\glass\glass208.jpg,3264,2448,1.3333,JPEG,RGB,164.95,22.52,WARNING,possible_blur
trashnet,glass,,data\raw\trashnet\glass\glass209.jpg,3264,2448,1.3333,JPEG,RGB,157.96,7.05,WARNING,possible_blur
trashnet,glass,,data\raw\trashnet\glass\glass21.jpg,4032,3024,1.3333,JPEG,RGB,158.22,13.73,WARNING,possible_blur
trashnet,glass,,data\raw\trashnet\glass\glass210.jpg,3264,2448,1.3333,JPEG,RGB,148.04,8.26,WARNING,possible_blur
trashnet,glass,,data\raw\trashnet\glass\glass211.jpg,3264,2448,1.3333,JPEG,RGB,145.05,7.33,WARNING,possible_blur
trashnet,glass,,data\raw\trashnet\glass\glass212.jpg,3264,2448,1.3333,JPEG,RGB,140.5,7.77,WARNING,possible_blur
trashnet,glass,,data\raw\trashnet\glass\glass213.jpg,3264,2448,1.3333,JPEG,RGB,145.66,5.57,WARNING,possible_blur
trashnet,glass,,data\raw\trashnet\glass\glass214.jpg,3264,2448,1.3333,JPEG,RGB,142.45,9.99,WARNING,possible_blur
trashnet,glass,,data\raw\trashnet\glass\glass215.jpg,3264,2448,1.3333,JPEG,RGB,197.37,28.38,WARNING,possible_blur
trashnet,glass,,data\raw\trashnet\glass\glass216.jpg,3264,2448,1.3333,JPEG,RGB,191.19,11.34,WARNING,possible_blur
trashnet,glass,,data\raw\trashnet\glass\glass218.jpg,3264,2448,1.3333,JPEG,RGB,195.05,32.71,WARNING,possible_blur
trashnet,glass,,data\raw\trashnet\glass\glass22.jpg,4032,3024,1.3333,JPEG,RGB,175.33,32.96,WARNING,possible_blur
trashnet,glass,,data\raw\trashnet\glass\glass220.jpg,3264,2448,1.3333,JPEG,RGB,180.2,8.32,WARNING,possible_blur
trashnet,glass,,data\raw\trashnet\glass\glass221.jpg,3264,2448,1.3333,JPEG,RGB,161.15,17.73,WARNING,possible_blur
trashnet,glass,,data\raw\trashnet\glass\glass222.jpg,3264,2448,1.3333,JPEG,RGB,193.03,16.16,WARNING,possible_blur
trashnet,glass,,data\raw\trashnet\glass\glass223.jpg,3264,2448,1.3333,JPEG,RGB,176.5,9.82,WARNING,possible_blur
trashnet,glass,,data\raw\trashnet\glass\glass224.jpg,3264,2448,1.3333,JPEG,RGB,167.16,4.99,WARNING,possible_blur
trashnet,glass,,data\raw\trashnet\glass\glass225.jpg,3264,2448,1.3333,JPEG,RGB,168.12,13.2,WARNING,possible_blur
trashnet,glass,,data\raw\trashnet\glass\glass226.jpg,4032,3024,1.3333,JPEG,RGB,177.59,21.19,WARNING,possible_blur
trashnet,glass,,data\raw\trashnet\glass\glass227.jpg,3264,2448,1.3333,JPEG,RGB,187.96,6.58,WARNING,possible_blur
trashnet,glass,,data\raw\trashnet\glass\glass228.jpg,3264,2448,1.3333,JPEG,RGB,185.61,3.9,WARNING,possible_blur
trashnet,glass,,data\raw\trashnet\glass\glass23.jpg,4032,3024,1.3333,JPEG,RGB,172.98,38.28,WARNING,possible_blur
trashnet,glass,,data\raw\trashnet\glass\glass230.jpg,3264,2448,1.3333,JPEG,RGB,188.73,6.82,WARNING,possible_blur
trashnet,glass,,data\raw\trashnet\glass\glass231.jpg,3264,2448,1.3333,JPEG,RGB,180.23,11.11,WARNING,possible_blur
trashnet,glass,,data\raw\trashnet\glass\glass232.jpg,4032,3024,1.3333,JPEG,RGB,175.98,16.03,WARNING,possible_blur
trashnet,glass,,data\raw\trashnet\glass\glass233.jpg,3264,2448,1.3333,JPEG,RGB,165.13,8.22,WARNING,possible_blur
trashnet,glass,,data\raw\trashnet\glass\glass234.jpg,3264,2448,1.3333,JPEG,RGB,149.56,7.34,WARNING,possible_blur
trashnet,glass,,data\raw\trashnet\glass\glass235.jpg,3264,2448,1.3333,JPEG,RGB,147.27,19.7,WARNING,possible_blur
trashnet,glass,,data\raw\trashnet\glass\glass236.jpg,3264,2448,1.3333,JPEG,RGB,193.43,26.4,WARNING,possible_blur
trashnet,glass,,data\raw\trashnet\glass\glass237.jpg,3264,2448,1.3333,JPEG,RGB,194.34,16.54,WARNING,possible_blur
trashnet,glass,,data\raw\trashnet\glass\glass238.jpg,3264,2448,1.3333,JPEG,RGB,185.92,14.26,WARNING,possible_blur
trashnet,glass,,data\raw\trashnet\glass\glass239.jpg,3264,2448,1.3333,JPEG,RGB,184.11,31.87,WARNING,possible_blur
trashnet,glass,,data\raw\trashnet\glass\glass24.jpg,4032,3024,1.3333,JPEG,RGB,180.13,6.72,WARNING,possible_blur
trashnet,glass,,data\raw\trashnet\glass\glass240.jpg,3264,2448,1.3333,JPEG,RGB,185.92,30.21,WARNING,possible_blur
trashnet,glass,,data\raw\trashnet\glass\glass241.jpg,3264,2448,1.3333,JPEG,RGB,176.53,15.24,WARNING,possible_blur
trashnet,glass,,data\raw\trashnet\glass\glass242.jpg,3264,2448,1.3333,JPEG,RGB,182.2,5.51,WARNING,possible_blur
trashnet,glass,,data\raw\trashnet\glass\glass243.jpg,3264,2448,1.3333,JPEG,RGB,182.8,7.57,WARNING,possible_blur
trashnet,glass,,data\raw\trashnet\glass\glass244.jpg,4032,3024,1.3333,JPEG,RGB,187.93,5.15,WARNING,possible_blur
trashnet,glass,,data\raw\trashnet\glass\glass245.jpg,3264,2448,1.3333,JPEG,RGB,189.71,12.0,WARNING,possible_blur
trashnet,glass,,data\raw\trashnet\glass\glass246.jpg,3264,2448,1.3333,JPEG,RGB,192.35,3.88,WARNING,possible_blur
trashnet,glass,,data\raw\trashnet\glass\glass247.jpg,3264,2448,1.3333,JPEG,RGB,185.77,15.78,WARNING,possible_blur
trashnet,glass,,data\raw\trashnet\glass\glass248.jpg,3264,2448,1.3333,JPEG,RGB,191.81,31.12,WARNING,possible_blur
trashnet,glass,,data\raw\trashnet\glass\glass249.jpg,3264,2448,1.3333,JPEG,RGB,170.37,8.03,WARNING,possible_blur
trashnet,glass,,data\raw\trashnet\glass\glass25.jpg,4032,3024,1.3333,JPEG,RGB,181.81,8.65,WARNING,possible_blur
trashnet,glass,,data\raw\trashnet\glass\glass250.jpg,3264,2448,1.3333,JPEG,RGB,189.97,12.64,WARNING,possible_blur
trashnet,glass,,data\raw\trashnet\glass\glass251.jpg,4032,3024,1.3333,JPEG,RGB,157.58,6.87,WARNING,possible_blur
trashnet,glass,,data\raw\trashnet\glass\glass252.jpg,3264,2448,1.3333,JPEG,RGB,197.42,36.3,WARNING,possible_blur
trashnet,glass,,data\raw\trashnet\glass\glass253.jpg,3264,2448,1.3333,JPEG,RGB,181.7,38.22,WARNING,possible_blur
trashnet,glass,,data\raw\trashnet\glass\glass254.jpg,3264,2448,1.3333,JPEG,RGB,195.54,23.56,WARNING,possible_blur
trashnet,glass,,data\raw\trashnet\glass\glass256.jpg,3264,2448,1.3333,JPEG,RGB,188.34,10.49,WARNING,possible_blur
trashnet,glass,,data\raw\trashnet\glass\glass257.jpg,4032,3024,1.3333,JPEG,RGB,164.98,7.76,WARNING,possible_blur
trashnet,glass,,data\raw\trashnet\glass\glass258.jpg,3264,2448,1.3333,JPEG,RGB,209.87,9.06,WARNING,possible_blur
trashnet,glass,,data\raw\trashnet\glass\glass259.jpg,3264,2448,1.3333,JPEG,RGB,193.45,20.47,WARNING,possible_blur
trashnet,glass,,data\raw\trashnet\glass\glass26.jpg,4032,3024,1.3333,JPEG,RGB,183.21,18.78,WARNING,possible_blur
trashnet,glass,,data\raw\trashnet\glass\glass260.jpg,4032,3024,1.3333,JPEG,RGB,148.8,18.64,WARNING,possible_blur
trashnet,glass,,data\raw\trashnet\glass\glass261.jpg,3264,2448,1.3333,JPEG,RGB,203.51,48.51,WARNING,possible_blur
trashnet,glass,,data\raw\trashnet\glass\glass262.jpg,3264,2448,1.3333,JPEG,RGB,213.82,7.28,WARNING,possible_blur
trashnet,glass,,data\raw\trashnet\glass\glass263.jpg,3264,2448,1.3333,JPEG,RGB,197.81,15.8,WARNING,possible_blur
trashnet,glass,,data\raw\trashnet\glass\glass264.jpg,3264,2448,1.3333,JPEG,RGB,196.25,42.75,WARNING,possible_blur
trashnet,glass,,data\raw\trashnet\glass\glass266.jpg,3264,2448,1.3333,JPEG,RGB,195.15,30.69,WARNING,possible_blur
trashnet,glass,,data\raw\trashnet\glass\glass268.jpg,3264,2448,1.3333,JPEG,RGB,193.92,32.49,WARNING,possible_blur
trashnet,glass,,data\raw\trashnet\glass\glass269.jpg,3264,2448,1.3333,JPEG,RGB,186.91,38.64,WARNING,possible_blur
trashnet,glass,,data\raw\trashnet\glass\glass270.jpg,3264,2448,1.3333,JPEG,RGB,166.11,16.06,WARNING,possible_blur
trashnet,glass,,data\raw\trashnet\glass\glass271.jpg,3264,2448,1.3333,JPEG,RGB,198.39,49.95,WARNING,possible_blur
trashnet,glass,,data\raw\trashnet\glass\glass274.jpg,3264,2448,1.3333,JPEG,RGB,197.0,19.83,WARNING,possible_blur
trashnet,glass,,data\raw\trashnet\glass\glass275.jpg,3264,2448,1.3333,JPEG,RGB,204.89,23.12,WARNING,possible_blur
trashnet,glass,,data\raw\trashnet\glass\glass276.jpg,4032,3024,1.3333,JPEG,RGB,190.92,7.64,WARNING,possible_blur
trashnet,glass,,data\raw\trashnet\glass\glass279.jpg,4032,3024,1.3333,JPEG,RGB,176.12,8.41,WARNING,possible_blur
trashnet,glass,,data\raw\trashnet\glass\glass280.jpg,4032,3024,1.3333,JPEG,RGB,173.81,10.62,WARNING,possible_blur
trashnet,glass,,data\raw\trashnet\glass\glass281.jpg,4032,3024,1.3333,JPEG,RGB,190.49,10.57,WARNING,possible_blur
trashnet,glass,,data\raw\trashnet\glass\glass283.jpg,4032,3024,1.3333,JPEG,RGB,183.53,11.02,WARNING,possible_blur
trashnet,glass,,data\raw\trashnet\glass\glass285.jpg,4032,3024,1.3333,JPEG,RGB,169.09,8.6,WARNING,possible_blur
trashnet,glass,,data\raw\trashnet\glass\glass287.jpg,4032,3024,1.3333,JPEG,RGB,169.27,4.81,WARNING,possible_blur
trashnet,glass,,data\raw\trashnet\glass\glass289.jpg,4032,3024,1.3333,JPEG,RGB,188.48,13.38,WARNING,possible_blur
trashnet,glass,,data\raw\trashnet\glass\glass29.jpg,4032,3024,1.3333,JPEG,RGB,173.19,10.11,WARNING,possible_blur
trashnet,glass,,data\raw\trashnet\glass\glass290.jpg,4032,3024,1.3333,JPEG,RGB,173.6,8.22,WARNING,possible_blur
trashnet,glass,,data\raw\trashnet\glass\glass291.jpg,4032,3024,1.3333,JPEG,RGB,167.08,21.38,WARNING,possible_blur
trashnet,glass,,data\raw\trashnet\glass\glass292.jpg,4032,3024,1.3333,JPEG,RGB,183.74,10.78,WARNING,possible_blur
trashnet,glass,,data\raw\trashnet\glass\glass293.jpg,4032,3024,1.3333,JPEG,RGB,157.55,46.5,WARNING,possible_blur
trashnet,glass,,data\raw\trashnet\glass\glass294.jpg,4032,3024,1.3333,JPEG,RGB,163.01,5.19,WARNING,possible_blur
trashnet,glass,,data\raw\trashnet\glass\glass295.jpg,4032,3024,1.3333,JPEG,RGB,187.8,19.6,WARNING,possible_blur
trashnet,glass,,data\raw\trashnet\glass\glass296.jpg,4032,3024,1.3333,JPEG,RGB,174.47,11.51,WARNING,possible_blur
trashnet,glass,,data\raw\trashnet\glass\glass297.jpg,4032,3024,1.3333,JPEG,RGB,180.8,19.9,WARNING,possible_blur
trashnet,glass,,data\raw\trashnet\glass\glass298.jpg,4032,3024,1.3333,JPEG,RGB,169.98,9.96,WARNING,possible_blur
trashnet,glass,,data\raw\trashnet\glass\glass3.jpg,3264,2448,1.3333,JPEG,RGB,150.16,12.95,WARNING,possible_blur
trashnet,glass,,data\raw\trashnet\glass\glass30.jpg,4032,3024,1.3333,JPEG,RGB,173.11,23.53,WARNING,possible_blur
trashnet,glass,,data\raw\trashnet\glass\glass300.jpg,4032,3024,1.3333,JPEG,RGB,176.63,21.01,WARNING,possible_blur
trashnet,glass,,data\raw\trashnet\glass\glass302.jpg,4032,3024,1.3333,JPEG,RGB,170.35,26.78,WARNING,possible_blur
trashnet,glass,,data\raw\trashnet\glass\glass303.jpg,4032,3024,1.3333,JPEG,RGB,172.1,30.06,WARNING,possible_blur
trashnet,glass,,data\raw\trashnet\glass\glass304.jpg,4032,3024,1.3333,JPEG,RGB,180.66,8.87,WARNING,possible_blur
trashnet,glass,,data\raw\trashnet\glass\glass306.jpg,4032,3024,1.3333,JPEG,RGB,162.02,33.23,WARNING,possible_blur
trashnet,glass,,data\raw\trashnet\glass\glass307.jpg,4032,3024,1.3333,JPEG,RGB,164.83,44.24,WARNING,possible_blur
trashnet,glass,,data\raw\trashnet\glass\glass309.jpg,4032,3024,1.3333,JPEG,RGB,168.49,31.4,WARNING,possible_blur
trashnet,glass,,data\raw\trashnet\glass\glass31.jpg,4032,3024,1.3333,JPEG,RGB,169.49,11.55,WARNING,possible_blur
trashnet,glass,,data\raw\trashnet\glass\glass310.jpg,4032,3024,1.3333,JPEG,RGB,174.87,8.7,WARNING,possible_blur
trashnet,glass,,data\raw\trashnet\glass\glass312.jpg,4032,3024,1.3333,JPEG,RGB,174.25,5.33,WARNING,possible_blur
trashnet,glass,,data\raw\trashnet\glass\glass313.jpg,4032,3024,1.3333,JPEG,RGB,150.34,5.89,WARNING,possible_blur
trashnet,glass,,data\raw\trashnet\glass\glass314.jpg,4032,3024,1.3333,JPEG,RGB,157.11,20.08,WARNING,possible_blur
trashnet,glass,,data\raw\trashnet\glass\glass315.jpg,4032,3024,1.3333,JPEG,RGB,171.51,31.2,WARNING,possible_blur
trashnet,glass,,data\raw\trashnet\glass\glass317.jpg,4032,3024,1.3333,JPEG,RGB,163.7,31.53,WARNING,possible_blur
trashnet,glass,,data\raw\trashnet\glass\glass318.jpg,4032,3024,1.3333,JPEG,RGB,163.78,17.96,WARNING,possible_blur
trashnet,glass,,data\raw\trashnet\glass\glass32.jpg,4032,3024,1.3333,JPEG,RGB,176.58,13.1,WARNING,possible_blur
trashnet,glass,,data\raw\trashnet\glass\glass320.jpg,4032,3024,1.3333,JPEG,RGB,162.56,27.2,WARNING,possible_blur
trashnet,glass,,data\raw\trashnet\glass\glass322.jpg,4032,3024,1.3333,JPEG,RGB,141.56,16.72,WARNING,possible_blur
trashnet,glass,,data\raw\trashnet\glass\glass323.jpg,4032,3024,1.3333,JPEG,RGB,162.95,18.02,WARNING,possible_blur
trashnet,glass,,data\raw\trashnet\glass\glass324.jpg,4032,3024,1.3333,JPEG,RGB,165.39,14.71,WARNING,possible_blur
trashnet,glass,,data\raw\trashnet\glass\glass325.jpg,4032,3024,1.3333,JPEG,RGB,172.65,9.42,WARNING,possible_blur
trashnet,glass,,data\raw\trashnet\glass\glass327.jpg,4032,3024,1.3333,JPEG,RGB,169.84,11.02,WARNING,possible_blur
trashnet,glass,,data\raw\trashnet\glass\glass328.jpg,4032,3024,1.3333,JPEG,RGB,175.78,26.57,WARNING,possible_blur
trashnet,glass,,data\raw\trashnet\glass\glass33.jpg,4032,3024,1.3333,JPEG,RGB,159.22,7.37,WARNING,possible_blur
trashnet,glass,,data\raw\trashnet\glass\glass331.jpg,4032,3024,1.3333,JPEG,RGB,177.05,26.46,WARNING,possible_blur
trashnet,glass,,data\raw\trashnet\glass\glass332.jpg,4032,3024,1.3333,JPEG,RGB,177.32,18.7,WARNING,possible_blur
trashnet,glass,,data\raw\trashnet\glass\glass333.jpg,4032,3024,1.3333,JPEG,RGB,176.55,14.57,WARNING,possible_blur
trashnet,glass,,data\raw\trashnet\glass\glass337.jpg,4032,3024,1.3333,JPEG,RGB,159.04,8.44,WARNING,possible_blur
trashnet,glass,,data\raw\trashnet\glass\glass338.jpg,4032,3024,1.3333,JPEG,RGB,191.04,6.06,WARNING,possible_blur
trashnet,glass,,data\raw\trashnet\glass\glass339.jpg,4032,3024,1.3333,JPEG,RGB,183.85,6.19,WARNING,possible_blur
trashnet,glass,,data\raw\trashnet\glass\glass34.jpg,4032,3024,1.3333,JPEG,RGB,168.37,34.41,WARNING,possible_blur
trashnet,glass,,data\raw\trashnet\glass\glass341.jpg,4032,3024,1.3333,JPEG,RGB,176.36,14.48,WARNING,possible_blur
trashnet,glass,,data\raw\trashnet\glass\glass342.jpg,4032,3024,1.3333,JPEG,RGB,124.39,8.29,WARNING,possible_blur
trashnet,glass,,data\raw\trashnet\glass\glass343.jpg,4032,3024,1.3333,JPEG,RGB,166.97,12.89,WARNING,possible_blur
trashnet,glass,,data\raw\trashnet\glass\glass344.jpg,4032,3024,1.3333,JPEG,RGB,191.84,12.75,WARNING,possible_blur
trashnet,glass,,data\raw\trashnet\glass\glass345.jpg,4032,3024,1.3333,JPEG,RGB,160.08,16.99,WARNING,possible_blur
trashnet,glass,,data\raw\trashnet\glass\glass346.jpg,4032,3024,1.3333,JPEG,RGB,178.92,26.44,WARNING,possible_blur
trashnet,glass,,data\raw\trashnet\glass\glass347.jpg,4032,3024,1.3333,JPEG,RGB,164.87,8.34,WARNING,possible_blur
trashnet,glass,,data\raw\trashnet\glass\glass349.jpg,4032,3024,1.3333,JPEG,RGB,174.04,10.39,WARNING,possible_blur
trashnet,glass,,data\raw\trashnet\glass\glass35.jpg,4032,3024,1.3333,JPEG,RGB,166.45,38.16,WARNING,possible_blur
trashnet,glass,,data\raw\trashnet\glass\glass350.jpg,4032,3024,1.3333,JPEG,RGB,182.36,5.91,WARNING,possible_blur
trashnet,glass,,data\raw\trashnet\glass\glass351.jpg,4032,3024,1.3333,JPEG,RGB,175.49,11.03,WARNING,possible_blur
trashnet,glass,,data\raw\trashnet\glass\glass352.jpg,4032,3024,1.3333,JPEG,RGB,175.45,19.47,WARNING,possible_blur
trashnet,glass,,data\raw\trashnet\glass\glass353.jpg,4032,3024,1.3333,JPEG,RGB,167.42,44.9,WARNING,possible_blur
trashnet,glass,,data\raw\trashnet\glass\glass355.jpg,4032,3024,1.3333,JPEG,RGB,172.23,12.77,WARNING,possible_blur
trashnet,glass,,data\raw\trashnet\glass\glass356.jpg,4032,3024,1.3333,JPEG,RGB,167.86,19.79,WARNING,possible_blur
trashnet,glass,,data\raw\trashnet\glass\glass357.jpg,4032,3024,1.3333,JPEG,RGB,173.12,7.07,WARNING,possible_blur
trashnet,glass,,data\raw\trashnet\glass\glass358.jpg,4032,3024,1.3333,JPEG,RGB,164.24,19.82,WARNING,possible_blur
trashnet,glass,,data\raw\trashnet\glass\glass359.jpg,4032,3024,1.3333,JPEG,RGB,151.98,28.39,WARNING,possible_blur
trashnet,glass,,data\raw\trashnet\glass\glass36.jpg,4032,3024,1.3333,JPEG,RGB,168.57,24.56,WARNING,possible_blur
trashnet,glass,,data\raw\trashnet\glass\glass361.jpg,4032,3024,1.3333,JPEG,RGB,150.69,13.19,WARNING,possible_blur
trashnet,glass,,data\raw\trashnet\glass\glass362.jpg,4032,3024,1.3333,JPEG,RGB,176.51,12.32,WARNING,possible_blur
trashnet,glass,,data\raw\trashnet\glass\glass363.jpg,4032,3024,1.3333,JPEG,RGB,181.18,29.62,WARNING,possible_blur
trashnet,glass,,data\raw\trashnet\glass\glass364.jpg,4032,3024,1.3333,JPEG,RGB,174.61,32.88,WARNING,possible_blur
trashnet,glass,,data\raw\trashnet\glass\glass365.jpg,4032,3024,1.3333,JPEG,RGB,164.74,10.62,WARNING,possible_blur
trashnet,glass,,data\raw\trashnet\glass\glass366.jpg,4032,3024,1.3333,JPEG,RGB,180.2,43.61,WARNING,possible_blur
trashnet,glass,,data\raw\trashnet\glass\glass368.jpg,4032,3024,1.3333,JPEG,RGB,177.68,23.44,WARNING,possible_blur
trashnet,glass,,data\raw\trashnet\glass\glass369.jpg,4032,3024,1.3333,JPEG,RGB,174.7,11.2,WARNING,possible_blur
trashnet,glass,,data\raw\trashnet\glass\glass37.jpg,4032,3024,1.3333,JPEG,RGB,166.13,11.75,WARNING,possible_blur
trashnet,glass,,data\raw\trashnet\glass\glass371.jpg,4032,3024,1.3333,JPEG,RGB,173.21,17.93,WARNING,possible_blur
trashnet,glass,,data\raw\trashnet\glass\glass372.jpg,4032,3024,1.3333,JPEG,RGB,161.45,27.95,WARNING,possible_blur
trashnet,glass,,data\raw\trashnet\glass\glass373.jpg,4032,3024,1.3333,JPEG,RGB,168.08,17.47,WARNING,possible_blur
trashnet,glass,,data\raw\trashnet\glass\glass374.jpg,4032,3024,1.3333,JPEG,RGB,163.26,14.01,WARNING,possible_blur
trashnet,glass,,data\raw\trashnet\glass\glass377.jpg,4032,3024,1.3333,JPEG,RGB,170.66,35.56,WARNING,possible_blur
trashnet,glass,,data\raw\trashnet\glass\glass378.jpg,4032,3024,1.3333,JPEG,RGB,166.22,23.4,WARNING,possible_blur
trashnet,glass,,data\raw\trashnet\glass\glass379.jpg,4032,3024,1.3333,JPEG,RGB,149.2,12.56,WARNING,possible_blur
trashnet,glass,,data\raw\trashnet\glass\glass38.jpg,4032,3024,1.3333,JPEG,RGB,176.66,4.03,WARNING,possible_blur
trashnet,glass,,data\raw\trashnet\glass\glass380.jpg,4032,3024,1.3333,JPEG,RGB,186.57,47.06,WARNING,possible_blur
trashnet,glass,,data\raw\trashnet\glass\glass381.jpg,4032,3024,1.3333,JPEG,RGB,163.67,26.27,WARNING,possible_blur
trashnet,glass,,data\raw\trashnet\glass\glass382.jpg,4032,3024,1.3333,JPEG,RGB,174.99,38.54,WARNING,possible_blur
trashnet,glass,,data\raw\trashnet\glass\glass386.jpg,4032,3024,1.3333,JPEG,RGB,196.19,5.79,WARNING,possible_blur
trashnet,glass,,data\raw\trashnet\glass\glass387.jpg,4032,3024,1.3333,JPEG,RGB,174.43,31.33,WARNING,possible_blur
trashnet,glass,,data\raw\trashnet\glass\glass39.jpg,4032,3024,1.3333,JPEG,RGB,176.92,28.56,WARNING,possible_blur
trashnet,glass,,data\raw\trashnet\glass\glass390.jpg,4032,3024,1.3333,JPEG,RGB,161.11,7.55,WARNING,possible_blur
trashnet,glass,,data\raw\trashnet\glass\glass391.jpg,4032,3024,1.3333,JPEG,RGB,135.37,8.69,WARNING,possible_blur
trashnet,glass,,data\raw\trashnet\glass\glass392.jpg,4032,3024,1.3333,JPEG,RGB,167.53,14.13,WARNING,possible_blur
trashnet,glass,,data\raw\trashnet\glass\glass393.jpg,4032,3024,1.3333,JPEG,RGB,178.69,13.52,WARNING,possible_blur
trashnet,glass,,data\raw\trashnet\glass\glass394.jpg,4032,3024,1.3333,JPEG,RGB,162.84,9.5,WARNING,possible_blur
trashnet,glass,,data\raw\trashnet\glass\glass395.jpg,4032,3024,1.3333,JPEG,RGB,171.66,24.51,WARNING,possible_blur
trashnet,glass,,data\raw\trashnet\glass\glass396.jpg,4032,3024,1.3333,JPEG,RGB,167.77,15.52,WARNING,possible_blur
trashnet,glass,,data\raw\trashnet\glass\glass398.jpg,4032,3024,1.3333,JPEG,RGB,177.52,44.91,WARNING,possible_blur
trashnet,glass,,data\raw\trashnet\glass\glass4.jpg,3264,2448,1.3333,JPEG,RGB,143.22,16.33,WARNING,possible_blur
trashnet,glass,,data\raw\trashnet\glass\glass400.jpg,4032,3024,1.3333,JPEG,RGB,172.17,28.75,WARNING,possible_blur
trashnet,glass,,data\raw\trashnet\glass\glass401.jpg,4032,3024,1.3333,JPEG,RGB,108.91,22.79,WARNING,possible_blur
trashnet,glass,,data\raw\trashnet\glass\glass402.jpg,4032,3024,1.3333,JPEG,RGB,166.6,20.46,WARNING,possible_blur
trashnet,glass,,data\raw\trashnet\glass\glass403.jpg,4032,3024,1.3333,JPEG,RGB,178.17,10.21,WARNING,possible_blur
trashnet,glass,,data\raw\trashnet\glass\glass404.jpg,4032,3024,1.3333,JPEG,RGB,179.26,10.27,WARNING,possible_blur
trashnet,glass,,data\raw\trashnet\glass\glass407.jpg,4032,3024,1.3333,JPEG,RGB,177.09,11.83,WARNING,possible_blur
trashnet,glass,,data\raw\trashnet\glass\glass409.jpg,4032,3024,1.3333,JPEG,RGB,187.03,34.32,WARNING,possible_blur
trashnet,glass,,data\raw\trashnet\glass\glass41.jpg,4032,3024,1.3333,JPEG,RGB,194.97,31.91,WARNING,possible_blur
trashnet,glass,,data\raw\trashnet\glass\glass410.jpg,4032,3024,1.3333,JPEG,RGB,184.48,5.18,WARNING,possible_blur
trashnet,glass,,data\raw\trashnet\glass\glass411.jpg,4032,3024,1.3333,JPEG,RGB,168.12,31.6,WARNING,possible_blur
trashnet,glass,,data\raw\trashnet\glass\glass413.jpg,4032,3024,1.3333,JPEG,RGB,168.27,23.98,WARNING,possible_blur
trashnet,glass,,data\raw\trashnet\glass\glass414.jpg,4032,3024,1.3333,JPEG,RGB,175.95,22.91,WARNING,possible_blur
trashnet,glass,,data\raw\trashnet\glass\glass415.jpg,4032,3024,1.3333,JPEG,RGB,175.51,46.0,WARNING,possible_blur
trashnet,glass,,data\raw\trashnet\glass\glass416.jpg,4032,3024,1.3333,JPEG,RGB,189.66,7.48,WARNING,possible_blur
trashnet,glass,,data\raw\trashnet\glass\glass418.jpg,4032,3024,1.3333,JPEG,RGB,182.15,12.36,WARNING,possible_blur
trashnet,glass,,data\raw\trashnet\glass\glass419.jpg,4032,3024,1.3333,JPEG,RGB,181.1,18.84,WARNING,possible_blur
trashnet,glass,,data\raw\trashnet\glass\glass42.jpg,4032,3024,1.3333,JPEG,RGB,160.91,13.2,WARNING,possible_blur
trashnet,glass,,data\raw\trashnet\glass\glass420.jpg,4032,3024,1.3333,JPEG,RGB,164.08,5.46,WARNING,possible_blur
trashnet,glass,,data\raw\trashnet\glass\glass421.jpg,4032,3024,1.3333,JPEG,RGB,169.93,22.55,WARNING,possible_blur
trashnet,glass,,data\raw\trashnet\glass\glass422.jpg,4032,3024,1.3333,JPEG,RGB,176.8,11.18,WARNING,possible_blur
trashnet,glass,,data\raw\trashnet\glass\glass424.jpg,4032,3024,1.3333,JPEG,RGB,183.57,29.22,WARNING,possible_blur
trashnet,glass,,data\raw\trashnet\glass\glass425.jpg,4032,3024,1.3333,JPEG,RGB,180.43,16.88,WARNING,possible_blur
trashnet,glass,,data\raw\trashnet\glass\glass426.jpg,4032,3024,1.3333,JPEG,RGB,180.19,24.94,WARNING,possible_blur
trashnet,glass,,data\raw\trashnet\glass\glass428.jpg,4032,3024,1.3333,JPEG,RGB,174.3,31.98,WARNING,possible_blur
trashnet,glass,,data\raw\trashnet\glass\glass431.jpg,4032,3024,1.3333,JPEG,RGB,173.81,13.75,WARNING,possible_blur
trashnet,glass,,data\raw\trashnet\glass\glass434.jpg,4032,3024,1.3333,JPEG,RGB,174.63,47.1,WARNING,possible_blur
trashnet,glass,,data\raw\trashnet\glass\glass436.jpg,4032,3024,1.3333,JPEG,RGB,169.53,27.58,WARNING,possible_blur
trashnet,glass,,data\raw\trashnet\glass\glass437.jpg,4032,3024,1.3333,JPEG,RGB,175.04,34.27,WARNING,possible_blur
trashnet,glass,,data\raw\trashnet\glass\glass439.jpg,4032,3024,1.3333,JPEG,RGB,172.51,5.29,WARNING,possible_blur
trashnet,glass,,data\raw\trashnet\glass\glass440.jpg,4032,3024,1.3333,JPEG,RGB,180.48,5.9,WARNING,possible_blur
trashnet,glass,,data\raw\trashnet\glass\glass441.jpg,4032,3024,1.3333,JPEG,RGB,176.36,6.32,WARNING,possible_blur
trashnet,glass,,data\raw\trashnet\glass\glass443.jpg,4032,3024,1.3333,JPEG,RGB,143.61,18.89,WARNING,possible_blur
trashnet,glass,,data\raw\trashnet\glass\glass444.jpg,4032,3024,1.3333,JPEG,RGB,184.01,6.1,WARNING,possible_blur
trashnet,glass,,data\raw\trashnet\glass\glass445.jpg,4032,3024,1.3333,JPEG,RGB,155.38,17.2,WARNING,possible_blur
trashnet,glass,,data\raw\trashnet\glass\glass448.jpg,4032,3024,1.3333,JPEG,RGB,172.56,18.24,WARNING,possible_blur
trashnet,glass,,data\raw\trashnet\glass\glass449.jpg,4032,3024,1.3333,JPEG,RGB,168.89,13.11,WARNING,possible_blur
trashnet,glass,,data\raw\trashnet\glass\glass45.jpg,4032,3024,1.3333,JPEG,RGB,158.05,10.08,WARNING,possible_blur
trashnet,glass,,data\raw\trashnet\glass\glass450.jpg,4032,3024,1.3333,JPEG,RGB,161.79,8.99,WARNING,possible_blur
trashnet,glass,,data\raw\trashnet\glass\glass452.jpg,4032,3024,1.3333,JPEG,RGB,175.9,30.83,WARNING,possible_blur
trashnet,glass,,data\raw\trashnet\glass\glass453.jpg,4032,3024,1.3333,JPEG,RGB,176.61,14.35,WARNING,possible_blur
trashnet,glass,,data\raw\trashnet\glass\glass454.jpg,4032,3024,1.3333,JPEG,RGB,205.7,11.93,WARNING,possible_blur
trashnet,glass,,data\raw\trashnet\glass\glass455.jpg,4032,3024,1.3333,JPEG,RGB,142.93,6.77,WARNING,possible_blur
trashnet,glass,,data\raw\trashnet\glass\glass456.jpg,4032,3024,1.3333,JPEG,RGB,169.9,20.83,WARNING,possible_blur
trashnet,glass,,data\raw\trashnet\glass\glass457.jpg,4032,3024,1.3333,JPEG,RGB,148.94,14.96,WARNING,possible_blur
trashnet,glass,,data\raw\trashnet\glass\glass458.jpg,4032,3024,1.3333,JPEG,RGB,183.44,14.52,WARNING,possible_blur
trashnet,glass,,data\raw\trashnet\glass\glass459.jpg,4032,3024,1.3333,JPEG,RGB,160.05,5.48,WARNING,possible_blur
trashnet,glass,,data\raw\trashnet\glass\glass46.jpg,4032,3024,1.3333,JPEG,RGB,168.75,48.28,WARNING,possible_blur
trashnet,glass,,data\raw\trashnet\glass\glass460.jpg,4032,3024,1.3333,JPEG,RGB,185.49,4.98,WARNING,possible_blur
trashnet,glass,,data\raw\trashnet\glass\glass461.jpg,4032,3024,1.3333,JPEG,RGB,164.25,12.4,WARNING,possible_blur
trashnet,glass,,data\raw\trashnet\glass\glass462.jpg,4032,3024,1.3333,JPEG,RGB,180.94,4.46,WARNING,possible_blur
trashnet,glass,,data\raw\trashnet\glass\glass464.jpg,4032,3024,1.3333,JPEG,RGB,176.98,6.42,WARNING,possible_blur
trashnet,glass,,data\raw\trashnet\glass\glass465.jpg,4032,3024,1.3333,JPEG,RGB,183.08,20.41,WARNING,possible_blur
trashnet,glass,,data\raw\trashnet\glass\glass466.jpg,4032,3024,1.3333,JPEG,RGB,177.35,14.68,WARNING,possible_blur
trashnet,glass,,data\raw\trashnet\glass\glass468.jpg,4032,3024,1.3333,JPEG,RGB,163.87,3.84,WARNING,possible_blur
trashnet,glass,,data\raw\trashnet\glass\glass469.jpg,4032,3024,1.3333,JPEG,RGB,168.71,13.2,WARNING,possible_blur
trashnet,glass,,data\raw\trashnet\glass\glass470.jpg,4032,3024,1.3333,JPEG,RGB,166.48,8.34,WARNING,possible_blur
trashnet,glass,,data\raw\trashnet\glass\glass472.jpg,4032,3024,1.3333,JPEG,RGB,178.58,16.89,WARNING,possible_blur
trashnet,glass,,data\raw\trashnet\glass\glass473.jpg,4032,3024,1.3333,JPEG,RGB,176.94,16.18,WARNING,possible_blur
trashnet,glass,,data\raw\trashnet\glass\glass474.jpg,4032,3024,1.3333,JPEG,RGB,184.52,15.47,WARNING,possible_blur
trashnet,glass,,data\raw\trashnet\glass\glass475.jpg,4032,3024,1.3333,JPEG,RGB,174.65,13.18,WARNING,possible_blur
trashnet,glass,,data\raw\trashnet\glass\glass476.jpg,4032,3024,1.3333,JPEG,RGB,177.1,21.93,WARNING,possible_blur
trashnet,glass,,data\raw\trashnet\glass\glass479.jpg,4032,3024,1.3333,JPEG,RGB,172.99,9.41,WARNING,possible_blur
trashnet,glass,,data\raw\trashnet\glass\glass48.jpg,4032,3024,1.3333,JPEG,RGB,171.07,8.42,WARNING,possible_blur
trashnet,glass,,data\raw\trashnet\glass\glass481.jpg,4032,3024,1.3333,JPEG,RGB,156.54,8.05,WARNING,possible_blur
trashnet,glass,,data\raw\trashnet\glass\glass483.jpg,4032,3024,1.3333,JPEG,RGB,175.73,7.65,WARNING,possible_blur
trashnet,glass,,data\raw\trashnet\glass\glass484.jpg,4032,3024,1.3333,JPEG,RGB,185.12,4.21,WARNING,possible_blur
trashnet,glass,,data\raw\trashnet\glass\glass485.jpg,4032,3024,1.3333,JPEG,RGB,172.62,21.05,WARNING,possible_blur
trashnet,glass,,data\raw\trashnet\glass\glass486.jpg,4032,3024,1.3333,JPEG,RGB,166.52,44.92,WARNING,possible_blur
trashnet,glass,,data\raw\trashnet\glass\glass487.jpg,4032,3024,1.3333,JPEG,RGB,172.36,45.44,WARNING,possible_blur
trashnet,glass,,data\raw\trashnet\glass\glass488.jpg,4032,3024,1.3333,JPEG,RGB,163.91,44.36,WARNING,possible_blur
trashnet,glass,,data\raw\trashnet\glass\glass489.jpg,4032,3024,1.3333,JPEG,RGB,157.8,9.45,WARNING,possible_blur
trashnet,glass,,data\raw\trashnet\glass\glass49.jpg,4032,3024,1.3333,JPEG,RGB,166.19,22.61,WARNING,possible_blur
trashnet,glass,,data\raw\trashnet\glass\glass492.jpg,4032,3024,1.3333,JPEG,RGB,169.67,16.31,WARNING,possible_blur
trashnet,glass,,data\raw\trashnet\glass\glass493.jpg,4032,3024,1.3333,JPEG,RGB,170.03,7.4,WARNING,possible_blur
trashnet,glass,,data\raw\trashnet\glass\glass494.jpg,4032,3024,1.3333,JPEG,RGB,173.34,13.34,WARNING,possible_blur
trashnet,glass,,data\raw\trashnet\glass\glass495.jpg,4032,3024,1.3333,JPEG,RGB,153.45,10.04,WARNING,possible_blur
trashnet,glass,,data\raw\trashnet\glass\glass496.jpg,4032,3024,1.3333,JPEG,RGB,172.76,21.81,WARNING,possible_blur
trashnet,glass,,data\raw\trashnet\glass\glass497.jpg,4032,3024,1.3333,JPEG,RGB,169.1,23.53,WARNING,possible_blur
trashnet,glass,,data\raw\trashnet\glass\glass498.jpg,4032,3024,1.3333,JPEG,RGB,183.72,10.78,WARNING,possible_blur
trashnet,glass,,data\raw\trashnet\glass\glass499.jpg,4032,3024,1.3333,JPEG,RGB,171.19,6.86,WARNING,possible_blur
trashnet,glass,,data\raw\trashnet\glass\glass5.jpg,3264,2448,1.3333,JPEG,RGB,144.43,16.0,WARNING,possible_blur
trashnet,glass,,data\raw\trashnet\glass\glass50.jpg,4032,3024,1.3333,JPEG,RGB,150.57,11.38,WARNING,possible_blur
trashnet,glass,,data\raw\trashnet\glass\glass500.jpg,4032,3024,1.3333,JPEG,RGB,179.98,12.48,WARNING,possible_blur
trashnet,glass,,data\raw\trashnet\glass\glass51.jpg,4032,3024,1.3333,JPEG,RGB,176.67,22.32,WARNING,possible_blur
trashnet,glass,,data\raw\trashnet\glass\glass52.jpg,4032,3024,1.3333,JPEG,RGB,182.67,43.05,WARNING,possible_blur
trashnet,glass,,data\raw\trashnet\glass\glass53.jpg,4032,3024,1.3333,JPEG,RGB,172.99,17.57,WARNING,possible_blur
trashnet,glass,,data\raw\trashnet\glass\glass55.jpg,4032,3024,1.3333,JPEG,RGB,176.2,6.3,WARNING,possible_blur
trashnet,glass,,data\raw\trashnet\glass\glass56.jpg,4032,3024,1.3333,JPEG,RGB,176.68,11.56,WARNING,possible_blur
trashnet,glass,,data\raw\trashnet\glass\glass57.jpg,4032,3024,1.3333,JPEG,RGB,183.59,15.44,WARNING,possible_blur
trashnet,glass,,data\raw\trashnet\glass\glass58.jpg,4032,3024,1.3333,JPEG,RGB,176.42,12.18,WARNING,possible_blur
trashnet,glass,,data\raw\trashnet\glass\glass59.jpg,4032,3024,1.3333,JPEG,RGB,182.83,17.1,WARNING,possible_blur
trashnet,glass,,data\raw\trashnet\glass\glass6.jpg,3264,2448,1.3333,JPEG,RGB,165.87,11.3,WARNING,possible_blur
trashnet,glass,,data\raw\trashnet\glass\glass60.jpg,4032,3024,1.3333,JPEG,RGB,162.4,29.26,WARNING,possible_blur
trashnet,glass,,data\raw\trashnet\glass\glass62.jpg,4032,3024,1.3333,JPEG,RGB,148.98,19.42,WARNING,possible_blur
trashnet,glass,,data\raw\trashnet\glass\glass63.jpg,4032,3024,1.3333,JPEG,RGB,180.46,37.08,WARNING,possible_blur
trashnet,glass,,data\raw\trashnet\glass\glass64.jpg,4032,3024,1.3333,JPEG,RGB,174.32,29.89,WARNING,possible_blur
trashnet,glass,,data\raw\trashnet\glass\glass67.jpg,4032,3024,1.3333,JPEG,RGB,156.96,27.63,WARNING,possible_blur
trashnet,glass,,data\raw\trashnet\glass\glass69.jpg,4032,3024,1.3333,JPEG,RGB,186.44,3.46,WARNING,possible_blur
trashnet,glass,,data\raw\trashnet\glass\glass7.jpg,3264,2448,1.3333,JPEG,RGB,178.08,20.22,WARNING,possible_blur
trashnet,glass,,data\raw\trashnet\glass\glass70.jpg,4032,3024,1.3333,JPEG,RGB,173.11,20.37,WARNING,possible_blur
trashnet,glass,,data\raw\trashnet\glass\glass71.jpg,4032,3024,1.3333,JPEG,RGB,180.27,15.58,WARNING,possible_blur
trashnet,glass,,data\raw\trashnet\glass\glass73.jpg,4032,3024,1.3333,JPEG,RGB,170.07,13.19,WARNING,possible_blur
trashnet,glass,,data\raw\trashnet\glass\glass74.jpg,4032,3024,1.3333,JPEG,RGB,183.86,5.81,WARNING,possible_blur
trashnet,glass,,data\raw\trashnet\glass\glass75.jpg,4032,3024,1.3333,JPEG,RGB,174.59,18.29,WARNING,possible_blur
trashnet,glass,,data\raw\trashnet\glass\glass76.jpg,4032,3024,1.3333,JPEG,RGB,174.08,4.15,WARNING,possible_blur
trashnet,glass,,data\raw\trashnet\glass\glass77.jpg,4032,3024,1.3333,JPEG,RGB,165.96,19.09,WARNING,possible_blur
trashnet,glass,,data\raw\trashnet\glass\glass78.jpg,4032,3024,1.3333,JPEG,RGB,159.72,37.47,WARNING,possible_blur
trashnet,glass,,data\raw\trashnet\glass\glass79.jpg,4032,3024,1.3333,JPEG,RGB,168.38,15.05,WARNING,possible_blur
trashnet,glass,,data\raw\trashnet\glass\glass8.jpg,3264,2448,1.3333,JPEG,RGB,206.15,15.71,WARNING,possible_blur
trashnet,glass,,data\raw\trashnet\glass\glass80.jpg,4032,3024,1.3333,JPEG,RGB,169.98,44.68,WARNING,possible_blur
trashnet,glass,,data\raw\trashnet\glass\glass81.jpg,4032,3024,1.3333,JPEG,RGB,158.54,37.58,WARNING,possible_blur
trashnet,glass,,data\raw\trashnet\glass\glass82.jpg,4032,3024,1.3333,JPEG,RGB,177.03,26.86,WARNING,possible_blur
trashnet,glass,,data\raw\trashnet\glass\glass83.jpg,4032,3024,1.3333,JPEG,RGB,159.65,9.73,WARNING,possible_blur
trashnet,glass,,data\raw\trashnet\glass\glass84.jpg,4032,3024,1.3333,JPEG,RGB,157.82,5.33,WARNING,possible_blur
trashnet,glass,,data\raw\trashnet\glass\glass85.jpg,4032,3024,1.3333,JPEG,RGB,97.08,13.42,WARNING,possible_blur
trashnet,glass,,data\raw\trashnet\glass\glass86.jpg,4032,3024,1.3333,JPEG,RGB,177.26,29.7,WARNING,possible_blur
trashnet,glass,,data\raw\trashnet\glass\glass87.jpg,4032,3024,1.3333,JPEG,RGB,178.31,30.93,WARNING,possible_blur
trashnet,glass,,data\raw\trashnet\glass\glass88.jpg,4032,3024,1.3333,JPEG,RGB,173.11,37.62,WARNING,possible_blur
trashnet,glass,,data\raw\trashnet\glass\glass89.jpg,4032,3024,1.3333,JPEG,RGB,171.2,28.47,WARNING,possible_blur
trashnet,glass,,data\raw\trashnet\glass\glass90.jpg,4032,3024,1.3333,JPEG,RGB,154.64,7.96,WARNING,possible_blur
trashnet,glass,,data\raw\trashnet\glass\glass92.jpg,4032,3024,1.3333,JPEG,RGB,181.0,29.83,WARNING,possible_blur
trashnet,glass,,data\raw\trashnet\glass\glass93.jpg,4032,3024,1.3333,JPEG,RGB,163.63,17.57,WARNING,possible_blur
trashnet,glass,,data\raw\trashnet\glass\glass94.jpg,4032,3024,1.3333,JPEG,RGB,175.22,5.0,WARNING,possible_blur
trashnet,glass,,data\raw\trashnet\glass\glass95.jpg,4032,3024,1.3333,JPEG,RGB,181.49,5.88,WARNING,possible_blur
trashnet,glass,,data\raw\trashnet\glass\glass97.jpg,4032,3024,1.3333,JPEG,RGB,164.76,22.96,WARNING,possible_blur
trashnet,glass,,data\raw\trashnet\glass\glass98.jpg,4032,3024,1.3333,JPEG,RGB,160.39,8.6,WARNING,possible_blur
trashnet,glass,,data\raw\trashnet\glass\glass99.jpg,4032,3024,1.3333,JPEG,RGB,154.61,28.84,WARNING,possible_blur
trashnet,metal,,data\raw\trashnet\metal\metal1.jpg,3264,2448,1.3333,JPEG,RGB,198.35,33.68,WARNING,possible_blur
trashnet,metal,,data\raw\trashnet\metal\metal10.jpg,4032,3024,1.3333,JPEG,RGB,153.92,10.19,WARNING,possible_blur
trashnet,metal,,data\raw\trashnet\metal\metal100.jpg,4032,3024,1.3333,JPEG,RGB,176.96,44.5,WARNING,possible_blur
trashnet,metal,,data\raw\trashnet\metal\metal102.jpg,4032,3024,1.3333,JPEG,RGB,172.69,36.49,WARNING,possible_blur
trashnet,metal,,data\raw\trashnet\metal\metal103.jpg,4032,3024,1.3333,JPEG,RGB,179.95,36.23,WARNING,possible_blur
trashnet,metal,,data\raw\trashnet\metal\metal104.jpg,4032,3024,1.3333,JPEG,RGB,156.81,2.97,WARNING,possible_blur
trashnet,metal,,data\raw\trashnet\metal\metal105.jpg,4032,3024,1.3333,JPEG,RGB,160.57,19.17,WARNING,possible_blur
trashnet,metal,,data\raw\trashnet\metal\metal106.jpg,4032,3024,1.3333,JPEG,RGB,161.16,46.81,WARNING,possible_blur
trashnet,metal,,data\raw\trashnet\metal\metal107.jpg,4032,3024,1.3333,JPEG,RGB,169.85,29.66,WARNING,possible_blur
trashnet,metal,,data\raw\trashnet\metal\metal108.jpg,4032,3024,1.3333,JPEG,RGB,98.42,23.97,WARNING,possible_blur
trashnet,metal,,data\raw\trashnet\metal\metal109.jpg,4032,3024,1.3333,JPEG,RGB,157.14,5.19,WARNING,possible_blur
trashnet,metal,,data\raw\trashnet\metal\metal11.jpg,4032,3024,1.3333,JPEG,RGB,122.63,17.81,WARNING,possible_blur
trashnet,metal,,data\raw\trashnet\metal\metal110.jpg,4032,3024,1.3333,JPEG,RGB,151.01,12.83,WARNING,possible_blur
trashnet,metal,,data\raw\trashnet\metal\metal115.jpg,4032,3024,1.3333,JPEG,RGB,122.22,20.58,WARNING,possible_blur
trashnet,metal,,data\raw\trashnet\metal\metal116.jpg,4032,3024,1.3333,JPEG,RGB,187.01,7.71,WARNING,possible_blur
trashnet,metal,,data\raw\trashnet\metal\metal117.jpg,4032,3024,1.3333,JPEG,RGB,143.3,3.18,WARNING,possible_blur
trashnet,metal,,data\raw\trashnet\metal\metal12.jpg,4032,3024,1.3333,JPEG,RGB,152.36,8.98,WARNING,possible_blur
trashnet,metal,,data\raw\trashnet\metal\metal121.jpg,4032,3024,1.3333,JPEG,RGB,169.79,10.99,WARNING,possible_blur
trashnet,metal,,data\raw\trashnet\metal\metal123.jpg,4032,3024,1.3333,JPEG,RGB,137.17,12.39,WARNING,possible_blur
trashnet,metal,,data\raw\trashnet\metal\metal124.jpg,4032,3024,1.3333,JPEG,RGB,185.88,31.92,WARNING,possible_blur
trashnet,metal,,data\raw\trashnet\metal\metal126.jpg,4032,3024,1.3333,JPEG,RGB,142.37,25.88,WARNING,possible_blur
trashnet,metal,,data\raw\trashnet\metal\metal127.jpg,4032,3024,1.3333,JPEG,RGB,149.02,16.03,WARNING,possible_blur
trashnet,metal,,data\raw\trashnet\metal\metal129.jpg,4032,3024,1.3333,JPEG,RGB,160.83,24.15,WARNING,possible_blur
trashnet,metal,,data\raw\trashnet\metal\metal131.jpg,4032,3024,1.3333,JPEG,RGB,180.21,25.42,WARNING,possible_blur
trashnet,metal,,data\raw\trashnet\metal\metal132.jpg,4032,3024,1.3333,JPEG,RGB,154.49,29.6,WARNING,possible_blur
trashnet,metal,,data\raw\trashnet\metal\metal133.jpg,4032,3024,1.3333,JPEG,RGB,153.4,13.61,WARNING,possible_blur
trashnet,metal,,data\raw\trashnet\metal\metal134.jpg,4032,3024,1.3333,JPEG,RGB,165.75,9.62,WARNING,possible_blur
trashnet,metal,,data\raw\trashnet\metal\metal135.jpg,4032,3024,1.3333,JPEG,RGB,168.2,20.58,WARNING,possible_blur
trashnet,metal,,data\raw\trashnet\metal\metal136.jpg,4032,3024,1.3333,JPEG,RGB,164.38,19.52,WARNING,possible_blur
trashnet,metal,,data\raw\trashnet\metal\metal139.jpg,4032,3024,1.3333,JPEG,RGB,166.74,43.1,WARNING,possible_blur
trashnet,metal,,data\raw\trashnet\metal\metal144.jpg,4032,3024,1.3333,JPEG,RGB,135.57,28.54,WARNING,possible_blur
trashnet,metal,,data\raw\trashnet\metal\metal145.jpg,3264,2448,1.3333,JPEG,RGB,176.03,40.02,WARNING,possible_blur
trashnet,metal,,data\raw\trashnet\metal\metal146.jpg,4032,3024,1.3333,JPEG,RGB,150.38,15.99,WARNING,possible_blur
trashnet,metal,,data\raw\trashnet\metal\metal147.jpg,3264,2448,1.3333,JPEG,RGB,125.85,13.79,WARNING,possible_blur
trashnet,metal,,data\raw\trashnet\metal\metal148.jpg,3264,2448,1.3333,JPEG,RGB,194.85,16.94,WARNING,possible_blur
trashnet,metal,,data\raw\trashnet\metal\metal149.jpg,3264,2448,1.3333,JPEG,RGB,200.32,21.44,WARNING,possible_blur
trashnet,metal,,data\raw\trashnet\metal\metal151.jpg,3264,2448,1.3333,JPEG,RGB,138.54,17.07,WARNING,possible_blur
trashnet,metal,,data\raw\trashnet\metal\metal152.jpg,3264,2448,1.3333,JPEG,RGB,194.09,8.23,WARNING,possible_blur
trashnet,metal,,data\raw\trashnet\metal\metal153.jpg,3264,2448,1.3333,JPEG,RGB,153.35,43.79,WARNING,possible_blur
trashnet,metal,,data\raw\trashnet\metal\metal154.jpg,3264,2448,1.3333,JPEG,RGB,184.17,16.77,WARNING,possible_blur
trashnet,metal,,data\raw\trashnet\metal\metal155.jpg,3264,2448,1.3333,JPEG,RGB,180.34,4.15,WARNING,possible_blur
trashnet,metal,,data\raw\trashnet\metal\metal156.jpg,3264,2448,1.3333,JPEG,RGB,199.45,19.56,WARNING,possible_blur
trashnet,metal,,data\raw\trashnet\metal\metal157.jpg,3264,2448,1.3333,JPEG,RGB,167.35,16.59,WARNING,possible_blur
trashnet,metal,,data\raw\trashnet\metal\metal159.jpg,3264,2448,1.3333,JPEG,RGB,203.9,25.55,WARNING,possible_blur
trashnet,metal,,data\raw\trashnet\metal\metal160.jpg,3264,2448,1.3333,JPEG,RGB,203.9,20.88,WARNING,possible_blur
trashnet,metal,,data\raw\trashnet\metal\metal162.jpg,4032,3024,1.3333,JPEG,RGB,112.86,14.1,WARNING,possible_blur
trashnet,metal,,data\raw\trashnet\metal\metal165.jpg,3264,2448,1.3333,JPEG,RGB,170.07,27.77,WARNING,possible_blur
trashnet,metal,,data\raw\trashnet\metal\metal166.jpg,3264,2448,1.3333,JPEG,RGB,154.74,19.94,WARNING,possible_blur
trashnet,metal,,data\raw\trashnet\metal\metal167.jpg,4032,3024,1.3333,JPEG,RGB,188.11,8.9,WARNING,possible_blur
trashnet,metal,,data\raw\trashnet\metal\metal168.jpg,4032,3024,1.3333,JPEG,RGB,109.31,6.72,WARNING,possible_blur
trashnet,metal,,data\raw\trashnet\metal\metal17.jpg,4032,3024,1.3333,JPEG,RGB,186.79,6.74,WARNING,possible_blur
trashnet,metal,,data\raw\trashnet\metal\metal171.jpg,3264,2448,1.3333,JPEG,RGB,141.47,46.69,WARNING,possible_blur
trashnet,metal,,data\raw\trashnet\metal\metal173.jpg,3264,2448,1.3333,JPEG,RGB,138.98,36.41,WARNING,possible_blur
trashnet,metal,,data\raw\trashnet\metal\metal174.jpg,4032,3024,1.3333,JPEG,RGB,154.09,11.8,WARNING,possible_blur
trashnet,metal,,data\raw\trashnet\metal\metal175.jpg,3264,2448,1.3333,JPEG,RGB,165.36,38.3,WARNING,possible_blur
trashnet,metal,,data\raw\trashnet\metal\metal176.jpg,3264,2448,1.3333,JPEG,RGB,154.76,29.34,WARNING,possible_blur
trashnet,metal,,data\raw\trashnet\metal\metal177.jpg,3264,2448,1.3333,JPEG,RGB,150.2,20.45,WARNING,possible_blur
trashnet,metal,,data\raw\trashnet\metal\metal178.jpg,3264,2448,1.3333,JPEG,RGB,165.44,23.66,WARNING,possible_blur
trashnet,metal,,data\raw\trashnet\metal\metal179.jpg,3264,2448,1.3333,JPEG,RGB,181.57,23.18,WARNING,possible_blur
trashnet,metal,,data\raw\trashnet\metal\metal18.jpg,4032,3024,1.3333,JPEG,RGB,187.87,23.67,WARNING,possible_blur
trashnet,metal,,data\raw\trashnet\metal\metal180.jpg,4032,3024,1.3333,JPEG,RGB,103.93,44.32,WARNING,possible_blur
trashnet,metal,,data\raw\trashnet\metal\metal182.jpg,3264,2448,1.3333,JPEG,RGB,180.2,42.22,WARNING,possible_blur
trashnet,metal,,data\raw\trashnet\metal\metal183.jpg,3264,2448,1.3333,JPEG,RGB,177.53,10.93,WARNING,possible_blur
trashnet,metal,,data\raw\trashnet\metal\metal185.jpg,4032,3024,1.3333,JPEG,RGB,150.43,15.71,WARNING,possible_blur
trashnet,metal,,data\raw\trashnet\metal\metal187.jpg,3264,2448,1.3333,JPEG,RGB,173.16,26.84,WARNING,possible_blur
trashnet,metal,,data\raw\trashnet\metal\metal189.jpg,3264,2448,1.3333,JPEG,RGB,134.87,41.36,WARNING,possible_blur
trashnet,metal,,data\raw\trashnet\metal\metal19.jpg,4032,3024,1.3333,JPEG,RGB,152.52,10.93,WARNING,possible_blur
trashnet,metal,,data\raw\trashnet\metal\metal197.jpg,3264,2448,1.3333,JPEG,RGB,153.32,29.75,WARNING,possible_blur
trashnet,metal,,data\raw\trashnet\metal\metal199.jpg,3264,2448,1.3333,JPEG,RGB,212.37,38.07,WARNING,possible_blur
trashnet,metal,,data\raw\trashnet\metal\metal2.jpg,3264,2448,1.3333,JPEG,RGB,220.83,12.76,WARNING,possible_blur
trashnet,metal,,data\raw\trashnet\metal\metal20.jpg,4032,3024,1.3333,JPEG,RGB,102.36,39.9,WARNING,possible_blur
trashnet,metal,,data\raw\trashnet\metal\metal202.jpg,3264,2448,1.3333,JPEG,RGB,198.61,21.01,WARNING,possible_blur
trashnet,metal,,data\raw\trashnet\metal\metal203.jpg,3264,2448,1.3333,JPEG,RGB,201.64,45.62,WARNING,possible_blur
trashnet,metal,,data\raw\trashnet\metal\metal204.jpg,3264,2448,1.3333,JPEG,RGB,213.49,21.16,WARNING,possible_blur
trashnet,metal,,data\raw\trashnet\metal\metal205.jpg,3264,2448,1.3333,JPEG,RGB,190.37,23.27,WARNING,possible_blur
trashnet,metal,,data\raw\trashnet\metal\metal206.jpg,3264,2448,1.3333,JPEG,RGB,204.54,9.25,WARNING,possible_blur
trashnet,metal,,data\raw\trashnet\metal\metal207.jpg,3264,2448,1.3333,JPEG,RGB,218.87,38.78,WARNING,possible_blur
trashnet,metal,,data\raw\trashnet\metal\metal208.jpg,3264,2448,1.3333,JPEG,RGB,220.07,17.12,WARNING,possible_blur
trashnet,metal,,data\raw\trashnet\metal\metal209.jpg,3264,2448,1.3333,JPEG,RGB,222.36,21.16,WARNING,possible_blur
trashnet,metal,,data\raw\trashnet\metal\metal21.jpg,4032,3024,1.3333,JPEG,RGB,163.27,23.13,WARNING,possible_blur
trashnet,metal,,data\raw\trashnet\metal\metal210.jpg,3264,2448,1.3333,JPEG,RGB,214.24,45.91,WARNING,possible_blur
trashnet,metal,,data\raw\trashnet\metal\metal211.jpg,3264,2448,1.3333,JPEG,RGB,193.93,38.08,WARNING,possible_blur
trashnet,metal,,data\raw\trashnet\metal\metal212.jpg,3264,2448,1.3333,JPEG,RGB,219.41,17.88,WARNING,possible_blur
trashnet,metal,,data\raw\trashnet\metal\metal213.jpg,3264,2448,1.3333,JPEG,RGB,224.4,15.2,WARNING,possible_blur
trashnet,metal,,data\raw\trashnet\metal\metal214.jpg,3264,2448,1.3333,JPEG,RGB,212.18,10.89,WARNING,possible_blur
trashnet,metal,,data\raw\trashnet\metal\metal215.jpg,3264,2448,1.3333,JPEG,RGB,202.52,42.41,WARNING,possible_blur
trashnet,metal,,data\raw\trashnet\metal\metal216.jpg,3264,2448,1.3333,JPEG,RGB,166.36,43.44,WARNING,possible_blur
trashnet,metal,,data\raw\trashnet\metal\metal217.jpg,3264,2448,1.3333,JPEG,RGB,170.6,26.75,WARNING,possible_blur
trashnet,metal,,data\raw\trashnet\metal\metal221.jpg,4032,3024,1.3333,JPEG,RGB,107.06,16.65,WARNING,possible_blur
trashnet,metal,,data\raw\trashnet\metal\metal222.jpg,4032,3024,1.3333,JPEG,RGB,136.96,20.78,WARNING,possible_blur
trashnet,metal,,data\raw\trashnet\metal\metal223.jpg,4032,3024,1.3333,JPEG,RGB,152.11,26.08,WARNING,possible_blur
trashnet,metal,,data\raw\trashnet\metal\metal225.jpg,4032,3024,1.3333,JPEG,RGB,178.43,11.52,WARNING,possible_blur
trashnet,metal,,data\raw\trashnet\metal\metal227.jpg,4032,3024,1.3333,JPEG,RGB,159.9,11.02,WARNING,possible_blur
trashnet,metal,,data\raw\trashnet\metal\metal228.jpg,4032,3024,1.3333,JPEG,RGB,184.34,2.2,WARNING,possible_blur
trashnet,metal,,data\raw\trashnet\metal\metal229.jpg,4032,3024,1.3333,JPEG,RGB,149.07,47.15,WARNING,possible_blur
trashnet,metal,,data\raw\trashnet\metal\metal230.jpg,4032,3024,1.3333,JPEG,RGB,152.05,36.41,WARNING,possible_blur
trashnet,metal,,data\raw\trashnet\metal\metal231.jpg,4032,3024,1.3333,JPEG,RGB,172.81,25.99,WARNING,possible_blur
trashnet,metal,,data\raw\trashnet\metal\metal234.jpg,4032,3024,1.3333,JPEG,RGB,146.84,13.72,WARNING,possible_blur
trashnet,metal,,data\raw\trashnet\metal\metal235.jpg,4032,3024,1.3333,JPEG,RGB,156.23,11.71,WARNING,possible_blur
trashnet,metal,,data\raw\trashnet\metal\metal237.jpg,4032,3024,1.3333,JPEG,RGB,148.37,7.75,WARNING,possible_blur
trashnet,metal,,data\raw\trashnet\metal\metal239.jpg,4032,3024,1.3333,JPEG,RGB,154.24,27.3,WARNING,possible_blur
trashnet,metal,,data\raw\trashnet\metal\metal24.jpg,4032,3024,1.3333,JPEG,RGB,126.59,44.99,WARNING,possible_blur
trashnet,metal,,data\raw\trashnet\metal\metal240.jpg,4032,3024,1.3333,JPEG,RGB,175.19,11.24,WARNING,possible_blur
trashnet,metal,,data\raw\trashnet\metal\metal241.jpg,4032,3024,1.3333,JPEG,RGB,136.05,15.72,WARNING,possible_blur
trashnet,metal,,data\raw\trashnet\metal\metal242.jpg,4032,3024,1.3333,JPEG,RGB,166.68,48.86,WARNING,possible_blur
trashnet,metal,,data\raw\trashnet\metal\metal244.jpg,4032,3024,1.3333,JPEG,RGB,160.66,16.8,WARNING,possible_blur
trashnet,metal,,data\raw\trashnet\metal\metal245.jpg,4032,3024,1.3333,JPEG,RGB,158.02,3.96,WARNING,possible_blur
trashnet,metal,,data\raw\trashnet\metal\metal246.jpg,4032,3024,1.3333,JPEG,RGB,170.43,13.61,WARNING,possible_blur
trashnet,metal,,data\raw\trashnet\metal\metal247.jpg,4032,3024,1.3333,JPEG,RGB,175.84,29.57,WARNING,possible_blur
trashnet,metal,,data\raw\trashnet\metal\metal248.jpg,4032,3024,1.3333,JPEG,RGB,169.1,34.22,WARNING,possible_blur
trashnet,metal,,data\raw\trashnet\metal\metal250.jpg,4032,3024,1.3333,JPEG,RGB,146.56,3.55,WARNING,possible_blur
trashnet,metal,,data\raw\trashnet\metal\metal252.jpg,4032,3024,1.3333,JPEG,RGB,180.47,38.41,WARNING,possible_blur
trashnet,metal,,data\raw\trashnet\metal\metal254.jpg,4032,3024,1.3333,JPEG,RGB,123.32,33.62,WARNING,possible_blur
trashnet,metal,,data\raw\trashnet\metal\metal256.jpg,4032,3024,1.3333,JPEG,RGB,178.61,12.04,WARNING,possible_blur
trashnet,metal,,data\raw\trashnet\metal\metal259.jpg,4032,3024,1.3333,JPEG,RGB,117.06,16.93,WARNING,possible_blur
trashnet,metal,,data\raw\trashnet\metal\metal26.jpg,4032,3024,1.3333,JPEG,RGB,148.04,14.06,WARNING,possible_blur
trashnet,metal,,data\raw\trashnet\metal\metal260.jpg,4032,3024,1.3333,JPEG,RGB,172.51,20.27,WARNING,possible_blur
trashnet,metal,,data\raw\trashnet\metal\metal262.jpg,4032,3024,1.3333,JPEG,RGB,143.1,39.52,WARNING,possible_blur
trashnet,metal,,data\raw\trashnet\metal\metal263.jpg,4032,3024,1.3333,JPEG,RGB,149.55,25.1,WARNING,possible_blur
trashnet,metal,,data\raw\trashnet\metal\metal267.jpg,4032,3024,1.3333,JPEG,RGB,152.81,9.51,WARNING,possible_blur
trashnet,metal,,data\raw\trashnet\metal\metal269.jpg,4032,3024,1.3333,JPEG,RGB,152.4,13.02,WARNING,possible_blur
trashnet,metal,,data\raw\trashnet\metal\metal271.jpg,4032,3024,1.3333,JPEG,RGB,132.77,11.67,WARNING,possible_blur
trashnet,metal,,data\raw\trashnet\metal\metal272.jpg,4032,3024,1.3333,JPEG,RGB,188.57,23.93,WARNING,possible_blur
trashnet,metal,,data\raw\trashnet\metal\metal274.jpg,4032,3024,1.3333,JPEG,RGB,161.85,23.39,WARNING,possible_blur
trashnet,metal,,data\raw\trashnet\metal\metal275.jpg,4032,3024,1.3333,JPEG,RGB,166.3,38.83,WARNING,possible_blur
trashnet,metal,,data\raw\trashnet\metal\metal276.jpg,4032,3024,1.3333,JPEG,RGB,166.73,11.3,WARNING,possible_blur
trashnet,metal,,data\raw\trashnet\metal\metal279.jpg,4032,3024,1.3333,JPEG,RGB,187.15,5.18,WARNING,possible_blur
trashnet,metal,,data\raw\trashnet\metal\metal281.jpg,4032,3024,1.3333,JPEG,RGB,118.09,9.43,WARNING,possible_blur
trashnet,metal,,data\raw\trashnet\metal\metal282.jpg,4032,3024,1.3333,JPEG,RGB,142.46,13.06,WARNING,possible_blur
trashnet,metal,,data\raw\trashnet\metal\metal284.jpg,4032,3024,1.3333,JPEG,RGB,181.43,47.35,WARNING,possible_blur
trashnet,metal,,data\raw\trashnet\metal\metal287.jpg,4032,3024,1.3333,JPEG,RGB,149.12,6.01,WARNING,possible_blur
trashnet,metal,,data\raw\trashnet\metal\metal293.jpg,4032,3024,1.3333,JPEG,RGB,134.56,36.07,WARNING,possible_blur
trashnet,metal,,data\raw\trashnet\metal\metal297.jpg,4032,3024,1.3333,JPEG,RGB,177.06,8.83,WARNING,possible_blur
trashnet,metal,,data\raw\trashnet\metal\metal3.jpg,3264,2448,1.3333,JPEG,RGB,180.22,30.07,WARNING,possible_blur
trashnet,metal,,data\raw\trashnet\metal\metal300.jpg,4032,3024,1.3333,JPEG,RGB,152.37,37.7,WARNING,possible_blur
trashnet,metal,,data\raw\trashnet\metal\metal302.jpg,4032,3024,1.3333,JPEG,RGB,190.88,3.41,WARNING,possible_blur
trashnet,metal,,data\raw\trashnet\metal\metal304.jpg,4032,3024,1.3333,JPEG,RGB,160.61,14.79,WARNING,possible_blur
trashnet,metal,,data\raw\trashnet\metal\metal305.jpg,4032,3024,1.3333,JPEG,RGB,133.8,10.74,WARNING,possible_blur
trashnet,metal,,data\raw\trashnet\metal\metal306.jpg,4032,3024,1.3333,JPEG,RGB,167.23,33.46,WARNING,possible_blur
trashnet,metal,,data\raw\trashnet\metal\metal307.jpg,4032,3024,1.3333,JPEG,RGB,160.34,11.88,WARNING,possible_blur
trashnet,metal,,data\raw\trashnet\metal\metal308.jpg,4032,3024,1.3333,JPEG,RGB,162.19,9.19,WARNING,possible_blur
trashnet,metal,,data\raw\trashnet\metal\metal31.jpg,4032,3024,1.3333,JPEG,RGB,130.03,25.84,WARNING,possible_blur
trashnet,metal,,data\raw\trashnet\metal\metal311.jpg,4032,3024,1.3333,JPEG,RGB,142.03,12.65,WARNING,possible_blur
trashnet,metal,,data\raw\trashnet\metal\metal312.jpg,4032,3024,1.3333,JPEG,RGB,139.89,44.62,WARNING,possible_blur
trashnet,metal,,data\raw\trashnet\metal\metal313.jpg,4032,3024,1.3333,JPEG,RGB,158.69,7.7,WARNING,possible_blur
trashnet,metal,,data\raw\trashnet\metal\metal314.jpg,4032,3024,1.3333,JPEG,RGB,161.6,38.02,WARNING,possible_blur
trashnet,metal,,data\raw\trashnet\metal\metal316.jpg,4032,3024,1.3333,JPEG,RGB,173.51,5.76,WARNING,possible_blur
trashnet,metal,,data\raw\trashnet\metal\metal317.jpg,4032,3024,1.3333,JPEG,RGB,156.44,5.7,WARNING,possible_blur
trashnet,metal,,data\raw\trashnet\metal\metal32.jpg,4032,3024,1.3333,JPEG,RGB,172.39,28.11,WARNING,possible_blur
trashnet,metal,,data\raw\trashnet\metal\metal320.jpg,4032,3024,1.3333,JPEG,RGB,149.06,26.25,WARNING,possible_blur
trashnet,metal,,data\raw\trashnet\metal\metal321.jpg,4032,3024,1.3333,JPEG,RGB,147.81,36.63,WARNING,possible_blur
trashnet,metal,,data\raw\trashnet\metal\metal322.jpg,4032,3024,1.3333,JPEG,RGB,159.56,7.52,WARNING,possible_blur
trashnet,metal,,data\raw\trashnet\metal\metal324.jpg,4032,3024,1.3333,JPEG,RGB,157.94,12.2,WARNING,possible_blur
trashnet,metal,,data\raw\trashnet\metal\metal325.jpg,4032,3024,1.3333,JPEG,RGB,124.0,27.24,WARNING,possible_blur
trashnet,metal,,data\raw\trashnet\metal\metal327.jpg,4032,3024,1.3333,JPEG,RGB,152.91,21.53,WARNING,possible_blur
trashnet,metal,,data\raw\trashnet\metal\metal329.jpg,4032,3024,1.3333,JPEG,RGB,105.2,17.69,WARNING,possible_blur
trashnet,metal,,data\raw\trashnet\metal\metal33.jpg,4032,3024,1.3333,JPEG,RGB,176.54,30.39,WARNING,possible_blur
trashnet,metal,,data\raw\trashnet\metal\metal331.jpg,4032,3024,1.3333,JPEG,RGB,155.99,7.78,WARNING,possible_blur
trashnet,metal,,data\raw\trashnet\metal\metal332.jpg,4032,3024,1.3333,JPEG,RGB,163.68,28.0,WARNING,possible_blur
trashnet,metal,,data\raw\trashnet\metal\metal333.jpg,4032,3024,1.3333,JPEG,RGB,148.24,13.7,WARNING,possible_blur
trashnet,metal,,data\raw\trashnet\metal\metal334.jpg,4032,3024,1.3333,JPEG,RGB,159.49,6.0,WARNING,possible_blur
trashnet,metal,,data\raw\trashnet\metal\metal335.jpg,4032,3024,1.3333,JPEG,RGB,154.12,7.91,WARNING,possible_blur
trashnet,metal,,data\raw\trashnet\metal\metal336.jpg,4032,3024,1.3333,JPEG,RGB,164.01,9.56,WARNING,possible_blur
trashnet,metal,,data\raw\trashnet\metal\metal337.jpg,4032,3024,1.3333,JPEG,RGB,176.75,30.52,WARNING,possible_blur
trashnet,metal,,data\raw\trashnet\metal\metal338.jpg,4032,3024,1.3333,JPEG,RGB,176.01,12.38,WARNING,possible_blur
trashnet,metal,,data\raw\trashnet\metal\metal34.jpg,4032,3024,1.3333,JPEG,RGB,144.19,18.24,WARNING,possible_blur
trashnet,metal,,data\raw\trashnet\metal\metal340.jpg,4032,3024,1.3333,JPEG,RGB,161.23,18.76,WARNING,possible_blur
trashnet,metal,,data\raw\trashnet\metal\metal341.jpg,4032,3024,1.3333,JPEG,RGB,159.32,10.68,WARNING,possible_blur
trashnet,metal,,data\raw\trashnet\metal\metal346.jpg,4032,3024,1.3333,JPEG,RGB,115.11,28.49,WARNING,possible_blur
trashnet,metal,,data\raw\trashnet\metal\metal347.jpg,4032,3024,1.3333,JPEG,RGB,175.53,9.16,WARNING,possible_blur
trashnet,metal,,data\raw\trashnet\metal\metal348.jpg,4032,3024,1.3333,JPEG,RGB,166.54,36.94,WARNING,possible_blur
trashnet,metal,,data\raw\trashnet\metal\metal349.jpg,4032,3024,1.3333,JPEG,RGB,132.3,24.86,WARNING,possible_blur
trashnet,metal,,data\raw\trashnet\metal\metal35.jpg,4032,3024,1.3333,JPEG,RGB,157.6,25.82,WARNING,possible_blur
trashnet,metal,,data\raw\trashnet\metal\metal350.jpg,4032,3024,1.3333,JPEG,RGB,172.5,39.93,WARNING,possible_blur
trashnet,metal,,data\raw\trashnet\metal\metal353.jpg,4032,3024,1.3333,JPEG,RGB,154.99,5.07,WARNING,possible_blur
trashnet,metal,,data\raw\trashnet\metal\metal354.jpg,4032,3024,1.3333,JPEG,RGB,154.19,26.82,WARNING,possible_blur
trashnet,metal,,data\raw\trashnet\metal\metal355.jpg,4032,3024,1.3333,JPEG,RGB,153.47,4.74,WARNING,possible_blur
trashnet,metal,,data\raw\trashnet\metal\metal358.jpg,4032,3024,1.3333,JPEG,RGB,165.43,24.51,WARNING,possible_blur
trashnet,metal,,data\raw\trashnet\metal\metal359.jpg,4032,3024,1.3333,JPEG,RGB,145.74,10.12,WARNING,possible_blur
trashnet,metal,,data\raw\trashnet\metal\metal36.jpg,4032,3024,1.3333,JPEG,RGB,126.54,25.84,WARNING,possible_blur
trashnet,metal,,data\raw\trashnet\metal\metal360.jpg,4032,3024,1.3333,JPEG,RGB,172.32,15.77,WARNING,possible_blur
trashnet,metal,,data\raw\trashnet\metal\metal361.jpg,4032,3024,1.3333,JPEG,RGB,122.96,38.9,WARNING,possible_blur
trashnet,metal,,data\raw\trashnet\metal\metal362.jpg,4032,3024,1.3333,JPEG,RGB,171.0,19.35,WARNING,possible_blur
trashnet,metal,,data\raw\trashnet\metal\metal363.jpg,4032,3024,1.3333,JPEG,RGB,108.7,47.62,WARNING,possible_blur
trashnet,metal,,data\raw\trashnet\metal\metal364.jpg,4032,3024,1.3333,JPEG,RGB,140.01,15.31,WARNING,possible_blur
trashnet,metal,,data\raw\trashnet\metal\metal365.jpg,4032,3024,1.3333,JPEG,RGB,151.51,6.65,WARNING,possible_blur
trashnet,metal,,data\raw\trashnet\metal\metal366.jpg,4032,3024,1.3333,JPEG,RGB,163.52,15.07,WARNING,possible_blur
trashnet,metal,,data\raw\trashnet\metal\metal368.jpg,4032,3024,1.3333,JPEG,RGB,157.07,11.12,WARNING,possible_blur
trashnet,metal,,data\raw\trashnet\metal\metal369.jpg,4032,3024,1.3333,JPEG,RGB,185.61,6.45,WARNING,possible_blur
trashnet,metal,,data\raw\trashnet\metal\metal37.jpg,4032,3024,1.3333,JPEG,RGB,172.97,6.77,WARNING,possible_blur
trashnet,metal,,data\raw\trashnet\metal\metal370.jpg,4032,3024,1.3333,JPEG,RGB,175.0,44.95,WARNING,possible_blur
trashnet,metal,,data\raw\trashnet\metal\metal371.jpg,4032,3024,1.3333,JPEG,RGB,163.86,27.78,WARNING,possible_blur
trashnet,metal,,data\raw\trashnet\metal\metal372.jpg,4032,3024,1.3333,JPEG,RGB,127.24,4.58,WARNING,possible_blur
trashnet,metal,,data\raw\trashnet\metal\metal373.jpg,4032,3024,1.3333,JPEG,RGB,176.86,6.4,WARNING,possible_blur
trashnet,metal,,data\raw\trashnet\metal\metal374.jpg,4032,3024,1.3333,JPEG,RGB,106.36,36.14,WARNING,possible_blur
trashnet,metal,,data\raw\trashnet\metal\metal375.jpg,4032,3024,1.3333,JPEG,RGB,167.39,12.33,WARNING,possible_blur
trashnet,metal,,data\raw\trashnet\metal\metal376.jpg,4032,3024,1.3333,JPEG,RGB,169.24,38.14,WARNING,possible_blur
trashnet,metal,,data\raw\trashnet\metal\metal377.jpg,4032,3024,1.3333,JPEG,RGB,143.86,26.29,WARNING,possible_blur
trashnet,metal,,data\raw\trashnet\metal\metal378.jpg,4032,3024,1.3333,JPEG,RGB,175.75,35.38,WARNING,possible_blur
trashnet,metal,,data\raw\trashnet\metal\metal379.jpg,4032,3024,1.3333,JPEG,RGB,167.26,6.14,WARNING,possible_blur
trashnet,metal,,data\raw\trashnet\metal\metal38.jpg,4032,3024,1.3333,JPEG,RGB,172.68,18.71,WARNING,possible_blur
trashnet,metal,,data\raw\trashnet\metal\metal380.jpg,4032,3024,1.3333,JPEG,RGB,122.31,44.43,WARNING,possible_blur
trashnet,metal,,data\raw\trashnet\metal\metal382.jpg,4032,3024,1.3333,JPEG,RGB,178.37,31.37,WARNING,possible_blur
trashnet,metal,,data\raw\trashnet\metal\metal385.jpg,4032,3024,1.3333,JPEG,RGB,169.05,11.38,WARNING,possible_blur
trashnet,metal,,data\raw\trashnet\metal\metal386.jpg,4032,3024,1.3333,JPEG,RGB,181.84,4.56,WARNING,possible_blur
trashnet,metal,,data\raw\trashnet\metal\metal387.jpg,4032,3024,1.3333,JPEG,RGB,121.25,12.14,WARNING,possible_blur
trashnet,metal,,data\raw\trashnet\metal\metal389.jpg,4032,3024,1.3333,JPEG,RGB,161.14,14.04,WARNING,possible_blur
trashnet,metal,,data\raw\trashnet\metal\metal391.jpg,4032,3024,1.3333,JPEG,RGB,116.97,26.74,WARNING,possible_blur
trashnet,metal,,data\raw\trashnet\metal\metal392.jpg,4032,3024,1.3333,JPEG,RGB,78.02,21.96,WARNING,possible_blur
trashnet,metal,,data\raw\trashnet\metal\metal393.jpg,4032,3024,1.3333,JPEG,RGB,188.73,6.42,WARNING,possible_blur
trashnet,metal,,data\raw\trashnet\metal\metal397.jpg,4032,3024,1.3333,JPEG,RGB,178.08,34.88,WARNING,possible_blur
trashnet,metal,,data\raw\trashnet\metal\metal399.jpg,4032,3024,1.3333,JPEG,RGB,178.1,32.64,WARNING,possible_blur
trashnet,metal,,data\raw\trashnet\metal\metal4.jpg,3264,2448,1.3333,JPEG,RGB,200.53,4.71,WARNING,possible_blur
trashnet,metal,,data\raw\trashnet\metal\metal401.jpg,4032,3024,1.3333,JPEG,RGB,163.15,19.13,WARNING,possible_blur
trashnet,metal,,data\raw\trashnet\metal\metal403.jpg,4032,3024,1.3333,JPEG,RGB,151.84,41.18,WARNING,possible_blur
trashnet,metal,,data\raw\trashnet\metal\metal404.jpg,4032,3024,1.3333,JPEG,RGB,128.63,21.22,WARNING,possible_blur
trashnet,metal,,data\raw\trashnet\metal\metal405.jpg,4032,3024,1.3333,JPEG,RGB,166.08,18.4,WARNING,possible_blur
trashnet,metal,,data\raw\trashnet\metal\metal41.jpg,4032,3024,1.3333,JPEG,RGB,171.69,30.19,WARNING,possible_blur
trashnet,metal,,data\raw\trashnet\metal\metal410.jpg,4032,3024,1.3333,JPEG,RGB,165.19,10.45,WARNING,possible_blur
trashnet,metal,,data\raw\trashnet\metal\metal43.jpg,4032,3024,1.3333,JPEG,RGB,151.58,18.1,WARNING,possible_blur
trashnet,metal,,data\raw\trashnet\metal\metal44.jpg,4032,3024,1.3333,JPEG,RGB,132.25,34.42,WARNING,possible_blur
trashnet,metal,,data\raw\trashnet\metal\metal45.jpg,4032,3024,1.3333,JPEG,RGB,172.15,11.31,WARNING,possible_blur
trashnet,metal,,data\raw\trashnet\metal\metal47.jpg,4032,3024,1.3333,JPEG,RGB,174.37,13.99,WARNING,possible_blur
trashnet,metal,,data\raw\trashnet\metal\metal48.jpg,4032,3024,1.3333,JPEG,RGB,188.52,3.6,WARNING,possible_blur
trashnet,metal,,data\raw\trashnet\metal\metal49.jpg,4032,3024,1.3333,JPEG,RGB,143.87,8.96,WARNING,possible_blur
trashnet,metal,,data\raw\trashnet\metal\metal5.jpg,3264,2448,1.3333,JPEG,RGB,149.96,48.48,WARNING,possible_blur
trashnet,metal,,data\raw\trashnet\metal\metal53.jpg,4032,3024,1.3333,JPEG,RGB,171.63,19.31,WARNING,possible_blur
trashnet,metal,,data\raw\trashnet\metal\metal54.jpg,4032,3024,1.3333,JPEG,RGB,127.21,24.1,WARNING,possible_blur
trashnet,metal,,data\raw\trashnet\metal\metal56.jpg,4032,3024,1.3333,JPEG,RGB,171.6,20.95,WARNING,possible_blur
trashnet,metal,,data\raw\trashnet\metal\metal58.jpg,4032,3024,1.3333,JPEG,RGB,156.74,6.68,WARNING,possible_blur
trashnet,metal,,data\raw\trashnet\metal\metal59.jpg,4032,3024,1.3333,JPEG,RGB,166.92,12.23,WARNING,possible_blur
trashnet,metal,,data\raw\trashnet\metal\metal6.jpg,3264,2448,1.3333,JPEG,RGB,202.89,13.96,WARNING,possible_blur
trashnet,metal,,data\raw\trashnet\metal\metal60.jpg,4032,3024,1.3333,JPEG,RGB,164.46,24.46,WARNING,possible_blur
trashnet,metal,,data\raw\trashnet\metal\metal62.jpg,4032,3024,1.3333,JPEG,RGB,171.91,34.99,WARNING,possible_blur
trashnet,metal,,data\raw\trashnet\metal\metal64.jpg,4032,3024,1.3333,JPEG,RGB,150.08,14.16,WARNING,possible_blur
trashnet,metal,,data\raw\trashnet\metal\metal65.jpg,4032,3024,1.3333,JPEG,RGB,159.24,28.63,WARNING,possible_blur
trashnet,metal,,data\raw\trashnet\metal\metal66.jpg,4032,3024,1.3333,JPEG,RGB,158.25,49.34,WARNING,possible_blur
trashnet,metal,,data\raw\trashnet\metal\metal67.jpg,4032,3024,1.3333,JPEG,RGB,160.73,24.45,WARNING,possible_blur
trashnet,metal,,data\raw\trashnet\metal\metal68.jpg,4032,3024,1.3333,JPEG,RGB,175.66,38.99,WARNING,possible_blur
trashnet,metal,,data\raw\trashnet\metal\metal78.jpg,4032,3024,1.3333,JPEG,RGB,151.86,16.79,WARNING,possible_blur
trashnet,metal,,data\raw\trashnet\metal\metal79.jpg,4032,3024,1.3333,JPEG,RGB,136.93,7.94,WARNING,possible_blur
trashnet,metal,,data\raw\trashnet\metal\metal8.jpg,3264,2448,1.3333,JPEG,RGB,199.99,13.58,WARNING,possible_blur
trashnet,metal,,data\raw\trashnet\metal\metal81.jpg,4032,3024,1.3333,JPEG,RGB,154.08,13.84,WARNING,possible_blur
trashnet,metal,,data\raw\trashnet\metal\metal82.jpg,4032,3024,1.3333,JPEG,RGB,200.62,26.21,WARNING,possible_blur
trashnet,metal,,data\raw\trashnet\metal\metal83.jpg,4032,3024,1.3333,JPEG,RGB,152.25,14.64,WARNING,possible_blur
trashnet,metal,,data\raw\trashnet\metal\metal84.jpg,4032,3024,1.3333,JPEG,RGB,131.52,48.98,WARNING,possible_blur
trashnet,metal,,data\raw\trashnet\metal\metal85.jpg,4032,3024,1.3333,JPEG,RGB,165.46,7.69,WARNING,possible_blur
trashnet,metal,,data\raw\trashnet\metal\metal86.jpg,4032,3024,1.3333,JPEG,RGB,166.44,16.0,WARNING,possible_blur
trashnet,metal,,data\raw\trashnet\metal\metal87.jpg,4032,3024,1.3333,JPEG,RGB,137.04,21.16,WARNING,possible_blur
trashnet,metal,,data\raw\trashnet\metal\metal88.jpg,4032,3024,1.3333,JPEG,RGB,106.32,25.49,WARNING,possible_blur
trashnet,metal,,data\raw\trashnet\metal\metal89.jpg,4032,3024,1.3333,JPEG,RGB,111.2,37.17,WARNING,possible_blur
trashnet,metal,,data\raw\trashnet\metal\metal9.jpg,3264,2448,1.3333,JPEG,RGB,199.24,26.25,WARNING,possible_blur
trashnet,metal,,data\raw\trashnet\metal\metal90.jpg,4032,3024,1.3333,JPEG,RGB,157.91,17.99,WARNING,possible_blur
trashnet,metal,,data\raw\trashnet\metal\metal91.jpg,4032,3024,1.3333,JPEG,RGB,182.43,19.98,WARNING,possible_blur
trashnet,metal,,data\raw\trashnet\metal\metal92.jpg,4032,3024,1.3333,JPEG,RGB,178.36,18.35,WARNING,possible_blur
trashnet,metal,,data\raw\trashnet\metal\metal95.jpg,4032,3024,1.3333,JPEG,RGB,173.26,13.37,WARNING,possible_blur
trashnet,metal,,data\raw\trashnet\metal\metal96.jpg,4032,3024,1.3333,JPEG,RGB,182.86,10.79,WARNING,possible_blur
trashnet,metal,,data\raw\trashnet\metal\metal99.jpg,4032,3024,1.3333,JPEG,RGB,151.2,9.21,WARNING,possible_blur
trashnet,paper,,data\raw\trashnet\paper\paper1.jpg,4032,3024,1.3333,JPEG,RGB,183.15,40.78,WARNING,possible_blur
trashnet,paper,,data\raw\trashnet\paper\paper10.jpg,4032,3024,1.3333,JPEG,RGB,110.2,17.96,WARNING,possible_blur
trashnet,paper,,data\raw\trashnet\paper\paper107.jpg,4032,3024,1.3333,JPEG,RGB,169.76,10.12,WARNING,possible_blur
trashnet,paper,,data\raw\trashnet\paper\paper11.jpg,4032,3024,1.3333,JPEG,RGB,189.82,18.82,WARNING,possible_blur
trashnet,paper,,data\raw\trashnet\paper\paper110.jpg,4032,3024,1.3333,JPEG,RGB,177.15,15.23,WARNING,possible_blur
trashnet,paper,,data\raw\trashnet\paper\paper111.jpg,4032,3024,1.3333,JPEG,RGB,136.66,47.24,WARNING,possible_blur
trashnet,paper,,data\raw\trashnet\paper\paper116.jpg,4032,3024,1.3333,JPEG,RGB,192.46,4.98,WARNING,possible_blur
trashnet,paper,,data\raw\trashnet\paper\paper117.jpg,4032,3024,1.3333,JPEG,RGB,169.37,22.01,WARNING,possible_blur
trashnet,paper,,data\raw\trashnet\paper\paper119.jpg,4032,3024,1.3333,JPEG,RGB,175.02,7.93,WARNING,possible_blur
trashnet,paper,,data\raw\trashnet\paper\paper120.jpg,4032,3024,1.3333,JPEG,RGB,191.88,8.45,WARNING,possible_blur
trashnet,paper,,data\raw\trashnet\paper\paper124.jpg,4032,3024,1.3333,JPEG,RGB,179.1,16.16,WARNING,possible_blur
trashnet,paper,,data\raw\trashnet\paper\paper13.jpg,4032,3024,1.3333,JPEG,RGB,195.3,11.03,WARNING,possible_blur
trashnet,paper,,data\raw\trashnet\paper\paper130.jpg,4032,3024,1.3333,JPEG,RGB,184.93,34.25,WARNING,possible_blur
trashnet,paper,,data\raw\trashnet\paper\paper132.jpg,4032,3024,1.3333,JPEG,RGB,177.57,9.5,WARNING,possible_blur
trashnet,paper,,data\raw\trashnet\paper\paper134.jpg,4032,3024,1.3333,JPEG,RGB,171.6,11.9,WARNING,possible_blur
trashnet,paper,,data\raw\trashnet\paper\paper137.jpg,4032,3024,1.3333,JPEG,RGB,172.4,44.12,WARNING,possible_blur
trashnet,paper,,data\raw\trashnet\paper\paper138.jpg,4032,3024,1.3333,JPEG,RGB,185.05,47.3,WARNING,possible_blur
trashnet,paper,,data\raw\trashnet\paper\paper142.jpg,4032,3024,1.3333,JPEG,RGB,178.52,10.35,WARNING,possible_blur
trashnet,paper,,data\raw\trashnet\paper\paper143.jpg,4032,3024,1.3333,JPEG,RGB,182.67,19.62,WARNING,possible_blur
trashnet,paper,,data\raw\trashnet\paper\paper145.jpg,4032,3024,1.3333,JPEG,RGB,177.74,18.17,WARNING,possible_blur
trashnet,paper,,data\raw\trashnet\paper\paper146.jpg,4032,3024,1.3333,JPEG,RGB,184.73,22.56,WARNING,possible_blur
trashnet,paper,,data\raw\trashnet\paper\paper149.jpg,4032,3024,1.3333,JPEG,RGB,182.29,26.72,WARNING,possible_blur
trashnet,paper,,data\raw\trashnet\paper\paper15.jpg,4032,3024,1.3333,JPEG,RGB,158.28,42.58,WARNING,possible_blur
trashnet,paper,,data\raw\trashnet\paper\paper150.jpg,4032,3024,1.3333,JPEG,RGB,186.97,35.75,WARNING,possible_blur
trashnet,paper,,data\raw\trashnet\paper\paper151.jpg,4032,3024,1.3333,JPEG,RGB,174.27,14.02,WARNING,possible_blur
trashnet,paper,,data\raw\trashnet\paper\paper154.jpg,4032,3024,1.3333,JPEG,RGB,179.9,13.36,WARNING,possible_blur
trashnet,paper,,data\raw\trashnet\paper\paper156.jpg,4032,3024,1.3333,JPEG,RGB,180.71,15.47,WARNING,possible_blur
trashnet,paper,,data\raw\trashnet\paper\paper157.jpg,4032,3024,1.3333,JPEG,RGB,195.48,13.82,WARNING,possible_blur
trashnet,paper,,data\raw\trashnet\paper\paper158.jpg,4032,3024,1.3333,JPEG,RGB,190.51,8.11,WARNING,possible_blur
trashnet,paper,,data\raw\trashnet\paper\paper159.jpg,4032,3024,1.3333,JPEG,RGB,159.77,35.97,WARNING,possible_blur
trashnet,paper,,data\raw\trashnet\paper\paper162.jpg,4032,3024,1.3333,JPEG,RGB,164.75,31.54,WARNING,possible_blur
trashnet,paper,,data\raw\trashnet\paper\paper166.jpg,4032,3024,1.3333,JPEG,RGB,119.2,16.84,WARNING,possible_blur
trashnet,paper,,data\raw\trashnet\paper\paper167.jpg,4032,3024,1.3333,JPEG,RGB,134.9,46.75,WARNING,possible_blur
trashnet,paper,,data\raw\trashnet\paper\paper168.jpg,4032,3024,1.3333,JPEG,RGB,173.57,3.56,WARNING,possible_blur
trashnet,paper,,data\raw\trashnet\paper\paper169.jpg,4032,3024,1.3333,JPEG,RGB,183.92,5.46,WARNING,possible_blur
trashnet,paper,,data\raw\trashnet\paper\paper170.jpg,4032,3024,1.3333,JPEG,RGB,190.03,10.31,WARNING,possible_blur
trashnet,paper,,data\raw\trashnet\paper\paper171.jpg,4032,3024,1.3333,JPEG,RGB,175.48,5.31,WARNING,possible_blur
trashnet,paper,,data\raw\trashnet\paper\paper172.jpg,4032,3024,1.3333,JPEG,RGB,170.85,48.34,WARNING,possible_blur
trashnet,paper,,data\raw\trashnet\paper\paper175.jpg,4032,3024,1.3333,JPEG,RGB,173.15,38.4,WARNING,possible_blur
trashnet,paper,,data\raw\trashnet\paper\paper176.jpg,4032,3024,1.3333,JPEG,RGB,145.76,32.94,WARNING,possible_blur
trashnet,paper,,data\raw\trashnet\paper\paper179.jpg,4032,3024,1.3333,JPEG,RGB,185.27,27.72,WARNING,possible_blur
trashnet,paper,,data\raw\trashnet\paper\paper180.jpg,4032,3024,1.3333,JPEG,RGB,150.21,33.69,WARNING,possible_blur
trashnet,paper,,data\raw\trashnet\paper\paper183.jpg,4032,3024,1.3333,JPEG,RGB,177.65,45.73,WARNING,possible_blur
trashnet,paper,,data\raw\trashnet\paper\paper187.jpg,4032,3024,1.3333,JPEG,RGB,176.23,33.91,WARNING,possible_blur
trashnet,paper,,data\raw\trashnet\paper\paper19.jpg,4032,3024,1.3333,JPEG,RGB,187.66,44.3,WARNING,possible_blur
trashnet,paper,,data\raw\trashnet\paper\paper191.jpg,4032,3024,1.3333,JPEG,RGB,179.57,17.78,WARNING,possible_blur
trashnet,paper,,data\raw\trashnet\paper\paper200.jpg,4032,3024,1.3333,JPEG,RGB,159.03,21.03,WARNING,possible_blur
trashnet,paper,,data\raw\trashnet\paper\paper201.jpg,4032,3024,1.3333,JPEG,RGB,111.64,8.73,WARNING,possible_blur
trashnet,paper,,data\raw\trashnet\paper\paper202.jpg,4032,3024,1.3333,JPEG,RGB,180.51,10.46,WARNING,possible_blur
trashnet,paper,,data\raw\trashnet\paper\paper203.jpg,4032,3024,1.3333,JPEG,RGB,196.35,40.71,WARNING,possible_blur
trashnet,paper,,data\raw\trashnet\paper\paper204.jpg,4032,3024,1.3333,JPEG,RGB,174.59,45.72,WARNING,possible_blur
trashnet,paper,,data\raw\trashnet\paper\paper213.jpg,4032,3024,1.3333,JPEG,RGB,173.38,8.73,WARNING,possible_blur
trashnet,paper,,data\raw\trashnet\paper\paper219.jpg,4032,3024,1.3333,JPEG,RGB,185.21,15.51,WARNING,possible_blur
trashnet,paper,,data\raw\trashnet\paper\paper22.jpg,4032,3024,1.3333,JPEG,RGB,196.7,27.74,WARNING,possible_blur
trashnet,paper,,data\raw\trashnet\paper\paper222.jpg,4032,3024,1.3333,JPEG,RGB,184.48,9.97,WARNING,possible_blur
trashnet,paper,,data\raw\trashnet\paper\paper226.jpg,4032,3024,1.3333,JPEG,RGB,183.82,2.63,WARNING,possible_blur
trashnet,paper,,data\raw\trashnet\paper\paper228.jpg,4032,3024,1.3333,JPEG,RGB,185.93,8.75,WARNING,possible_blur
trashnet,paper,,data\raw\trashnet\paper\paper232.jpg,4032,3024,1.3333,JPEG,RGB,180.42,20.44,WARNING,possible_blur
trashnet,paper,,data\raw\trashnet\paper\paper238.jpg,4032,3024,1.3333,JPEG,RGB,161.61,13.45,WARNING,possible_blur
trashnet,paper,,data\raw\trashnet\paper\paper239.jpg,4032,3024,1.3333,JPEG,RGB,185.3,23.43,WARNING,possible_blur
trashnet,paper,,data\raw\trashnet\paper\paper240.jpg,4032,3024,1.3333,JPEG,RGB,163.97,42.96,WARNING,possible_blur
trashnet,paper,,data\raw\trashnet\paper\paper241.jpg,4032,3024,1.3333,JPEG,RGB,181.76,33.66,WARNING,possible_blur
trashnet,paper,,data\raw\trashnet\paper\paper242.jpg,4032,3024,1.3333,JPEG,RGB,189.86,20.34,WARNING,possible_blur
trashnet,paper,,data\raw\trashnet\paper\paper243.jpg,4032,3024,1.3333,JPEG,RGB,183.93,6.39,WARNING,possible_blur
trashnet,paper,,data\raw\trashnet\paper\paper244.jpg,4032,3024,1.3333,JPEG,RGB,168.03,25.16,WARNING,possible_blur
trashnet,paper,,data\raw\trashnet\paper\paper250.jpg,4032,3024,1.3333,JPEG,RGB,161.06,29.26,WARNING,possible_blur
trashnet,paper,,data\raw\trashnet\paper\paper251.jpg,4032,3024,1.3333,JPEG,RGB,180.5,35.96,WARNING,possible_blur
trashnet,paper,,data\raw\trashnet\paper\paper252.jpg,4032,3024,1.3333,JPEG,RGB,179.43,14.95,WARNING,possible_blur
trashnet,paper,,data\raw\trashnet\paper\paper255.jpg,4032,3024,1.3333,JPEG,RGB,177.11,8.38,WARNING,possible_blur
trashnet,paper,,data\raw\trashnet\paper\paper256.jpg,4032,3024,1.3333,JPEG,RGB,182.3,6.65,WARNING,possible_blur
trashnet,paper,,data\raw\trashnet\paper\paper257.jpg,4032,3024,1.3333,JPEG,RGB,173.98,30.06,WARNING,possible_blur
trashnet,paper,,data\raw\trashnet\paper\paper258.jpg,4032,3024,1.3333,JPEG,RGB,169.41,27.57,WARNING,possible_blur
trashnet,paper,,data\raw\trashnet\paper\paper261.jpg,4032,3024,1.3333,JPEG,RGB,195.76,30.88,WARNING,possible_blur
trashnet,paper,,data\raw\trashnet\paper\paper263.jpg,4032,3024,1.3333,JPEG,RGB,153.33,11.34,WARNING,possible_blur
trashnet,paper,,data\raw\trashnet\paper\paper264.jpg,4032,3024,1.3333,JPEG,RGB,154.19,25.11,WARNING,possible_blur
trashnet,paper,,data\raw\trashnet\paper\paper27.jpg,4032,3024,1.3333,JPEG,RGB,179.5,28.33,WARNING,possible_blur
trashnet,paper,,data\raw\trashnet\paper\paper272.jpg,4032,3024,1.3333,JPEG,RGB,190.61,2.8,WARNING,possible_blur
trashnet,paper,,data\raw\trashnet\paper\paper274.jpg,4032,3024,1.3333,JPEG,RGB,189.5,14.06,WARNING,possible_blur
trashnet,paper,,data\raw\trashnet\paper\paper275.jpg,4032,3024,1.3333,JPEG,RGB,183.27,34.81,WARNING,possible_blur
trashnet,paper,,data\raw\trashnet\paper\paper277.jpg,4032,3024,1.3333,JPEG,RGB,180.47,9.22,WARNING,possible_blur
trashnet,paper,,data\raw\trashnet\paper\paper279.jpg,4032,3024,1.3333,JPEG,RGB,184.92,13.95,WARNING,possible_blur
trashnet,paper,,data\raw\trashnet\paper\paper280.jpg,4032,3024,1.3333,JPEG,RGB,184.49,16.59,WARNING,possible_blur
trashnet,paper,,data\raw\trashnet\paper\paper281.jpg,4032,3024,1.3333,JPEG,RGB,179.87,9.73,WARNING,possible_blur
trashnet,paper,,data\raw\trashnet\paper\paper282.jpg,4032,3024,1.3333,JPEG,RGB,189.08,11.04,WARNING,possible_blur
trashnet,paper,,data\raw\trashnet\paper\paper283.jpg,4032,3024,1.3333,JPEG,RGB,123.47,24.28,WARNING,possible_blur
trashnet,paper,,data\raw\trashnet\paper\paper284.jpg,4032,3024,1.3333,JPEG,RGB,147.04,23.86,WARNING,possible_blur
trashnet,paper,,data\raw\trashnet\paper\paper285.jpg,4032,3024,1.3333,JPEG,RGB,132.12,41.86,WARNING,possible_blur
trashnet,paper,,data\raw\trashnet\paper\paper287.jpg,4032,3024,1.3333,JPEG,RGB,156.52,33.75,WARNING,possible_blur
trashnet,paper,,data\raw\trashnet\paper\paper29.jpg,4032,3024,1.3333,JPEG,RGB,164.58,28.34,WARNING,possible_blur
trashnet,paper,,data\raw\trashnet\paper\paper294.jpg,4032,3024,1.3333,JPEG,RGB,198.42,3.45,WARNING,possible_blur
trashnet,paper,,data\raw\trashnet\paper\paper296.jpg,4032,3024,1.3333,JPEG,RGB,189.64,40.02,WARNING,possible_blur
trashnet,paper,,data\raw\trashnet\paper\paper298.jpg,4032,3024,1.3333,JPEG,RGB,166.46,25.21,WARNING,possible_blur
trashnet,paper,,data\raw\trashnet\paper\paper299.jpg,4032,3024,1.3333,JPEG,RGB,159.92,42.15,WARNING,possible_blur
trashnet,paper,,data\raw\trashnet\paper\paper3.jpg,4032,3024,1.3333,JPEG,RGB,178.24,34.09,WARNING,possible_blur
trashnet,paper,,data\raw\trashnet\paper\paper30.jpg,4032,3024,1.3333,JPEG,RGB,175.73,3.3,WARNING,possible_blur
trashnet,paper,,data\raw\trashnet\paper\paper300.jpg,4032,3024,1.3333,JPEG,RGB,170.67,13.81,WARNING,possible_blur
trashnet,paper,,data\raw\trashnet\paper\paper301.jpg,4032,3024,1.3333,JPEG,RGB,151.44,41.73,WARNING,possible_blur
trashnet,paper,,data\raw\trashnet\paper\paper303.jpg,4032,3024,1.3333,JPEG,RGB,172.12,37.23,WARNING,possible_blur
trashnet,paper,,data\raw\trashnet\paper\paper304.jpg,4032,3024,1.3333,JPEG,RGB,189.35,21.43,WARNING,possible_blur
trashnet,paper,,data\raw\trashnet\paper\paper306.jpg,4032,3024,1.3333,JPEG,RGB,125.98,24.66,WARNING,possible_blur
trashnet,paper,,data\raw\trashnet\paper\paper309.jpg,4032,3024,1.3333,JPEG,RGB,192.77,3.08,WARNING,possible_blur
trashnet,paper,,data\raw\trashnet\paper\paper313.jpg,4032,3024,1.3333,JPEG,RGB,147.64,39.28,WARNING,possible_blur
trashnet,paper,,data\raw\trashnet\paper\paper315.jpg,4032,3024,1.3333,JPEG,RGB,172.48,4.97,WARNING,possible_blur
trashnet,paper,,data\raw\trashnet\paper\paper317.jpg,4032,3024,1.3333,JPEG,RGB,177.73,16.0,WARNING,possible_blur
trashnet,paper,,data\raw\trashnet\paper\paper318.jpg,4032,3024,1.3333,JPEG,RGB,167.9,21.37,WARNING,possible_blur
trashnet,paper,,data\raw\trashnet\paper\paper32.jpg,4032,3024,1.3333,JPEG,RGB,175.18,9.22,WARNING,possible_blur
trashnet,paper,,data\raw\trashnet\paper\paper321.jpg,4032,3024,1.3333,JPEG,RGB,176.42,33.22,WARNING,possible_blur
trashnet,paper,,data\raw\trashnet\paper\paper322.jpg,4032,3024,1.3333,JPEG,RGB,179.04,35.66,WARNING,possible_blur
trashnet,paper,,data\raw\trashnet\paper\paper323.jpg,4032,3024,1.3333,JPEG,RGB,185.82,48.81,WARNING,possible_blur
trashnet,paper,,data\raw\trashnet\paper\paper324.jpg,4032,3024,1.3333,JPEG,RGB,173.95,28.75,WARNING,possible_blur
trashnet,paper,,data\raw\trashnet\paper\paper325.jpg,4032,3024,1.3333,JPEG,RGB,190.31,48.6,WARNING,possible_blur
trashnet,paper,,data\raw\trashnet\paper\paper328.jpg,4032,3024,1.3333,JPEG,RGB,154.21,20.33,WARNING,possible_blur
trashnet,paper,,data\raw\trashnet\paper\paper329.jpg,4032,3024,1.3333,JPEG,RGB,174.04,8.56,WARNING,possible_blur
trashnet,paper,,data\raw\trashnet\paper\paper33.jpg,4032,3024,1.3333,JPEG,RGB,171.51,4.24,WARNING,possible_blur
trashnet,paper,,data\raw\trashnet\paper\paper333.jpg,4032,3024,1.3333,JPEG,RGB,176.97,18.19,WARNING,possible_blur
trashnet,paper,,data\raw\trashnet\paper\paper334.jpg,4032,3024,1.3333,JPEG,RGB,188.62,4.59,WARNING,possible_blur
trashnet,paper,,data\raw\trashnet\paper\paper337.jpg,4032,3024,1.3333,JPEG,RGB,156.21,29.66,WARNING,possible_blur
trashnet,paper,,data\raw\trashnet\paper\paper341.jpg,4032,3024,1.3333,JPEG,RGB,174.55,11.57,WARNING,possible_blur
trashnet,paper,,data\raw\trashnet\paper\paper347.jpg,4032,3024,1.3333,JPEG,RGB,175.99,7.72,WARNING,possible_blur
trashnet,paper,,data\raw\trashnet\paper\paper348.jpg,4032,3024,1.3333,JPEG,RGB,147.59,32.29,WARNING,possible_blur
trashnet,paper,,data\raw\trashnet\paper\paper350.jpg,4032,3024,1.3333,JPEG,RGB,190.37,4.09,WARNING,possible_blur
trashnet,paper,,data\raw\trashnet\paper\paper352.jpg,4032,3024,1.3333,JPEG,RGB,186.7,22.04,WARNING,possible_blur
trashnet,paper,,data\raw\trashnet\paper\paper354.jpg,4032,3024,1.3333,JPEG,RGB,173.54,10.11,WARNING,possible_blur
trashnet,paper,,data\raw\trashnet\paper\paper355.jpg,4032,3024,1.3333,JPEG,RGB,186.7,21.11,WARNING,possible_blur
trashnet,paper,,data\raw\trashnet\paper\paper357.jpg,4032,3024,1.3333,JPEG,RGB,187.19,30.34,WARNING,possible_blur
trashnet,paper,,data\raw\trashnet\paper\paper36.jpg,4032,3024,1.3333,JPEG,RGB,179.39,22.71,WARNING,possible_blur
trashnet,paper,,data\raw\trashnet\paper\paper361.jpg,4032,3024,1.3333,JPEG,RGB,174.81,42.05,WARNING,possible_blur
trashnet,paper,,data\raw\trashnet\paper\paper363.jpg,4032,3024,1.3333,JPEG,RGB,171.25,26.93,WARNING,possible_blur
trashnet,paper,,data\raw\trashnet\paper\paper366.jpg,4032,3024,1.3333,JPEG,RGB,178.21,9.21,WARNING,possible_blur
trashnet,paper,,data\raw\trashnet\paper\paper367.jpg,4032,3024,1.3333,JPEG,RGB,162.79,10.13,WARNING,possible_blur
trashnet,paper,,data\raw\trashnet\paper\paper368.jpg,4032,3024,1.3333,JPEG,RGB,182.82,3.43,WARNING,possible_blur
trashnet,paper,,data\raw\trashnet\paper\paper370.jpg,4032,3024,1.3333,JPEG,RGB,180.88,6.94,WARNING,possible_blur
trashnet,paper,,data\raw\trashnet\paper\paper371.jpg,4032,3024,1.3333,JPEG,RGB,160.03,46.28,WARNING,possible_blur
trashnet,paper,,data\raw\trashnet\paper\paper373.jpg,4032,3024,1.3333,JPEG,RGB,171.49,22.02,WARNING,possible_blur
trashnet,paper,,data\raw\trashnet\paper\paper374.jpg,4032,3024,1.3333,JPEG,RGB,190.37,10.03,WARNING,possible_blur
trashnet,paper,,data\raw\trashnet\paper\paper375.jpg,4032,3024,1.3333,JPEG,RGB,139.55,36.89,WARNING,possible_blur
trashnet,paper,,data\raw\trashnet\paper\paper377.jpg,4032,3024,1.3333,JPEG,RGB,176.37,9.31,WARNING,possible_blur
trashnet,paper,,data\raw\trashnet\paper\paper378.jpg,4032,3024,1.3333,JPEG,RGB,178.52,23.08,WARNING,possible_blur
trashnet,paper,,data\raw\trashnet\paper\paper382.jpg,4032,3024,1.3333,JPEG,RGB,183.39,12.98,WARNING,possible_blur
trashnet,paper,,data\raw\trashnet\paper\paper384.jpg,4032,3024,1.3333,JPEG,RGB,185.53,30.73,WARNING,possible_blur
trashnet,paper,,data\raw\trashnet\paper\paper385.jpg,4032,3024,1.3333,JPEG,RGB,181.24,1.82,WARNING,possible_blur
trashnet,paper,,data\raw\trashnet\paper\paper386.jpg,4032,3024,1.3333,JPEG,RGB,166.84,17.92,WARNING,possible_blur
trashnet,paper,,data\raw\trashnet\paper\paper387.jpg,4032,3024,1.3333,JPEG,RGB,168.64,5.71,WARNING,possible_blur
trashnet,paper,,data\raw\trashnet\paper\paper389.jpg,4032,3024,1.3333,JPEG,RGB,181.6,10.29,WARNING,possible_blur
trashnet,paper,,data\raw\trashnet\paper\paper39.jpg,4032,3024,1.3333,JPEG,RGB,90.87,20.69,WARNING,possible_blur
trashnet,paper,,data\raw\trashnet\paper\paper390.jpg,4032,3024,1.3333,JPEG,RGB,160.07,21.24,WARNING,possible_blur
trashnet,paper,,data\raw\trashnet\paper\paper391.jpg,4032,3024,1.3333,JPEG,RGB,135.64,46.31,WARNING,possible_blur
trashnet,paper,,data\raw\trashnet\paper\paper394.jpg,4032,3024,1.3333,JPEG,RGB,177.35,26.47,WARNING,possible_blur
trashnet,paper,,data\raw\trashnet\paper\paper395.jpg,4032,3024,1.3333,JPEG,RGB,171.18,20.42,WARNING,possible_blur
trashnet,paper,,data\raw\trashnet\paper\paper396.jpg,4032,3024,1.3333,JPEG,RGB,172.94,38.11,WARNING,possible_blur
trashnet,paper,,data\raw\trashnet\paper\paper398.jpg,4032,3024,1.3333,JPEG,RGB,193.39,34.69,WARNING,possible_blur
trashnet,paper,,data\raw\trashnet\paper\paper404.jpg,4032,3024,1.3333,JPEG,RGB,163.49,29.26,WARNING,possible_blur
trashnet,paper,,data\raw\trashnet\paper\paper406.jpg,4032,3024,1.3333,JPEG,RGB,180.41,38.55,WARNING,possible_blur
trashnet,paper,,data\raw\trashnet\paper\paper407.jpg,4032,3024,1.3333,JPEG,RGB,177.94,14.05,WARNING,possible_blur
trashnet,paper,,data\raw\trashnet\paper\paper409.jpg,4032,3024,1.3333,JPEG,RGB,184.3,13.04,WARNING,possible_blur
trashnet,paper,,data\raw\trashnet\paper\paper414.jpg,4032,3024,1.3333,JPEG,RGB,179.01,14.89,WARNING,possible_blur
trashnet,paper,,data\raw\trashnet\paper\paper416.jpg,4032,3024,1.3333,JPEG,RGB,187.34,14.77,WARNING,possible_blur
trashnet,paper,,data\raw\trashnet\paper\paper417.jpg,4032,3024,1.3333,JPEG,RGB,115.89,17.54,WARNING,possible_blur
trashnet,paper,,data\raw\trashnet\paper\paper421.jpg,4032,3024,1.3333,JPEG,RGB,146.74,13.43,WARNING,possible_blur
trashnet,paper,,data\raw\trashnet\paper\paper426.jpg,4032,3024,1.3333,JPEG,RGB,187.13,44.74,WARNING,possible_blur
trashnet,paper,,data\raw\trashnet\paper\paper427.jpg,4032,3024,1.3333,JPEG,RGB,206.02,23.71,WARNING,possible_blur
trashnet,paper,,data\raw\trashnet\paper\paper428.jpg,4032,3024,1.3333,JPEG,RGB,178.87,21.64,WARNING,possible_blur
trashnet,paper,,data\raw\trashnet\paper\paper433.jpg,4032,3024,1.3333,JPEG,RGB,187.18,10.63,WARNING,possible_blur
trashnet,paper,,data\raw\trashnet\paper\paper434.jpg,4032,3024,1.3333,JPEG,RGB,188.89,26.02,WARNING,possible_blur
trashnet,paper,,data\raw\trashnet\paper\paper437.jpg,4032,3024,1.3333,JPEG,RGB,175.81,9.36,WARNING,possible_blur
trashnet,paper,,data\raw\trashnet\paper\paper44.jpg,4032,3024,1.3333,JPEG,RGB,162.49,47.29,WARNING,possible_blur
trashnet,paper,,data\raw\trashnet\paper\paper440.jpg,4032,3024,1.3333,JPEG,RGB,169.17,43.73,WARNING,possible_blur
trashnet,paper,,data\raw\trashnet\paper\paper442.jpg,4032,3024,1.3333,JPEG,RGB,177.62,10.86,WARNING,possible_blur
trashnet,paper,,data\raw\trashnet\paper\paper444.jpg,4032,3024,1.3333,JPEG,RGB,173.6,11.44,WARNING,possible_blur
trashnet,paper,,data\raw\trashnet\paper\paper446.jpg,4032,3024,1.3333,JPEG,RGB,168.73,38.52,WARNING,possible_blur
trashnet,paper,,data\raw\trashnet\paper\paper447.jpg,4032,3024,1.3333,JPEG,RGB,169.18,46.56,WARNING,possible_blur
trashnet,paper,,data\raw\trashnet\paper\paper449.jpg,4032,3024,1.3333,JPEG,RGB,162.91,17.12,WARNING,possible_blur
trashnet,paper,,data\raw\trashnet\paper\paper45.jpg,4032,3024,1.3333,JPEG,RGB,188.97,34.01,WARNING,possible_blur
trashnet,paper,,data\raw\trashnet\paper\paper453.jpg,4032,3024,1.3333,JPEG,RGB,191.13,20.1,WARNING,possible_blur
trashnet,paper,,data\raw\trashnet\paper\paper454.jpg,4032,3024,1.3333,JPEG,RGB,174.29,7.71,WARNING,possible_blur
trashnet,paper,,data\raw\trashnet\paper\paper456.jpg,4032,3024,1.3333,JPEG,RGB,192.62,12.07,WARNING,possible_blur
trashnet,paper,,data\raw\trashnet\paper\paper458.jpg,4032,3024,1.3333,JPEG,RGB,179.94,43.7,WARNING,possible_blur
trashnet,paper,,data\raw\trashnet\paper\paper459.jpg,4032,3024,1.3333,JPEG,RGB,176.54,27.61,WARNING,possible_blur
trashnet,paper,,data\raw\trashnet\paper\paper461.jpg,4032,3024,1.3333,JPEG,RGB,188.26,37.94,WARNING,possible_blur
trashnet,paper,,data\raw\trashnet\paper\paper465.jpg,4032,3024,1.3333,JPEG,RGB,169.11,32.37,WARNING,possible_blur
trashnet,paper,,data\raw\trashnet\paper\paper466.jpg,4032,3024,1.3333,JPEG,RGB,161.92,20.8,WARNING,possible_blur
trashnet,paper,,data\raw\trashnet\paper\paper468.jpg,4032,3024,1.3333,JPEG,RGB,189.23,13.83,WARNING,possible_blur
trashnet,paper,,data\raw\trashnet\paper\paper469.jpg,4032,3024,1.3333,JPEG,RGB,158.35,12.0,WARNING,possible_blur
trashnet,paper,,data\raw\trashnet\paper\paper474.jpg,4032,3024,1.3333,JPEG,RGB,146.5,47.73,WARNING,possible_blur
trashnet,paper,,data\raw\trashnet\paper\paper475.jpg,4032,3024,1.3333,JPEG,RGB,172.03,10.54,WARNING,possible_blur
trashnet,paper,,data\raw\trashnet\paper\paper477.jpg,4032,3024,1.3333,JPEG,RGB,176.42,9.53,WARNING,possible_blur
trashnet,paper,,data\raw\trashnet\paper\paper479.jpg,4032,3024,1.3333,JPEG,RGB,192.64,6.7,WARNING,possible_blur
trashnet,paper,,data\raw\trashnet\paper\paper480.jpg,4032,3024,1.3333,JPEG,RGB,134.05,21.1,WARNING,possible_blur
trashnet,paper,,data\raw\trashnet\paper\paper483.jpg,4032,3024,1.3333,JPEG,RGB,174.57,36.71,WARNING,possible_blur
trashnet,paper,,data\raw\trashnet\paper\paper485.jpg,4032,3024,1.3333,JPEG,RGB,174.07,17.76,WARNING,possible_blur
trashnet,paper,,data\raw\trashnet\paper\paper486.jpg,4032,3024,1.3333,JPEG,RGB,192.94,3.9,WARNING,possible_blur
trashnet,paper,,data\raw\trashnet\paper\paper489.jpg,4032,3024,1.3333,JPEG,RGB,179.79,20.0,WARNING,possible_blur
trashnet,paper,,data\raw\trashnet\paper\paper493.jpg,4032,3024,1.3333,JPEG,RGB,176.94,21.42,WARNING,possible_blur
trashnet,paper,,data\raw\trashnet\paper\paper494.jpg,4032,3024,1.3333,JPEG,RGB,143.46,25.91,WARNING,possible_blur
trashnet,paper,,data\raw\trashnet\paper\paper495.jpg,4032,3024,1.3333,JPEG,RGB,175.47,17.47,WARNING,possible_blur
trashnet,paper,,data\raw\trashnet\paper\paper497.jpg,4032,3024,1.3333,JPEG,RGB,177.42,7.41,WARNING,possible_blur
trashnet,paper,,data\raw\trashnet\paper\paper498.jpg,4032,3024,1.3333,JPEG,RGB,188.85,16.61,WARNING,possible_blur
trashnet,paper,,data\raw\trashnet\paper\paper499.jpg,4032,3024,1.3333,JPEG,RGB,188.19,6.62,WARNING,possible_blur
trashnet,paper,,data\raw\trashnet\paper\paper5.jpg,4032,3024,1.3333,JPEG,RGB,157.61,41.48,WARNING,possible_blur
trashnet,paper,,data\raw\trashnet\paper\paper50.jpg,4032,3024,1.3333,JPEG,RGB,178.15,10.32,WARNING,possible_blur
trashnet,paper,,data\raw\trashnet\paper\paper503.jpg,4032,3024,1.3333,JPEG,RGB,189.68,13.02,WARNING,possible_blur
trashnet,paper,,data\raw\trashnet\paper\paper505.jpg,4032,3024,1.3333,JPEG,RGB,182.8,6.83,WARNING,possible_blur
trashnet,paper,,data\raw\trashnet\paper\paper508.jpg,4032,3024,1.3333,JPEG,RGB,167.34,16.33,WARNING,possible_blur
trashnet,paper,,data\raw\trashnet\paper\paper509.jpg,4032,3024,1.3333,JPEG,RGB,147.09,41.22,WARNING,possible_blur
trashnet,paper,,data\raw\trashnet\paper\paper515.jpg,4032,3024,1.3333,JPEG,RGB,181.78,37.43,WARNING,possible_blur
trashnet,paper,,data\raw\trashnet\paper\paper516.jpg,4032,3024,1.3333,JPEG,RGB,191.53,4.92,WARNING,possible_blur
trashnet,paper,,data\raw\trashnet\paper\paper517.jpg,4032,3024,1.3333,JPEG,RGB,190.9,8.6,WARNING,possible_blur
trashnet,paper,,data\raw\trashnet\paper\paper519.jpg,4032,3024,1.3333,JPEG,RGB,186.8,43.97,WARNING,possible_blur
trashnet,paper,,data\raw\trashnet\paper\paper52.jpg,4032,3024,1.3333,JPEG,RGB,191.98,21.93,WARNING,possible_blur
trashnet,paper,,data\raw\trashnet\paper\paper520.jpg,4032,3024,1.3333,JPEG,RGB,187.05,40.95,WARNING,possible_blur
trashnet,paper,,data\raw\trashnet\paper\paper521.jpg,4032,3024,1.3333,JPEG,RGB,186.8,7.93,WARNING,possible_blur
trashnet,paper,,data\raw\trashnet\paper\paper523.jpg,4032,3024,1.3333,JPEG,RGB,188.17,28.45,WARNING,possible_blur
trashnet,paper,,data\raw\trashnet\paper\paper524.jpg,4032,3024,1.3333,JPEG,RGB,168.97,30.71,WARNING,possible_blur
trashnet,paper,,data\raw\trashnet\paper\paper525.jpg,4032,3024,1.3333,JPEG,RGB,164.91,9.45,WARNING,possible_blur
trashnet,paper,,data\raw\trashnet\paper\paper528.jpg,4032,3024,1.3333,JPEG,RGB,181.02,5.18,WARNING,possible_blur
trashnet,paper,,data\raw\trashnet\paper\paper529.jpg,4032,3024,1.3333,JPEG,RGB,170.85,24.57,WARNING,possible_blur
trashnet,paper,,data\raw\trashnet\paper\paper530.jpg,4032,3024,1.3333,JPEG,RGB,153.47,36.44,WARNING,possible_blur
trashnet,paper,,data\raw\trashnet\paper\paper532.jpg,4032,3024,1.3333,JPEG,RGB,185.6,41.61,WARNING,possible_blur
trashnet,paper,,data\raw\trashnet\paper\paper535.jpg,4032,3024,1.3333,JPEG,RGB,183.58,11.46,WARNING,possible_blur
trashnet,paper,,data\raw\trashnet\paper\paper536.jpg,4032,3024,1.3333,JPEG,RGB,179.44,12.28,WARNING,possible_blur
trashnet,paper,,data\raw\trashnet\paper\paper538.jpg,4032,3024,1.3333,JPEG,RGB,177.96,4.28,WARNING,possible_blur
trashnet,paper,,data\raw\trashnet\paper\paper539.jpg,4032,3024,1.3333,JPEG,RGB,197.98,2.97,WARNING,possible_blur
trashnet,paper,,data\raw\trashnet\paper\paper54.jpg,4032,3024,1.3333,JPEG,RGB,184.29,8.34,WARNING,possible_blur
trashnet,paper,,data\raw\trashnet\paper\paper543.jpg,4032,3024,1.3333,JPEG,RGB,169.69,42.87,WARNING,possible_blur
trashnet,paper,,data\raw\trashnet\paper\paper545.jpg,4032,3024,1.3333,JPEG,RGB,185.71,11.01,WARNING,possible_blur
trashnet,paper,,data\raw\trashnet\paper\paper548.jpg,4032,3024,1.3333,JPEG,RGB,184.43,20.67,WARNING,possible_blur
trashnet,paper,,data\raw\trashnet\paper\paper549.jpg,4032,3024,1.3333,JPEG,RGB,150.59,38.84,WARNING,possible_blur
trashnet,paper,,data\raw\trashnet\paper\paper55.jpg,4032,3024,1.3333,JPEG,RGB,156.05,17.64,WARNING,possible_blur
trashnet,paper,,data\raw\trashnet\paper\paper550.jpg,4032,3024,1.3333,JPEG,RGB,155.43,2.89,WARNING,possible_blur
trashnet,paper,,data\raw\trashnet\paper\paper551.jpg,4032,3024,1.3333,JPEG,RGB,182.02,15.56,WARNING,possible_blur
trashnet,paper,,data\raw\trashnet\paper\paper552.jpg,4032,3024,1.3333,JPEG,RGB,177.81,11.71,WARNING,possible_blur
trashnet,paper,,data\raw\trashnet\paper\paper555.jpg,4032,3024,1.3333,JPEG,RGB,189.39,17.09,WARNING,possible_blur
trashnet,paper,,data\raw\trashnet\paper\paper556.jpg,4032,3024,1.3333,JPEG,RGB,133.52,29.9,WARNING,possible_blur
trashnet,paper,,data\raw\trashnet\paper\paper557.jpg,4032,3024,1.3333,JPEG,RGB,181.27,14.05,WARNING,possible_blur
trashnet,paper,,data\raw\trashnet\paper\paper559.jpg,4032,3024,1.3333,JPEG,RGB,179.08,19.65,WARNING,possible_blur
trashnet,paper,,data\raw\trashnet\paper\paper56.jpg,4032,3024,1.3333,JPEG,RGB,121.61,39.15,WARNING,possible_blur
trashnet,paper,,data\raw\trashnet\paper\paper560.jpg,4032,3024,1.3333,JPEG,RGB,187.13,3.73,WARNING,possible_blur
trashnet,paper,,data\raw\trashnet\paper\paper562.jpg,4032,3024,1.3333,JPEG,RGB,142.9,18.7,WARNING,possible_blur
trashnet,paper,,data\raw\trashnet\paper\paper564.jpg,4032,3024,1.3333,JPEG,RGB,188.03,5.76,WARNING,possible_blur
trashnet,paper,,data\raw\trashnet\paper\paper567.jpg,4032,3024,1.3333,JPEG,RGB,189.14,13.63,WARNING,possible_blur
trashnet,paper,,data\raw\trashnet\paper\paper568.jpg,4032,3024,1.3333,JPEG,RGB,121.3,8.75,WARNING,possible_blur
trashnet,paper,,data\raw\trashnet\paper\paper57.jpg,4032,3024,1.3333,JPEG,RGB,184.84,19.92,WARNING,possible_blur
trashnet,paper,,data\raw\trashnet\paper\paper571.jpg,4032,3024,1.3333,JPEG,RGB,186.88,47.24,WARNING,possible_blur
trashnet,paper,,data\raw\trashnet\paper\paper573.jpg,4032,3024,1.3333,JPEG,RGB,164.28,5.87,WARNING,possible_blur
trashnet,paper,,data\raw\trashnet\paper\paper574.jpg,4032,3024,1.3333,JPEG,RGB,186.31,10.05,WARNING,possible_blur
trashnet,paper,,data\raw\trashnet\paper\paper576.jpg,4032,3024,1.3333,JPEG,RGB,185.94,25.76,WARNING,possible_blur
trashnet,paper,,data\raw\trashnet\paper\paper58.jpg,4032,3024,1.3333,JPEG,RGB,194.73,40.45,WARNING,possible_blur
trashnet,paper,,data\raw\trashnet\paper\paper580.jpg,4032,3024,1.3333,JPEG,RGB,181.08,13.47,WARNING,possible_blur
trashnet,paper,,data\raw\trashnet\paper\paper582.jpg,4032,3024,1.3333,JPEG,RGB,178.38,13.65,WARNING,possible_blur
trashnet,paper,,data\raw\trashnet\paper\paper584.jpg,4032,3024,1.3333,JPEG,RGB,179.76,30.33,WARNING,possible_blur
trashnet,paper,,data\raw\trashnet\paper\paper587.jpg,4032,3024,1.3333,JPEG,RGB,190.78,15.68,WARNING,possible_blur
trashnet,paper,,data\raw\trashnet\paper\paper588.jpg,4032,3024,1.3333,JPEG,RGB,200.73,11.04,WARNING,possible_blur
trashnet,paper,,data\raw\trashnet\paper\paper589.jpg,4032,3024,1.3333,JPEG,RGB,202.52,11.48,WARNING,possible_blur
trashnet,paper,,data\raw\trashnet\paper\paper590.jpg,4032,3024,1.3333,JPEG,RGB,182.87,12.36,WARNING,possible_blur
trashnet,paper,,data\raw\trashnet\paper\paper591.jpg,4032,3024,1.3333,JPEG,RGB,182.52,17.75,WARNING,possible_blur
trashnet,paper,,data\raw\trashnet\paper\paper593.jpg,3264,2448,1.3333,JPEG,RGB,160.19,38.73,WARNING,possible_blur
trashnet,paper,,data\raw\trashnet\paper\paper594.jpg,3264,2448,1.3333,JPEG,RGB,160.4,26.99,WARNING,possible_blur
trashnet,paper,,data\raw\trashnet\paper\paper60.jpg,4032,3024,1.3333,JPEG,RGB,178.48,14.95,WARNING,possible_blur
trashnet,paper,,data\raw\trashnet\paper\paper61.jpg,4032,3024,1.3333,JPEG,RGB,138.92,43.47,WARNING,possible_blur
trashnet,paper,,data\raw\trashnet\paper\paper62.jpg,4032,3024,1.3333,JPEG,RGB,187.03,31.18,WARNING,possible_blur
trashnet,paper,,data\raw\trashnet\paper\paper63.jpg,4032,3024,1.3333,JPEG,RGB,177.94,14.3,WARNING,possible_blur
trashnet,paper,,data\raw\trashnet\paper\paper64.jpg,4032,3024,1.3333,JPEG,RGB,175.94,44.9,WARNING,possible_blur
trashnet,paper,,data\raw\trashnet\paper\paper66.jpg,4032,3024,1.3333,JPEG,RGB,177.15,39.61,WARNING,possible_blur
trashnet,paper,,data\raw\trashnet\paper\paper67.jpg,4032,3024,1.3333,JPEG,RGB,177.43,6.94,WARNING,possible_blur
trashnet,paper,,data\raw\trashnet\paper\paper68.jpg,4032,3024,1.3333,JPEG,RGB,137.56,44.75,WARNING,possible_blur
trashnet,paper,,data\raw\trashnet\paper\paper70.jpg,4032,3024,1.3333,JPEG,RGB,162.7,9.57,WARNING,possible_blur
trashnet,paper,,data\raw\trashnet\paper\paper71.jpg,4032,3024,1.3333,JPEG,RGB,189.75,6.08,WARNING,possible_blur
trashnet,paper,,data\raw\trashnet\paper\paper75.jpg,4032,3024,1.3333,JPEG,RGB,181.62,3.52,WARNING,possible_blur
trashnet,paper,,data\raw\trashnet\paper\paper77.jpg,4032,3024,1.3333,JPEG,RGB,159.09,48.22,WARNING,possible_blur
trashnet,paper,,data\raw\trashnet\paper\paper78.jpg,4032,3024,1.3333,JPEG,RGB,194.39,29.42,WARNING,possible_blur
trashnet,paper,,data\raw\trashnet\paper\paper8.jpg,4032,3024,1.3333,JPEG,RGB,190.57,46.93,WARNING,possible_blur
trashnet,paper,,data\raw\trashnet\paper\paper80.jpg,4032,3024,1.3333,JPEG,RGB,177.18,35.22,WARNING,possible_blur
trashnet,paper,,data\raw\trashnet\paper\paper87.jpg,4032,3024,1.3333,JPEG,RGB,179.6,12.97,WARNING,possible_blur
trashnet,paper,,data\raw\trashnet\paper\paper89.jpg,4032,3024,1.3333,JPEG,RGB,163.45,41.91,WARNING,possible_blur
trashnet,paper,,data\raw\trashnet\paper\paper9.jpg,4032,3024,1.3333,JPEG,RGB,141.2,37.66,WARNING,possible_blur
trashnet,paper,,data\raw\trashnet\paper\paper91.jpg,4032,3024,1.3333,JPEG,RGB,177.27,23.22,WARNING,possible_blur
trashnet,paper,,data\raw\trashnet\paper\paper94.jpg,4032,3024,1.3333,JPEG,RGB,177.81,11.59,WARNING,possible_blur
trashnet,paper,,data\raw\trashnet\paper\paper95.jpg,4032,3024,1.3333,JPEG,RGB,189.26,6.61,WARNING,possible_blur
trashnet,paper,,data\raw\trashnet\paper\paper96.jpg,4032,3024,1.3333,JPEG,RGB,176.29,12.52,WARNING,possible_blur
trashnet,plastic,,data\raw\trashnet\plastic\plastic1.jpg,3264,2448,1.3333,JPEG,RGB,190.98,8.26,WARNING,possible_blur
trashnet,plastic,,data\raw\trashnet\plastic\plastic10.jpg,3264,2448,1.3333,JPEG,RGB,187.58,8.62,WARNING,possible_blur
trashnet,plastic,,data\raw\trashnet\plastic\plastic100.jpg,4032,3024,1.3333,JPEG,RGB,176.96,24.75,WARNING,possible_blur
trashnet,plastic,,data\raw\trashnet\plastic\plastic102.jpg,4032,3024,1.3333,JPEG,RGB,179.22,9.18,WARNING,possible_blur
trashnet,plastic,,data\raw\trashnet\plastic\plastic104.jpg,4032,3024,1.3333,JPEG,RGB,184.09,34.34,WARNING,possible_blur
trashnet,plastic,,data\raw\trashnet\plastic\plastic106.jpg,4032,3024,1.3333,JPEG,RGB,169.32,46.39,WARNING,possible_blur
trashnet,plastic,,data\raw\trashnet\plastic\plastic107.jpg,4032,3024,1.3333,JPEG,RGB,178.9,18.1,WARNING,possible_blur
trashnet,plastic,,data\raw\trashnet\plastic\plastic11.jpg,3264,2448,1.3333,JPEG,RGB,189.57,11.34,WARNING,possible_blur
trashnet,plastic,,data\raw\trashnet\plastic\plastic111.jpg,3264,2448,1.3333,JPEG,RGB,182.85,11.02,WARNING,possible_blur
trashnet,plastic,,data\raw\trashnet\plastic\plastic113.jpg,3264,2448,1.3333,JPEG,RGB,137.81,25.71,WARNING,possible_blur
trashnet,plastic,,data\raw\trashnet\plastic\plastic114.jpg,3264,2448,1.3333,JPEG,RGB,170.87,11.69,WARNING,possible_blur
trashnet,plastic,,data\raw\trashnet\plastic\plastic117.jpg,3264,2448,1.3333,JPEG,RGB,177.34,43.34,WARNING,possible_blur
trashnet,plastic,,data\raw\trashnet\plastic\plastic118.jpg,3264,2448,1.3333,JPEG,RGB,175.07,10.72,WARNING,possible_blur
trashnet,plastic,,data\raw\trashnet\plastic\plastic119.jpg,3264,2448,1.3333,JPEG,RGB,141.91,29.49,WARNING,possible_blur
trashnet,plastic,,data\raw\trashnet\plastic\plastic12.jpg,3264,2448,1.3333,JPEG,RGB,166.56,4.77,WARNING,possible_blur
trashnet,plastic,,data\raw\trashnet\plastic\plastic120.jpg,3264,2448,1.3333,JPEG,RGB,177.9,41.84,WARNING,possible_blur
trashnet,plastic,,data\raw\trashnet\plastic\plastic121.jpg,3264,2448,1.3333,JPEG,RGB,185.55,22.96,WARNING,possible_blur
trashnet,plastic,,data\raw\trashnet\plastic\plastic122.jpg,4032,3024,1.3333,JPEG,RGB,175.13,23.5,WARNING,possible_blur
trashnet,plastic,,data\raw\trashnet\plastic\plastic123.jpg,3264,2448,1.3333,JPEG,RGB,165.94,24.45,WARNING,possible_blur
trashnet,plastic,,data\raw\trashnet\plastic\plastic124.jpg,3264,2448,1.3333,JPEG,RGB,148.33,16.18,WARNING,possible_blur
trashnet,plastic,,data\raw\trashnet\plastic\plastic125.jpg,3264,2448,1.3333,JPEG,RGB,174.5,41.64,WARNING,possible_blur
trashnet,plastic,,data\raw\trashnet\plastic\plastic126.jpg,3264,2448,1.3333,JPEG,RGB,179.39,13.66,WARNING,possible_blur
trashnet,plastic,,data\raw\trashnet\plastic\plastic127.jpg,3264,2448,1.3333,JPEG,RGB,172.09,14.5,WARNING,possible_blur
trashnet,plastic,,data\raw\trashnet\plastic\plastic128.jpg,3264,2448,1.3333,JPEG,RGB,165.37,30.46,WARNING,possible_blur
trashnet,plastic,,data\raw\trashnet\plastic\plastic13.jpg,3264,2448,1.3333,JPEG,RGB,160.05,9.25,WARNING,possible_blur
trashnet,plastic,,data\raw\trashnet\plastic\plastic130.jpg,3264,2448,1.3333,JPEG,RGB,166.52,23.58,WARNING,possible_blur
trashnet,plastic,,data\raw\trashnet\plastic\plastic131.jpg,3264,2448,1.3333,JPEG,RGB,182.59,5.8,WARNING,possible_blur
trashnet,plastic,,data\raw\trashnet\plastic\plastic132.jpg,3264,2448,1.3333,JPEG,RGB,160.72,20.55,WARNING,possible_blur
trashnet,plastic,,data\raw\trashnet\plastic\plastic135.jpg,3264,2448,1.3333,JPEG,RGB,167.79,45.48,WARNING,possible_blur
trashnet,plastic,,data\raw\trashnet\plastic\plastic136.jpg,3264,2448,1.3333,JPEG,RGB,161.08,33.4,WARNING,possible_blur
trashnet,plastic,,data\raw\trashnet\plastic\plastic137.jpg,3264,2448,1.3333,JPEG,RGB,176.41,9.54,WARNING,possible_blur
trashnet,plastic,,data\raw\trashnet\plastic\plastic14.jpg,4032,3024,1.3333,JPEG,RGB,174.45,34.53,WARNING,possible_blur
trashnet,plastic,,data\raw\trashnet\plastic\plastic140.jpg,3264,2448,1.3333,JPEG,RGB,164.68,15.28,WARNING,possible_blur
trashnet,plastic,,data\raw\trashnet\plastic\plastic141.jpg,3264,2448,1.3333,JPEG,RGB,189.8,12.89,WARNING,possible_blur
trashnet,plastic,,data\raw\trashnet\plastic\plastic142.jpg,3264,2448,1.3333,JPEG,RGB,168.89,42.34,WARNING,possible_blur
trashnet,plastic,,data\raw\trashnet\plastic\plastic143.jpg,4032,3024,1.3333,JPEG,RGB,176.03,9.16,WARNING,possible_blur
trashnet,plastic,,data\raw\trashnet\plastic\plastic144.jpg,4032,3024,1.3333,JPEG,RGB,162.72,5.69,WARNING,possible_blur
trashnet,plastic,,data\raw\trashnet\plastic\plastic146.jpg,4032,3024,1.3333,JPEG,RGB,176.17,6.47,WARNING,possible_blur
trashnet,plastic,,data\raw\trashnet\plastic\plastic147.jpg,3264,2448,1.3333,JPEG,RGB,161.19,5.36,WARNING,possible_blur
trashnet,plastic,,data\raw\trashnet\plastic\plastic148.jpg,4032,3024,1.3333,JPEG,RGB,159.38,6.21,WARNING,possible_blur
trashnet,plastic,,data\raw\trashnet\plastic\plastic149.jpg,4032,3024,1.3333,JPEG,RGB,167.63,5.51,WARNING,possible_blur
trashnet,plastic,,data\raw\trashnet\plastic\plastic15.jpg,4032,3024,1.3333,JPEG,RGB,178.65,14.49,WARNING,possible_blur
trashnet,plastic,,data\raw\trashnet\plastic\plastic150.jpg,3264,2448,1.3333,JPEG,RGB,162.64,8.3,WARNING,possible_blur
trashnet,plastic,,data\raw\trashnet\plastic\plastic152.jpg,4032,3024,1.3333,JPEG,RGB,164.77,6.33,WARNING,possible_blur
trashnet,plastic,,data\raw\trashnet\plastic\plastic153.jpg,3264,2448,1.3333,JPEG,RGB,170.67,14.01,WARNING,possible_blur
trashnet,plastic,,data\raw\trashnet\plastic\plastic154.jpg,3264,2448,1.3333,JPEG,RGB,181.34,6.11,WARNING,possible_blur
trashnet,plastic,,data\raw\trashnet\plastic\plastic155.jpg,4032,3024,1.3333,JPEG,RGB,169.68,5.65,WARNING,possible_blur
trashnet,plastic,,data\raw\trashnet\plastic\plastic156.jpg,4032,3024,1.3333,JPEG,RGB,158.88,6.25,WARNING,possible_blur
trashnet,plastic,,data\raw\trashnet\plastic\plastic157.jpg,4032,3024,1.3333,JPEG,RGB,171.85,32.63,WARNING,possible_blur
trashnet,plastic,,data\raw\trashnet\plastic\plastic158.jpg,4032,3024,1.3333,JPEG,RGB,168.34,5.55,WARNING,possible_blur
trashnet,plastic,,data\raw\trashnet\plastic\plastic159.jpg,4032,3024,1.3333,JPEG,RGB,130.0,5.27,WARNING,possible_blur
trashnet,plastic,,data\raw\trashnet\plastic\plastic16.jpg,4032,3024,1.3333,JPEG,RGB,160.07,8.04,WARNING,possible_blur
trashnet,plastic,,data\raw\trashnet\plastic\plastic160.jpg,4032,3024,1.3333,JPEG,RGB,160.84,9.86,WARNING,possible_blur
trashnet,plastic,,data\raw\trashnet\plastic\plastic161.jpg,4032,3024,1.3333,JPEG,RGB,169.91,5.21,WARNING,possible_blur
trashnet,plastic,,data\raw\trashnet\plastic\plastic162.jpg,4032,3024,1.3333,JPEG,RGB,174.22,21.56,WARNING,possible_blur
trashnet,plastic,,data\raw\trashnet\plastic\plastic163.jpg,4032,3024,1.3333,JPEG,RGB,170.6,5.0,WARNING,possible_blur
trashnet,plastic,,data\raw\trashnet\plastic\plastic164.jpg,4032,3024,1.3333,JPEG,RGB,150.08,4.85,WARNING,possible_blur
trashnet,plastic,,data\raw\trashnet\plastic\plastic166.jpg,4032,3024,1.3333,JPEG,RGB,172.87,5.22,WARNING,possible_blur
trashnet,plastic,,data\raw\trashnet\plastic\plastic167.jpg,3264,2448,1.3333,JPEG,RGB,175.46,8.73,WARNING,possible_blur
trashnet,plastic,,data\raw\trashnet\plastic\plastic168.jpg,4032,3024,1.3333,JPEG,RGB,168.9,4.88,WARNING,possible_blur
trashnet,plastic,,data\raw\trashnet\plastic\plastic169.jpg,4032,3024,1.3333,JPEG,RGB,185.42,38.64,WARNING,possible_blur
trashnet,plastic,,data\raw\trashnet\plastic\plastic17.jpg,4032,3024,1.3333,JPEG,RGB,172.05,32.0,WARNING,possible_blur
trashnet,plastic,,data\raw\trashnet\plastic\plastic170.jpg,3264,2448,1.3333,JPEG,RGB,192.33,11.45,WARNING,possible_blur
trashnet,plastic,,data\raw\trashnet\plastic\plastic171.jpg,3264,2448,1.3333,JPEG,RGB,174.44,7.09,WARNING,possible_blur
trashnet,plastic,,data\raw\trashnet\plastic\plastic172.jpg,3264,2448,1.3333,JPEG,RGB,175.65,7.52,WARNING,possible_blur
trashnet,plastic,,data\raw\trashnet\plastic\plastic173.jpg,3264,2448,1.3333,JPEG,RGB,182.45,7.25,WARNING,possible_blur
trashnet,plastic,,data\raw\trashnet\plastic\plastic174.jpg,3264,2448,1.3333,JPEG,RGB,185.86,5.42,WARNING,possible_blur
trashnet,plastic,,data\raw\trashnet\plastic\plastic176.jpg,3264,2448,1.3333,JPEG,RGB,166.27,10.12,WARNING,possible_blur
trashnet,plastic,,data\raw\trashnet\plastic\plastic177.jpg,3264,2448,1.3333,JPEG,RGB,166.55,11.4,WARNING,possible_blur
trashnet,plastic,,data\raw\trashnet\plastic\plastic178.jpg,3264,2448,1.3333,JPEG,RGB,172.12,9.42,WARNING,possible_blur
trashnet,plastic,,data\raw\trashnet\plastic\plastic179.jpg,3264,2448,1.3333,JPEG,RGB,170.07,12.48,WARNING,possible_blur
trashnet,plastic,,data\raw\trashnet\plastic\plastic18.jpg,4032,3024,1.3333,JPEG,RGB,168.88,25.51,WARNING,possible_blur
trashnet,plastic,,data\raw\trashnet\plastic\plastic180.jpg,3264,2448,1.3333,JPEG,RGB,175.24,11.1,WARNING,possible_blur
trashnet,plastic,,data\raw\trashnet\plastic\plastic181.jpg,3264,2448,1.3333,JPEG,RGB,163.49,41.07,WARNING,possible_blur
trashnet,plastic,,data\raw\trashnet\plastic\plastic182.jpg,3264,2448,1.3333,JPEG,RGB,164.83,29.25,WARNING,possible_blur
trashnet,plastic,,data\raw\trashnet\plastic\plastic183.jpg,3264,2448,1.3333,JPEG,RGB,181.53,35.06,WARNING,possible_blur
trashnet,plastic,,data\raw\trashnet\plastic\plastic184.jpg,3264,2448,1.3333,JPEG,RGB,164.67,31.8,WARNING,possible_blur
trashnet,plastic,,data\raw\trashnet\plastic\plastic187.jpg,3264,2448,1.3333,JPEG,RGB,160.09,13.2,WARNING,possible_blur
trashnet,plastic,,data\raw\trashnet\plastic\plastic188.jpg,3264,2448,1.3333,JPEG,RGB,143.38,23.8,WARNING,possible_blur
trashnet,plastic,,data\raw\trashnet\plastic\plastic189.jpg,3264,2448,1.3333,JPEG,RGB,159.8,27.52,WARNING,possible_blur
trashnet,plastic,,data\raw\trashnet\plastic\plastic19.jpg,4032,3024,1.3333,JPEG,RGB,181.89,10.26,WARNING,possible_blur
trashnet,plastic,,data\raw\trashnet\plastic\plastic190.jpg,4032,3024,1.3333,JPEG,RGB,136.98,12.13,WARNING,possible_blur
trashnet,plastic,,data\raw\trashnet\plastic\plastic191.jpg,4032,3024,1.3333,JPEG,RGB,179.27,48.02,WARNING,possible_blur
trashnet,plastic,,data\raw\trashnet\plastic\plastic194.jpg,4032,3024,1.3333,JPEG,RGB,159.75,8.76,WARNING,possible_blur
trashnet,plastic,,data\raw\trashnet\plastic\plastic195.jpg,4032,3024,1.3333,JPEG,RGB,181.07,5.54,WARNING,possible_blur
trashnet,plastic,,data\raw\trashnet\plastic\plastic196.jpg,3264,2448,1.3333,JPEG,RGB,124.99,47.68,WARNING,possible_blur
trashnet,plastic,,data\raw\trashnet\plastic\plastic2.jpg,3264,2448,1.3333,JPEG,RGB,159.81,5.59,WARNING,possible_blur
trashnet,plastic,,data\raw\trashnet\plastic\plastic202.jpg,4032,3024,1.3333,JPEG,RGB,177.31,39.13,WARNING,possible_blur
trashnet,plastic,,data\raw\trashnet\plastic\plastic206.jpg,4032,3024,1.3333,JPEG,RGB,178.98,11.37,WARNING,possible_blur
trashnet,plastic,,data\raw\trashnet\plastic\plastic210.jpg,4032,3024,1.3333,JPEG,RGB,165.85,7.48,WARNING,possible_blur
trashnet,plastic,,data\raw\trashnet\plastic\plastic212.jpg,4032,3024,1.3333,JPEG,RGB,176.75,22.42,WARNING,possible_blur
trashnet,plastic,,data\raw\trashnet\plastic\plastic214.jpg,4032,3024,1.3333,JPEG,RGB,165.53,40.95,WARNING,possible_blur
trashnet,plastic,,data\raw\trashnet\plastic\plastic215.jpg,4032,3024,1.3333,JPEG,RGB,166.47,47.46,WARNING,possible_blur
trashnet,plastic,,data\raw\trashnet\plastic\plastic216.jpg,4032,3024,1.3333,JPEG,RGB,112.17,17.46,WARNING,possible_blur
trashnet,plastic,,data\raw\trashnet\plastic\plastic217.jpg,4032,3024,1.3333,JPEG,RGB,173.69,9.91,WARNING,possible_blur
trashnet,plastic,,data\raw\trashnet\plastic\plastic219.jpg,4032,3024,1.3333,JPEG,RGB,175.76,8.71,WARNING,possible_blur
trashnet,plastic,,data\raw\trashnet\plastic\plastic221.jpg,4032,3024,1.3333,JPEG,RGB,172.05,22.62,WARNING,possible_blur
trashnet,plastic,,data\raw\trashnet\plastic\plastic222.jpg,4032,3024,1.3333,JPEG,RGB,174.5,11.59,WARNING,possible_blur
trashnet,plastic,,data\raw\trashnet\plastic\plastic223.jpg,4032,3024,1.3333,JPEG,RGB,106.57,5.33,WARNING,possible_blur
trashnet,plastic,,data\raw\trashnet\plastic\plastic225.jpg,4032,3024,1.3333,JPEG,RGB,169.89,19.19,WARNING,possible_blur
trashnet,plastic,,data\raw\trashnet\plastic\plastic228.jpg,4032,3024,1.3333,JPEG,RGB,173.9,48.16,WARNING,possible_blur
trashnet,plastic,,data\raw\trashnet\plastic\plastic229.jpg,4032,3024,1.3333,JPEG,RGB,192.12,6.73,WARNING,possible_blur
trashnet,plastic,,data\raw\trashnet\plastic\plastic23.jpg,4032,3024,1.3333,JPEG,RGB,189.04,18.19,WARNING,possible_blur
trashnet,plastic,,data\raw\trashnet\plastic\plastic231.jpg,4032,3024,1.3333,JPEG,RGB,133.9,34.07,WARNING,possible_blur
trashnet,plastic,,data\raw\trashnet\plastic\plastic233.jpg,4032,3024,1.3333,JPEG,RGB,182.04,10.44,WARNING,possible_blur
trashnet,plastic,,data\raw\trashnet\plastic\plastic236.jpg,4032,3024,1.3333,JPEG,RGB,168.47,49.97,WARNING,possible_blur
trashnet,plastic,,data\raw\trashnet\plastic\plastic239.jpg,4032,3024,1.3333,JPEG,RGB,175.72,27.7,WARNING,possible_blur
trashnet,plastic,,data\raw\trashnet\plastic\plastic24.jpg,4032,3024,1.3333,JPEG,RGB,178.38,41.5,WARNING,possible_blur
trashnet,plastic,,data\raw\trashnet\plastic\plastic242.jpg,4032,3024,1.3333,JPEG,RGB,170.52,47.75,WARNING,possible_blur
trashnet,plastic,,data\raw\trashnet\plastic\plastic243.jpg,4032,3024,1.3333,JPEG,RGB,157.88,44.6,WARNING,possible_blur
trashnet,plastic,,data\raw\trashnet\plastic\plastic245.jpg,4032,3024,1.3333,JPEG,RGB,166.93,36.35,WARNING,possible_blur
trashnet,plastic,,data\raw\trashnet\plastic\plastic248.jpg,4032,3024,1.3333,JPEG,RGB,159.24,43.71,WARNING,possible_blur
trashnet,plastic,,data\raw\trashnet\plastic\plastic249.jpg,4032,3024,1.3333,JPEG,RGB,178.17,7.43,WARNING,possible_blur
trashnet,plastic,,data\raw\trashnet\plastic\plastic25.jpg,4032,3024,1.3333,JPEG,RGB,155.75,8.12,WARNING,possible_blur
trashnet,plastic,,data\raw\trashnet\plastic\plastic250.jpg,4032,3024,1.3333,JPEG,RGB,175.46,5.37,WARNING,possible_blur
trashnet,plastic,,data\raw\trashnet\plastic\plastic253.jpg,4032,3024,1.3333,JPEG,RGB,169.91,47.61,WARNING,possible_blur
trashnet,plastic,,data\raw\trashnet\plastic\plastic256.jpg,4032,3024,1.3333,JPEG,RGB,178.64,7.79,WARNING,possible_blur
trashnet,plastic,,data\raw\trashnet\plastic\plastic258.jpg,4032,3024,1.3333,JPEG,RGB,175.99,35.12,WARNING,possible_blur
trashnet,plastic,,data\raw\trashnet\plastic\plastic259.jpg,4032,3024,1.3333,JPEG,RGB,180.68,8.38,WARNING,possible_blur
trashnet,plastic,,data\raw\trashnet\plastic\plastic26.jpg,4032,3024,1.3333,JPEG,RGB,180.8,6.67,WARNING,possible_blur
trashnet,plastic,,data\raw\trashnet\plastic\plastic260.jpg,4032,3024,1.3333,JPEG,RGB,159.1,19.16,WARNING,possible_blur
trashnet,plastic,,data\raw\trashnet\plastic\plastic261.jpg,4032,3024,1.3333,JPEG,RGB,175.92,8.07,WARNING,possible_blur
trashnet,plastic,,data\raw\trashnet\plastic\plastic264.jpg,4032,3024,1.3333,JPEG,RGB,151.28,3.79,WARNING,possible_blur
trashnet,plastic,,data\raw\trashnet\plastic\plastic266.jpg,4032,3024,1.3333,JPEG,RGB,174.95,22.45,WARNING,possible_blur
trashnet,plastic,,data\raw\trashnet\plastic\plastic268.jpg,4032,3024,1.3333,JPEG,RGB,92.7,16.85,WARNING,possible_blur
trashnet,plastic,,data\raw\trashnet\plastic\plastic271.jpg,4032,3024,1.3333,JPEG,RGB,166.51,33.2,WARNING,possible_blur
trashnet,plastic,,data\raw\trashnet\plastic\plastic272.jpg,4032,3024,1.3333,JPEG,RGB,174.71,6.5,WARNING,possible_blur
trashnet,plastic,,data\raw\trashnet\plastic\plastic273.jpg,4032,3024,1.3333,JPEG,RGB,159.09,6.17,WARNING,possible_blur
trashnet,plastic,,data\raw\trashnet\plastic\plastic274.jpg,4032,3024,1.3333,JPEG,RGB,166.91,21.2,WARNING,possible_blur
trashnet,plastic,,data\raw\trashnet\plastic\plastic276.jpg,4032,3024,1.3333,JPEG,RGB,168.44,25.03,WARNING,possible_blur
trashnet,plastic,,data\raw\trashnet\plastic\plastic278.jpg,4032,3024,1.3333,JPEG,RGB,172.52,26.78,WARNING,possible_blur
trashnet,plastic,,data\raw\trashnet\plastic\plastic279.jpg,4032,3024,1.3333,JPEG,RGB,164.69,24.93,WARNING,possible_blur
trashnet,plastic,,data\raw\trashnet\plastic\plastic28.jpg,4032,3024,1.3333,JPEG,RGB,180.46,6.32,WARNING,possible_blur
trashnet,plastic,,data\raw\trashnet\plastic\plastic281.jpg,4032,3024,1.3333,JPEG,RGB,144.11,15.22,WARNING,possible_blur
trashnet,plastic,,data\raw\trashnet\plastic\plastic282.jpg,4032,3024,1.3333,JPEG,RGB,164.13,38.58,WARNING,possible_blur
trashnet,plastic,,data\raw\trashnet\plastic\plastic288.jpg,4032,3024,1.3333,JPEG,RGB,156.93,29.9,WARNING,possible_blur
trashnet,plastic,,data\raw\trashnet\plastic\plastic289.jpg,4032,3024,1.3333,JPEG,RGB,172.33,26.53,WARNING,possible_blur
trashnet,plastic,,data\raw\trashnet\plastic\plastic290.jpg,4032,3024,1.3333,JPEG,RGB,177.77,28.25,WARNING,possible_blur
trashnet,plastic,,data\raw\trashnet\plastic\plastic292.jpg,4032,3024,1.3333,JPEG,RGB,179.48,32.55,WARNING,possible_blur
trashnet,plastic,,data\raw\trashnet\plastic\plastic294.jpg,4032,3024,1.3333,JPEG,RGB,182.96,6.74,WARNING,possible_blur
trashnet,plastic,,data\raw\trashnet\plastic\plastic295.jpg,4032,3024,1.3333,JPEG,RGB,178.01,49.11,WARNING,possible_blur
trashnet,plastic,,data\raw\trashnet\plastic\plastic296.jpg,4032,3024,1.3333,JPEG,RGB,168.68,38.22,WARNING,possible_blur
trashnet,plastic,,data\raw\trashnet\plastic\plastic299.jpg,4032,3024,1.3333,JPEG,RGB,169.37,20.34,WARNING,possible_blur
trashnet,plastic,,data\raw\trashnet\plastic\plastic3.jpg,3264,2448,1.3333,JPEG,RGB,155.96,5.92,WARNING,possible_blur
trashnet,plastic,,data\raw\trashnet\plastic\plastic300.jpg,4032,3024,1.3333,JPEG,RGB,178.23,6.37,WARNING,possible_blur
trashnet,plastic,,data\raw\trashnet\plastic\plastic301.jpg,4032,3024,1.3333,JPEG,RGB,168.4,25.17,WARNING,possible_blur
trashnet,plastic,,data\raw\trashnet\plastic\plastic302.jpg,4032,3024,1.3333,JPEG,RGB,167.96,24.67,WARNING,possible_blur
trashnet,plastic,,data\raw\trashnet\plastic\plastic303.jpg,4032,3024,1.3333,JPEG,RGB,179.18,8.6,WARNING,possible_blur
trashnet,plastic,,data\raw\trashnet\plastic\plastic304.jpg,4032,3024,1.3333,JPEG,RGB,173.49,12.64,WARNING,possible_blur
trashnet,plastic,,data\raw\trashnet\plastic\plastic306.jpg,4032,3024,1.3333,JPEG,RGB,184.36,8.59,WARNING,possible_blur
trashnet,plastic,,data\raw\trashnet\plastic\plastic309.jpg,4032,3024,1.3333,JPEG,RGB,170.92,20.23,WARNING,possible_blur
trashnet,plastic,,data\raw\trashnet\plastic\plastic31.jpg,4032,3024,1.3333,JPEG,RGB,184.49,4.95,WARNING,possible_blur
trashnet,plastic,,data\raw\trashnet\plastic\plastic311.jpg,4032,3024,1.3333,JPEG,RGB,174.28,17.34,WARNING,possible_blur
trashnet,plastic,,data\raw\trashnet\plastic\plastic317.jpg,4032,3024,1.3333,JPEG,RGB,181.4,12.07,WARNING,possible_blur
trashnet,plastic,,data\raw\trashnet\plastic\plastic319.jpg,4032,3024,1.3333,JPEG,RGB,161.86,32.82,WARNING,possible_blur
trashnet,plastic,,data\raw\trashnet\plastic\plastic320.jpg,4032,3024,1.3333,JPEG,RGB,170.84,20.08,WARNING,possible_blur
trashnet,plastic,,data\raw\trashnet\plastic\plastic321.jpg,4032,3024,1.3333,JPEG,RGB,171.54,38.37,WARNING,possible_blur
trashnet,plastic,,data\raw\trashnet\plastic\plastic324.jpg,4032,3024,1.3333,JPEG,RGB,169.76,27.86,WARNING,possible_blur
trashnet,plastic,,data\raw\trashnet\plastic\plastic327.jpg,4032,3024,1.3333,JPEG,RGB,181.81,7.5,WARNING,possible_blur
trashnet,plastic,,data\raw\trashnet\plastic\plastic329.jpg,4032,3024,1.3333,JPEG,RGB,174.45,43.65,WARNING,possible_blur
trashnet,plastic,,data\raw\trashnet\plastic\plastic33.jpg,4032,3024,1.3333,JPEG,RGB,168.64,7.16,WARNING,possible_blur
trashnet,plastic,,data\raw\trashnet\plastic\plastic330.jpg,4032,3024,1.3333,JPEG,RGB,169.15,48.62,WARNING,possible_blur
trashnet,plastic,,data\raw\trashnet\plastic\plastic331.jpg,4032,3024,1.3333,JPEG,RGB,177.41,36.0,WARNING,possible_blur
trashnet,plastic,,data\raw\trashnet\plastic\plastic336.jpg,4032,3024,1.3333,JPEG,RGB,178.5,8.92,WARNING,possible_blur
trashnet,plastic,,data\raw\trashnet\plastic\plastic337.jpg,4032,3024,1.3333,JPEG,RGB,172.84,22.58,WARNING,possible_blur
trashnet,plastic,,data\raw\trashnet\plastic\plastic338.jpg,4032,3024,1.3333,JPEG,RGB,178.54,6.13,WARNING,possible_blur
trashnet,plastic,,data\raw\trashnet\plastic\plastic34.jpg,4032,3024,1.3333,JPEG,RGB,168.88,36.43,WARNING,possible_blur
trashnet,plastic,,data\raw\trashnet\plastic\plastic340.jpg,4032,3024,1.3333,JPEG,RGB,171.68,8.53,WARNING,possible_blur
trashnet,plastic,,data\raw\trashnet\plastic\plastic341.jpg,4032,3024,1.3333,JPEG,RGB,174.31,7.77,WARNING,possible_blur
trashnet,plastic,,data\raw\trashnet\plastic\plastic342.jpg,4032,3024,1.3333,JPEG,RGB,175.31,43.33,WARNING,possible_blur
trashnet,plastic,,data\raw\trashnet\plastic\plastic343.jpg,4032,3024,1.3333,JPEG,RGB,160.76,23.09,WARNING,possible_blur
trashnet,plastic,,data\raw\trashnet\plastic\plastic344.jpg,4032,3024,1.3333,JPEG,RGB,174.59,11.6,WARNING,possible_blur
trashnet,plastic,,data\raw\trashnet\plastic\plastic348.jpg,4032,3024,1.3333,JPEG,RGB,179.91,14.1,WARNING,possible_blur
trashnet,plastic,,data\raw\trashnet\plastic\plastic349.jpg,4032,3024,1.3333,JPEG,RGB,177.35,12.47,WARNING,possible_blur
trashnet,plastic,,data\raw\trashnet\plastic\plastic35.jpg,4032,3024,1.3333,JPEG,RGB,172.29,28.68,WARNING,possible_blur
trashnet,plastic,,data\raw\trashnet\plastic\plastic350.jpg,4032,3024,1.3333,JPEG,RGB,171.58,44.2,WARNING,possible_blur
trashnet,plastic,,data\raw\trashnet\plastic\plastic353.jpg,4032,3024,1.3333,JPEG,RGB,176.47,35.31,WARNING,possible_blur
trashnet,plastic,,data\raw\trashnet\plastic\plastic355.jpg,4032,3024,1.3333,JPEG,RGB,175.45,5.77,WARNING,possible_blur
trashnet,plastic,,data\raw\trashnet\plastic\plastic356.jpg,4032,3024,1.3333,JPEG,RGB,171.53,38.37,WARNING,possible_blur
trashnet,plastic,,data\raw\trashnet\plastic\plastic357.jpg,4032,3024,1.3333,JPEG,RGB,180.61,8.63,WARNING,possible_blur
trashnet,plastic,,data\raw\trashnet\plastic\plastic361.jpg,4032,3024,1.3333,JPEG,RGB,177.76,8.61,WARNING,possible_blur
trashnet,plastic,,data\raw\trashnet\plastic\plastic362.jpg,4032,3024,1.3333,JPEG,RGB,172.9,39.02,WARNING,possible_blur
trashnet,plastic,,data\raw\trashnet\plastic\plastic363.jpg,4032,3024,1.3333,JPEG,RGB,179.11,7.66,WARNING,possible_blur
trashnet,plastic,,data\raw\trashnet\plastic\plastic366.jpg,4032,3024,1.3333,JPEG,RGB,174.97,26.78,WARNING,possible_blur
trashnet,plastic,,data\raw\trashnet\plastic\plastic367.jpg,4032,3024,1.3333,JPEG,RGB,179.51,35.61,WARNING,possible_blur
trashnet,plastic,,data\raw\trashnet\plastic\plastic369.jpg,4032,3024,1.3333,JPEG,RGB,178.65,29.78,WARNING,possible_blur
trashnet,plastic,,data\raw\trashnet\plastic\plastic37.jpg,4032,3024,1.3333,JPEG,RGB,140.39,22.76,WARNING,possible_blur
trashnet,plastic,,data\raw\trashnet\plastic\plastic371.jpg,4032,3024,1.3333,JPEG,RGB,172.76,35.41,WARNING,possible_blur
trashnet,plastic,,data\raw\trashnet\plastic\plastic372.jpg,4032,3024,1.3333,JPEG,RGB,172.98,8.06,WARNING,possible_blur
trashnet,plastic,,data\raw\trashnet\plastic\plastic374.jpg,4032,3024,1.3333,JPEG,RGB,166.25,40.53,WARNING,possible_blur
trashnet,plastic,,data\raw\trashnet\plastic\plastic377.jpg,4032,3024,1.3333,JPEG,RGB,174.54,43.72,WARNING,possible_blur
trashnet,plastic,,data\raw\trashnet\plastic\plastic378.jpg,4032,3024,1.3333,JPEG,RGB,177.58,41.43,WARNING,possible_blur
trashnet,plastic,,data\raw\trashnet\plastic\plastic379.jpg,4032,3024,1.3333,JPEG,RGB,177.03,44.96,WARNING,possible_blur
trashnet,plastic,,data\raw\trashnet\plastic\plastic380.jpg,4032,3024,1.3333,JPEG,RGB,155.87,45.1,WARNING,possible_blur
trashnet,plastic,,data\raw\trashnet\plastic\plastic382.jpg,4032,3024,1.3333,JPEG,RGB,170.51,28.19,WARNING,possible_blur
trashnet,plastic,,data\raw\trashnet\plastic\plastic383.jpg,4032,3024,1.3333,JPEG,RGB,184.83,41.97,WARNING,possible_blur
trashnet,plastic,,data\raw\trashnet\plastic\plastic385.jpg,4032,3024,1.3333,JPEG,RGB,180.31,12.94,WARNING,possible_blur
trashnet,plastic,,data\raw\trashnet\plastic\plastic386.jpg,4032,3024,1.3333,JPEG,RGB,174.61,47.65,WARNING,possible_blur
trashnet,plastic,,data\raw\trashnet\plastic\plastic388.jpg,4032,3024,1.3333,JPEG,RGB,168.61,25.16,WARNING,possible_blur
trashnet,plastic,,data\raw\trashnet\plastic\plastic389.jpg,4032,3024,1.3333,JPEG,RGB,173.14,19.84,WARNING,possible_blur
trashnet,plastic,,data\raw\trashnet\plastic\plastic391.jpg,4032,3024,1.3333,JPEG,RGB,148.68,28.59,WARNING,possible_blur
trashnet,plastic,,data\raw\trashnet\plastic\plastic392.jpg,4032,3024,1.3333,JPEG,RGB,169.84,24.87,WARNING,possible_blur
trashnet,plastic,,data\raw\trashnet\plastic\plastic393.jpg,4032,3024,1.3333,JPEG,RGB,177.92,30.91,WARNING,possible_blur
trashnet,plastic,,data\raw\trashnet\plastic\plastic396.jpg,4032,3024,1.3333,JPEG,RGB,184.02,9.09,WARNING,possible_blur
trashnet,plastic,,data\raw\trashnet\plastic\plastic398.jpg,4032,3024,1.3333,JPEG,RGB,176.64,12.84,WARNING,possible_blur
trashnet,plastic,,data\raw\trashnet\plastic\plastic399.jpg,4032,3024,1.3333,JPEG,RGB,180.19,43.29,WARNING,possible_blur
trashnet,plastic,,data\raw\trashnet\plastic\plastic40.jpg,4032,3024,1.3333,JPEG,RGB,108.61,14.55,WARNING,possible_blur
trashnet,plastic,,data\raw\trashnet\plastic\plastic401.jpg,4032,3024,1.3333,JPEG,RGB,163.08,45.43,WARNING,possible_blur
trashnet,plastic,,data\raw\trashnet\plastic\plastic402.jpg,4032,3024,1.3333,JPEG,RGB,159.6,44.13,WARNING,possible_blur
trashnet,plastic,,data\raw\trashnet\plastic\plastic406.jpg,4032,3024,1.3333,JPEG,RGB,171.3,30.17,WARNING,possible_blur
trashnet,plastic,,data\raw\trashnet\plastic\plastic41.jpg,4032,3024,1.3333,JPEG,RGB,176.63,5.31,WARNING,possible_blur
trashnet,plastic,,data\raw\trashnet\plastic\plastic410.jpg,4032,3024,1.3333,JPEG,RGB,156.85,35.15,WARNING,possible_blur
trashnet,plastic,,data\raw\trashnet\plastic\plastic411.jpg,4032,3024,1.3333,JPEG,RGB,176.18,39.63,WARNING,possible_blur
trashnet,plastic,,data\raw\trashnet\plastic\plastic412.jpg,4032,3024,1.3333,JPEG,RGB,179.68,10.32,WARNING,possible_blur
trashnet,plastic,,data\raw\trashnet\plastic\plastic413.jpg,4032,3024,1.3333,JPEG,RGB,180.46,12.1,WARNING,possible_blur
trashnet,plastic,,data\raw\trashnet\plastic\plastic415.jpg,4032,3024,1.3333,JPEG,RGB,179.47,10.99,WARNING,possible_blur
trashnet,plastic,,data\raw\trashnet\plastic\plastic416.jpg,4032,3024,1.3333,JPEG,RGB,158.63,46.34,WARNING,possible_blur
trashnet,plastic,,data\raw\trashnet\plastic\plastic417.jpg,4032,3024,1.3333,JPEG,RGB,168.08,44.77,WARNING,possible_blur
trashnet,plastic,,data\raw\trashnet\plastic\plastic419.jpg,4032,3024,1.3333,JPEG,RGB,173.2,37.43,WARNING,possible_blur
trashnet,plastic,,data\raw\trashnet\plastic\plastic42.jpg,4032,3024,1.3333,JPEG,RGB,179.1,11.5,WARNING,possible_blur
trashnet,plastic,,data\raw\trashnet\plastic\plastic420.jpg,4032,3024,1.3333,JPEG,RGB,177.69,31.81,WARNING,possible_blur
trashnet,plastic,,data\raw\trashnet\plastic\plastic421.jpg,4032,3024,1.3333,JPEG,RGB,158.45,49.64,WARNING,possible_blur
trashnet,plastic,,data\raw\trashnet\plastic\plastic423.jpg,4032,3024,1.3333,JPEG,RGB,174.52,32.21,WARNING,possible_blur
trashnet,plastic,,data\raw\trashnet\plastic\plastic424.jpg,4032,3024,1.3333,JPEG,RGB,170.82,28.77,WARNING,possible_blur
trashnet,plastic,,data\raw\trashnet\plastic\plastic43.jpg,4032,3024,1.3333,JPEG,RGB,181.87,6.66,WARNING,possible_blur
trashnet,plastic,,data\raw\trashnet\plastic\plastic430.jpg,4032,3024,1.3333,JPEG,RGB,173.58,8.97,WARNING,possible_blur
trashnet,plastic,,data\raw\trashnet\plastic\plastic431.jpg,4032,3024,1.3333,JPEG,RGB,179.43,32.73,WARNING,possible_blur
trashnet,plastic,,data\raw\trashnet\plastic\plastic433.jpg,4032,3024,1.3333,JPEG,RGB,154.53,26.81,WARNING,possible_blur
trashnet,plastic,,data\raw\trashnet\plastic\plastic435.jpg,4032,3024,1.3333,JPEG,RGB,167.6,11.41,WARNING,possible_blur
trashnet,plastic,,data\raw\trashnet\plastic\plastic436.jpg,4032,3024,1.3333,JPEG,RGB,166.08,10.7,WARNING,possible_blur
trashnet,plastic,,data\raw\trashnet\plastic\plastic438.jpg,4032,3024,1.3333,JPEG,RGB,180.67,18.25,WARNING,possible_blur
trashnet,plastic,,data\raw\trashnet\plastic\plastic439.jpg,4032,3024,1.3333,JPEG,RGB,167.43,29.6,WARNING,possible_blur
trashnet,plastic,,data\raw\trashnet\plastic\plastic440.jpg,4032,3024,1.3333,JPEG,RGB,169.28,19.9,WARNING,possible_blur
trashnet,plastic,,data\raw\trashnet\plastic\plastic441.jpg,4032,3024,1.3333,JPEG,RGB,170.2,16.98,WARNING,possible_blur
trashnet,plastic,,data\raw\trashnet\plastic\plastic442.jpg,4032,3024,1.3333,JPEG,RGB,177.33,22.06,WARNING,possible_blur
trashnet,plastic,,data\raw\trashnet\plastic\plastic443.jpg,4032,3024,1.3333,JPEG,RGB,146.56,30.11,WARNING,possible_blur
trashnet,plastic,,data\raw\trashnet\plastic\plastic445.jpg,4032,3024,1.3333,JPEG,RGB,176.19,20.46,WARNING,possible_blur
trashnet,plastic,,data\raw\trashnet\plastic\plastic446.jpg,4032,3024,1.3333,JPEG,RGB,176.14,32.83,WARNING,possible_blur
trashnet,plastic,,data\raw\trashnet\plastic\plastic448.jpg,4032,3024,1.3333,JPEG,RGB,194.04,37.61,WARNING,possible_blur
trashnet,plastic,,data\raw\trashnet\plastic\plastic449.jpg,4032,3024,1.3333,JPEG,RGB,197.42,22.79,WARNING,possible_blur
trashnet,plastic,,data\raw\trashnet\plastic\plastic45.jpg,4032,3024,1.3333,JPEG,RGB,187.41,6.57,WARNING,possible_blur
trashnet,plastic,,data\raw\trashnet\plastic\plastic450.jpg,4032,3024,1.3333,JPEG,RGB,174.07,30.33,WARNING,possible_blur
trashnet,plastic,,data\raw\trashnet\plastic\plastic451.jpg,4032,3024,1.3333,JPEG,RGB,195.66,9.75,WARNING,possible_blur
trashnet,plastic,,data\raw\trashnet\plastic\plastic452.jpg,4032,3024,1.3333,JPEG,RGB,205.89,10.87,WARNING,possible_blur
trashnet,plastic,,data\raw\trashnet\plastic\plastic453.jpg,4032,3024,1.3333,JPEG,RGB,196.81,17.0,WARNING,possible_blur
trashnet,plastic,,data\raw\trashnet\plastic\plastic454.jpg,4032,3024,1.3333,JPEG,RGB,203.95,12.21,WARNING,possible_blur
trashnet,plastic,,data\raw\trashnet\plastic\plastic455.jpg,4032,3024,1.3333,JPEG,RGB,190.85,10.98,WARNING,possible_blur
trashnet,plastic,,data\raw\trashnet\plastic\plastic457.jpg,4032,3024,1.3333,JPEG,RGB,182.51,41.97,WARNING,possible_blur
trashnet,plastic,,data\raw\trashnet\plastic\plastic458.jpg,3264,2448,1.3333,JPEG,RGB,175.34,9.78,WARNING,possible_blur
trashnet,plastic,,data\raw\trashnet\plastic\plastic460.jpg,4032,3024,1.3333,JPEG,RGB,156.44,28.32,WARNING,possible_blur
trashnet,plastic,,data\raw\trashnet\plastic\plastic461.jpg,4032,3024,1.3333,JPEG,RGB,193.45,31.87,WARNING,possible_blur
trashnet,plastic,,data\raw\trashnet\plastic\plastic462.jpg,4032,3024,1.3333,JPEG,RGB,201.82,14.24,WARNING,possible_blur
trashnet,plastic,,data\raw\trashnet\plastic\plastic463.jpg,4032,3024,1.3333,JPEG,RGB,200.38,27.26,WARNING,possible_blur
trashnet,plastic,,data\raw\trashnet\plastic\plastic465.jpg,4032,3024,1.3333,JPEG,RGB,199.63,20.53,WARNING,possible_blur
trashnet,plastic,,data\raw\trashnet\plastic\plastic466.jpg,4032,3024,1.3333,JPEG,RGB,202.7,21.24,WARNING,possible_blur
trashnet,plastic,,data\raw\trashnet\plastic\plastic467.jpg,4032,3024,1.3333,JPEG,RGB,196.23,20.93,WARNING,possible_blur
trashnet,plastic,,data\raw\trashnet\plastic\plastic468.jpg,4032,3024,1.3333,JPEG,RGB,191.2,14.51,WARNING,possible_blur
trashnet,plastic,,data\raw\trashnet\plastic\plastic469.jpg,4032,3024,1.3333,JPEG,RGB,183.11,7.44,WARNING,possible_blur
trashnet,plastic,,data\raw\trashnet\plastic\plastic470.jpg,4032,3024,1.3333,JPEG,RGB,200.13,6.92,WARNING,possible_blur
trashnet,plastic,,data\raw\trashnet\plastic\plastic471.jpg,4032,3024,1.3333,JPEG,RGB,171.85,15.69,WARNING,possible_blur
trashnet,plastic,,data\raw\trashnet\plastic\plastic472.jpg,4032,3024,1.3333,JPEG,RGB,160.05,23.25,WARNING,possible_blur
trashnet,plastic,,data\raw\trashnet\plastic\plastic473.jpg,3264,2448,1.3333,JPEG,RGB,182.2,30.1,WARNING,possible_blur
trashnet,plastic,,data\raw\trashnet\plastic\plastic474.jpg,3264,2448,1.3333,JPEG,RGB,188.26,24.42,WARNING,possible_blur
trashnet,plastic,,data\raw\trashnet\plastic\plastic475.jpg,3264,2448,1.3333,JPEG,RGB,180.48,15.05,WARNING,possible_blur
trashnet,plastic,,data\raw\trashnet\plastic\plastic476.jpg,3264,2448,1.3333,JPEG,RGB,154.31,19.88,WARNING,possible_blur
trashnet,plastic,,data\raw\trashnet\plastic\plastic479.jpg,3264,2448,1.3333,JPEG,RGB,138.52,15.69,WARNING,possible_blur
trashnet,plastic,,data\raw\trashnet\plastic\plastic48.jpg,4032,3024,1.3333,JPEG,RGB,167.74,21.75,WARNING,possible_blur
trashnet,plastic,,data\raw\trashnet\plastic\plastic480.jpg,3264,2448,1.3333,JPEG,RGB,162.1,35.71,WARNING,possible_blur
trashnet,plastic,,data\raw\trashnet\plastic\plastic481.jpg,3264,2448,1.3333,JPEG,RGB,142.78,21.64,WARNING,possible_blur
trashnet,plastic,,data\raw\trashnet\plastic\plastic482.jpg,3264,2448,1.3333,JPEG,RGB,161.46,14.66,WARNING,possible_blur
trashnet,plastic,,data\raw\trashnet\plastic\plastic49.jpg,4032,3024,1.3333,JPEG,RGB,178.31,32.99,WARNING,possible_blur
trashnet,plastic,,data\raw\trashnet\plastic\plastic5.jpg,3264,2448,1.3333,JPEG,RGB,177.52,28.81,WARNING,possible_blur
trashnet,plastic,,data\raw\trashnet\plastic\plastic51.jpg,4032,3024,1.3333,JPEG,RGB,174.53,44.66,WARNING,possible_blur
trashnet,plastic,,data\raw\trashnet\plastic\plastic52.jpg,4032,3024,1.3333,JPEG,RGB,180.3,6.28,WARNING,possible_blur
trashnet,plastic,,data\raw\trashnet\plastic\plastic54.jpg,4032,3024,1.3333,JPEG,RGB,162.07,20.95,WARNING,possible_blur
trashnet,plastic,,data\raw\trashnet\plastic\plastic55.jpg,4032,3024,1.3333,JPEG,RGB,151.34,30.71,WARNING,possible_blur
trashnet,plastic,,data\raw\trashnet\plastic\plastic57.jpg,4032,3024,1.3333,JPEG,RGB,177.19,29.74,WARNING,possible_blur
trashnet,plastic,,data\raw\trashnet\plastic\plastic58.jpg,4032,3024,1.3333,JPEG,RGB,179.47,32.75,WARNING,possible_blur
trashnet,plastic,,data\raw\trashnet\plastic\plastic59.jpg,4032,3024,1.3333,JPEG,RGB,176.4,8.56,WARNING,possible_blur
trashnet,plastic,,data\raw\trashnet\plastic\plastic6.jpg,3264,2448,1.3333,JPEG,RGB,188.56,9.42,WARNING,possible_blur
trashnet,plastic,,data\raw\trashnet\plastic\plastic60.jpg,4032,3024,1.3333,JPEG,RGB,174.6,26.91,WARNING,possible_blur
trashnet,plastic,,data\raw\trashnet\plastic\plastic63.jpg,4032,3024,1.3333,JPEG,RGB,171.63,15.99,WARNING,possible_blur
trashnet,plastic,,data\raw\trashnet\plastic\plastic65.jpg,4032,3024,1.3333,JPEG,RGB,173.23,21.82,WARNING,possible_blur
trashnet,plastic,,data\raw\trashnet\plastic\plastic66.jpg,4032,3024,1.3333,JPEG,RGB,171.23,35.63,WARNING,possible_blur
trashnet,plastic,,data\raw\trashnet\plastic\plastic67.jpg,4032,3024,1.3333,JPEG,RGB,164.86,37.64,WARNING,possible_blur
trashnet,plastic,,data\raw\trashnet\plastic\plastic68.jpg,4032,3024,1.3333,JPEG,RGB,142.19,14.4,WARNING,possible_blur
trashnet,plastic,,data\raw\trashnet\plastic\plastic7.jpg,3264,2448,1.3333,JPEG,RGB,177.08,7.72,WARNING,possible_blur
trashnet,plastic,,data\raw\trashnet\plastic\plastic70.jpg,4032,3024,1.3333,JPEG,RGB,163.57,22.76,WARNING,possible_blur
trashnet,plastic,,data\raw\trashnet\plastic\plastic73.jpg,4032,3024,1.3333,JPEG,RGB,176.69,44.16,WARNING,possible_blur
trashnet,plastic,,data\raw\trashnet\plastic\plastic76.jpg,4032,3024,1.3333,JPEG,RGB,179.79,4.72,WARNING,possible_blur
trashnet,plastic,,data\raw\trashnet\plastic\plastic77.jpg,4032,3024,1.3333,JPEG,RGB,182.7,34.67,WARNING,possible_blur
trashnet,plastic,,data\raw\trashnet\plastic\plastic78.jpg,4032,3024,1.3333,JPEG,RGB,147.77,8.84,WARNING,possible_blur
trashnet,plastic,,data\raw\trashnet\plastic\plastic79.jpg,4032,3024,1.3333,JPEG,RGB,134.34,15.8,WARNING,possible_blur
trashnet,plastic,,data\raw\trashnet\plastic\plastic8.jpg,3264,2448,1.3333,JPEG,RGB,176.49,9.82,WARNING,possible_blur
trashnet,plastic,,data\raw\trashnet\plastic\plastic81.jpg,4032,3024,1.3333,JPEG,RGB,162.13,28.81,WARNING,possible_blur
trashnet,plastic,,data\raw\trashnet\plastic\plastic82.jpg,4032,3024,1.3333,JPEG,RGB,166.84,10.67,WARNING,possible_blur
trashnet,plastic,,data\raw\trashnet\plastic\plastic85.jpg,4032,3024,1.3333,JPEG,RGB,177.52,41.68,WARNING,possible_blur
trashnet,plastic,,data\raw\trashnet\plastic\plastic86.jpg,4032,3024,1.3333,JPEG,RGB,140.44,20.89,WARNING,possible_blur
trashnet,plastic,,data\raw\trashnet\plastic\plastic87.jpg,4032,3024,1.3333,JPEG,RGB,161.42,9.99,WARNING,possible_blur
trashnet,plastic,,data\raw\trashnet\plastic\plastic89.jpg,4032,3024,1.3333,JPEG,RGB,168.86,23.68,WARNING,possible_blur
trashnet,plastic,,data\raw\trashnet\plastic\plastic9.jpg,3264,2448,1.3333,JPEG,RGB,185.75,11.85,WARNING,possible_blur
trashnet,plastic,,data\raw\trashnet\plastic\plastic94.jpg,4032,3024,1.3333,JPEG,RGB,177.2,15.27,WARNING,possible_blur
trashnet,plastic,,data\raw\trashnet\plastic\plastic95.jpg,4032,3024,1.3333,JPEG,RGB,122.97,21.64,WARNING,possible_blur
trashnet,plastic,,data\raw\trashnet\plastic\plastic96.jpg,4032,3024,1.3333,JPEG,RGB,166.92,45.32,WARNING,possible_blur
trashnet,plastic,,data\raw\trashnet\plastic\plastic97.jpg,4032,3024,1.3333,JPEG,RGB,166.31,8.44,WARNING,possible_blur
trashnet,plastic,,data\raw\trashnet\plastic\plastic98.jpg,4032,3024,1.3333,JPEG,RGB,164.33,7.17,WARNING,possible_blur
trashnet,plastic,,data\raw\trashnet\plastic\plastic99.jpg,4032,3024,1.3333,JPEG,RGB,175.15,9.12,WARNING,possible_blur
trashnet,trash,,data\raw\trashnet\trash\trash10.jpg,4032,3024,1.3333,JPEG,RGB,159.25,8.18,WARNING,possible_blur
trashnet,trash,,data\raw\trashnet\trash\trash100.jpg,4032,3024,1.3333,JPEG,RGB,172.62,3.81,WARNING,possible_blur
trashnet,trash,,data\raw\trashnet\trash\trash101.jpg,4032,3024,1.3333,JPEG,RGB,184.59,3.82,WARNING,possible_blur
trashnet,trash,,data\raw\trashnet\trash\trash102.jpg,4032,3024,1.3333,JPEG,RGB,158.29,5.59,WARNING,possible_blur
trashnet,trash,,data\raw\trashnet\trash\trash103.jpg,4032,3024,1.3333,JPEG,RGB,185.44,13.33,WARNING,possible_blur
trashnet,trash,,data\raw\trashnet\trash\trash104.jpg,4032,3024,1.3333,JPEG,RGB,178.72,8.96,WARNING,possible_blur
trashnet,trash,,data\raw\trashnet\trash\trash106.jpg,4032,3024,1.3333,JPEG,RGB,152.33,4.06,WARNING,possible_blur
trashnet,trash,,data\raw\trashnet\trash\trash107.jpg,4032,3024,1.3333,JPEG,RGB,178.04,4.93,WARNING,possible_blur
trashnet,trash,,data\raw\trashnet\trash\trash109.jpg,4032,3024,1.3333,JPEG,RGB,188.22,28.48,WARNING,possible_blur
trashnet,trash,,data\raw\trashnet\trash\trash11.jpg,4032,3024,1.3333,JPEG,RGB,124.81,16.83,WARNING,possible_blur
trashnet,trash,,data\raw\trashnet\trash\trash111.jpg,4032,3024,1.3333,JPEG,RGB,195.65,11.91,WARNING,possible_blur
trashnet,trash,,data\raw\trashnet\trash\trash113.jpg,4032,3024,1.3333,JPEG,RGB,195.78,30.44,WARNING,possible_blur
trashnet,trash,,data\raw\trashnet\trash\trash114.jpg,3264,2448,1.3333,JPEG,RGB,194.44,27.88,WARNING,possible_blur
trashnet,trash,,data\raw\trashnet\trash\trash117.jpg,3264,2448,1.3333,JPEG,RGB,192.31,13.29,WARNING,possible_blur
trashnet,trash,,data\raw\trashnet\trash\trash118.jpg,3264,2448,1.3333,JPEG,RGB,180.45,25.56,WARNING,possible_blur
trashnet,trash,,data\raw\trashnet\trash\trash119.jpg,3264,2448,1.3333,JPEG,RGB,196.48,27.23,WARNING,possible_blur
trashnet,trash,,data\raw\trashnet\trash\trash12.jpg,4032,3024,1.3333,JPEG,RGB,182.44,15.6,WARNING,possible_blur
trashnet,trash,,data\raw\trashnet\trash\trash120.jpg,3264,2448,1.3333,JPEG,RGB,195.84,13.11,WARNING,possible_blur
trashnet,trash,,data\raw\trashnet\trash\trash121.jpg,3264,2448,1.3333,JPEG,RGB,194.63,11.93,WARNING,possible_blur
trashnet,trash,,data\raw\trashnet\trash\trash122.jpg,3264,2448,1.3333,JPEG,RGB,182.88,16.79,WARNING,possible_blur
trashnet,trash,,data\raw\trashnet\trash\trash123.jpg,3264,2448,1.3333,JPEG,RGB,150.27,40.0,WARNING,possible_blur
trashnet,trash,,data\raw\trashnet\trash\trash124.jpg,3264,2448,1.3333,JPEG,RGB,147.24,14.45,WARNING,possible_blur
trashnet,trash,,data\raw\trashnet\trash\trash125.jpg,3264,2448,1.3333,JPEG,RGB,121.58,40.63,WARNING,possible_blur
trashnet,trash,,data\raw\trashnet\trash\trash126.jpg,3264,2448,1.3333,JPEG,RGB,129.89,5.2,WARNING,possible_blur
trashnet,trash,,data\raw\trashnet\trash\trash127.jpg,3264,2448,1.3333,JPEG,RGB,152.42,4.42,WARNING,possible_blur
trashnet,trash,,data\raw\trashnet\trash\trash128.jpg,3264,2448,1.3333,JPEG,RGB,149.56,6.09,WARNING,possible_blur
trashnet,trash,,data\raw\trashnet\trash\trash129.jpg,3264,2448,1.3333,JPEG,RGB,148.9,19.4,WARNING,possible_blur
trashnet,trash,,data\raw\trashnet\trash\trash13.jpg,4032,3024,1.3333,JPEG,RGB,182.15,6.33,WARNING,possible_blur
trashnet,trash,,data\raw\trashnet\trash\trash130.jpg,3264,2448,1.3333,JPEG,RGB,155.59,48.07,WARNING,possible_blur
trashnet,trash,,data\raw\trashnet\trash\trash131.jpg,3264,2448,1.3333,JPEG,RGB,152.25,6.49,WARNING,possible_blur
trashnet,trash,,data\raw\trashnet\trash\trash132.jpg,3264,2448,1.3333,JPEG,RGB,191.24,4.01,WARNING,possible_blur
trashnet,trash,,data\raw\trashnet\trash\trash133.jpg,3264,2448,1.3333,JPEG,RGB,183.57,5.4,WARNING,possible_blur
trashnet,trash,,data\raw\trashnet\trash\trash134.jpg,3264,2448,1.3333,JPEG,RGB,147.61,6.75,WARNING,possible_blur
trashnet,trash,,data\raw\trashnet\trash\trash135.jpg,3264,2448,1.3333,JPEG,RGB,182.62,24.23,WARNING,possible_blur
trashnet,trash,,data\raw\trashnet\trash\trash136.jpg,3264,2448,1.3333,JPEG,RGB,171.52,31.06,WARNING,possible_blur
trashnet,trash,,data\raw\trashnet\trash\trash137.jpg,3264,2448,1.3333,JPEG,RGB,188.48,12.74,WARNING,possible_blur
trashnet,trash,,data\raw\trashnet\trash\trash14.jpg,4032,3024,1.3333,JPEG,RGB,161.03,9.14,WARNING,possible_blur
trashnet,trash,,data\raw\trashnet\trash\trash15.jpg,4032,3024,1.3333,JPEG,RGB,167.23,14.68,WARNING,possible_blur
trashnet,trash,,data\raw\trashnet\trash\trash16.jpg,4032,3024,1.3333,JPEG,RGB,136.09,4.59,WARNING,possible_blur
trashnet,trash,,data\raw\trashnet\trash\trash17.jpg,4032,3024,1.3333,JPEG,RGB,147.07,16.45,WARNING,possible_blur
trashnet,trash,,data\raw\trashnet\trash\trash18.jpg,4032,3024,1.3333,JPEG,RGB,134.66,12.36,WARNING,possible_blur
trashnet,trash,,data\raw\trashnet\trash\trash2.jpg,4032,3024,1.3333,JPEG,RGB,171.42,17.0,WARNING,possible_blur
trashnet,trash,,data\raw\trashnet\trash\trash20.jpg,4032,3024,1.3333,JPEG,RGB,165.4,7.95,WARNING,possible_blur
trashnet,trash,,data\raw\trashnet\trash\trash21.jpg,4032,3024,1.3333,JPEG,RGB,165.7,29.57,WARNING,possible_blur
trashnet,trash,,data\raw\trashnet\trash\trash23.jpg,4032,3024,1.3333,JPEG,RGB,179.86,3.73,WARNING,possible_blur
trashnet,trash,,data\raw\trashnet\trash\trash24.jpg,4032,3024,1.3333,JPEG,RGB,160.2,4.19,WARNING,possible_blur
trashnet,trash,,data\raw\trashnet\trash\trash25.jpg,4032,3024,1.3333,JPEG,RGB,144.19,22.87,WARNING,possible_blur
trashnet,trash,,data\raw\trashnet\trash\trash26.jpg,4032,3024,1.3333,JPEG,RGB,180.4,4.04,WARNING,possible_blur
trashnet,trash,,data\raw\trashnet\trash\trash27.jpg,4032,3024,1.3333,JPEG,RGB,175.26,18.78,WARNING,possible_blur
trashnet,trash,,data\raw\trashnet\trash\trash28.jpg,4032,3024,1.3333,JPEG,RGB,176.34,35.05,WARNING,possible_blur
trashnet,trash,,data\raw\trashnet\trash\trash29.jpg,4032,3024,1.3333,JPEG,RGB,175.77,2.87,WARNING,possible_blur
trashnet,trash,,data\raw\trashnet\trash\trash3.jpg,4032,3024,1.3333,JPEG,RGB,178.58,2.39,WARNING,possible_blur
trashnet,trash,,data\raw\trashnet\trash\trash30.jpg,4032,3024,1.3333,JPEG,RGB,180.04,10.52,WARNING,possible_blur
trashnet,trash,,data\raw\trashnet\trash\trash31.jpg,4032,3024,1.3333,JPEG,RGB,181.49,4.24,WARNING,possible_blur
trashnet,trash,,data\raw\trashnet\trash\trash32.jpg,4032,3024,1.3333,JPEG,RGB,171.74,19.34,WARNING,possible_blur
trashnet,trash,,data\raw\trashnet\trash\trash33.jpg,4032,3024,1.3333,JPEG,RGB,129.35,25.58,WARNING,possible_blur
trashnet,trash,,data\raw\trashnet\trash\trash35.jpg,4032,3024,1.3333,JPEG,RGB,172.86,7.24,WARNING,possible_blur
trashnet,trash,,data\raw\trashnet\trash\trash36.jpg,4032,3024,1.3333,JPEG,RGB,163.12,47.45,WARNING,possible_blur
trashnet,trash,,data\raw\trashnet\trash\trash37.jpg,4032,3024,1.3333,JPEG,RGB,173.32,6.58,WARNING,possible_blur
trashnet,trash,,data\raw\trashnet\trash\trash38.jpg,4032,3024,1.3333,JPEG,RGB,180.4,26.13,WARNING,possible_blur
trashnet,trash,,data\raw\trashnet\trash\trash4.jpg,4032,3024,1.3333,JPEG,RGB,165.55,7.18,WARNING,possible_blur
trashnet,trash,,data\raw\trashnet\trash\trash40.jpg,4032,3024,1.3333,JPEG,RGB,144.6,17.68,WARNING,possible_blur
trashnet,trash,,data\raw\trashnet\trash\trash41.jpg,4032,3024,1.3333,JPEG,RGB,166.0,33.26,WARNING,possible_blur
trashnet,trash,,data\raw\trashnet\trash\trash42.jpg,4032,3024,1.3333,JPEG,RGB,144.08,4.37,WARNING,possible_blur
trashnet,trash,,data\raw\trashnet\trash\trash43.jpg,4032,3024,1.3333,JPEG,RGB,171.76,7.54,WARNING,possible_blur
trashnet,trash,,data\raw\trashnet\trash\trash44.jpg,4032,3024,1.3333,JPEG,RGB,177.09,8.06,WARNING,possible_blur
trashnet,trash,,data\raw\trashnet\trash\trash45.jpg,4032,3024,1.3333,JPEG,RGB,165.29,42.84,WARNING,possible_blur
trashnet,trash,,data\raw\trashnet\trash\trash46.jpg,4032,3024,1.3333,JPEG,RGB,143.44,14.71,WARNING,possible_blur
trashnet,trash,,data\raw\trashnet\trash\trash47.jpg,4032,3024,1.3333,JPEG,RGB,147.69,37.57,WARNING,possible_blur
trashnet,trash,,data\raw\trashnet\trash\trash48.jpg,4032,3024,1.3333,JPEG,RGB,178.2,11.06,WARNING,possible_blur
trashnet,trash,,data\raw\trashnet\trash\trash49.jpg,4032,3024,1.3333,JPEG,RGB,172.07,3.89,WARNING,possible_blur
trashnet,trash,,data\raw\trashnet\trash\trash5.jpg,4032,3024,1.3333,JPEG,RGB,190.8,13.87,WARNING,possible_blur
trashnet,trash,,data\raw\trashnet\trash\trash50.jpg,4032,3024,1.3333,JPEG,RGB,179.68,6.5,WARNING,possible_blur
trashnet,trash,,data\raw\trashnet\trash\trash51.jpg,4032,3024,1.3333,JPEG,RGB,170.06,27.41,WARNING,possible_blur
trashnet,trash,,data\raw\trashnet\trash\trash53.jpg,4032,3024,1.3333,JPEG,RGB,159.34,3.31,WARNING,possible_blur
trashnet,trash,,data\raw\trashnet\trash\trash54.jpg,4032,3024,1.3333,JPEG,RGB,142.65,4.33,WARNING,possible_blur
trashnet,trash,,data\raw\trashnet\trash\trash55.jpg,4032,3024,1.3333,JPEG,RGB,185.44,2.35,WARNING,possible_blur
trashnet,trash,,data\raw\trashnet\trash\trash56.jpg,4032,3024,1.3333,JPEG,RGB,172.27,12.88,WARNING,possible_blur
trashnet,trash,,data\raw\trashnet\trash\trash57.jpg,4032,3024,1.3333,JPEG,RGB,179.6,28.15,WARNING,possible_blur
trashnet,trash,,data\raw\trashnet\trash\trash58.jpg,4032,3024,1.3333,JPEG,RGB,164.66,18.43,WARNING,possible_blur
trashnet,trash,,data\raw\trashnet\trash\trash59.jpg,4032,3024,1.3333,JPEG,RGB,172.26,9.18,WARNING,possible_blur
trashnet,trash,,data\raw\trashnet\trash\trash6.jpg,4032,3024,1.3333,JPEG,RGB,163.93,4.23,WARNING,possible_blur
trashnet,trash,,data\raw\trashnet\trash\trash60.jpg,4032,3024,1.3333,JPEG,RGB,155.69,16.99,WARNING,possible_blur
trashnet,trash,,data\raw\trashnet\trash\trash61.jpg,4032,3024,1.3333,JPEG,RGB,169.92,13.94,WARNING,possible_blur
trashnet,trash,,data\raw\trashnet\trash\trash62.jpg,4032,3024,1.3333,JPEG,RGB,168.41,22.58,WARNING,possible_blur
trashnet,trash,,data\raw\trashnet\trash\trash63.jpg,4032,3024,1.3333,JPEG,RGB,159.32,18.21,WARNING,possible_blur
trashnet,trash,,data\raw\trashnet\trash\trash64.jpg,4032,3024,1.3333,JPEG,RGB,180.48,6.88,WARNING,possible_blur
trashnet,trash,,data\raw\trashnet\trash\trash65.jpg,4032,3024,1.3333,JPEG,RGB,140.71,4.0,WARNING,possible_blur
trashnet,trash,,data\raw\trashnet\trash\trash66.jpg,4032,3024,1.3333,JPEG,RGB,155.7,13.68,WARNING,possible_blur
trashnet,trash,,data\raw\trashnet\trash\trash67.jpg,4032,3024,1.3333,JPEG,RGB,158.64,21.62,WARNING,possible_blur
trashnet,trash,,data\raw\trashnet\trash\trash68.jpg,4032,3024,1.3333,JPEG,RGB,177.9,24.63,WARNING,possible_blur
trashnet,trash,,data\raw\trashnet\trash\trash69.jpg,4032,3024,1.3333,JPEG,RGB,158.36,5.89,WARNING,possible_blur
trashnet,trash,,data\raw\trashnet\trash\trash7.jpg,4032,3024,1.3333,JPEG,RGB,193.66,3.79,WARNING,possible_blur
trashnet,trash,,data\raw\trashnet\trash\trash70.jpg,4032,3024,1.3333,JPEG,RGB,101.62,4.38,WARNING,possible_blur
trashnet,trash,,data\raw\trashnet\trash\trash72.jpg,4032,3024,1.3333,JPEG,RGB,171.41,19.3,WARNING,possible_blur
trashnet,trash,,data\raw\trashnet\trash\trash73.jpg,4032,3024,1.3333,JPEG,RGB,168.7,17.88,WARNING,possible_blur
trashnet,trash,,data\raw\trashnet\trash\trash74.jpg,4032,3024,1.3333,JPEG,RGB,153.23,3.46,WARNING,possible_blur
trashnet,trash,,data\raw\trashnet\trash\trash75.jpg,4032,3024,1.3333,JPEG,RGB,169.46,12.34,WARNING,possible_blur
trashnet,trash,,data\raw\trashnet\trash\trash76.jpg,4032,3024,1.3333,JPEG,RGB,179.8,6.64,WARNING,possible_blur
trashnet,trash,,data\raw\trashnet\trash\trash77.jpg,4032,3024,1.3333,JPEG,RGB,165.04,24.58,WARNING,possible_blur
trashnet,trash,,data\raw\trashnet\trash\trash79.jpg,4032,3024,1.3333,JPEG,RGB,178.21,19.81,WARNING,possible_blur
trashnet,trash,,data\raw\trashnet\trash\trash8.jpg,4032,3024,1.3333,JPEG,RGB,177.71,11.15,WARNING,possible_blur
trashnet,trash,,data\raw\trashnet\trash\trash80.jpg,4032,3024,1.3333,JPEG,RGB,175.44,5.92,WARNING,possible_blur
trashnet,trash,,data\raw\trashnet\trash\trash81.jpg,4032,3024,1.3333,JPEG,RGB,175.74,9.78,WARNING,possible_blur
trashnet,trash,,data\raw\trashnet\trash\trash83.jpg,4032,3024,1.3333,JPEG,RGB,175.17,30.37,WARNING,possible_blur
trashnet,trash,,data\raw\trashnet\trash\trash84.jpg,4032,3024,1.3333,JPEG,RGB,166.7,5.73,WARNING,possible_blur
trashnet,trash,,data\raw\trashnet\trash\trash85.jpg,4032,3024,1.3333,JPEG,RGB,170.61,12.66,WARNING,possible_blur
trashnet,trash,,data\raw\trashnet\trash\trash86.jpg,4032,3024,1.3333,JPEG,RGB,176.15,4.84,WARNING,possible_blur
trashnet,trash,,data\raw\trashnet\trash\trash87.jpg,4032,3024,1.3333,JPEG,RGB,146.3,15.99,WARNING,possible_blur
trashnet,trash,,data\raw\trashnet\trash\trash88.jpg,4032,3024,1.3333,JPEG,RGB,135.32,17.41,WARNING,possible_blur
trashnet,trash,,data\raw\trashnet\trash\trash89.jpg,4032,3024,1.3333,JPEG,RGB,188.36,3.6,WARNING,possible_blur
trashnet,trash,,data\raw\trashnet\trash\trash9.jpg,4032,3024,1.3333,JPEG,RGB,168.24,35.29,WARNING,possible_blur
trashnet,trash,,data\raw\trashnet\trash\trash90.jpg,4032,3024,1.3333,JPEG,RGB,176.1,3.98,WARNING,possible_blur
trashnet,trash,,data\raw\trashnet\trash\trash91.jpg,4032,3024,1.3333,JPEG,RGB,135.62,43.8,WARNING,possible_blur
trashnet,trash,,data\raw\trashnet\trash\trash92.jpg,4032,3024,1.3333,JPEG,RGB,175.38,8.19,WARNING,possible_blur
trashnet,trash,,data\raw\trashnet\trash\trash93.jpg,4032,3024,1.3333,JPEG,RGB,197.08,2.48,WARNING,possible_blur
trashnet,trash,,data\raw\trashnet\trash\trash94.jpg,4032,3024,1.3333,JPEG,RGB,173.75,41.99,WARNING,possible_blur
trashnet,trash,,data\raw\trashnet\trash\trash95.jpg,4032,3024,1.3333,JPEG,RGB,181.59,3.01,WARNING,possible_blur
trashnet,trash,,data\raw\trashnet\trash\trash96.jpg,4032,3024,1.3333,JPEG,RGB,163.7,4.39,WARNING,possible_blur
trashnet,trash,,data\raw\trashnet\trash\trash97.jpg,4032,3024,1.3333,JPEG,RGB,182.76,3.38,WARNING,possible_blur
trashnet,trash,,data\raw\trashnet\trash\trash98.jpg,4032,3024,1.3333,JPEG,RGB,171.79,8.48,WARNING,possible_blur
trashnet,trash,,data\raw\trashnet\trash\trash99.jpg,4032,3024,1.3333,JPEG,RGB,179.7,15.81,WARNING,possible_blur
