hamming_distance,dataset_a,file_a,path_a,dataset_b,file_b,path_b
10,realwaste,Plastic\Plastic_319.jpg,C:\Users\trish\Desktop\smart-waste-segregation-ai\data\raw\realwaste\Plastic\Plastic_319.jpg,realwaste,Plastic\Plastic_808.jpg,C:\Users\trish\Desktop\smart-waste-segregation-ai\data\raw\realwaste\Plastic\Plastic_808.jpg
8,realwaste,Metal\Metal_562.jpg,C:\Users\trish\Desktop\smart-waste-segregation-ai\data\raw\realwaste\Metal\Metal_562.jpg,realwaste,Miscellaneous Trash\Miscellaneous Trash_71.jpg,C:\Users\trish\Desktop\smart-waste-segregation-ai\data\raw\realwaste\Miscellaneous Trash\Miscellaneous Trash_71.jpg
10,realwaste,Metal\Metal_608.jpg,C:\Users\trish\Desktop\smart-waste-segregation-ai\data\raw\realwaste\Metal\Metal_608.jpg,realwaste,Miscellaneous Trash\Miscellaneous Trash_119.jpg,C:\Users\trish\Desktop\smart-waste-segregation-ai\data\raw\realwaste\Miscellaneous Trash\Miscellaneous Trash_119.jpg
8,realwaste,Cardboard\Cardboard_83.jpg,C:\Users\trish\Desktop\smart-waste-segregation-ai\data\raw\realwaste\Cardboard\Cardboard_83.jpg,realwaste,Metal\Metal_608.jpg,C:\Users\trish\Desktop\smart-waste-segregation-ai\data\raw\realwaste\Metal\Metal_608.jpg
8,realwaste,Cardboard\Cardboard_324.jpg,C:\Users\trish\Desktop\smart-waste-segregation-ai\data\raw\realwaste\Cardboard\Cardboard_324.jpg,realwaste,Plastic\Plastic_834.jpg,C:\Users\trish\Desktop\smart-waste-segregation-ai\data\raw\realwaste\Plastic\Plastic_834.jpg
10,realwaste,Textile Trash\Textile Trash_219.jpg,C:\Users\trish\Desktop\smart-waste-segregation-ai\data\raw\realwaste\Textile Trash\Textile Trash_219.jpg,realwaste,Textile Trash\Textile Trash_294.jpg,C:\Users\trish\Desktop\smart-waste-segregation-ai\data\raw\realwaste\Textile Trash\Textile Trash_294.jpg
10,realwaste,Metal\Metal_522.jpg,C:\Users\trish\Desktop\smart-waste-segregation-ai\data\raw\realwaste\Metal\Metal_522.jpg,realwaste,Plastic\Plastic_784.jpg,C:\Users\trish\Desktop\smart-waste-segregation-ai\data\raw\realwaste\Plastic\Plastic_784.jpg
10,ewaste,train\Microwave\Microwave_48.jpg,C:\Users\trish\Desktop\smart-waste-segregation-ai\data\raw\ewaste\train\Microwave\Microwave_48.jpg,realwaste,Paper\Paper_42.jpg,C:\Users\trish\Desktop\smart-waste-segregation-ai\data\raw\realwaste\Paper\Paper_42.jpg
10,realwaste,Metal\Metal_524.jpg,C:\Users\trish\Desktop\smart-waste-segregation-ai\data\raw\realwaste\Metal\Metal_524.jpg,realwaste,Plastic\Plastic_888.jpg,C:\Users\trish\Desktop\smart-waste-segregation-ai\data\raw\realwaste\Plastic\Plastic_888.jpg
10,realwaste,Glass\Glass_327.jpg,C:\Users\trish\Desktop\smart-waste-segregation-ai\data\raw\realwaste\Glass\Glass_327.jpg,realwaste,Vegetation\Vegetation_168.jpg,C:\Users\trish\Desktop\smart-waste-segregation-ai\data\raw\realwaste\Vegetation\Vegetation_168.jpg
10,realwaste,Cardboard\Cardboard_227.jpg,C:\Users\trish\Desktop\smart-waste-segregation-ai\data\raw\realwaste\Cardboard\Cardboard_227.jpg,realwaste,Metal\Metal_129.jpg,C:\Users\trish\Desktop\smart-waste-segregation-ai\data\raw\realwaste\Metal\Metal_129.jpg
10,ewaste,train\Battery\battery_270.jpg,C:\Users\trish\Desktop\smart-waste-segregation-ai\data\raw\ewaste\train\Battery\battery_270.jpg,trashnet,glass\glass215.jpg,C:\Users\trish\Desktop\smart-waste-segregation-ai\data\raw\trashnet\glass\glass215.jpg
8,ewaste,train\Washing Machine\Washing_Machine_19.jpg,C:\Users\trish\Desktop\smart-waste-segregation-ai\data\raw\ewaste\train\Washing Machine\Washing_Machine_19.jpg,trashnet,plastic\plastic11.jpg,C:\Users\trish\Desktop\smart-waste-segregation-ai\data\raw\trashnet\plastic\plastic11.jpg
8,realwaste,Metal\Metal_755.jpg,C:\Users\trish\Desktop\smart-waste-segregation-ai\data\raw\realwaste\Metal\Metal_755.jpg,realwaste,Plastic\Plastic_230.jpg,C:\Users\trish\Desktop\smart-waste-segregation-ai\data\raw\realwaste\Plastic\Plastic_230.jpg
10,trashnet,metal\metal360.jpg,C:\Users\trish\Desktop\smart-waste-segregation-ai\data\raw\trashnet\metal\metal360.jpg,trashnet,plastic\plastic41.jpg,C:\Users\trish\Desktop\smart-waste-segregation-ai\data\raw\trashnet\plastic\plastic41.jpg
10,ewaste,train\Printer\Printer_244.jpg,C:\Users\trish\Desktop\smart-waste-segregation-ai\data\raw\ewaste\train\Printer\Printer_244.jpg,realwaste,Metal\Metal_285.jpg,C:\Users\trish\Desktop\smart-waste-segregation-ai\data\raw\realwaste\Metal\Metal_285.jpg
10,realwaste,Glass\Glass_52.jpg,C:\Users\trish\Desktop\smart-waste-segregation-ai\data\raw\realwaste\Glass\Glass_52.jpg,realwaste,Miscellaneous Trash\Miscellaneous Trash_102.jpg,C:\Users\trish\Desktop\smart-waste-segregation-ai\data\raw\realwaste\Miscellaneous Trash\Miscellaneous Trash_102.jpg
8,realwaste,Metal\Metal_594.jpg,C:\Users\trish\Desktop\smart-waste-segregation-ai\data\raw\realwaste\Metal\Metal_594.jpg,realwaste,Miscellaneous Trash\Miscellaneous Trash_129.jpg,C:\Users\trish\Desktop\smart-waste-segregation-ai\data\raw\realwaste\Miscellaneous Trash\Miscellaneous Trash_129.jpg
10,ewaste,val\Washing Machine\Washing_Machine_118.jpg,C:\Users\trish\Desktop\smart-waste-segregation-ai\data\raw\ewaste\val\Washing Machine\Washing_Machine_118.jpg,phenomsg,Recyclable\Recyclable\cans_all_type\2ed03c267a9e46d6a00350f7d01a56f1.jpg,C:\Users\trish\Desktop\smart-waste-segregation-ai\data\raw\phenomsg\Recyclable\Recyclable\cans_all_type\2ed03c267a9e46d6a00350f7d01a56f1.jpg
8,realwaste,Metal\Metal_587.jpg,C:\Users\trish\Desktop\smart-waste-segregation-ai\data\raw\realwaste\Metal\Metal_587.jpg,realwaste,Plastic\Plastic_192.jpg,C:\Users\trish\Desktop\smart-waste-segregation-ai\data\raw\realwaste\Plastic\Plastic_192.jpg
10,ewaste,test\Washing Machine\Washing_Machine_152.jpg,C:\Users\trish\Desktop\smart-waste-segregation-ai\data\raw\ewaste\test\Washing Machine\Washing_Machine_152.jpg,realwaste,Plastic\Plastic_216.jpg,C:\Users\trish\Desktop\smart-waste-segregation-ai\data\raw\realwaste\Plastic\Plastic_216.jpg
10,realwaste,Metal\Metal_680.jpg,C:\Users\trish\Desktop\smart-waste-segregation-ai\data\raw\realwaste\Metal\Metal_680.jpg,realwaste,Metal\Metal_681.jpg,C:\Users\trish\Desktop\smart-waste-segregation-ai\data\raw\realwaste\Metal\Metal_681.jpg
10,realwaste,Metal\Metal_209.jpg,C:\Users\trish\Desktop\smart-waste-segregation-ai\data\raw\realwaste\Metal\Metal_209.jpg,realwaste,Plastic\Plastic_364.jpg,C:\Users\trish\Desktop\smart-waste-segregation-ai\data\raw\realwaste\Plastic\Plastic_364.jpg
8,realwaste,Metal\Metal_207.jpg,C:\Users\trish\Desktop\smart-waste-segregation-ai\data\raw\realwaste\Metal\Metal_207.jpg,realwaste,Metal\Metal_260.jpg,C:\Users\trish\Desktop\smart-waste-segregation-ai\data\raw\realwaste\Metal\Metal_260.jpg
10,trashnet,plastic\plastic440.jpg,C:\Users\trish\Desktop\smart-waste-segregation-ai\data\raw\trashnet\plastic\plastic440.jpg,trashnet,plastic\plastic57.jpg,C:\Users\trish\Desktop\smart-waste-segregation-ai\data\raw\trashnet\plastic\plastic57.jpg
8,trashnet,glass\glass281.jpg,C:\Users\trish\Desktop\smart-waste-segregation-ai\data\raw\trashnet\glass\glass281.jpg,trashnet,trash\trash133.jpg,C:\Users\trish\Desktop\smart-waste-segregation-ai\data\raw\trashnet\trash\trash133.jpg
10,trashnet,metal\metal204.jpg,C:\Users\trish\Desktop\smart-waste-segregation-ai\data\raw\trashnet\metal\metal204.jpg,trashnet,plastic\plastic122.jpg,C:\Users\trish\Desktop\smart-waste-segregation-ai\data\raw\trashnet\plastic\plastic122.jpg
8,realwaste,Food Organics\Food Organics_104.jpg,C:\Users\trish\Desktop\smart-waste-segregation-ai\data\raw\realwaste\Food Organics\Food Organics_104.jpg,realwaste,Metal\Metal_326.jpg,C:\Users\trish\Desktop\smart-waste-segregation-ai\data\raw\realwaste\Metal\Metal_326.jpg
10,trashnet,plastic\plastic249.jpg,C:\Users\trish\Desktop\smart-waste-segregation-ai\data\raw\trashnet\plastic\plastic249.jpg,trashnet,plastic\plastic41.jpg,C:\Users\trish\Desktop\smart-waste-segregation-ai\data\raw\trashnet\plastic\plastic41.jpg
8,realwaste,Food Organics\Food Organics_301.jpg,C:\Users\trish\Desktop\smart-waste-segregation-ai\data\raw\realwaste\Food Organics\Food Organics_301.jpg,realwaste,Metal\Metal_753.jpg,C:\Users\trish\Desktop\smart-waste-segregation-ai\data\raw\realwaste\Metal\Metal_753.jpg
8,realwaste,Metal\Metal_681.jpg,C:\Users\trish\Desktop\smart-waste-segregation-ai\data\raw\realwaste\Metal\Metal_681.jpg,realwaste,Plastic\Plastic_179.jpg,C:\Users\trish\Desktop\smart-waste-segregation-ai\data\raw\realwaste\Plastic\Plastic_179.jpg
10,realwaste,Miscellaneous Trash\Miscellaneous Trash_491.jpg,C:\Users\trish\Desktop\smart-waste-segregation-ai\data\raw\realwaste\Miscellaneous Trash\Miscellaneous Trash_491.jpg,realwaste,Paper\Paper_91.jpg,C:\Users\trish\Desktop\smart-waste-segregation-ai\data\raw\realwaste\Paper\Paper_91.jpg
8,phenomsg,Non-Recyclable\Non-Recyclable\ceramic_product\30322484-clay-pottery-ceramics-in-background-broken-glass-debris-design-wall.jpg,C:\Users\trish\Desktop\smart-waste-segregation-ai\data\raw\phenomsg\Non-Recyclable\Non-Recyclable\ceramic_product\30322484-clay-pottery-ceramics-in-background-broken-glass-debris-design-wall.jpg,phenomsg,Non-Recyclable\Non-Recyclable\ceramic_product\handmade-old-clay-pottery-ceramics-picture_csp21200013.jpg,C:\Users\trish\Desktop\smart-waste-segregation-ai\data\raw\phenomsg\Non-Recyclable\Non-Recyclable\ceramic_product\handmade-old-clay-pottery-ceramics-picture_csp21200013.jpg
10,realwaste,Cardboard\Cardboard_172.jpg,C:\Users\trish\Desktop\smart-waste-segregation-ai\data\raw\realwaste\Cardboard\Cardboard_172.jpg,realwaste,Metal\Metal_622.jpg,C:\Users\trish\Desktop\smart-waste-segregation-ai\data\raw\realwaste\Metal\Metal_622.jpg
8,realwaste,Plastic\Plastic_360.jpg,C:\Users\trish\Desktop\smart-waste-segregation-ai\data\raw\realwaste\Plastic\Plastic_360.jpg,trashnet,trash\trash132.jpg,C:\Users\trish\Desktop\smart-waste-segregation-ai\data\raw\trashnet\trash\trash132.jpg
10,realwaste,Metal\Metal_164.jpg,C:\Users\trish\Desktop\smart-waste-segregation-ai\data\raw\realwaste\Metal\Metal_164.jpg,realwaste,Textile Trash\Textile Trash_109.jpg,C:\Users\trish\Desktop\smart-waste-segregation-ai\data\raw\realwaste\Textile Trash\Textile Trash_109.jpg
8,ewaste,train\Player\Player_45.jpg,C:\Users\trish\Desktop\smart-waste-segregation-ai\data\raw\ewaste\train\Player\Player_45.jpg,realwaste,Metal\Metal_467.jpg,C:\Users\trish\Desktop\smart-waste-segregation-ai\data\raw\realwaste\Metal\Metal_467.jpg
10,realwaste,Metal\Metal_562.jpg,C:\Users\trish\Desktop\smart-waste-segregation-ai\data\raw\realwaste\Metal\Metal_562.jpg,realwaste,Metal\Metal_677.jpg,C:\Users\trish\Desktop\smart-waste-segregation-ai\data\raw\realwaste\Metal\Metal_677.jpg
8,ewaste,train\Player\Player_70.jpg,C:\Users\trish\Desktop\smart-waste-segregation-ai\data\raw\ewaste\train\Player\Player_70.jpg,realwaste,Metal\Metal_467.jpg,C:\Users\trish\Desktop\smart-waste-segregation-ai\data\raw\realwaste\Metal\Metal_467.jpg
10,realwaste,Metal\Metal_643.jpg,C:\Users\trish\Desktop\smart-waste-segregation-ai\data\raw\realwaste\Metal\Metal_643.jpg,realwaste,Plastic\Plastic_234.jpg,C:\Users\trish\Desktop\smart-waste-segregation-ai\data\raw\realwaste\Plastic\Plastic_234.jpg
10,realwaste,Miscellaneous Trash\Miscellaneous Trash_323.jpg,C:\Users\trish\Desktop\smart-waste-segregation-ai\data\raw\realwaste\Miscellaneous Trash\Miscellaneous Trash_323.jpg,realwaste,Textile Trash\Textile Trash_35.jpg,C:\Users\trish\Desktop\smart-waste-segregation-ai\data\raw\realwaste\Textile Trash\Textile Trash_35.jpg
8,ewaste,train\Television\Television_2.jpg,C:\Users\trish\Desktop\smart-waste-segregation-ai\data\raw\ewaste\train\Television\Television_2.jpg,realwaste,Metal\Metal_770.jpg,C:\Users\trish\Desktop\smart-waste-segregation-ai\data\raw\realwaste\Metal\Metal_770.jpg
8,realwaste,Miscellaneous Trash\Miscellaneous Trash_232.jpg,C:\Users\trish\Desktop\smart-waste-segregation-ai\data\raw\realwaste\Miscellaneous Trash\Miscellaneous Trash_232.jpg,realwaste,Miscellaneous Trash\Miscellaneous Trash_75.jpg,C:\Users\trish\Desktop\smart-waste-segregation-ai\data\raw\realwaste\Miscellaneous Trash\Miscellaneous Trash_75.jpg
10,realwaste,Miscellaneous Trash\Miscellaneous Trash_224.jpg,C:\Users\trish\Desktop\smart-waste-segregation-ai\data\raw\realwaste\Miscellaneous Trash\Miscellaneous Trash_224.jpg,trashnet,metal\metal186.jpg,C:\Users\trish\Desktop\smart-waste-segregation-ai\data\raw\trashnet\metal\metal186.jpg
10,realwaste,Miscellaneous Trash\Miscellaneous Trash_418.jpg,C:\Users\trish\Desktop\smart-waste-segregation-ai\data\raw\realwaste\Miscellaneous Trash\Miscellaneous Trash_418.jpg,realwaste,Plastic\Plastic_69.jpg,C:\Users\trish\Desktop\smart-waste-segregation-ai\data\raw\realwaste\Plastic\Plastic_69.jpg
8,realwaste,Metal\Metal_524.jpg,C:\Users\trish\Desktop\smart-waste-segregation-ai\data\raw\realwaste\Metal\Metal_524.jpg,realwaste,Plastic\Plastic_458.jpg,C:\Users\trish\Desktop\smart-waste-segregation-ai\data\raw\realwaste\Plastic\Plastic_458.jpg
10,ewaste,train\Mouse\Mouse_153.jpg,C:\Users\trish\Desktop\smart-waste-segregation-ai\data\raw\ewaste\train\Mouse\Mouse_153.jpg,realwaste,Metal\Metal_400.jpg,C:\Users\trish\Desktop\smart-waste-segregation-ai\data\raw\realwaste\Metal\Metal_400.jpg
8,realwaste,Food Organics\Food Organics_62.jpg,C:\Users\trish\Desktop\smart-waste-segregation-ai\data\raw\realwaste\Food Organics\Food Organics_62.jpg,realwaste,Metal\Metal_33.jpg,C:\Users\trish\Desktop\smart-waste-segregation-ai\data\raw\realwaste\Metal\Metal_33.jpg
8,realwaste,Plastic\Plastic_205.jpg,C:\Users\trish\Desktop\smart-waste-segregation-ai\data\raw\realwaste\Plastic\Plastic_205.jpg,trashnet,glass\glass454.jpg,C:\Users\trish\Desktop\smart-waste-segregation-ai\data\raw\trashnet\glass\glass454.jpg
10,realwaste,Metal\Metal_643.jpg,C:\Users\trish\Desktop\smart-waste-segregation-ai\data\raw\realwaste\Metal\Metal_643.jpg,realwaste,Textile Trash\Textile Trash_213.jpg,C:\Users\trish\Desktop\smart-waste-segregation-ai\data\raw\realwaste\Textile Trash\Textile Trash_213.jpg
10,ewaste,test\Washing Machine\Washing_Machine_152.jpg,C:\Users\trish\Desktop\smart-waste-segregation-ai\data\raw\ewaste\test\Washing Machine\Washing_Machine_152.jpg,ewaste,train\Washing Machine\Washing_Machine_145.jpg,C:\Users\trish\Desktop\smart-waste-segregation-ai\data\raw\ewaste\train\Washing Machine\Washing_Machine_145.jpg
10,ewaste,train\Player\Player_107.jpg,C:\Users\trish\Desktop\smart-waste-segregation-ai\data\raw\ewaste\train\Player\Player_107.jpg,trashnet,metal\metal185.jpg,C:\Users\trish\Desktop\smart-waste-segregation-ai\data\raw\trashnet\metal\metal185.jpg
8,realwaste,Glass\Glass_309.jpg,C:\Users\trish\Desktop\smart-waste-segregation-ai\data\raw\realwaste\Glass\Glass_309.jpg,realwaste,Miscellaneous Trash\Miscellaneous Trash_212.jpg,C:\Users\trish\Desktop\smart-waste-segregation-ai\data\raw\realwaste\Miscellaneous Trash\Miscellaneous Trash_212.jpg
8,realwaste,Food Organics\Food Organics_143.jpg,C:\Users\trish\Desktop\smart-waste-segregation-ai\data\raw\realwaste\Food Organics\Food Organics_143.jpg,realwaste,Food Organics\Food Organics_77.jpg,C:\Users\trish\Desktop\smart-waste-segregation-ai\data\raw\realwaste\Food Organics\Food Organics_77.jpg
10,realwaste,Metal\Metal_407.jpg,C:\Users\trish\Desktop\smart-waste-segregation-ai\data\raw\realwaste\Metal\Metal_407.jpg,realwaste,Plastic\Plastic_883.jpg,C:\Users\trish\Desktop\smart-waste-segregation-ai\data\raw\realwaste\Plastic\Plastic_883.jpg
10,ewaste,test\Washing Machine\Washing_Machine_152.jpg,C:\Users\trish\Desktop\smart-waste-segregation-ai\data\raw\ewaste\test\Washing Machine\Washing_Machine_152.jpg,realwaste,Plastic\Plastic_313.jpg,C:\Users\trish\Desktop\smart-waste-segregation-ai\data\raw\realwaste\Plastic\Plastic_313.jpg
8,realwaste,Metal\Metal_168.jpg,C:\Users\trish\Desktop\smart-waste-segregation-ai\data\raw\realwaste\Metal\Metal_168.jpg,realwaste,Paper\Paper_489.jpg,C:\Users\trish\Desktop\smart-waste-segregation-ai\data\raw\realwaste\Paper\Paper_489.jpg
8,trashnet,plastic\plastic157.jpg,C:\Users\trish\Desktop\smart-waste-segregation-ai\data\raw\trashnet\plastic\plastic157.jpg,trashnet,plastic\plastic57.jpg,C:\Users\trish\Desktop\smart-waste-segregation-ai\data\raw\trashnet\plastic\plastic57.jpg
10,realwaste,Plastic\Plastic_221.jpg,C:\Users\trish\Desktop\smart-waste-segregation-ai\data\raw\realwaste\Plastic\Plastic_221.jpg,trashnet,metal\metal152.jpg,C:\Users\trish\Desktop\smart-waste-segregation-ai\data\raw\trashnet\metal\metal152.jpg
8,realwaste,Paper\Paper_432.jpg,C:\Users\trish\Desktop\smart-waste-segregation-ai\data\raw\realwaste\Paper\Paper_432.jpg,trashnet,plastic\plastic28.jpg,C:\Users\trish\Desktop\smart-waste-segregation-ai\data\raw\trashnet\plastic\plastic28.jpg
8,realwaste,Glass\Glass_123.jpg,C:\Users\trish\Desktop\smart-waste-segregation-ai\data\raw\realwaste\Glass\Glass_123.jpg,trashnet,metal\metal340.jpg,C:\Users\trish\Desktop\smart-waste-segregation-ai\data\raw\trashnet\metal\metal340.jpg
10,realwaste,Plastic\Plastic_23.jpg,C:\Users\trish\Desktop\smart-waste-segregation-ai\data\raw\realwaste\Plastic\Plastic_23.jpg,realwaste,Plastic\Plastic_479.jpg,C:\Users\trish\Desktop\smart-waste-segregation-ai\data\raw\realwaste\Plastic\Plastic_479.jpg
10,realwaste,Cardboard\Cardboard_330.jpg,C:\Users\trish\Desktop\smart-waste-segregation-ai\data\raw\realwaste\Cardboard\Cardboard_330.jpg,realwaste,Paper\Paper_66.jpg,C:\Users\trish\Desktop\smart-waste-segregation-ai\data\raw\realwaste\Paper\Paper_66.jpg
8,realwaste,Plastic\Plastic_416.jpg,C:\Users\trish\Desktop\smart-waste-segregation-ai\data\raw\realwaste\Plastic\Plastic_416.jpg,realwaste,Textile Trash\Textile Trash_201.jpg,C:\Users\trish\Desktop\smart-waste-segregation-ai\data\raw\realwaste\Textile Trash\Textile Trash_201.jpg
10,realwaste,Plastic\Plastic_404.jpg,C:\Users\trish\Desktop\smart-waste-segregation-ai\data\raw\realwaste\Plastic\Plastic_404.jpg,realwaste,Plastic\Plastic_405.jpg,C:\Users\trish\Desktop\smart-waste-segregation-ai\data\raw\realwaste\Plastic\Plastic_405.jpg
10,realwaste,Glass\Glass_407.jpg,C:\Users\trish\Desktop\smart-waste-segregation-ai\data\raw\realwaste\Glass\Glass_407.jpg,realwaste,Metal\Metal_646.jpg,C:\Users\trish\Desktop\smart-waste-segregation-ai\data\raw\realwaste\Metal\Metal_646.jpg
8,realwaste,Plastic\Plastic_100.jpg,C:\Users\trish\Desktop\smart-waste-segregation-ai\data\raw\realwaste\Plastic\Plastic_100.jpg,realwaste,Plastic\Plastic_85.jpg,C:\Users\trish\Desktop\smart-waste-segregation-ai\data\raw\realwaste\Plastic\Plastic_85.jpg
8,realwaste,Metal\Metal_253.jpg,C:\Users\trish\Desktop\smart-waste-segregation-ai\data\raw\realwaste\Metal\Metal_253.jpg,trashnet,metal\metal182.jpg,C:\Users\trish\Desktop\smart-waste-segregation-ai\data\raw\trashnet\metal\metal182.jpg
10,realwaste,Plastic\Plastic_216.jpg,C:\Users\trish\Desktop\smart-waste-segregation-ai\data\raw\realwaste\Plastic\Plastic_216.jpg,trashnet,metal\metal6.jpg,C:\Users\trish\Desktop\smart-waste-segregation-ai\data\raw\trashnet\metal\metal6.jpg
10,realwaste,Vegetation\Vegetation_334.jpg,C:\Users\trish\Desktop\smart-waste-segregation-ai\data\raw\realwaste\Vegetation\Vegetation_334.jpg,trashnet,plastic\plastic8.jpg,C:\Users\trish\Desktop\smart-waste-segregation-ai\data\raw\trashnet\plastic\plastic8.jpg
10,realwaste,Plastic\Plastic_468.jpg,C:\Users\trish\Desktop\smart-waste-segregation-ai\data\raw\realwaste\Plastic\Plastic_468.jpg,trashnet,paper\paper334.jpg,C:\Users\trish\Desktop\smart-waste-segregation-ai\data\raw\trashnet\paper\paper334.jpg
10,realwaste,Metal\Metal_562.jpg,C:\Users\trish\Desktop\smart-waste-segregation-ai\data\raw\realwaste\Metal\Metal_562.jpg,realwaste,Miscellaneous Trash\Miscellaneous Trash_401.jpg,C:\Users\trish\Desktop\smart-waste-segregation-ai\data\raw\realwaste\Miscellaneous Trash\Miscellaneous Trash_401.jpg
10,realwaste,Cardboard\Cardboard_223.jpg,C:\Users\trish\Desktop\smart-waste-segregation-ai\data\raw\realwaste\Cardboard\Cardboard_223.jpg,realwaste,Plastic\Plastic_638.jpg,C:\Users\trish\Desktop\smart-waste-segregation-ai\data\raw\realwaste\Plastic\Plastic_638.jpg
8,realwaste,Miscellaneous Trash\Miscellaneous Trash_209.jpg,C:\Users\trish\Desktop\smart-waste-segregation-ai\data\raw\realwaste\Miscellaneous Trash\Miscellaneous Trash_209.jpg,realwaste,Paper\Paper_330.jpg,C:\Users\trish\Desktop\smart-waste-segregation-ai\data\raw\realwaste\Paper\Paper_330.jpg
10,realwaste,Food Organics\Food Organics_111.jpg,C:\Users\trish\Desktop\smart-waste-segregation-ai\data\raw\realwaste\Food Organics\Food Organics_111.jpg,trashnet,plastic\plastic452.jpg,C:\Users\trish\Desktop\smart-waste-segregation-ai\data\raw\trashnet\plastic\plastic452.jpg
10,ewaste,train\Battery\battery_227.jpg,C:\Users\trish\Desktop\smart-waste-segregation-ai\data\raw\ewaste\train\Battery\battery_227.jpg,realwaste,Metal\Metal_652.jpg,C:\Users\trish\Desktop\smart-waste-segregation-ai\data\raw\realwaste\Metal\Metal_652.jpg
10,realwaste,Food Organics\Food Organics_141.jpg,C:\Users\trish\Desktop\smart-waste-segregation-ai\data\raw\realwaste\Food Organics\Food Organics_141.jpg,realwaste,Plastic\Plastic_695.jpg,C:\Users\trish\Desktop\smart-waste-segregation-ai\data\raw\realwaste\Plastic\Plastic_695.jpg
10,realwaste,Cardboard\Cardboard_174.jpg,C:\Users\trish\Desktop\smart-waste-segregation-ai\data\raw\realwaste\Cardboard\Cardboard_174.jpg,realwaste,Paper\Paper_82.jpg,C:\Users\trish\Desktop\smart-waste-segregation-ai\data\raw\realwaste\Paper\Paper_82.jpg
8,realwaste,Plastic\Plastic_84.jpg,C:\Users\trish\Desktop\smart-waste-segregation-ai\data\raw\realwaste\Plastic\Plastic_84.jpg,trashnet,cardboard\cardboard132.jpg,C:\Users\trish\Desktop\smart-waste-segregation-ai\data\raw\trashnet\cardboard\cardboard132.jpg
8,realwaste,Glass\Glass_386.jpg,C:\Users\trish\Desktop\smart-waste-segregation-ai\data\raw\realwaste\Glass\Glass_386.jpg,realwaste,Textile Trash\Textile Trash_185.jpg,C:\Users\trish\Desktop\smart-waste-segregation-ai\data\raw\realwaste\Textile Trash\Textile Trash_185.jpg
10,realwaste,Paper\Paper_258.jpg,C:\Users\trish\Desktop\smart-waste-segregation-ai\data\raw\realwaste\Paper\Paper_258.jpg,realwaste,Plastic\Plastic_102.jpg,C:\Users\trish\Desktop\smart-waste-segregation-ai\data\raw\realwaste\Plastic\Plastic_102.jpg
10,realwaste,Glass\Glass_307.jpg,C:\Users\trish\Desktop\smart-waste-segregation-ai\data\raw\realwaste\Glass\Glass_307.jpg,realwaste,Plastic\Plastic_356.jpg,C:\Users\trish\Desktop\smart-waste-segregation-ai\data\raw\realwaste\Plastic\Plastic_356.jpg
10,trashnet,glass\glass203.jpg,C:\Users\trish\Desktop\smart-waste-segregation-ai\data\raw\trashnet\glass\glass203.jpg,trashnet,glass\glass222.jpg,C:\Users\trish\Desktop\smart-waste-segregation-ai\data\raw\trashnet\glass\glass222.jpg
10,realwaste,Metal\Metal_372.jpg,C:\Users\trish\Desktop\smart-waste-segregation-ai\data\raw\realwaste\Metal\Metal_372.jpg,realwaste,Plastic\Plastic_728.jpg,C:\Users\trish\Desktop\smart-waste-segregation-ai\data\raw\realwaste\Plastic\Plastic_728.jpg
8,phenomsg,Non-Recyclable\Non-Recyclable\platics_bags_wrappers\grocery-plastics-9_slide-709f9469bb300475d6ea6c2038892268a68a2bf0.jpg,C:\Users\trish\Desktop\smart-waste-segregation-ai\data\raw\phenomsg\Non-Recyclable\Non-Recyclable\platics_bags_wrappers\grocery-plastics-9_slide-709f9469bb300475d6ea6c2038892268a68a2bf0.jpg,realwaste,Paper\Paper_326.jpg,C:\Users\trish\Desktop\smart-waste-segregation-ai\data\raw\realwaste\Paper\Paper_326.jpg
8,realwaste,Metal\Metal_232.jpg,C:\Users\trish\Desktop\smart-waste-segregation-ai\data\raw\realwaste\Metal\Metal_232.jpg,realwaste,Metal\Metal_27.jpg,C:\Users\trish\Desktop\smart-waste-segregation-ai\data\raw\realwaste\Metal\Metal_27.jpg
10,realwaste,Plastic\Plastic_85.jpg,C:\Users\trish\Desktop\smart-waste-segregation-ai\data\raw\realwaste\Plastic\Plastic_85.jpg,trashnet,trash\trash128.jpg,C:\Users\trish\Desktop\smart-waste-segregation-ai\data\raw\trashnet\trash\trash128.jpg
10,realwaste,Plastic\Plastic_258.jpg,C:\Users\trish\Desktop\smart-waste-segregation-ai\data\raw\realwaste\Plastic\Plastic_258.jpg,realwaste,Textile Trash\Textile Trash_4.jpg,C:\Users\trish\Desktop\smart-waste-segregation-ai\data\raw\realwaste\Textile Trash\Textile Trash_4.jpg
10,realwaste,Miscellaneous Trash\Miscellaneous Trash_80.jpg,C:\Users\trish\Desktop\smart-waste-segregation-ai\data\raw\realwaste\Miscellaneous Trash\Miscellaneous Trash_80.jpg,trashnet,glass\glass6.jpg,C:\Users\trish\Desktop\smart-waste-segregation-ai\data\raw\trashnet\glass\glass6.jpg
8,realwaste,Metal\Metal_546.jpg,C:\Users\trish\Desktop\smart-waste-segregation-ai\data\raw\realwaste\Metal\Metal_546.jpg,realwaste,Metal\Metal_549.jpg,C:\Users\trish\Desktop\smart-waste-segregation-ai\data\raw\realwaste\Metal\Metal_549.jpg
10,realwaste,Metal\Metal_757.jpg,C:\Users\trish\Desktop\smart-waste-segregation-ai\data\raw\realwaste\Metal\Metal_757.jpg,realwaste,Miscellaneous Trash\Miscellaneous Trash_27.jpg,C:\Users\trish\Desktop\smart-waste-segregation-ai\data\raw\realwaste\Miscellaneous Trash\Miscellaneous Trash_27.jpg
10,realwaste,Metal\Metal_616.jpg,C:\Users\trish\Desktop\smart-waste-segregation-ai\data\raw\realwaste\Metal\Metal_616.jpg,trashnet,trash\trash10.jpg,C:\Users\trish\Desktop\smart-waste-segregation-ai\data\raw\trashnet\trash\trash10.jpg
10,realwaste,Plastic\Plastic_82.jpg,C:\Users\trish\Desktop\smart-waste-segregation-ai\data\raw\realwaste\Plastic\Plastic_82.jpg,trashnet,plastic\plastic179.jpg,C:\Users\trish\Desktop\smart-waste-segregation-ai\data\raw\trashnet\plastic\plastic179.jpg
8,ewaste,train\Television\Television_244.jpg,C:\Users\trish\Desktop\smart-waste-segregation-ai\data\raw\ewaste\train\Television\Television_244.jpg,ewaste,train\Television\Television_48.jpg,C:\Users\trish\Desktop\smart-waste-segregation-ai\data\raw\ewaste\train\Television\Television_48.jpg
8,phenomsg,Non-Recyclable\Non-Recyclable\sanitary_napkin\6Risks_MenstrualHygiene.jpg,C:\Users\trish\Desktop\smart-waste-segregation-ai\data\raw\phenomsg\Non-Recyclable\Non-Recyclable\sanitary_napkin\6Risks_MenstrualHygiene.jpg,trashnet,plastic\plastic467.jpg,C:\Users\trish\Desktop\smart-waste-segregation-ai\data\raw\trashnet\plastic\plastic467.jpg
10,realwaste,Metal\Metal_574.jpg,C:\Users\trish\Desktop\smart-waste-segregation-ai\data\raw\realwaste\Metal\Metal_574.jpg,trashnet,glass\glass74.jpg,C:\Users\trish\Desktop\smart-waste-segregation-ai\data\raw\trashnet\glass\glass74.jpg
10,realwaste,Miscellaneous Trash\Miscellaneous Trash_89.jpg,C:\Users\trish\Desktop\smart-waste-segregation-ai\data\raw\realwaste\Miscellaneous Trash\Miscellaneous Trash_89.jpg,realwaste,Plastic\Plastic_143.jpg,C:\Users\trish\Desktop\smart-waste-segregation-ai\data\raw\realwaste\Plastic\Plastic_143.jpg
10,realwaste,Food Organics\Food Organics_301.jpg,C:\Users\trish\Desktop\smart-waste-segregation-ai\data\raw\realwaste\Food Organics\Food Organics_301.jpg,realwaste,Metal\Metal_484.jpg,C:\Users\trish\Desktop\smart-waste-segregation-ai\data\raw\realwaste\Metal\Metal_484.jpg
10,trashnet,glass\glass295.jpg,C:\Users\trish\Desktop\smart-waste-segregation-ai\data\raw\trashnet\glass\glass295.jpg,trashnet,glass\glass297.jpg,C:\Users\trish\Desktop\smart-waste-segregation-ai\data\raw\trashnet\glass\glass297.jpg
8,realwaste,Metal\Metal_574.jpg,C:\Users\trish\Desktop\smart-waste-segregation-ai\data\raw\realwaste\Metal\Metal_574.jpg,trashnet,metal\metal155.jpg,C:\Users\trish\Desktop\smart-waste-segregation-ai\data\raw\trashnet\metal\metal155.jpg
8,realwaste,Metal\Metal_248.jpg,C:\Users\trish\Desktop\smart-waste-segregation-ai\data\raw\realwaste\Metal\Metal_248.jpg,realwaste,Metal\Metal_616.jpg,C:\Users\trish\Desktop\smart-waste-segregation-ai\data\raw\realwaste\Metal\Metal_616.jpg
8,realwaste,Food Organics\Food Organics_199.jpg,C:\Users\trish\Desktop\smart-waste-segregation-ai\data\raw\realwaste\Food Organics\Food Organics_199.jpg,realwaste,Food Organics\Food Organics_205.jpg,C:\Users\trish\Desktop\smart-waste-segregation-ai\data\raw\realwaste\Food Organics\Food Organics_205.jpg
10,realwaste,Plastic\Plastic_230.jpg,C:\Users\trish\Desktop\smart-waste-segregation-ai\data\raw\realwaste\Plastic\Plastic_230.jpg,trashnet,glass\glass74.jpg,C:\Users\trish\Desktop\smart-waste-segregation-ai\data\raw\trashnet\glass\glass74.jpg
8,realwaste,Food Organics\Food Organics_73.jpg,C:\Users\trish\Desktop\smart-waste-segregation-ai\data\raw\realwaste\Food Organics\Food Organics_73.jpg,trashnet,plastic\plastic482.jpg,C:\Users\trish\Desktop\smart-waste-segregation-ai\data\raw\trashnet\plastic\plastic482.jpg
10,trashnet,metal\metal9.jpg,C:\Users\trish\Desktop\smart-waste-segregation-ai\data\raw\trashnet\metal\metal9.jpg,trashnet,plastic\plastic135.jpg,C:\Users\trish\Desktop\smart-waste-segregation-ai\data\raw\trashnet\plastic\plastic135.jpg
10,ewaste,train\Player\Player_215.jpg,C:\Users\trish\Desktop\smart-waste-segregation-ai\data\raw\ewaste\train\Player\Player_215.jpg,trashnet,cardboard\cardboard168.jpg,C:\Users\trish\Desktop\smart-waste-segregation-ai\data\raw\trashnet\cardboard\cardboard168.jpg
8,ewaste,train\Player\Player_145.jpg,C:\Users\trish\Desktop\smart-waste-segregation-ai\data\raw\ewaste\train\Player\Player_145.jpg,ewaste,train\Player\Player_77.jpg,C:\Users\trish\Desktop\smart-waste-segregation-ai\data\raw\ewaste\train\Player\Player_77.jpg
8,realwaste,Metal\Metal_127.jpg,C:\Users\trish\Desktop\smart-waste-segregation-ai\data\raw\realwaste\Metal\Metal_127.jpg,realwaste,Textile Trash\Textile Trash_213.jpg,C:\Users\trish\Desktop\smart-waste-segregation-ai\data\raw\realwaste\Textile Trash\Textile Trash_213.jpg
10,realwaste,Metal\Metal_341.jpg,C:\Users\trish\Desktop\smart-waste-segregation-ai\data\raw\realwaste\Metal\Metal_341.jpg,trashnet,glass\glass71.jpg,C:\Users\trish\Desktop\smart-waste-segregation-ai\data\raw\trashnet\glass\glass71.jpg
10,realwaste,Metal\Metal_245.jpg,C:\Users\trish\Desktop\smart-waste-segregation-ai\data\raw\realwaste\Metal\Metal_245.jpg,realwaste,Paper\Paper_178.jpg,C:\Users\trish\Desktop\smart-waste-segregation-ai\data\raw\realwaste\Paper\Paper_178.jpg
10,realwaste,Metal\Metal_574.jpg,C:\Users\trish\Desktop\smart-waste-segregation-ai\data\raw\realwaste\Metal\Metal_574.jpg,realwaste,Plastic\Plastic_216.jpg,C:\Users\trish\Desktop\smart-waste-segregation-ai\data\raw\realwaste\Plastic\Plastic_216.jpg
10,realwaste,Miscellaneous Trash\Miscellaneous Trash_273.jpg,C:\Users\trish\Desktop\smart-waste-segregation-ai\data\raw\realwaste\Miscellaneous Trash\Miscellaneous Trash_273.jpg,trashnet,glass\glass223.jpg,C:\Users\trish\Desktop\smart-waste-segregation-ai\data\raw\trashnet\glass\glass223.jpg
10,realwaste,Metal\Metal_549.jpg,C:\Users\trish\Desktop\smart-waste-segregation-ai\data\raw\realwaste\Metal\Metal_549.jpg,trashnet,plastic\plastic9.jpg,C:\Users\trish\Desktop\smart-waste-segregation-ai\data\raw\trashnet\plastic\plastic9.jpg
8,realwaste,Food Organics\Food Organics_104.jpg,C:\Users\trish\Desktop\smart-waste-segregation-ai\data\raw\realwaste\Food Organics\Food Organics_104.jpg,realwaste,Food Organics\Food Organics_50.jpg,C:\Users\trish\Desktop\smart-waste-segregation-ai\data\raw\realwaste\Food Organics\Food Organics_50.jpg
10,realwaste,Metal\Metal_182.jpg,C:\Users\trish\Desktop\smart-waste-segregation-ai\data\raw\realwaste\Metal\Metal_182.jpg,realwaste,Textile Trash\Textile Trash_167.jpg,C:\Users\trish\Desktop\smart-waste-segregation-ai\data\raw\realwaste\Textile Trash\Textile Trash_167.jpg
8,realwaste,Plastic\Plastic_479.jpg,C:\Users\trish\Desktop\smart-waste-segregation-ai\data\raw\realwaste\Plastic\Plastic_479.jpg,realwaste,Plastic\Plastic_781.jpg,C:\Users\trish\Desktop\smart-waste-segregation-ai\data\raw\realwaste\Plastic\Plastic_781.jpg
10,realwaste,Metal\Metal_435.jpg,C:\Users\trish\Desktop\smart-waste-segregation-ai\data\raw\realwaste\Metal\Metal_435.jpg,realwaste,Metal\Metal_592.jpg,C:\Users\trish\Desktop\smart-waste-segregation-ai\data\raw\realwaste\Metal\Metal_592.jpg
10,realwaste,Metal\Metal_435.jpg,C:\Users\trish\Desktop\smart-waste-segregation-ai\data\raw\realwaste\Metal\Metal_435.jpg,realwaste,Paper\Paper_264.jpg,C:\Users\trish\Desktop\smart-waste-segregation-ai\data\raw\realwaste\Paper\Paper_264.jpg
10,trashnet,plastic\plastic219.jpg,C:\Users\trish\Desktop\smart-waste-segregation-ai\data\raw\trashnet\plastic\plastic219.jpg,trashnet,plastic\plastic282.jpg,C:\Users\trish\Desktop\smart-waste-segregation-ai\data\raw\trashnet\plastic\plastic282.jpg
10,realwaste,Metal\Metal_300.jpg,C:\Users\trish\Desktop\smart-waste-segregation-ai\data\raw\realwaste\Metal\Metal_300.jpg,realwaste,Miscellaneous Trash\Miscellaneous Trash_102.jpg,C:\Users\trish\Desktop\smart-waste-segregation-ai\data\raw\realwaste\Miscellaneous Trash\Miscellaneous Trash_102.jpg
10,realwaste,Glass\Glass_336.jpg,C:\Users\trish\Desktop\smart-waste-segregation-ai\data\raw\realwaste\Glass\Glass_336.jpg,trashnet,glass\glass92.jpg,C:\Users\trish\Desktop\smart-waste-segregation-ai\data\raw\trashnet\glass\glass92.jpg
10,realwaste,Cardboard\Cardboard_97.jpg,C:\Users\trish\Desktop\smart-waste-segregation-ai\data\raw\realwaste\Cardboard\Cardboard_97.jpg,realwaste,Plastic\Plastic_823.jpg,C:\Users\trish\Desktop\smart-waste-segregation-ai\data\raw\realwaste\Plastic\Plastic_823.jpg
10,realwaste,Plastic\Plastic_740.jpg,C:\Users\trish\Desktop\smart-waste-segregation-ai\data\raw\realwaste\Plastic\Plastic_740.jpg,trashnet,plastic\plastic453.jpg,C:\Users\trish\Desktop\smart-waste-segregation-ai\data\raw\trashnet\plastic\plastic453.jpg
10,realwaste,Cardboard\Cardboard_322.jpg,C:\Users\trish\Desktop\smart-waste-segregation-ai\data\raw\realwaste\Cardboard\Cardboard_322.jpg,trashnet,plastic\plastic482.jpg,C:\Users\trish\Desktop\smart-waste-segregation-ai\data\raw\trashnet\plastic\plastic482.jpg
8,realwaste,Metal\Metal_211.jpg,C:\Users\trish\Desktop\smart-waste-segregation-ai\data\raw\realwaste\Metal\Metal_211.jpg,realwaste,Miscellaneous Trash\Miscellaneous Trash_436.jpg,C:\Users\trish\Desktop\smart-waste-segregation-ai\data\raw\realwaste\Miscellaneous Trash\Miscellaneous Trash_436.jpg
10,realwaste,Food Organics\Food Organics_113.jpg,C:\Users\trish\Desktop\smart-waste-segregation-ai\data\raw\realwaste\Food Organics\Food Organics_113.jpg,realwaste,Plastic\Plastic_666.jpg,C:\Users\trish\Desktop\smart-waste-segregation-ai\data\raw\realwaste\Plastic\Plastic_666.jpg
8,ewaste,train\PCB\pcb_69.jpg,C:\Users\trish\Desktop\smart-waste-segregation-ai\data\raw\ewaste\train\PCB\pcb_69.jpg,ewaste,train\PCB\pcb_89.jpg,C:\Users\trish\Desktop\smart-waste-segregation-ai\data\raw\ewaste\train\PCB\pcb_89.jpg
10,realwaste,Metal\Metal_561.jpg,C:\Users\trish\Desktop\smart-waste-segregation-ai\data\raw\realwaste\Metal\Metal_561.jpg,realwaste,Miscellaneous Trash\Miscellaneous Trash_248.jpg,C:\Users\trish\Desktop\smart-waste-segregation-ai\data\raw\realwaste\Miscellaneous Trash\Miscellaneous Trash_248.jpg
10,realwaste,Cardboard\Cardboard_181.jpg,C:\Users\trish\Desktop\smart-waste-segregation-ai\data\raw\realwaste\Cardboard\Cardboard_181.jpg,realwaste,Miscellaneous Trash\Miscellaneous Trash_72.jpg,C:\Users\trish\Desktop\smart-waste-segregation-ai\data\raw\realwaste\Miscellaneous Trash\Miscellaneous Trash_72.jpg
10,realwaste,Glass\Glass_393.jpg,C:\Users\trish\Desktop\smart-waste-segregation-ai\data\raw\realwaste\Glass\Glass_393.jpg,realwaste,Plastic\Plastic_230.jpg,C:\Users\trish\Desktop\smart-waste-segregation-ai\data\raw\realwaste\Plastic\Plastic_230.jpg
10,realwaste,Metal\Metal_584.jpg,C:\Users\trish\Desktop\smart-waste-segregation-ai\data\raw\realwaste\Metal\Metal_584.jpg,realwaste,Paper\Paper_423.jpg,C:\Users\trish\Desktop\smart-waste-segregation-ai\data\raw\realwaste\Paper\Paper_423.jpg
10,realwaste,Food Organics\Food Organics_73.jpg,C:\Users\trish\Desktop\smart-waste-segregation-ai\data\raw\realwaste\Food Organics\Food Organics_73.jpg,realwaste,Glass\Glass_407.jpg,C:\Users\trish\Desktop\smart-waste-segregation-ai\data\raw\realwaste\Glass\Glass_407.jpg
8,realwaste,Metal\Metal_562.jpg,C:\Users\trish\Desktop\smart-waste-segregation-ai\data\raw\realwaste\Metal\Metal_562.jpg,realwaste,Miscellaneous Trash\Miscellaneous Trash_201.jpg,C:\Users\trish\Desktop\smart-waste-segregation-ai\data\raw\realwaste\Miscellaneous Trash\Miscellaneous Trash_201.jpg
8,trashnet,metal\metal155.jpg,C:\Users\trish\Desktop\smart-waste-segregation-ai\data\raw\trashnet\metal\metal155.jpg,trashnet,plastic\plastic154.jpg,C:\Users\trish\Desktop\smart-waste-segregation-ai\data\raw\trashnet\plastic\plastic154.jpg
10,ewaste,train\Keyboard\Keyboard_94.jpg,C:\Users\trish\Desktop\smart-waste-segregation-ai\data\raw\ewaste\train\Keyboard\Keyboard_94.jpg,realwaste,Cardboard\Cardboard_359.jpg,C:\Users\trish\Desktop\smart-waste-segregation-ai\data\raw\realwaste\Cardboard\Cardboard_359.jpg
10,trashnet,metal\metal154.jpg,C:\Users\trish\Desktop\smart-waste-segregation-ai\data\raw\trashnet\metal\metal154.jpg,trashnet,trash\trash133.jpg,C:\Users\trish\Desktop\smart-waste-segregation-ai\data\raw\trashnet\trash\trash133.jpg
8,realwaste,Metal\Metal_172.jpg,C:\Users\trish\Desktop\smart-waste-segregation-ai\data\raw\realwaste\Metal\Metal_172.jpg,realwaste,Metal\Metal_6.jpg,C:\Users\trish\Desktop\smart-waste-segregation-ai\data\raw\realwaste\Metal\Metal_6.jpg
8,realwaste,Paper\Paper_375.jpg,C:\Users\trish\Desktop\smart-waste-segregation-ai\data\raw\realwaste\Paper\Paper_375.jpg,realwaste,Paper\Paper_384.jpg,C:\Users\trish\Desktop\smart-waste-segregation-ai\data\raw\realwaste\Paper\Paper_384.jpg
8,realwaste,Miscellaneous Trash\Miscellaneous Trash_482.jpg,C:\Users\trish\Desktop\smart-waste-segregation-ai\data\raw\realwaste\Miscellaneous Trash\Miscellaneous Trash_482.jpg,realwaste,Plastic\Plastic_234.jpg,C:\Users\trish\Desktop\smart-waste-segregation-ai\data\raw\realwaste\Plastic\Plastic_234.jpg
8,ewaste,train\Washing Machine\Washing_Machine_3.jpg,C:\Users\trish\Desktop\smart-waste-segregation-ai\data\raw\ewaste\train\Washing Machine\Washing_Machine_3.jpg,realwaste,Glass\Glass_22.jpg,C:\Users\trish\Desktop\smart-waste-segregation-ai\data\raw\realwaste\Glass\Glass_22.jpg
10,realwaste,Plastic\Plastic_524.jpg,C:\Users\trish\Desktop\smart-waste-segregation-ai\data\raw\realwaste\Plastic\Plastic_524.jpg,realwaste,Plastic\Plastic_829.jpg,C:\Users\trish\Desktop\smart-waste-segregation-ai\data\raw\realwaste\Plastic\Plastic_829.jpg
10,realwaste,Metal\Metal_558.jpg,C:\Users\trish\Desktop\smart-waste-segregation-ai\data\raw\realwaste\Metal\Metal_558.jpg,realwaste,Plastic\Plastic_251.jpg,C:\Users\trish\Desktop\smart-waste-segregation-ai\data\raw\realwaste\Plastic\Plastic_251.jpg
10,realwaste,Metal\Metal_755.jpg,C:\Users\trish\Desktop\smart-waste-segregation-ai\data\raw\realwaste\Metal\Metal_755.jpg,realwaste,Textile Trash\Textile Trash_235.jpg,C:\Users\trish\Desktop\smart-waste-segregation-ai\data\raw\realwaste\Textile Trash\Textile Trash_235.jpg
10,realwaste,Metal\Metal_32.jpg,C:\Users\trish\Desktop\smart-waste-segregation-ai\data\raw\realwaste\Metal\Metal_32.jpg,trashnet,plastic\plastic10.jpg,C:\Users\trish\Desktop\smart-waste-segregation-ai\data\raw\trashnet\plastic\plastic10.jpg
8,realwaste,Miscellaneous Trash\Miscellaneous Trash_28.jpg,C:\Users\trish\Desktop\smart-waste-segregation-ai\data\raw\realwaste\Miscellaneous Trash\Miscellaneous Trash_28.jpg,realwaste,Miscellaneous Trash\Miscellaneous Trash_85.jpg,C:\Users\trish\Desktop\smart-waste-segregation-ai\data\raw\realwaste\Miscellaneous Trash\Miscellaneous Trash_85.jpg
10,realwaste,Plastic\Plastic_625.jpg,C:\Users\trish\Desktop\smart-waste-segregation-ai\data\raw\realwaste\Plastic\Plastic_625.jpg,realwaste,Plastic\Plastic_781.jpg,C:\Users\trish\Desktop\smart-waste-segregation-ai\data\raw\realwaste\Plastic\Plastic_781.jpg
10,realwaste,Plastic\Plastic_483.jpg,C:\Users\trish\Desktop\smart-waste-segregation-ai\data\raw\realwaste\Plastic\Plastic_483.jpg,trashnet,metal\metal398.jpg,C:\Users\trish\Desktop\smart-waste-segregation-ai\data\raw\trashnet\metal\metal398.jpg
8,phenomsg,Recyclable\Recyclable\glass_containers\korken-bottle-shaped-jar-with-lid-clear-glass__1152252_pe885219_s5.jpg,C:\Users\trish\Desktop\smart-waste-segregation-ai\data\raw\phenomsg\Recyclable\Recyclable\glass_containers\korken-bottle-shaped-jar-with-lid-clear-glass__1152252_pe885219_s5.jpg,phenomsg,Recyclable\Recyclable\glass_containers\korken-bottle-shaped-jar-with-lid-clear-glass__1152258_pe885224_s5.jpg,C:\Users\trish\Desktop\smart-waste-segregation-ai\data\raw\phenomsg\Recyclable\Recyclable\glass_containers\korken-bottle-shaped-jar-with-lid-clear-glass__1152258_pe885224_s5.jpg
10,realwaste,Metal\Metal_574.jpg,C:\Users\trish\Desktop\smart-waste-segregation-ai\data\raw\realwaste\Metal\Metal_574.jpg,realwaste,Plastic\Plastic_221.jpg,C:\Users\trish\Desktop\smart-waste-segregation-ai\data\raw\realwaste\Plastic\Plastic_221.jpg
10,realwaste,Metal\Metal_28.jpg,C:\Users\trish\Desktop\smart-waste-segregation-ai\data\raw\realwaste\Metal\Metal_28.jpg,realwaste,Miscellaneous Trash\Miscellaneous Trash_140.jpg,C:\Users\trish\Desktop\smart-waste-segregation-ai\data\raw\realwaste\Miscellaneous Trash\Miscellaneous Trash_140.jpg
8,realwaste,Plastic\Plastic_218.jpg,C:\Users\trish\Desktop\smart-waste-segregation-ai\data\raw\realwaste\Plastic\Plastic_218.jpg,realwaste,Plastic\Plastic_231.jpg,C:\Users\trish\Desktop\smart-waste-segregation-ai\data\raw\realwaste\Plastic\Plastic_231.jpg
10,ewaste,train\Battery\battery_270.jpg,C:\Users\trish\Desktop\smart-waste-segregation-ai\data\raw\ewaste\train\Battery\battery_270.jpg,realwaste,Plastic\Plastic_631.jpg,C:\Users\trish\Desktop\smart-waste-segregation-ai\data\raw\realwaste\Plastic\Plastic_631.jpg
10,realwaste,Textile Trash\Textile Trash_172.jpg,C:\Users\trish\Desktop\smart-waste-segregation-ai\data\raw\realwaste\Textile Trash\Textile Trash_172.jpg,realwaste,Textile Trash\Textile Trash_205.jpg,C:\Users\trish\Desktop\smart-waste-segregation-ai\data\raw\realwaste\Textile Trash\Textile Trash_205.jpg
8,ewaste,train\Washing Machine\Washing_Machine_160.jpg,C:\Users\trish\Desktop\smart-waste-segregation-ai\data\raw\ewaste\train\Washing Machine\Washing_Machine_160.jpg,trashnet,plastic\plastic353.jpg,C:\Users\trish\Desktop\smart-waste-segregation-ai\data\raw\trashnet\plastic\plastic353.jpg
10,realwaste,Miscellaneous Trash\Miscellaneous Trash_232.jpg,C:\Users\trish\Desktop\smart-waste-segregation-ai\data\raw\realwaste\Miscellaneous Trash\Miscellaneous Trash_232.jpg,realwaste,Miscellaneous Trash\Miscellaneous Trash_70.jpg,C:\Users\trish\Desktop\smart-waste-segregation-ai\data\raw\realwaste\Miscellaneous Trash\Miscellaneous Trash_70.jpg
10,realwaste,Miscellaneous Trash\Miscellaneous Trash_492.jpg,C:\Users\trish\Desktop\smart-waste-segregation-ai\data\raw\realwaste\Miscellaneous Trash\Miscellaneous Trash_492.jpg,realwaste,Plastic\Plastic_230.jpg,C:\Users\trish\Desktop\smart-waste-segregation-ai\data\raw\realwaste\Plastic\Plastic_230.jpg
10,realwaste,Cardboard\Cardboard_411.jpg,C:\Users\trish\Desktop\smart-waste-segregation-ai\data\raw\realwaste\Cardboard\Cardboard_411.jpg,realwaste,Plastic\Plastic_811.jpg,C:\Users\trish\Desktop\smart-waste-segregation-ai\data\raw\realwaste\Plastic\Plastic_811.jpg
8,realwaste,Cardboard\Cardboard_322.jpg,C:\Users\trish\Desktop\smart-waste-segregation-ai\data\raw\realwaste\Cardboard\Cardboard_322.jpg,realwaste,Food Organics\Food Organics_73.jpg,C:\Users\trish\Desktop\smart-waste-segregation-ai\data\raw\realwaste\Food Organics\Food Organics_73.jpg
8,realwaste,Metal\Metal_300.jpg,C:\Users\trish\Desktop\smart-waste-segregation-ai\data\raw\realwaste\Metal\Metal_300.jpg,realwaste,Metal\Metal_562.jpg,C:\Users\trish\Desktop\smart-waste-segregation-ai\data\raw\realwaste\Metal\Metal_562.jpg
8,realwaste,Food Organics\Food Organics_199.jpg,C:\Users\trish\Desktop\smart-waste-segregation-ai\data\raw\realwaste\Food Organics\Food Organics_199.jpg,realwaste,Glass\Glass_309.jpg,C:\Users\trish\Desktop\smart-waste-segregation-ai\data\raw\realwaste\Glass\Glass_309.jpg
10,realwaste,Cardboard\Cardboard_322.jpg,C:\Users\trish\Desktop\smart-waste-segregation-ai\data\raw\realwaste\Cardboard\Cardboard_322.jpg,realwaste,Food Organics\Food Organics_150.jpg,C:\Users\trish\Desktop\smart-waste-segregation-ai\data\raw\realwaste\Food Organics\Food Organics_150.jpg
8,realwaste,Metal\Metal_700.jpg,C:\Users\trish\Desktop\smart-waste-segregation-ai\data\raw\realwaste\Metal\Metal_700.jpg,realwaste,Miscellaneous Trash\Miscellaneous Trash_153.jpg,C:\Users\trish\Desktop\smart-waste-segregation-ai\data\raw\realwaste\Miscellaneous Trash\Miscellaneous Trash_153.jpg
8,realwaste,Plastic\Plastic_319.jpg,C:\Users\trish\Desktop\smart-waste-segregation-ai\data\raw\realwaste\Plastic\Plastic_319.jpg,trashnet,metal\metal214.jpg,C:\Users\trish\Desktop\smart-waste-segregation-ai\data\raw\trashnet\metal\metal214.jpg
10,realwaste,Metal\Metal_562.jpg,C:\Users\trish\Desktop\smart-waste-segregation-ai\data\raw\realwaste\Metal\Metal_562.jpg,realwaste,Miscellaneous Trash\Miscellaneous Trash_102.jpg,C:\Users\trish\Desktop\smart-waste-segregation-ai\data\raw\realwaste\Miscellaneous Trash\Miscellaneous Trash_102.jpg
10,phenomsg,Non-Recyclable\Non-Recyclable\stroform_product\square-paper-bowl-e1641526056341.jpg,C:\Users\trish\Desktop\smart-waste-segregation-ai\data\raw\phenomsg\Non-Recyclable\Non-Recyclable\stroform_product\square-paper-bowl-e1641526056341.jpg,realwaste,Metal\Metal_720.jpg,C:\Users\trish\Desktop\smart-waste-segregation-ai\data\raw\realwaste\Metal\Metal_720.jpg
10,realwaste,Paper\Paper_163.jpg,C:\Users\trish\Desktop\smart-waste-segregation-ai\data\raw\realwaste\Paper\Paper_163.jpg,trashnet,metal\metal284.jpg,C:\Users\trish\Desktop\smart-waste-segregation-ai\data\raw\trashnet\metal\metal284.jpg
8,realwaste,Plastic\Plastic_108.jpg,C:\Users\trish\Desktop\smart-waste-segregation-ai\data\raw\realwaste\Plastic\Plastic_108.jpg,trashnet,plastic\plastic31.jpg,C:\Users\trish\Desktop\smart-waste-segregation-ai\data\raw\trashnet\plastic\plastic31.jpg
10,realwaste,Vegetation\Vegetation_347.jpg,C:\Users\trish\Desktop\smart-waste-segregation-ai\data\raw\realwaste\Vegetation\Vegetation_347.jpg,trashnet,glass\glass56.jpg,C:\Users\trish\Desktop\smart-waste-segregation-ai\data\raw\trashnet\glass\glass56.jpg
10,ewaste,train\Battery\battery_263.jpg,C:\Users\trish\Desktop\smart-waste-segregation-ai\data\raw\ewaste\train\Battery\battery_263.jpg,realwaste,Glass\Glass_398.jpg,C:\Users\trish\Desktop\smart-waste-segregation-ai\data\raw\realwaste\Glass\Glass_398.jpg
10,realwaste,Food Organics\Food Organics_398.jpg,C:\Users\trish\Desktop\smart-waste-segregation-ai\data\raw\realwaste\Food Organics\Food Organics_398.jpg,realwaste,Miscellaneous Trash\Miscellaneous Trash_85.jpg,C:\Users\trish\Desktop\smart-waste-segregation-ai\data\raw\realwaste\Miscellaneous Trash\Miscellaneous Trash_85.jpg
8,realwaste,Plastic\Plastic_230.jpg,C:\Users\trish\Desktop\smart-waste-segregation-ai\data\raw\realwaste\Plastic\Plastic_230.jpg,realwaste,Plastic\Plastic_251.jpg,C:\Users\trish\Desktop\smart-waste-segregation-ai\data\raw\realwaste\Plastic\Plastic_251.jpg
8,realwaste,Paper\Paper_314.jpg,C:\Users\trish\Desktop\smart-waste-segregation-ai\data\raw\realwaste\Paper\Paper_314.jpg,realwaste,Plastic\Plastic_463.jpg,C:\Users\trish\Desktop\smart-waste-segregation-ai\data\raw\realwaste\Plastic\Plastic_463.jpg
10,ewaste,train\Washing Machine\Washing_Machine_19.jpg,C:\Users\trish\Desktop\smart-waste-segregation-ai\data\raw\ewaste\train\Washing Machine\Washing_Machine_19.jpg,trashnet,glass\glass127.jpg,C:\Users\trish\Desktop\smart-waste-segregation-ai\data\raw\trashnet\glass\glass127.jpg
10,realwaste,Metal\Metal_497.jpg,C:\Users\trish\Desktop\smart-waste-segregation-ai\data\raw\realwaste\Metal\Metal_497.jpg,trashnet,plastic\plastic481.jpg,C:\Users\trish\Desktop\smart-waste-segregation-ai\data\raw\trashnet\plastic\plastic481.jpg
10,trashnet,glass\glass182.jpg,C:\Users\trish\Desktop\smart-waste-segregation-ai\data\raw\trashnet\glass\glass182.jpg,trashnet,metal\metal152.jpg,C:\Users\trish\Desktop\smart-waste-segregation-ai\data\raw\trashnet\metal\metal152.jpg
10,realwaste,Metal\Metal_17.jpg,C:\Users\trish\Desktop\smart-waste-segregation-ai\data\raw\realwaste\Metal\Metal_17.jpg,trashnet,glass\glass71.jpg,C:\Users\trish\Desktop\smart-waste-segregation-ai\data\raw\trashnet\glass\glass71.jpg
10,realwaste,Miscellaneous Trash\Miscellaneous Trash_284.jpg,C:\Users\trish\Desktop\smart-waste-segregation-ai\data\raw\realwaste\Miscellaneous Trash\Miscellaneous Trash_284.jpg,realwaste,Plastic\Plastic_110.jpg,C:\Users\trish\Desktop\smart-waste-segregation-ai\data\raw\realwaste\Plastic\Plastic_110.jpg
10,realwaste,Metal\Metal_206.jpg,C:\Users\trish\Desktop\smart-waste-segregation-ai\data\raw\realwaste\Metal\Metal_206.jpg,realwaste,Plastic\Plastic_360.jpg,C:\Users\trish\Desktop\smart-waste-segregation-ai\data\raw\realwaste\Plastic\Plastic_360.jpg
10,realwaste,Metal\Metal_191.jpg,C:\Users\trish\Desktop\smart-waste-segregation-ai\data\raw\realwaste\Metal\Metal_191.jpg,realwaste,Miscellaneous Trash\Miscellaneous Trash_57.jpg,C:\Users\trish\Desktop\smart-waste-segregation-ai\data\raw\realwaste\Miscellaneous Trash\Miscellaneous Trash_57.jpg
10,realwaste,Metal\Metal_246.jpg,C:\Users\trish\Desktop\smart-waste-segregation-ai\data\raw\realwaste\Metal\Metal_246.jpg,trashnet,paper\paper346.jpg,C:\Users\trish\Desktop\smart-waste-segregation-ai\data\raw\trashnet\paper\paper346.jpg
10,realwaste,Metal\Metal_533.jpg,C:\Users\trish\Desktop\smart-waste-segregation-ai\data\raw\realwaste\Metal\Metal_533.jpg,realwaste,Metal\Metal_718.jpg,C:\Users\trish\Desktop\smart-waste-segregation-ai\data\raw\realwaste\Metal\Metal_718.jpg
8,realwaste,Metal\Metal_658.jpg,C:\Users\trish\Desktop\smart-waste-segregation-ai\data\raw\realwaste\Metal\Metal_658.jpg,realwaste,Metal\Metal_692.jpg,C:\Users\trish\Desktop\smart-waste-segregation-ai\data\raw\realwaste\Metal\Metal_692.jpg
8,realwaste,Metal\Metal_655.jpg,C:\Users\trish\Desktop\smart-waste-segregation-ai\data\raw\realwaste\Metal\Metal_655.jpg,realwaste,Metal\Metal_762.jpg,C:\Users\trish\Desktop\smart-waste-segregation-ai\data\raw\realwaste\Metal\Metal_762.jpg
8,realwaste,Vegetation\Vegetation_15.jpg,C:\Users\trish\Desktop\smart-waste-segregation-ai\data\raw\realwaste\Vegetation\Vegetation_15.jpg,trashnet,trash\trash1.jpg,C:\Users\trish\Desktop\smart-waste-segregation-ai\data\raw\trashnet\trash\trash1.jpg
10,ewaste,val\Microwave\Microwave_88.jpg,C:\Users\trish\Desktop\smart-waste-segregation-ai\data\raw\ewaste\val\Microwave\Microwave_88.jpg,realwaste,Plastic\Plastic_178.jpg,C:\Users\trish\Desktop\smart-waste-segregation-ai\data\raw\realwaste\Plastic\Plastic_178.jpg
10,realwaste,Paper\Paper_292.jpg,C:\Users\trish\Desktop\smart-waste-segregation-ai\data\raw\realwaste\Paper\Paper_292.jpg,realwaste,Paper\Paper_458.jpg,C:\Users\trish\Desktop\smart-waste-segregation-ai\data\raw\realwaste\Paper\Paper_458.jpg
10,phenomsg,Non-Recyclable\Non-Recyclable\platics_bags_wrappers\3520_428fd902f4247199467725e7eccf1673.jpg,C:\Users\trish\Desktop\smart-waste-segregation-ai\data\raw\phenomsg\Non-Recyclable\Non-Recyclable\platics_bags_wrappers\3520_428fd902f4247199467725e7eccf1673.jpg,phenomsg,Recyclable\Recyclable\cans_all_type\How-Much-Energy-Does-Recycling-One-Aluminum-Can-Save.jpg,C:\Users\trish\Desktop\smart-waste-segregation-ai\data\raw\phenomsg\Recyclable\Recyclable\cans_all_type\How-Much-Energy-Does-Recycling-One-Aluminum-Can-Save.jpg
8,realwaste,Metal\Metal_239.jpg,C:\Users\trish\Desktop\smart-waste-segregation-ai\data\raw\realwaste\Metal\Metal_239.jpg,realwaste,Miscellaneous Trash\Miscellaneous Trash_129.jpg,C:\Users\trish\Desktop\smart-waste-segregation-ai\data\raw\realwaste\Miscellaneous Trash\Miscellaneous Trash_129.jpg
8,realwaste,Metal\Metal_217.jpg,C:\Users\trish\Desktop\smart-waste-segregation-ai\data\raw\realwaste\Metal\Metal_217.jpg,trashnet,trash\trash128.jpg,C:\Users\trish\Desktop\smart-waste-segregation-ai\data\raw\trashnet\trash\trash128.jpg
10,realwaste,Metal\Metal_735.jpg,C:\Users\trish\Desktop\smart-waste-segregation-ai\data\raw\realwaste\Metal\Metal_735.jpg,realwaste,Miscellaneous Trash\Miscellaneous Trash_153.jpg,C:\Users\trish\Desktop\smart-waste-segregation-ai\data\raw\realwaste\Miscellaneous Trash\Miscellaneous Trash_153.jpg
10,realwaste,Paper\Paper_458.jpg,C:\Users\trish\Desktop\smart-waste-segregation-ai\data\raw\realwaste\Paper\Paper_458.jpg,realwaste,Plastic\Plastic_628.jpg,C:\Users\trish\Desktop\smart-waste-segregation-ai\data\raw\realwaste\Plastic\Plastic_628.jpg
10,ewaste,train\Washing Machine\Washing_Machine_16.jpg,C:\Users\trish\Desktop\smart-waste-segregation-ai\data\raw\ewaste\train\Washing Machine\Washing_Machine_16.jpg,ewaste,val\Washing Machine\Washing_Machine_88.jpg,C:\Users\trish\Desktop\smart-waste-segregation-ai\data\raw\ewaste\val\Washing Machine\Washing_Machine_88.jpg
10,realwaste,Metal\Metal_674.jpg,C:\Users\trish\Desktop\smart-waste-segregation-ai\data\raw\realwaste\Metal\Metal_674.jpg,realwaste,Metal\Metal_693.jpg,C:\Users\trish\Desktop\smart-waste-segregation-ai\data\raw\realwaste\Metal\Metal_693.jpg
8,realwaste,Metal\Metal_433.jpg,C:\Users\trish\Desktop\smart-waste-segregation-ai\data\raw\realwaste\Metal\Metal_433.jpg,realwaste,Plastic\Plastic_615.jpg,C:\Users\trish\Desktop\smart-waste-segregation-ai\data\raw\realwaste\Plastic\Plastic_615.jpg
8,realwaste,Metal\Metal_252.jpg,C:\Users\trish\Desktop\smart-waste-segregation-ai\data\raw\realwaste\Metal\Metal_252.jpg,trashnet,metal\metal214.jpg,C:\Users\trish\Desktop\smart-waste-segregation-ai\data\raw\trashnet\metal\metal214.jpg
10,realwaste,Metal\Metal_270.jpg,C:\Users\trish\Desktop\smart-waste-segregation-ai\data\raw\realwaste\Metal\Metal_270.jpg,trashnet,plastic\plastic9.jpg,C:\Users\trish\Desktop\smart-waste-segregation-ai\data\raw\trashnet\plastic\plastic9.jpg
10,realwaste,Metal\Metal_533.jpg,C:\Users\trish\Desktop\smart-waste-segregation-ai\data\raw\realwaste\Metal\Metal_533.jpg,realwaste,Plastic\Plastic_179.jpg,C:\Users\trish\Desktop\smart-waste-segregation-ai\data\raw\realwaste\Plastic\Plastic_179.jpg
10,realwaste,Paper\Paper_381.jpg,C:\Users\trish\Desktop\smart-waste-segregation-ai\data\raw\realwaste\Paper\Paper_381.jpg,realwaste,Plastic\Plastic_113.jpg,C:\Users\trish\Desktop\smart-waste-segregation-ai\data\raw\realwaste\Plastic\Plastic_113.jpg
8,realwaste,Metal\Metal_755.jpg,C:\Users\trish\Desktop\smart-waste-segregation-ai\data\raw\realwaste\Metal\Metal_755.jpg,realwaste,Plastic\Plastic_218.jpg,C:\Users\trish\Desktop\smart-waste-segregation-ai\data\raw\realwaste\Plastic\Plastic_218.jpg
10,realwaste,Metal\Metal_677.jpg,C:\Users\trish\Desktop\smart-waste-segregation-ai\data\raw\realwaste\Metal\Metal_677.jpg,realwaste,Plastic\Plastic_829.jpg,C:\Users\trish\Desktop\smart-waste-segregation-ai\data\raw\realwaste\Plastic\Plastic_829.jpg
8,realwaste,Metal\Metal_298.jpg,C:\Users\trish\Desktop\smart-waste-segregation-ai\data\raw\realwaste\Metal\Metal_298.jpg,realwaste,Plastic\Plastic_634.jpg,C:\Users\trish\Desktop\smart-waste-segregation-ai\data\raw\realwaste\Plastic\Plastic_634.jpg
10,realwaste,Metal\Metal_238.jpg,C:\Users\trish\Desktop\smart-waste-segregation-ai\data\raw\realwaste\Metal\Metal_238.jpg,realwaste,Miscellaneous Trash\Miscellaneous Trash_130.jpg,C:\Users\trish\Desktop\smart-waste-segregation-ai\data\raw\realwaste\Miscellaneous Trash\Miscellaneous Trash_130.jpg
8,realwaste,Miscellaneous Trash\Miscellaneous Trash_54.jpg,C:\Users\trish\Desktop\smart-waste-segregation-ai\data\raw\realwaste\Miscellaneous Trash\Miscellaneous Trash_54.jpg,realwaste,Plastic\Plastic_479.jpg,C:\Users\trish\Desktop\smart-waste-segregation-ai\data\raw\realwaste\Plastic\Plastic_479.jpg
10,realwaste,Metal\Metal_139.jpg,C:\Users\trish\Desktop\smart-waste-segregation-ai\data\raw\realwaste\Metal\Metal_139.jpg,realwaste,Plastic\Plastic_246.jpg,C:\Users\trish\Desktop\smart-waste-segregation-ai\data\raw\realwaste\Plastic\Plastic_246.jpg
10,ewaste,train\Battery\battery_91.jpg,C:\Users\trish\Desktop\smart-waste-segregation-ai\data\raw\ewaste\train\Battery\battery_91.jpg,trashnet,plastic\plastic462.jpg,C:\Users\trish\Desktop\smart-waste-segregation-ai\data\raw\trashnet\plastic\plastic462.jpg
8,realwaste,Metal\Metal_345.jpg,C:\Users\trish\Desktop\smart-waste-segregation-ai\data\raw\realwaste\Metal\Metal_345.jpg,realwaste,Miscellaneous Trash\Miscellaneous Trash_153.jpg,C:\Users\trish\Desktop\smart-waste-segregation-ai\data\raw\realwaste\Miscellaneous Trash\Miscellaneous Trash_153.jpg
10,ewaste,test\PCB\pcb_75.jpg,C:\Users\trish\Desktop\smart-waste-segregation-ai\data\raw\ewaste\test\PCB\pcb_75.jpg,ewaste,train\PCB\pcb_50.jpg,C:\Users\trish\Desktop\smart-waste-segregation-ai\data\raw\ewaste\train\PCB\pcb_50.jpg
8,realwaste,Food Organics\Food Organics_199.jpg,C:\Users\trish\Desktop\smart-waste-segregation-ai\data\raw\realwaste\Food Organics\Food Organics_199.jpg,realwaste,Miscellaneous Trash\Miscellaneous Trash_212.jpg,C:\Users\trish\Desktop\smart-waste-segregation-ai\data\raw\realwaste\Miscellaneous Trash\Miscellaneous Trash_212.jpg
10,ewaste,test\Washing Machine\Washing_Machine_152.jpg,C:\Users\trish\Desktop\smart-waste-segregation-ai\data\raw\ewaste\test\Washing Machine\Washing_Machine_152.jpg,trashnet,metal\metal152.jpg,C:\Users\trish\Desktop\smart-waste-segregation-ai\data\raw\trashnet\metal\metal152.jpg
8,realwaste,Metal\Metal_561.jpg,C:\Users\trish\Desktop\smart-waste-segregation-ai\data\raw\realwaste\Metal\Metal_561.jpg,realwaste,Metal\Metal_753.jpg,C:\Users\trish\Desktop\smart-waste-segregation-ai\data\raw\realwaste\Metal\Metal_753.jpg
8,realwaste,Metal\Metal_751.jpg,C:\Users\trish\Desktop\smart-waste-segregation-ai\data\raw\realwaste\Metal\Metal_751.jpg,trashnet,metal\metal6.jpg,C:\Users\trish\Desktop\smart-waste-segregation-ai\data\raw\trashnet\metal\metal6.jpg
10,realwaste,Food Organics\Food Organics_178.jpg,C:\Users\trish\Desktop\smart-waste-segregation-ai\data\raw\realwaste\Food Organics\Food Organics_178.jpg,trashnet,glass\glass252.jpg,C:\Users\trish\Desktop\smart-waste-segregation-ai\data\raw\trashnet\glass\glass252.jpg
10,realwaste,Metal\Metal_461.jpg,C:\Users\trish\Desktop\smart-waste-segregation-ai\data\raw\realwaste\Metal\Metal_461.jpg,trashnet,glass\glass437.jpg,C:\Users\trish\Desktop\smart-waste-segregation-ai\data\raw\trashnet\glass\glass437.jpg
8,realwaste,Metal\Metal_562.jpg,C:\Users\trish\Desktop\smart-waste-segregation-ai\data\raw\realwaste\Metal\Metal_562.jpg,realwaste,Plastic\Plastic_829.jpg,C:\Users\trish\Desktop\smart-waste-segregation-ai\data\raw\realwaste\Plastic\Plastic_829.jpg
8,realwaste,Paper\Paper_381.jpg,C:\Users\trish\Desktop\smart-waste-segregation-ai\data\raw\realwaste\Paper\Paper_381.jpg,realwaste,Plastic\Plastic_228.jpg,C:\Users\trish\Desktop\smart-waste-segregation-ai\data\raw\realwaste\Plastic\Plastic_228.jpg
10,realwaste,Metal\Metal_755.jpg,C:\Users\trish\Desktop\smart-waste-segregation-ai\data\raw\realwaste\Metal\Metal_755.jpg,realwaste,Plastic\Plastic_231.jpg,C:\Users\trish\Desktop\smart-waste-segregation-ai\data\raw\realwaste\Plastic\Plastic_231.jpg
8,trashnet,glass\glass454.jpg,C:\Users\trish\Desktop\smart-waste-segregation-ai\data\raw\trashnet\glass\glass454.jpg,trashnet,plastic\plastic249.jpg,C:\Users\trish\Desktop\smart-waste-segregation-ai\data\raw\trashnet\plastic\plastic249.jpg
10,realwaste,Food Organics\Food Organics_210.jpg,C:\Users\trish\Desktop\smart-waste-segregation-ai\data\raw\realwaste\Food Organics\Food Organics_210.jpg,realwaste,Metal\Metal_706.jpg,C:\Users\trish\Desktop\smart-waste-segregation-ai\data\raw\realwaste\Metal\Metal_706.jpg
10,realwaste,Metal\Metal_178.jpg,C:\Users\trish\Desktop\smart-waste-segregation-ai\data\raw\realwaste\Metal\Metal_178.jpg,realwaste,Paper\Paper_271.jpg,C:\Users\trish\Desktop\smart-waste-segregation-ai\data\raw\realwaste\Paper\Paper_271.jpg
10,ewaste,train\Television\Television_244.jpg,C:\Users\trish\Desktop\smart-waste-segregation-ai\data\raw\ewaste\train\Television\Television_244.jpg,ewaste,train\Washing Machine\Washing_Machine_199.jpg,C:\Users\trish\Desktop\smart-waste-segregation-ai\data\raw\ewaste\train\Washing Machine\Washing_Machine_199.jpg
10,realwaste,Food Organics\Food Organics_73.jpg,C:\Users\trish\Desktop\smart-waste-segregation-ai\data\raw\realwaste\Food Organics\Food Organics_73.jpg,realwaste,Metal\Metal_615.jpg,C:\Users\trish\Desktop\smart-waste-segregation-ai\data\raw\realwaste\Metal\Metal_615.jpg
10,trashnet,glass\glass132.jpg,C:\Users\trish\Desktop\smart-waste-segregation-ai\data\raw\trashnet\glass\glass132.jpg,trashnet,metal\metal152.jpg,C:\Users\trish\Desktop\smart-waste-segregation-ai\data\raw\trashnet\metal\metal152.jpg
10,realwaste,Metal\Metal_546.jpg,C:\Users\trish\Desktop\smart-waste-segregation-ai\data\raw\realwaste\Metal\Metal_546.jpg,realwaste,Metal\Metal_562.jpg,C:\Users\trish\Desktop\smart-waste-segregation-ai\data\raw\realwaste\Metal\Metal_562.jpg
8,phenomsg,Recyclable\Recyclable\glass_containers\48252.jpg,C:\Users\trish\Desktop\smart-waste-segregation-ai\data\raw\phenomsg\Recyclable\Recyclable\glass_containers\48252.jpg,realwaste,Miscellaneous Trash\Miscellaneous Trash_227.jpg,C:\Users\trish\Desktop\smart-waste-segregation-ai\data\raw\realwaste\Miscellaneous Trash\Miscellaneous Trash_227.jpg
10,ewaste,test\Washing Machine\Washing_Machine_4.jpg,C:\Users\trish\Desktop\smart-waste-segregation-ai\data\raw\ewaste\test\Washing Machine\Washing_Machine_4.jpg,realwaste,Metal\Metal_248.jpg,C:\Users\trish\Desktop\smart-waste-segregation-ai\data\raw\realwaste\Metal\Metal_248.jpg
10,trashnet,metal\metal214.jpg,C:\Users\trish\Desktop\smart-waste-segregation-ai\data\raw\trashnet\metal\metal214.jpg,trashnet,paper\paper346.jpg,C:\Users\trish\Desktop\smart-waste-segregation-ai\data\raw\trashnet\paper\paper346.jpg
8,ewaste,test\Battery\battery_4.jpg,C:\Users\trish\Desktop\smart-waste-segregation-ai\data\raw\ewaste\test\Battery\battery_4.jpg,ewaste,val\Player\Player_280.jpg,C:\Users\trish\Desktop\smart-waste-segregation-ai\data\raw\ewaste\val\Player\Player_280.jpg
10,realwaste,Metal\Metal_411.jpg,C:\Users\trish\Desktop\smart-waste-segregation-ai\data\raw\realwaste\Metal\Metal_411.jpg,realwaste,Metal\Metal_414.jpg,C:\Users\trish\Desktop\smart-waste-segregation-ai\data\raw\realwaste\Metal\Metal_414.jpg
8,realwaste,Metal\Metal_574.jpg,C:\Users\trish\Desktop\smart-waste-segregation-ai\data\raw\realwaste\Metal\Metal_574.jpg,realwaste,Plastic\Plastic_354.jpg,C:\Users\trish\Desktop\smart-waste-segregation-ai\data\raw\realwaste\Plastic\Plastic_354.jpg
10,ewaste,train\Keyboard\Keyboard_133.jpg,C:\Users\trish\Desktop\smart-waste-segregation-ai\data\raw\ewaste\train\Keyboard\Keyboard_133.jpg,ewaste,train\Microwave\Microwave_178.jpg,C:\Users\trish\Desktop\smart-waste-segregation-ai\data\raw\ewaste\train\Microwave\Microwave_178.jpg
10,trashnet,metal\metal279.jpg,C:\Users\trish\Desktop\smart-waste-segregation-ai\data\raw\trashnet\metal\metal279.jpg,trashnet,plastic\plastic76.jpg,C:\Users\trish\Desktop\smart-waste-segregation-ai\data\raw\trashnet\plastic\plastic76.jpg
10,ewaste,train\Keyboard\Keyboard_85.jpg,C:\Users\trish\Desktop\smart-waste-segregation-ai\data\raw\ewaste\train\Keyboard\Keyboard_85.jpg,ewaste,val\Player\Player_280.jpg,C:\Users\trish\Desktop\smart-waste-segregation-ai\data\raw\ewaste\val\Player\Player_280.jpg
10,realwaste,Miscellaneous Trash\Miscellaneous Trash_216.jpg,C:\Users\trish\Desktop\smart-waste-segregation-ai\data\raw\realwaste\Miscellaneous Trash\Miscellaneous Trash_216.jpg,realwaste,Plastic\Plastic_463.jpg,C:\Users\trish\Desktop\smart-waste-segregation-ai\data\raw\realwaste\Plastic\Plastic_463.jpg
10,realwaste,Food Organics\Food Organics_407.jpg,C:\Users\trish\Desktop\smart-waste-segregation-ai\data\raw\realwaste\Food Organics\Food Organics_407.jpg,realwaste,Paper\Paper_174.jpg,C:\Users\trish\Desktop\smart-waste-segregation-ai\data\raw\realwaste\Paper\Paper_174.jpg
10,realwaste,Metal\Metal_22.jpg,C:\Users\trish\Desktop\smart-waste-segregation-ai\data\raw\realwaste\Metal\Metal_22.jpg,trashnet,plastic\plastic47.jpg,C:\Users\trish\Desktop\smart-waste-segregation-ai\data\raw\trashnet\plastic\plastic47.jpg
8,realwaste,Metal\Metal_490.jpg,C:\Users\trish\Desktop\smart-waste-segregation-ai\data\raw\realwaste\Metal\Metal_490.jpg,realwaste,Plastic\Plastic_915.jpg,C:\Users\trish\Desktop\smart-waste-segregation-ai\data\raw\realwaste\Plastic\Plastic_915.jpg
10,ewaste,test\Battery\battery_22.jpg,C:\Users\trish\Desktop\smart-waste-segregation-ai\data\raw\ewaste\test\Battery\battery_22.jpg,realwaste,Miscellaneous Trash\Miscellaneous Trash_66.jpg,C:\Users\trish\Desktop\smart-waste-segregation-ai\data\raw\realwaste\Miscellaneous Trash\Miscellaneous Trash_66.jpg
10,realwaste,Metal\Metal_437.jpg,C:\Users\trish\Desktop\smart-waste-segregation-ai\data\raw\realwaste\Metal\Metal_437.jpg,realwaste,Metal\Metal_449.jpg,C:\Users\trish\Desktop\smart-waste-segregation-ai\data\raw\realwaste\Metal\Metal_449.jpg
10,ewaste,val\Washing Machine\Washing_Machine_198.jpg,C:\Users\trish\Desktop\smart-waste-segregation-ai\data\raw\ewaste\val\Washing Machine\Washing_Machine_198.jpg,realwaste,Plastic\Plastic_853.jpg,C:\Users\trish\Desktop\smart-waste-segregation-ai\data\raw\realwaste\Plastic\Plastic_853.jpg
8,realwaste,Metal\Metal_225.jpg,C:\Users\trish\Desktop\smart-waste-segregation-ai\data\raw\realwaste\Metal\Metal_225.jpg,trashnet,metal\metal122.jpg,C:\Users\trish\Desktop\smart-waste-segregation-ai\data\raw\trashnet\metal\metal122.jpg
10,trashnet,glass\glass74.jpg,C:\Users\trish\Desktop\smart-waste-segregation-ai\data\raw\trashnet\glass\glass74.jpg,trashnet,paper\paper517.jpg,C:\Users\trish\Desktop\smart-waste-segregation-ai\data\raw\trashnet\paper\paper517.jpg
10,realwaste,Miscellaneous Trash\Miscellaneous Trash_139.jpg,C:\Users\trish\Desktop\smart-waste-segregation-ai\data\raw\realwaste\Miscellaneous Trash\Miscellaneous Trash_139.jpg,realwaste,Paper\Paper_324.jpg,C:\Users\trish\Desktop\smart-waste-segregation-ai\data\raw\realwaste\Paper\Paper_324.jpg
10,trashnet,metal\metal146.jpg,C:\Users\trish\Desktop\smart-waste-segregation-ai\data\raw\trashnet\metal\metal146.jpg,trashnet,metal\metal279.jpg,C:\Users\trish\Desktop\smart-waste-segregation-ai\data\raw\trashnet\metal\metal279.jpg
10,realwaste,Food Organics\Food Organics_142.jpg,C:\Users\trish\Desktop\smart-waste-segregation-ai\data\raw\realwaste\Food Organics\Food Organics_142.jpg,realwaste,Miscellaneous Trash\Miscellaneous Trash_232.jpg,C:\Users\trish\Desktop\smart-waste-segregation-ai\data\raw\realwaste\Miscellaneous Trash\Miscellaneous Trash_232.jpg
10,realwaste,Metal\Metal_393.jpg,C:\Users\trish\Desktop\smart-waste-segregation-ai\data\raw\realwaste\Metal\Metal_393.jpg,realwaste,Plastic\Plastic_201.jpg,C:\Users\trish\Desktop\smart-waste-segregation-ai\data\raw\realwaste\Plastic\Plastic_201.jpg
10,realwaste,Metal\Metal_32.jpg,C:\Users\trish\Desktop\smart-waste-segregation-ai\data\raw\realwaste\Metal\Metal_32.jpg,trashnet,metal\metal214.jpg,C:\Users\trish\Desktop\smart-waste-segregation-ai\data\raw\trashnet\metal\metal214.jpg
8,realwaste,Plastic\Plastic_218.jpg,C:\Users\trish\Desktop\smart-waste-segregation-ai\data\raw\realwaste\Plastic\Plastic_218.jpg,trashnet,glass\glass74.jpg,C:\Users\trish\Desktop\smart-waste-segregation-ai\data\raw\trashnet\glass\glass74.jpg
10,realwaste,Food Organics\Food Organics_390.jpg,C:\Users\trish\Desktop\smart-waste-segregation-ai\data\raw\realwaste\Food Organics\Food Organics_390.jpg,trashnet,metal\metal203.jpg,C:\Users\trish\Desktop\smart-waste-segregation-ai\data\raw\trashnet\metal\metal203.jpg
10,trashnet,paper\paper374.jpg,C:\Users\trish\Desktop\smart-waste-segregation-ai\data\raw\trashnet\paper\paper374.jpg,trashnet,paper\paper589.jpg,C:\Users\trish\Desktop\smart-waste-segregation-ai\data\raw\trashnet\paper\paper589.jpg
8,ewaste,val\Player\Player_23.jpg,C:\Users\trish\Desktop\smart-waste-segregation-ai\data\raw\ewaste\val\Player\Player_23.jpg,realwaste,Glass\Glass_376.jpg,C:\Users\trish\Desktop\smart-waste-segregation-ai\data\raw\realwaste\Glass\Glass_376.jpg
10,realwaste,Miscellaneous Trash\Miscellaneous Trash_102.jpg,C:\Users\trish\Desktop\smart-waste-segregation-ai\data\raw\realwaste\Miscellaneous Trash\Miscellaneous Trash_102.jpg,realwaste,Miscellaneous Trash\Miscellaneous Trash_98.jpg,C:\Users\trish\Desktop\smart-waste-segregation-ai\data\raw\realwaste\Miscellaneous Trash\Miscellaneous Trash_98.jpg
10,realwaste,Food Organics\Food Organics_301.jpg,C:\Users\trish\Desktop\smart-waste-segregation-ai\data\raw\realwaste\Food Organics\Food Organics_301.jpg,realwaste,Miscellaneous Trash\Miscellaneous Trash_398.jpg,C:\Users\trish\Desktop\smart-waste-segregation-ai\data\raw\realwaste\Miscellaneous Trash\Miscellaneous Trash_398.jpg
10,realwaste,Plastic\Plastic_240.jpg,C:\Users\trish\Desktop\smart-waste-segregation-ai\data\raw\realwaste\Plastic\Plastic_240.jpg,trashnet,plastic\plastic31.jpg,C:\Users\trish\Desktop\smart-waste-segregation-ai\data\raw\trashnet\plastic\plastic31.jpg
10,realwaste,Plastic\Plastic_127.jpg,C:\Users\trish\Desktop\smart-waste-segregation-ai\data\raw\realwaste\Plastic\Plastic_127.jpg,realwaste,Plastic\Plastic_650.jpg,C:\Users\trish\Desktop\smart-waste-segregation-ai\data\raw\realwaste\Plastic\Plastic_650.jpg
10,realwaste,Metal\Metal_774.jpg,C:\Users\trish\Desktop\smart-waste-segregation-ai\data\raw\realwaste\Metal\Metal_774.jpg,realwaste,Miscellaneous Trash\Miscellaneous Trash_120.jpg,C:\Users\trish\Desktop\smart-waste-segregation-ai\data\raw\realwaste\Miscellaneous Trash\Miscellaneous Trash_120.jpg
10,realwaste,Metal\Metal_217.jpg,C:\Users\trish\Desktop\smart-waste-segregation-ai\data\raw\realwaste\Metal\Metal_217.jpg,realwaste,Miscellaneous Trash\Miscellaneous Trash_28.jpg,C:\Users\trish\Desktop\smart-waste-segregation-ai\data\raw\realwaste\Miscellaneous Trash\Miscellaneous Trash_28.jpg
8,realwaste,Metal\Metal_594.jpg,C:\Users\trish\Desktop\smart-waste-segregation-ai\data\raw\realwaste\Metal\Metal_594.jpg,realwaste,Plastic\Plastic_740.jpg,C:\Users\trish\Desktop\smart-waste-segregation-ai\data\raw\realwaste\Plastic\Plastic_740.jpg
10,realwaste,Plastic\Plastic_836.jpg,C:\Users\trish\Desktop\smart-waste-segregation-ai\data\raw\realwaste\Plastic\Plastic_836.jpg,realwaste,Plastic\Plastic_860.jpg,C:\Users\trish\Desktop\smart-waste-segregation-ai\data\raw\realwaste\Plastic\Plastic_860.jpg
10,realwaste,Metal\Metal_504.jpg,C:\Users\trish\Desktop\smart-waste-segregation-ai\data\raw\realwaste\Metal\Metal_504.jpg,realwaste,Textile Trash\Textile Trash_230.jpg,C:\Users\trish\Desktop\smart-waste-segregation-ai\data\raw\realwaste\Textile Trash\Textile Trash_230.jpg
10,realwaste,Plastic\Plastic_354.jpg,C:\Users\trish\Desktop\smart-waste-segregation-ai\data\raw\realwaste\Plastic\Plastic_354.jpg,trashnet,paper\paper517.jpg,C:\Users\trish\Desktop\smart-waste-segregation-ai\data\raw\trashnet\paper\paper517.jpg
10,realwaste,Plastic\Plastic_192.jpg,C:\Users\trish\Desktop\smart-waste-segregation-ai\data\raw\realwaste\Plastic\Plastic_192.jpg,realwaste,Plastic\Plastic_228.jpg,C:\Users\trish\Desktop\smart-waste-segregation-ai\data\raw\realwaste\Plastic\Plastic_228.jpg
10,realwaste,Cardboard\Cardboard_139.jpg,C:\Users\trish\Desktop\smart-waste-segregation-ai\data\raw\realwaste\Cardboard\Cardboard_139.jpg,realwaste,Cardboard\Cardboard_230.jpg,C:\Users\trish\Desktop\smart-waste-segregation-ai\data\raw\realwaste\Cardboard\Cardboard_230.jpg
10,realwaste,Metal\Metal_734.jpg,C:\Users\trish\Desktop\smart-waste-segregation-ai\data\raw\realwaste\Metal\Metal_734.jpg,realwaste,Paper\Paper_455.jpg,C:\Users\trish\Desktop\smart-waste-segregation-ai\data\raw\realwaste\Paper\Paper_455.jpg
8,trashnet,plastic\plastic173.jpg,C:\Users\trish\Desktop\smart-waste-segregation-ai\data\raw\trashnet\plastic\plastic173.jpg,trashnet,plastic\plastic6.jpg,C:\Users\trish\Desktop\smart-waste-segregation-ai\data\raw\trashnet\plastic\plastic6.jpg
10,phenomsg,Hazardous\Hazardous\batteries\battery-directive-european-union.jpg,C:\Users\trish\Desktop\smart-waste-segregation-ai\data\raw\phenomsg\Hazardous\Hazardous\batteries\battery-directive-european-union.jpg,phenomsg,Recyclable\Recyclable\cans_all_type\-of-soda-drinks-in-aluminum-cans-isolated-on-white-with-clipping-path-brands.jpg,C:\Users\trish\Desktop\smart-waste-segregation-ai\data\raw\phenomsg\Recyclable\Recyclable\cans_all_type\-of-soda-drinks-in-aluminum-cans-isolated-on-white-with-clipping-path-brands.jpg
8,ewaste,test\Washing Machine\Washing_Machine_4.jpg,C:\Users\trish\Desktop\smart-waste-segregation-ai\data\raw\ewaste\test\Washing Machine\Washing_Machine_4.jpg,trashnet,trash\trash131.jpg,C:\Users\trish\Desktop\smart-waste-segregation-ai\data\raw\trashnet\trash\trash131.jpg
10,realwaste,Metal\Metal_574.jpg,C:\Users\trish\Desktop\smart-waste-segregation-ai\data\raw\realwaste\Metal\Metal_574.jpg,trashnet,metal\metal6.jpg,C:\Users\trish\Desktop\smart-waste-segregation-ai\data\raw\trashnet\metal\metal6.jpg
10,ewaste,train\Battery\battery_293.jpg,C:\Users\trish\Desktop\smart-waste-segregation-ai\data\raw\ewaste\train\Battery\battery_293.jpg,phenomsg,Hazardous\Hazardous\paints\PaintSolvents26Thinners.jpg,C:\Users\trish\Desktop\smart-waste-segregation-ai\data\raw\phenomsg\Hazardous\Hazardous\paints\PaintSolvents26Thinners.jpg
10,realwaste,Cardboard\Cardboard_322.jpg,C:\Users\trish\Desktop\smart-waste-segregation-ai\data\raw\realwaste\Cardboard\Cardboard_322.jpg,realwaste,Food Organics\Food Organics_199.jpg,C:\Users\trish\Desktop\smart-waste-segregation-ai\data\raw\realwaste\Food Organics\Food Organics_199.jpg
8,phenomsg,Recyclable\Recyclable\plastic_bottles\lemonade-plastic-bottles-citrus-orange-lemon-soda-water_101087-176.jpg,C:\Users\trish\Desktop\smart-waste-segregation-ai\data\raw\phenomsg\Recyclable\Recyclable\plastic_bottles\lemonade-plastic-bottles-citrus-orange-lemon-soda-water_101087-176.jpg,trashnet,glass\glass286.jpg,C:\Users\trish\Desktop\smart-waste-segregation-ai\data\raw\trashnet\glass\glass286.jpg
8,realwaste,Miscellaneous Trash\Miscellaneous Trash_52.jpg,C:\Users\trish\Desktop\smart-waste-segregation-ai\data\raw\realwaste\Miscellaneous Trash\Miscellaneous Trash_52.jpg,realwaste,Plastic\Plastic_85.jpg,C:\Users\trish\Desktop\smart-waste-segregation-ai\data\raw\realwaste\Plastic\Plastic_85.jpg
8,realwaste,Textile Trash\Textile Trash_192.jpg,C:\Users\trish\Desktop\smart-waste-segregation-ai\data\raw\realwaste\Textile Trash\Textile Trash_192.jpg,realwaste,Textile Trash\Textile Trash_230.jpg,C:\Users\trish\Desktop\smart-waste-segregation-ai\data\raw\realwaste\Textile Trash\Textile Trash_230.jpg
10,ewaste,test\Keyboard\Keyboard_174.jpg,C:\Users\trish\Desktop\smart-waste-segregation-ai\data\raw\ewaste\test\Keyboard\Keyboard_174.jpg,ewaste,val\Battery\battery_150.jpg,C:\Users\trish\Desktop\smart-waste-segregation-ai\data\raw\ewaste\val\Battery\battery_150.jpg
10,realwaste,Plastic\Plastic_143.jpg,C:\Users\trish\Desktop\smart-waste-segregation-ai\data\raw\realwaste\Plastic\Plastic_143.jpg,trashnet,metal\metal18.jpg,C:\Users\trish\Desktop\smart-waste-segregation-ai\data\raw\trashnet\metal\metal18.jpg
8,realwaste,Metal\Metal_588.jpg,C:\Users\trish\Desktop\smart-waste-segregation-ai\data\raw\realwaste\Metal\Metal_588.jpg,realwaste,Plastic\Plastic_231.jpg,C:\Users\trish\Desktop\smart-waste-segregation-ai\data\raw\realwaste\Plastic\Plastic_231.jpg
8,trashnet,metal\metal141.jpg,C:\Users\trish\Desktop\smart-waste-segregation-ai\data\raw\trashnet\metal\metal141.jpg,trashnet,metal\metal390.jpg,C:\Users\trish\Desktop\smart-waste-segregation-ai\data\raw\trashnet\metal\metal390.jpg
10,realwaste,Metal\Metal_655.jpg,C:\Users\trish\Desktop\smart-waste-segregation-ai\data\raw\realwaste\Metal\Metal_655.jpg,realwaste,Plastic\Plastic_508.jpg,C:\Users\trish\Desktop\smart-waste-segregation-ai\data\raw\realwaste\Plastic\Plastic_508.jpg
8,ewaste,train\Battery\battery_246.jpg,C:\Users\trish\Desktop\smart-waste-segregation-ai\data\raw\ewaste\train\Battery\battery_246.jpg,ewaste,train\Player\Player_10.jpg,C:\Users\trish\Desktop\smart-waste-segregation-ai\data\raw\ewaste\train\Player\Player_10.jpg
10,realwaste,Metal\Metal_223.jpg,C:\Users\trish\Desktop\smart-waste-segregation-ai\data\raw\realwaste\Metal\Metal_223.jpg,trashnet,metal\metal207.jpg,C:\Users\trish\Desktop\smart-waste-segregation-ai\data\raw\trashnet\metal\metal207.jpg
10,realwaste,Metal\Metal_757.jpg,C:\Users\trish\Desktop\smart-waste-segregation-ai\data\raw\realwaste\Metal\Metal_757.jpg,realwaste,Miscellaneous Trash\Miscellaneous Trash_449.jpg,C:\Users\trish\Desktop\smart-waste-segregation-ai\data\raw\realwaste\Miscellaneous Trash\Miscellaneous Trash_449.jpg
8,realwaste,Plastic\Plastic_168.jpg,C:\Users\trish\Desktop\smart-waste-segregation-ai\data\raw\realwaste\Plastic\Plastic_168.jpg,realwaste,Plastic\Plastic_262.jpg,C:\Users\trish\Desktop\smart-waste-segregation-ai\data\raw\realwaste\Plastic\Plastic_262.jpg
8,ewaste,train\Mobile\Mobile_25.jpg,C:\Users\trish\Desktop\smart-waste-segregation-ai\data\raw\ewaste\train\Mobile\Mobile_25.jpg,ewaste,train\Mobile\Mobile_28.jpg,C:\Users\trish\Desktop\smart-waste-segregation-ai\data\raw\ewaste\train\Mobile\Mobile_28.jpg
10,realwaste,Metal\Metal_213.jpg,C:\Users\trish\Desktop\smart-waste-segregation-ai\data\raw\realwaste\Metal\Metal_213.jpg,trashnet,paper\paper398.jpg,C:\Users\trish\Desktop\smart-waste-segregation-ai\data\raw\trashnet\paper\paper398.jpg
10,realwaste,Cardboard\Cardboard_181.jpg,C:\Users\trish\Desktop\smart-waste-segregation-ai\data\raw\realwaste\Cardboard\Cardboard_181.jpg,realwaste,Miscellaneous Trash\Miscellaneous Trash_63.jpg,C:\Users\trish\Desktop\smart-waste-segregation-ai\data\raw\realwaste\Miscellaneous Trash\Miscellaneous Trash_63.jpg
10,realwaste,Food Organics\Food Organics_122.jpg,C:\Users\trish\Desktop\smart-waste-segregation-ai\data\raw\realwaste\Food Organics\Food Organics_122.jpg,realwaste,Plastic\Plastic_479.jpg,C:\Users\trish\Desktop\smart-waste-segregation-ai\data\raw\realwaste\Plastic\Plastic_479.jpg
10,trashnet,glass\glass222.jpg,C:\Users\trish\Desktop\smart-waste-segregation-ai\data\raw\trashnet\glass\glass222.jpg,trashnet,paper\paper588.jpg,C:\Users\trish\Desktop\smart-waste-segregation-ai\data\raw\trashnet\paper\paper588.jpg
10,realwaste,Metal\Metal_151.jpg,C:\Users\trish\Desktop\smart-waste-segregation-ai\data\raw\realwaste\Metal\Metal_151.jpg,realwaste,Plastic\Plastic_331.jpg,C:\Users\trish\Desktop\smart-waste-segregation-ai\data\raw\realwaste\Plastic\Plastic_331.jpg
10,realwaste,Food Organics\Food Organics_205.jpg,C:\Users\trish\Desktop\smart-waste-segregation-ai\data\raw\realwaste\Food Organics\Food Organics_205.jpg,realwaste,Glass\Glass_309.jpg,C:\Users\trish\Desktop\smart-waste-segregation-ai\data\raw\realwaste\Glass\Glass_309.jpg
10,realwaste,Metal\Metal_522.jpg,C:\Users\trish\Desktop\smart-waste-segregation-ai\data\raw\realwaste\Metal\Metal_522.jpg,realwaste,Metal\Metal_609.jpg,C:\Users\trish\Desktop\smart-waste-segregation-ai\data\raw\realwaste\Metal\Metal_609.jpg
10,trashnet,glass\glass76.jpg,C:\Users\trish\Desktop\smart-waste-segregation-ai\data\raw\trashnet\glass\glass76.jpg,trashnet,plastic\plastic35.jpg,C:\Users\trish\Desktop\smart-waste-segregation-ai\data\raw\trashnet\plastic\plastic35.jpg
8,realwaste,Food Organics\Food Organics_150.jpg,C:\Users\trish\Desktop\smart-waste-segregation-ai\data\raw\realwaste\Food Organics\Food Organics_150.jpg,realwaste,Food Organics\Food Organics_50.jpg,C:\Users\trish\Desktop\smart-waste-segregation-ai\data\raw\realwaste\Food Organics\Food Organics_50.jpg
10,ewaste,train\Mouse\Mouse_261.jpg,C:\Users\trish\Desktop\smart-waste-segregation-ai\data\raw\ewaste\train\Mouse\Mouse_261.jpg,ewaste,train\Mouse\Mouse_63.jpg,C:\Users\trish\Desktop\smart-waste-segregation-ai\data\raw\ewaste\train\Mouse\Mouse_63.jpg
8,realwaste,Food Organics\Food Organics_178.jpg,C:\Users\trish\Desktop\smart-waste-segregation-ai\data\raw\realwaste\Food Organics\Food Organics_178.jpg,realwaste,Food Organics\Food Organics_73.jpg,C:\Users\trish\Desktop\smart-waste-segregation-ai\data\raw\realwaste\Food Organics\Food Organics_73.jpg
10,realwaste,Cardboard\Cardboard_279.jpg,C:\Users\trish\Desktop\smart-waste-segregation-ai\data\raw\realwaste\Cardboard\Cardboard_279.jpg,realwaste,Textile Trash\Textile Trash_30.jpg,C:\Users\trish\Desktop\smart-waste-segregation-ai\data\raw\realwaste\Textile Trash\Textile Trash_30.jpg
8,ewaste,train\Battery\battery_179.jpg,C:\Users\trish\Desktop\smart-waste-segregation-ai\data\raw\ewaste\train\Battery\battery_179.jpg,ewaste,train\Washing Machine\Washing_Machine_21.jpg,C:\Users\trish\Desktop\smart-waste-segregation-ai\data\raw\ewaste\train\Washing Machine\Washing_Machine_21.jpg
10,trashnet,glass\glass74.jpg,C:\Users\trish\Desktop\smart-waste-segregation-ai\data\raw\trashnet\glass\glass74.jpg,trashnet,plastic\plastic154.jpg,C:\Users\trish\Desktop\smart-waste-segregation-ai\data\raw\trashnet\plastic\plastic154.jpg
8,realwaste,Metal\Metal_388.jpg,C:\Users\trish\Desktop\smart-waste-segregation-ai\data\raw\realwaste\Metal\Metal_388.jpg,realwaste,Paper\Paper_261.jpg,C:\Users\trish\Desktop\smart-waste-segregation-ai\data\raw\realwaste\Paper\Paper_261.jpg
8,ewaste,test\Washing Machine\Washing_Machine_264.jpg,C:\Users\trish\Desktop\smart-waste-segregation-ai\data\raw\ewaste\test\Washing Machine\Washing_Machine_264.jpg,ewaste,train\Washing Machine\Washing_Machine_1.jpg,C:\Users\trish\Desktop\smart-waste-segregation-ai\data\raw\ewaste\train\Washing Machine\Washing_Machine_1.jpg
10,realwaste,Metal\Metal_552.jpg,C:\Users\trish\Desktop\smart-waste-segregation-ai\data\raw\realwaste\Metal\Metal_552.jpg,realwaste,Plastic\Plastic_258.jpg,C:\Users\trish\Desktop\smart-waste-segregation-ai\data\raw\realwaste\Plastic\Plastic_258.jpg
10,ewaste,train\Mouse\Mouse_96.jpg,C:\Users\trish\Desktop\smart-waste-segregation-ai\data\raw\ewaste\train\Mouse\Mouse_96.jpg,ewaste,val\Battery\battery_226.jpg,C:\Users\trish\Desktop\smart-waste-segregation-ai\data\raw\ewaste\val\Battery\battery_226.jpg
10,realwaste,Vegetation\Vegetation_191.jpg,C:\Users\trish\Desktop\smart-waste-segregation-ai\data\raw\realwaste\Vegetation\Vegetation_191.jpg,trashnet,glass\glass245.jpg,C:\Users\trish\Desktop\smart-waste-segregation-ai\data\raw\trashnet\glass\glass245.jpg
10,trashnet,plastic\plastic107.jpg,C:\Users\trish\Desktop\smart-waste-segregation-ai\data\raw\trashnet\plastic\plastic107.jpg,trashnet,plastic\plastic329.jpg,C:\Users\trish\Desktop\smart-waste-segregation-ai\data\raw\trashnet\plastic\plastic329.jpg
8,realwaste,Miscellaneous Trash\Miscellaneous Trash_63.jpg,C:\Users\trish\Desktop\smart-waste-segregation-ai\data\raw\realwaste\Miscellaneous Trash\Miscellaneous Trash_63.jpg,realwaste,Miscellaneous Trash\Miscellaneous Trash_72.jpg,C:\Users\trish\Desktop\smart-waste-segregation-ai\data\raw\realwaste\Miscellaneous Trash\Miscellaneous Trash_72.jpg
8,realwaste,Metal\Metal_239.jpg,C:\Users\trish\Desktop\smart-waste-segregation-ai\data\raw\realwaste\Metal\Metal_239.jpg,realwaste,Metal\Metal_594.jpg,C:\Users\trish\Desktop\smart-waste-segregation-ai\data\raw\realwaste\Metal\Metal_594.jpg
10,realwaste,Metal\Metal_26.jpg,C:\Users\trish\Desktop\smart-waste-segregation-ai\data\raw\realwaste\Metal\Metal_26.jpg,realwaste,Miscellaneous Trash\Miscellaneous Trash_494.jpg,C:\Users\trish\Desktop\smart-waste-segregation-ai\data\raw\realwaste\Miscellaneous Trash\Miscellaneous Trash_494.jpg
10,realwaste,Miscellaneous Trash\Miscellaneous Trash_37.jpg,C:\Users\trish\Desktop\smart-waste-segregation-ai\data\raw\realwaste\Miscellaneous Trash\Miscellaneous Trash_37.jpg,realwaste,Plastic\Plastic_467.jpg,C:\Users\trish\Desktop\smart-waste-segregation-ai\data\raw\realwaste\Plastic\Plastic_467.jpg
8,realwaste,Plastic\Plastic_361.jpg,C:\Users\trish\Desktop\smart-waste-segregation-ai\data\raw\realwaste\Plastic\Plastic_361.jpg,trashnet,metal\metal214.jpg,C:\Users\trish\Desktop\smart-waste-segregation-ai\data\raw\trashnet\metal\metal214.jpg
10,realwaste,Plastic\Plastic_354.jpg,C:\Users\trish\Desktop\smart-waste-segregation-ai\data\raw\realwaste\Plastic\Plastic_354.jpg,trashnet,plastic\plastic154.jpg,C:\Users\trish\Desktop\smart-waste-segregation-ai\data\raw\trashnet\plastic\plastic154.jpg
10,phenomsg,Non-Recyclable\Non-Recyclable\sanitary_napkin\feminine-hygiene-products-concept_23-2148660550.jpg,C:\Users\trish\Desktop\smart-waste-segregation-ai\data\raw\phenomsg\Non-Recyclable\Non-Recyclable\sanitary_napkin\feminine-hygiene-products-concept_23-2148660550.jpg,realwaste,Food Organics\Food Organics_295.jpg,C:\Users\trish\Desktop\smart-waste-segregation-ai\data\raw\realwaste\Food Organics\Food Organics_295.jpg
8,realwaste,Metal\Metal_484.jpg,C:\Users\trish\Desktop\smart-waste-segregation-ai\data\raw\realwaste\Metal\Metal_484.jpg,realwaste,Metal\Metal_753.jpg,C:\Users\trish\Desktop\smart-waste-segregation-ai\data\raw\realwaste\Metal\Metal_753.jpg
8,ewaste,train\Player\Player_77.jpg,C:\Users\trish\Desktop\smart-waste-segregation-ai\data\raw\ewaste\train\Player\Player_77.jpg,ewaste,train\Player\Player_82.jpg,C:\Users\trish\Desktop\smart-waste-segregation-ai\data\raw\ewaste\train\Player\Player_82.jpg
8,realwaste,Metal\Metal_239.jpg,C:\Users\trish\Desktop\smart-waste-segregation-ai\data\raw\realwaste\Metal\Metal_239.jpg,trashnet,plastic\plastic179.jpg,C:\Users\trish\Desktop\smart-waste-segregation-ai\data\raw\trashnet\plastic\plastic179.jpg
10,realwaste,Food Organics\Food Organics_144.jpg,C:\Users\trish\Desktop\smart-waste-segregation-ai\data\raw\realwaste\Food Organics\Food Organics_144.jpg,realwaste,Metal\Metal_276.jpg,C:\Users\trish\Desktop\smart-waste-segregation-ai\data\raw\realwaste\Metal\Metal_276.jpg
8,realwaste,Glass\Glass_386.jpg,C:\Users\trish\Desktop\smart-waste-segregation-ai\data\raw\realwaste\Glass\Glass_386.jpg,trashnet,glass\glass27.jpg,C:\Users\trish\Desktop\smart-waste-segregation-ai\data\raw\trashnet\glass\glass27.jpg
10,ewaste,val\Battery\battery_247.jpg,C:\Users\trish\Desktop\smart-waste-segregation-ai\data\raw\ewaste\val\Battery\battery_247.jpg,trashnet,plastic\plastic464.jpg,C:\Users\trish\Desktop\smart-waste-segregation-ai\data\raw\trashnet\plastic\plastic464.jpg
10,realwaste,Food Organics\Food Organics_228.jpg,C:\Users\trish\Desktop\smart-waste-segregation-ai\data\raw\realwaste\Food Organics\Food Organics_228.jpg,realwaste,Metal\Metal_490.jpg,C:\Users\trish\Desktop\smart-waste-segregation-ai\data\raw\realwaste\Metal\Metal_490.jpg
10,realwaste,Miscellaneous Trash\Miscellaneous Trash_401.jpg,C:\Users\trish\Desktop\smart-waste-segregation-ai\data\raw\realwaste\Miscellaneous Trash\Miscellaneous Trash_401.jpg,realwaste,Miscellaneous Trash\Miscellaneous Trash_432.jpg,C:\Users\trish\Desktop\smart-waste-segregation-ai\data\raw\realwaste\Miscellaneous Trash\Miscellaneous Trash_432.jpg
10,realwaste,Plastic\Plastic_37.jpg,C:\Users\trish\Desktop\smart-waste-segregation-ai\data\raw\realwaste\Plastic\Plastic_37.jpg,realwaste,Textile Trash\Textile Trash_206.jpg,C:\Users\trish\Desktop\smart-waste-segregation-ai\data\raw\realwaste\Textile Trash\Textile Trash_206.jpg
10,realwaste,Miscellaneous Trash\Miscellaneous Trash_119.jpg,C:\Users\trish\Desktop\smart-waste-segregation-ai\data\raw\realwaste\Miscellaneous Trash\Miscellaneous Trash_119.jpg,realwaste,Miscellaneous Trash\Miscellaneous Trash_129.jpg,C:\Users\trish\Desktop\smart-waste-segregation-ai\data\raw\realwaste\Miscellaneous Trash\Miscellaneous Trash_129.jpg
8,realwaste,Metal\Metal_680.jpg,C:\Users\trish\Desktop\smart-waste-segregation-ai\data\raw\realwaste\Metal\Metal_680.jpg,realwaste,Metal\Metal_718.jpg,C:\Users\trish\Desktop\smart-waste-segregation-ai\data\raw\realwaste\Metal\Metal_718.jpg
10,realwaste,Cardboard\Cardboard_167.jpg,C:\Users\trish\Desktop\smart-waste-segregation-ai\data\raw\realwaste\Cardboard\Cardboard_167.jpg,trashnet,trash\trash95.jpg,C:\Users\trish\Desktop\smart-waste-segregation-ai\data\raw\trashnet\trash\trash95.jpg
10,trashnet,metal\metal152.jpg,C:\Users\trish\Desktop\smart-waste-segregation-ai\data\raw\trashnet\metal\metal152.jpg,trashnet,metal\metal155.jpg,C:\Users\trish\Desktop\smart-waste-segregation-ai\data\raw\trashnet\metal\metal155.jpg
10,realwaste,Glass\Glass_222.jpg,C:\Users\trish\Desktop\smart-waste-segregation-ai\data\raw\realwaste\Glass\Glass_222.jpg,realwaste,Paper\Paper_230.jpg,C:\Users\trish\Desktop\smart-waste-segregation-ai\data\raw\realwaste\Paper\Paper_230.jpg
10,realwaste,Food Organics\Food Organics_234.jpg,C:\Users\trish\Desktop\smart-waste-segregation-ai\data\raw\realwaste\Food Organics\Food Organics_234.jpg,realwaste,Metal\Metal_432.jpg,C:\Users\trish\Desktop\smart-waste-segregation-ai\data\raw\realwaste\Metal\Metal_432.jpg
10,realwaste,Cardboard\Cardboard_78.jpg,C:\Users\trish\Desktop\smart-waste-segregation-ai\data\raw\realwaste\Cardboard\Cardboard_78.jpg,realwaste,Metal\Metal_260.jpg,C:\Users\trish\Desktop\smart-waste-segregation-ai\data\raw\realwaste\Metal\Metal_260.jpg
10,ewaste,train\Washing Machine\Washing_Machine_249.jpg,C:\Users\trish\Desktop\smart-waste-segregation-ai\data\raw\ewaste\train\Washing Machine\Washing_Machine_249.jpg,realwaste,Metal\Metal_633.jpg,C:\Users\trish\Desktop\smart-waste-segregation-ai\data\raw\realwaste\Metal\Metal_633.jpg
10,ewaste,train\Battery\battery_233.jpg,C:\Users\trish\Desktop\smart-waste-segregation-ai\data\raw\ewaste\train\Battery\battery_233.jpg,trashnet,plastic\plastic394.jpg,C:\Users\trish\Desktop\smart-waste-segregation-ai\data\raw\trashnet\plastic\plastic394.jpg
10,ewaste,train\Washing Machine\Washing_Machine_51.jpg,C:\Users\trish\Desktop\smart-waste-segregation-ai\data\raw\ewaste\train\Washing Machine\Washing_Machine_51.jpg,realwaste,Metal\Metal_46.jpg,C:\Users\trish\Desktop\smart-waste-segregation-ai\data\raw\realwaste\Metal\Metal_46.jpg
10,trashnet,cardboard\cardboard171.jpg,C:\Users\trish\Desktop\smart-waste-segregation-ai\data\raw\trashnet\cardboard\cardboard171.jpg,trashnet,plastic\plastic448.jpg,C:\Users\trish\Desktop\smart-waste-segregation-ai\data\raw\trashnet\plastic\plastic448.jpg
10,ewaste,train\Battery\battery_134.jpg,C:\Users\trish\Desktop\smart-waste-segregation-ai\data\raw\ewaste\train\Battery\battery_134.jpg,trashnet,glass\glass378.jpg,C:\Users\trish\Desktop\smart-waste-segregation-ai\data\raw\trashnet\glass\glass378.jpg
10,realwaste,Miscellaneous Trash\Miscellaneous Trash_114.jpg,C:\Users\trish\Desktop\smart-waste-segregation-ai\data\raw\realwaste\Miscellaneous Trash\Miscellaneous Trash_114.jpg,trashnet,metal\metal178.jpg,C:\Users\trish\Desktop\smart-waste-segregation-ai\data\raw\trashnet\metal\metal178.jpg
10,ewaste,test\Washing Machine\Washing_Machine_75.jpg,C:\Users\trish\Desktop\smart-waste-segregation-ai\data\raw\ewaste\test\Washing Machine\Washing_Machine_75.jpg,trashnet,metal\metal155.jpg,C:\Users\trish\Desktop\smart-waste-segregation-ai\data\raw\trashnet\metal\metal155.jpg
10,ewaste,train\Battery\battery_208.jpg,C:\Users\trish\Desktop\smart-waste-segregation-ai\data\raw\ewaste\train\Battery\battery_208.jpg,realwaste,Glass\Glass_412.jpg,C:\Users\trish\Desktop\smart-waste-segregation-ai\data\raw\realwaste\Glass\Glass_412.jpg
10,realwaste,Paper\Paper_9.jpg,C:\Users\trish\Desktop\smart-waste-segregation-ai\data\raw\realwaste\Paper\Paper_9.jpg,realwaste,Textile Trash\Textile Trash_262.jpg,C:\Users\trish\Desktop\smart-waste-segregation-ai\data\raw\realwaste\Textile Trash\Textile Trash_262.jpg
8,ewaste,val\Mobile\Mobile_129.jpg,C:\Users\trish\Desktop\smart-waste-segregation-ai\data\raw\ewaste\val\Mobile\Mobile_129.jpg,realwaste,Textile Trash\Textile Trash_199.jpg,C:\Users\trish\Desktop\smart-waste-segregation-ai\data\raw\realwaste\Textile Trash\Textile Trash_199.jpg
8,realwaste,Metal\Metal_592.jpg,C:\Users\trish\Desktop\smart-waste-segregation-ai\data\raw\realwaste\Metal\Metal_592.jpg,realwaste,Plastic\Plastic_100.jpg,C:\Users\trish\Desktop\smart-waste-segregation-ai\data\raw\realwaste\Plastic\Plastic_100.jpg
10,trashnet,glass\glass252.jpg,C:\Users\trish\Desktop\smart-waste-segregation-ai\data\raw\trashnet\glass\glass252.jpg,trashnet,trash\trash133.jpg,C:\Users\trish\Desktop\smart-waste-segregation-ai\data\raw\trashnet\trash\trash133.jpg
10,realwaste,Metal\Metal_24.jpg,C:\Users\trish\Desktop\smart-waste-segregation-ai\data\raw\realwaste\Metal\Metal_24.jpg,realwaste,Metal\Metal_490.jpg,C:\Users\trish\Desktop\smart-waste-segregation-ai\data\raw\realwaste\Metal\Metal_490.jpg
10,phenomsg,Hazardous\Hazardous\paints\Paint-Solvents-and-Thinners.jpg,C:\Users\trish\Desktop\smart-waste-segregation-ai\data\raw\phenomsg\Hazardous\Hazardous\paints\Paint-Solvents-and-Thinners.jpg,realwaste,Plastic\Plastic_479.jpg,C:\Users\trish\Desktop\smart-waste-segregation-ai\data\raw\realwaste\Plastic\Plastic_479.jpg
10,realwaste,Plastic\Plastic_85.jpg,C:\Users\trish\Desktop\smart-waste-segregation-ai\data\raw\realwaste\Plastic\Plastic_85.jpg,trashnet,metal\metal178.jpg,C:\Users\trish\Desktop\smart-waste-segregation-ai\data\raw\trashnet\metal\metal178.jpg
8,realwaste,Metal\Metal_546.jpg,C:\Users\trish\Desktop\smart-waste-segregation-ai\data\raw\realwaste\Metal\Metal_546.jpg,trashnet,plastic\plastic9.jpg,C:\Users\trish\Desktop\smart-waste-segregation-ai\data\raw\trashnet\plastic\plastic9.jpg
10,realwaste,Textile Trash\Textile Trash_201.jpg,C:\Users\trish\Desktop\smart-waste-segregation-ai\data\raw\realwaste\Textile Trash\Textile Trash_201.jpg,realwaste,Textile Trash\Textile Trash_266.jpg,C:\Users\trish\Desktop\smart-waste-segregation-ai\data\raw\realwaste\Textile Trash\Textile Trash_266.jpg
10,realwaste,Miscellaneous Trash\Miscellaneous Trash_360.jpg,C:\Users\trish\Desktop\smart-waste-segregation-ai\data\raw\realwaste\Miscellaneous Trash\Miscellaneous Trash_360.jpg,trashnet,plastic\plastic275.jpg,C:\Users\trish\Desktop\smart-waste-segregation-ai\data\raw\trashnet\plastic\plastic275.jpg
10,realwaste,Metal\Metal_588.jpg,C:\Users\trish\Desktop\smart-waste-segregation-ai\data\raw\realwaste\Metal\Metal_588.jpg,realwaste,Plastic\Plastic_85.jpg,C:\Users\trish\Desktop\smart-waste-segregation-ai\data\raw\realwaste\Plastic\Plastic_85.jpg
8,realwaste,Plastic\Plastic_142.jpg,C:\Users\trish\Desktop\smart-waste-segregation-ai\data\raw\realwaste\Plastic\Plastic_142.jpg,realwaste,Plastic\Plastic_72.jpg,C:\Users\trish\Desktop\smart-waste-segregation-ai\data\raw\realwaste\Plastic\Plastic_72.jpg
8,trashnet,glass\glass193.jpg,C:\Users\trish\Desktop\smart-waste-segregation-ai\data\raw\trashnet\glass\glass193.jpg,trashnet,metal\metal369.jpg,C:\Users\trish\Desktop\smart-waste-segregation-ai\data\raw\trashnet\metal\metal369.jpg
10,realwaste,Metal\Metal_206.jpg,C:\Users\trish\Desktop\smart-waste-segregation-ai\data\raw\realwaste\Metal\Metal_206.jpg,trashnet,trash\trash132.jpg,C:\Users\trish\Desktop\smart-waste-segregation-ai\data\raw\trashnet\trash\trash132.jpg
8,realwaste,Metal\Metal_182.jpg,C:\Users\trish\Desktop\smart-waste-segregation-ai\data\raw\realwaste\Metal\Metal_182.jpg,realwaste,Miscellaneous Trash\Miscellaneous Trash_67.jpg,C:\Users\trish\Desktop\smart-waste-segregation-ai\data\raw\realwaste\Miscellaneous Trash\Miscellaneous Trash_67.jpg
10,realwaste,Glass\Glass_157.jpg,C:\Users\trish\Desktop\smart-waste-segregation-ai\data\raw\realwaste\Glass\Glass_157.jpg,realwaste,Plastic\Plastic_319.jpg,C:\Users\trish\Desktop\smart-waste-segregation-ai\data\raw\realwaste\Plastic\Plastic_319.jpg
10,realwaste,Food Organics\Food Organics_50.jpg,C:\Users\trish\Desktop\smart-waste-segregation-ai\data\raw\realwaste\Food Organics\Food Organics_50.jpg,realwaste,Metal\Metal_326.jpg,C:\Users\trish\Desktop\smart-waste-segregation-ai\data\raw\realwaste\Metal\Metal_326.jpg
10,realwaste,Plastic\Plastic_218.jpg,C:\Users\trish\Desktop\smart-waste-segregation-ai\data\raw\realwaste\Plastic\Plastic_218.jpg,realwaste,Plastic\Plastic_354.jpg,C:\Users\trish\Desktop\smart-waste-segregation-ai\data\raw\realwaste\Plastic\Plastic_354.jpg
10,realwaste,Metal\Metal_324.jpg,C:\Users\trish\Desktop\smart-waste-segregation-ai\data\raw\realwaste\Metal\Metal_324.jpg,realwaste,Plastic\Plastic_31.jpg,C:\Users\trish\Desktop\smart-waste-segregation-ai\data\raw\realwaste\Plastic\Plastic_31.jpg
10,realwaste,Metal\Metal_555.jpg,C:\Users\trish\Desktop\smart-waste-segregation-ai\data\raw\realwaste\Metal\Metal_555.jpg,realwaste,Plastic\Plastic_688.jpg,C:\Users\trish\Desktop\smart-waste-segregation-ai\data\raw\realwaste\Plastic\Plastic_688.jpg
10,realwaste,Metal\Metal_683.jpg,C:\Users\trish\Desktop\smart-waste-segregation-ai\data\raw\realwaste\Metal\Metal_683.jpg,realwaste,Plastic\Plastic_816.jpg,C:\Users\trish\Desktop\smart-waste-segregation-ai\data\raw\realwaste\Plastic\Plastic_816.jpg
10,realwaste,Paper\Paper_305.jpg,C:\Users\trish\Desktop\smart-waste-segregation-ai\data\raw\realwaste\Paper\Paper_305.jpg,trashnet,glass\glass267.jpg,C:\Users\trish\Desktop\smart-waste-segregation-ai\data\raw\trashnet\glass\glass267.jpg
10,realwaste,Vegetation\Vegetation_109.jpg,C:\Users\trish\Desktop\smart-waste-segregation-ai\data\raw\realwaste\Vegetation\Vegetation_109.jpg,realwaste,Vegetation\Vegetation_110.jpg,C:\Users\trish\Desktop\smart-waste-segregation-ai\data\raw\realwaste\Vegetation\Vegetation_110.jpg
10,ewaste,train\Mouse\Mouse_202.jpg,C:\Users\trish\Desktop\smart-waste-segregation-ai\data\raw\ewaste\train\Mouse\Mouse_202.jpg,phenomsg,Recyclable\Recyclable\cans_all_type\beverage-can-architecture.jpg,C:\Users\trish\Desktop\smart-waste-segregation-ai\data\raw\phenomsg\Recyclable\Recyclable\cans_all_type\beverage-can-architecture.jpg
8,ewaste,train\Mobile\Mobile_138.jpg,C:\Users\trish\Desktop\smart-waste-segregation-ai\data\raw\ewaste\train\Mobile\Mobile_138.jpg,ewaste,val\Mobile\Mobile_129.jpg,C:\Users\trish\Desktop\smart-waste-segregation-ai\data\raw\ewaste\val\Mobile\Mobile_129.jpg
10,realwaste,Cardboard\Cardboard_322.jpg,C:\Users\trish\Desktop\smart-waste-segregation-ai\data\raw\realwaste\Cardboard\Cardboard_322.jpg,realwaste,Food Organics\Food Organics_126.jpg,C:\Users\trish\Desktop\smart-waste-segregation-ai\data\raw\realwaste\Food Organics\Food Organics_126.jpg
10,ewaste,train\Player\Player_230.jpg,C:\Users\trish\Desktop\smart-waste-segregation-ai\data\raw\ewaste\train\Player\Player_230.jpg,ewaste,train\Player\Player_235.jpg,C:\Users\trish\Desktop\smart-waste-segregation-ai\data\raw\ewaste\train\Player\Player_235.jpg
10,ewaste,train\Printer\Printer_142.jpg,C:\Users\trish\Desktop\smart-waste-segregation-ai\data\raw\ewaste\train\Printer\Printer_142.jpg,phenomsg,Recyclable\Recyclable\cans_all_type\711Ggg6DhAL.jpg,C:\Users\trish\Desktop\smart-waste-segregation-ai\data\raw\phenomsg\Recyclable\Recyclable\cans_all_type\711Ggg6DhAL.jpg
10,realwaste,Food Organics\Food Organics_141.jpg,C:\Users\trish\Desktop\smart-waste-segregation-ai\data\raw\realwaste\Food Organics\Food Organics_141.jpg,realwaste,Metal\Metal_242.jpg,C:\Users\trish\Desktop\smart-waste-segregation-ai\data\raw\realwaste\Metal\Metal_242.jpg
10,realwaste,Food Organics\Food Organics_104.jpg,C:\Users\trish\Desktop\smart-waste-segregation-ai\data\raw\realwaste\Food Organics\Food Organics_104.jpg,realwaste,Food Organics\Food Organics_150.jpg,C:\Users\trish\Desktop\smart-waste-segregation-ai\data\raw\realwaste\Food Organics\Food Organics_150.jpg
10,ewaste,train\Mouse\Mouse_143.jpg,C:\Users\trish\Desktop\smart-waste-segregation-ai\data\raw\ewaste\train\Mouse\Mouse_143.jpg,realwaste,Plastic\Plastic_137.jpg,C:\Users\trish\Desktop\smart-waste-segregation-ai\data\raw\realwaste\Plastic\Plastic_137.jpg
8,realwaste,Glass\Glass_337.jpg,C:\Users\trish\Desktop\smart-waste-segregation-ai\data\raw\realwaste\Glass\Glass_337.jpg,realwaste,Plastic\Plastic_56.jpg,C:\Users\trish\Desktop\smart-waste-segregation-ai\data\raw\realwaste\Plastic\Plastic_56.jpg
10,phenomsg,Organic\Organic\food_scraps\0.32790600_1489483849_food-loss.jpg,C:\Users\trish\Desktop\smart-waste-segregation-ai\data\raw\phenomsg\Organic\Organic\food_scraps\0.32790600_1489483849_food-loss.jpg,realwaste,Glass\Glass_314.jpg,C:\Users\trish\Desktop\smart-waste-segregation-ai\data\raw\realwaste\Glass\Glass_314.jpg
10,realwaste,Plastic\Plastic_79.jpg,C:\Users\trish\Desktop\smart-waste-segregation-ai\data\raw\realwaste\Plastic\Plastic_79.jpg,trashnet,plastic\plastic26.jpg,C:\Users\trish\Desktop\smart-waste-segregation-ai\data\raw\trashnet\plastic\plastic26.jpg
10,realwaste,Metal\Metal_349.jpg,C:\Users\trish\Desktop\smart-waste-segregation-ai\data\raw\realwaste\Metal\Metal_349.jpg,realwaste,Metal\Metal_371.jpg,C:\Users\trish\Desktop\smart-waste-segregation-ai\data\raw\realwaste\Metal\Metal_371.jpg
8,realwaste,Metal\Metal_484.jpg,C:\Users\trish\Desktop\smart-waste-segregation-ai\data\raw\realwaste\Metal\Metal_484.jpg,trashnet,cardboard\cardboard217.jpg,C:\Users\trish\Desktop\smart-waste-segregation-ai\data\raw\trashnet\cardboard\cardboard217.jpg
10,realwaste,Paper\Paper_133.jpg,C:\Users\trish\Desktop\smart-waste-segregation-ai\data\raw\realwaste\Paper\Paper_133.jpg,realwaste,Paper\Paper_99.jpg,C:\Users\trish\Desktop\smart-waste-segregation-ai\data\raw\realwaste\Paper\Paper_99.jpg
10,realwaste,Plastic\Plastic_420.jpg,C:\Users\trish\Desktop\smart-waste-segregation-ai\data\raw\realwaste\Plastic\Plastic_420.jpg,trashnet,glass\glass325.jpg,C:\Users\trish\Desktop\smart-waste-segregation-ai\data\raw\trashnet\glass\glass325.jpg
10,ewaste,train\Washing Machine\Washing_Machine_19.jpg,C:\Users\trish\Desktop\smart-waste-segregation-ai\data\raw\ewaste\train\Washing Machine\Washing_Machine_19.jpg,trashnet,metal\metal159.jpg,C:\Users\trish\Desktop\smart-waste-segregation-ai\data\raw\trashnet\metal\metal159.jpg
10,realwaste,Plastic\Plastic_216.jpg,C:\Users\trish\Desktop\smart-waste-segregation-ai\data\raw\realwaste\Plastic\Plastic_216.jpg,realwaste,Plastic\Plastic_231.jpg,C:\Users\trish\Desktop\smart-waste-segregation-ai\data\raw\realwaste\Plastic\Plastic_231.jpg
10,realwaste,Miscellaneous Trash\Miscellaneous Trash_398.jpg,C:\Users\trish\Desktop\smart-waste-segregation-ai\data\raw\realwaste\Miscellaneous Trash\Miscellaneous Trash_398.jpg,realwaste,Plastic\Plastic_109.jpg,C:\Users\trish\Desktop\smart-waste-segregation-ai\data\raw\realwaste\Plastic\Plastic_109.jpg
8,realwaste,Miscellaneous Trash\Miscellaneous Trash_201.jpg,C:\Users\trish\Desktop\smart-waste-segregation-ai\data\raw\realwaste\Miscellaneous Trash\Miscellaneous Trash_201.jpg,realwaste,Miscellaneous Trash\Miscellaneous Trash_98.jpg,C:\Users\trish\Desktop\smart-waste-segregation-ai\data\raw\realwaste\Miscellaneous Trash\Miscellaneous Trash_98.jpg
10,realwaste,Miscellaneous Trash\Miscellaneous Trash_56.jpg,C:\Users\trish\Desktop\smart-waste-segregation-ai\data\raw\realwaste\Miscellaneous Trash\Miscellaneous Trash_56.jpg,realwaste,Textile Trash\Textile Trash_293.jpg,C:\Users\trish\Desktop\smart-waste-segregation-ai\data\raw\realwaste\Textile Trash\Textile Trash_293.jpg
10,realwaste,Plastic\Plastic_255.jpg,C:\Users\trish\Desktop\smart-waste-segregation-ai\data\raw\realwaste\Plastic\Plastic_255.jpg,trashnet,paper\paper11.jpg,C:\Users\trish\Desktop\smart-waste-segregation-ai\data\raw\trashnet\paper\paper11.jpg
8,realwaste,Metal\Metal_326.jpg,C:\Users\trish\Desktop\smart-waste-segregation-ai\data\raw\realwaste\Metal\Metal_326.jpg,realwaste,Plastic\Plastic_229.jpg,C:\Users\trish\Desktop\smart-waste-segregation-ai\data\raw\realwaste\Plastic\Plastic_229.jpg
10,realwaste,Food Organics\Food Organics_367.jpg,C:\Users\trish\Desktop\smart-waste-segregation-ai\data\raw\realwaste\Food Organics\Food Organics_367.jpg,realwaste,Food Organics\Food Organics_369.jpg,C:\Users\trish\Desktop\smart-waste-segregation-ai\data\raw\realwaste\Food Organics\Food Organics_369.jpg
10,realwaste,Miscellaneous Trash\Miscellaneous Trash_119.jpg,C:\Users\trish\Desktop\smart-waste-segregation-ai\data\raw\realwaste\Miscellaneous Trash\Miscellaneous Trash_119.jpg,realwaste,Plastic\Plastic_634.jpg,C:\Users\trish\Desktop\smart-waste-segregation-ai\data\raw\realwaste\Plastic\Plastic_634.jpg
10,ewaste,train\Washing Machine\Washing_Machine_30.jpg,C:\Users\trish\Desktop\smart-waste-segregation-ai\data\raw\ewaste\train\Washing Machine\Washing_Machine_30.jpg,realwaste,Plastic\Plastic_121.jpg,C:\Users\trish\Desktop\smart-waste-segregation-ai\data\raw\realwaste\Plastic\Plastic_121.jpg
10,realwaste,Metal\Metal_719.jpg,C:\Users\trish\Desktop\smart-waste-segregation-ai\data\raw\realwaste\Metal\Metal_719.jpg,realwaste,Metal\Metal_744.jpg,C:\Users\trish\Desktop\smart-waste-segregation-ai\data\raw\realwaste\Metal\Metal_744.jpg
8,trashnet,metal\metal210.jpg,C:\Users\trish\Desktop\smart-waste-segregation-ai\data\raw\trashnet\metal\metal210.jpg,trashnet,plastic\plastic76.jpg,C:\Users\trish\Desktop\smart-waste-segregation-ai\data\raw\trashnet\plastic\plastic76.jpg
10,realwaste,Miscellaneous Trash\Miscellaneous Trash_56.jpg,C:\Users\trish\Desktop\smart-waste-segregation-ai\data\raw\realwaste\Miscellaneous Trash\Miscellaneous Trash_56.jpg,realwaste,Plastic\Plastic_234.jpg,C:\Users\trish\Desktop\smart-waste-segregation-ai\data\raw\realwaste\Plastic\Plastic_234.jpg
10,trashnet,plastic\plastic266.jpg,C:\Users\trish\Desktop\smart-waste-segregation-ai\data\raw\trashnet\plastic\plastic266.jpg,trashnet,trash\trash122.jpg,C:\Users\trish\Desktop\smart-waste-segregation-ai\data\raw\trashnet\trash\trash122.jpg
10,realwaste,Plastic\Plastic_186.jpg,C:\Users\trish\Desktop\smart-waste-segregation-ai\data\raw\realwaste\Plastic\Plastic_186.jpg,realwaste,Plastic\Plastic_763.jpg,C:\Users\trish\Desktop\smart-waste-segregation-ai\data\raw\realwaste\Plastic\Plastic_763.jpg
8,ewaste,test\Washing Machine\Washing_Machine_264.jpg,C:\Users\trish\Desktop\smart-waste-segregation-ai\data\raw\ewaste\test\Washing Machine\Washing_Machine_264.jpg,realwaste,Glass\Glass_30.jpg,C:\Users\trish\Desktop\smart-waste-segregation-ai\data\raw\realwaste\Glass\Glass_30.jpg
10,ewaste,train\Microwave\Microwave_197.jpg,C:\Users\trish\Desktop\smart-waste-segregation-ai\data\raw\ewaste\train\Microwave\Microwave_197.jpg,ewaste,train\Microwave\Microwave_76.jpg,C:\Users\trish\Desktop\smart-waste-segregation-ai\data\raw\ewaste\train\Microwave\Microwave_76.jpg
10,ewaste,train\Battery\battery_114.jpg,C:\Users\trish\Desktop\smart-waste-segregation-ai\data\raw\ewaste\train\Battery\battery_114.jpg,ewaste,train\Player\Player_244.jpg,C:\Users\trish\Desktop\smart-waste-segregation-ai\data\raw\ewaste\train\Player\Player_244.jpg
10,realwaste,Plastic\Plastic_856.jpg,C:\Users\trish\Desktop\smart-waste-segregation-ai\data\raw\realwaste\Plastic\Plastic_856.jpg,trashnet,glass\glass217.jpg,C:\Users\trish\Desktop\smart-waste-segregation-ai\data\raw\trashnet\glass\glass217.jpg
10,realwaste,Glass\Glass_307.jpg,C:\Users\trish\Desktop\smart-waste-segregation-ai\data\raw\realwaste\Glass\Glass_307.jpg,trashnet,metal\metal166.jpg,C:\Users\trish\Desktop\smart-waste-segregation-ai\data\raw\trashnet\metal\metal166.jpg
10,realwaste,Textile Trash\Textile Trash_63.jpg,C:\Users\trish\Desktop\smart-waste-segregation-ai\data\raw\realwaste\Textile Trash\Textile Trash_63.jpg,trashnet,glass\glass236.jpg,C:\Users\trish\Desktop\smart-waste-segregation-ai\data\raw\trashnet\glass\glass236.jpg
10,realwaste,Plastic\Plastic_120.jpg,C:\Users\trish\Desktop\smart-waste-segregation-ai\data\raw\realwaste\Plastic\Plastic_120.jpg,realwaste,Plastic\Plastic_763.jpg,C:\Users\trish\Desktop\smart-waste-segregation-ai\data\raw\realwaste\Plastic\Plastic_763.jpg
10,ewaste,train\PCB\pcb_50.jpg,C:\Users\trish\Desktop\smart-waste-segregation-ai\data\raw\ewaste\train\PCB\pcb_50.jpg,trashnet,glass\glass229.jpg,C:\Users\trish\Desktop\smart-waste-segregation-ai\data\raw\trashnet\glass\glass229.jpg
10,ewaste,train\Washing Machine\Washing_Machine_9.jpg,C:\Users\trish\Desktop\smart-waste-segregation-ai\data\raw\ewaste\train\Washing Machine\Washing_Machine_9.jpg,trashnet,metal\metal152.jpg,C:\Users\trish\Desktop\smart-waste-segregation-ai\data\raw\trashnet\metal\metal152.jpg
10,realwaste,Cardboard\Cardboard_420.jpg,C:\Users\trish\Desktop\smart-waste-segregation-ai\data\raw\realwaste\Cardboard\Cardboard_420.jpg,trashnet,paper\paper517.jpg,C:\Users\trish\Desktop\smart-waste-segregation-ai\data\raw\trashnet\paper\paper517.jpg
10,ewaste,train\Battery\battery_263.jpg,C:\Users\trish\Desktop\smart-waste-segregation-ai\data\raw\ewaste\train\Battery\battery_263.jpg,trashnet,plastic\plastic10.jpg,C:\Users\trish\Desktop\smart-waste-segregation-ai\data\raw\trashnet\plastic\plastic10.jpg
8,ewaste,train\Player\Player_10.jpg,C:\Users\trish\Desktop\smart-waste-segregation-ai\data\raw\ewaste\train\Player\Player_10.jpg,ewaste,train\Printer\Printer_132.jpg,C:\Users\trish\Desktop\smart-waste-segregation-ai\data\raw\ewaste\train\Printer\Printer_132.jpg
10,realwaste,Metal\Metal_705.jpg,C:\Users\trish\Desktop\smart-waste-segregation-ai\data\raw\realwaste\Metal\Metal_705.jpg,realwaste,Miscellaneous Trash\Miscellaneous Trash_250.jpg,C:\Users\trish\Desktop\smart-waste-segregation-ai\data\raw\realwaste\Miscellaneous Trash\Miscellaneous Trash_250.jpg
10,trashnet,glass\glass166.jpg,C:\Users\trish\Desktop\smart-waste-segregation-ai\data\raw\trashnet\glass\glass166.jpg,trashnet,paper\paper128.jpg,C:\Users\trish\Desktop\smart-waste-segregation-ai\data\raw\trashnet\paper\paper128.jpg
10,realwaste,Metal\Metal_643.jpg,C:\Users\trish\Desktop\smart-waste-segregation-ai\data\raw\realwaste\Metal\Metal_643.jpg,realwaste,Miscellaneous Trash\Miscellaneous Trash_56.jpg,C:\Users\trish\Desktop\smart-waste-segregation-ai\data\raw\realwaste\Miscellaneous Trash\Miscellaneous Trash_56.jpg
10,realwaste,Metal\Metal_22.jpg,C:\Users\trish\Desktop\smart-waste-segregation-ai\data\raw\realwaste\Metal\Metal_22.jpg,realwaste,Plastic\Plastic_110.jpg,C:\Users\trish\Desktop\smart-waste-segregation-ai\data\raw\realwaste\Plastic\Plastic_110.jpg
8,realwaste,Metal\Metal_127.jpg,C:\Users\trish\Desktop\smart-waste-segregation-ai\data\raw\realwaste\Metal\Metal_127.jpg,realwaste,Miscellaneous Trash\Miscellaneous Trash_56.jpg,C:\Users\trish\Desktop\smart-waste-segregation-ai\data\raw\realwaste\Miscellaneous Trash\Miscellaneous Trash_56.jpg
10,ewaste,train\Washing Machine\Washing_Machine_159.jpg,C:\Users\trish\Desktop\smart-waste-segregation-ai\data\raw\ewaste\train\Washing Machine\Washing_Machine_159.jpg,ewaste,train\Washing Machine\Washing_Machine_9.jpg,C:\Users\trish\Desktop\smart-waste-segregation-ai\data\raw\ewaste\train\Washing Machine\Washing_Machine_9.jpg
10,realwaste,Metal\Metal_238.jpg,C:\Users\trish\Desktop\smart-waste-segregation-ai\data\raw\realwaste\Metal\Metal_238.jpg,realwaste,Plastic\Plastic_123.jpg,C:\Users\trish\Desktop\smart-waste-segregation-ai\data\raw\realwaste\Plastic\Plastic_123.jpg
8,realwaste,Plastic\Plastic_218.jpg,C:\Users\trish\Desktop\smart-waste-segregation-ai\data\raw\realwaste\Plastic\Plastic_218.jpg,trashnet,metal\metal6.jpg,C:\Users\trish\Desktop\smart-waste-segregation-ai\data\raw\trashnet\metal\metal6.jpg
10,realwaste,Metal\Metal_373.jpg,C:\Users\trish\Desktop\smart-waste-segregation-ai\data\raw\realwaste\Metal\Metal_373.jpg,trashnet,glass\glass486.jpg,C:\Users\trish\Desktop\smart-waste-segregation-ai\data\raw\trashnet\glass\glass486.jpg
10,realwaste,Metal\Metal_655.jpg,C:\Users\trish\Desktop\smart-waste-segregation-ai\data\raw\realwaste\Metal\Metal_655.jpg,realwaste,Miscellaneous Trash\Miscellaneous Trash_141.jpg,C:\Users\trish\Desktop\smart-waste-segregation-ai\data\raw\realwaste\Miscellaneous Trash\Miscellaneous Trash_141.jpg
10,realwaste,Paper\Paper_305.jpg,C:\Users\trish\Desktop\smart-waste-segregation-ai\data\raw\realwaste\Paper\Paper_305.jpg,realwaste,Textile Trash\Textile Trash_129.jpg,C:\Users\trish\Desktop\smart-waste-segregation-ai\data\raw\realwaste\Textile Trash\Textile Trash_129.jpg
8,ewaste,test\Battery\battery_4.jpg,C:\Users\trish\Desktop\smart-waste-segregation-ai\data\raw\ewaste\test\Battery\battery_4.jpg,ewaste,val\Keyboard\Keyboard_239.jpg,C:\Users\trish\Desktop\smart-waste-segregation-ai\data\raw\ewaste\val\Keyboard\Keyboard_239.jpg
10,realwaste,Plastic\Plastic_258.jpg,C:\Users\trish\Desktop\smart-waste-segregation-ai\data\raw\realwaste\Plastic\Plastic_258.jpg,realwaste,Plastic\Plastic_72.jpg,C:\Users\trish\Desktop\smart-waste-segregation-ai\data\raw\realwaste\Plastic\Plastic_72.jpg
10,realwaste,Glass\Glass_157.jpg,C:\Users\trish\Desktop\smart-waste-segregation-ai\data\raw\realwaste\Glass\Glass_157.jpg,realwaste,Plastic\Plastic_808.jpg,C:\Users\trish\Desktop\smart-waste-segregation-ai\data\raw\realwaste\Plastic\Plastic_808.jpg
8,realwaste,Metal\Metal_702.jpg,C:\Users\trish\Desktop\smart-waste-segregation-ai\data\raw\realwaste\Metal\Metal_702.jpg,trashnet,glass\glass6.jpg,C:\Users\trish\Desktop\smart-waste-segregation-ai\data\raw\trashnet\glass\glass6.jpg
10,realwaste,Cardboard\Cardboard_134.jpg,C:\Users\trish\Desktop\smart-waste-segregation-ai\data\raw\realwaste\Cardboard\Cardboard_134.jpg,realwaste,Paper\Paper_258.jpg,C:\Users\trish\Desktop\smart-waste-segregation-ai\data\raw\realwaste\Paper\Paper_258.jpg
10,ewaste,test\Microwave\Microwave_294.jpg,C:\Users\trish\Desktop\smart-waste-segregation-ai\data\raw\ewaste\test\Microwave\Microwave_294.jpg,ewaste,train\Keyboard\Keyboard_219.jpg,C:\Users\trish\Desktop\smart-waste-segregation-ai\data\raw\ewaste\train\Keyboard\Keyboard_219.jpg
10,ewaste,train\Mouse\Mouse_74.jpg,C:\Users\trish\Desktop\smart-waste-segregation-ai\data\raw\ewaste\train\Mouse\Mouse_74.jpg,ewaste,val\Mouse\Mouse_118.jpg,C:\Users\trish\Desktop\smart-waste-segregation-ai\data\raw\ewaste\val\Mouse\Mouse_118.jpg
10,realwaste,Miscellaneous Trash\Miscellaneous Trash_305.jpg,C:\Users\trish\Desktop\smart-waste-segregation-ai\data\raw\realwaste\Miscellaneous Trash\Miscellaneous Trash_305.jpg,trashnet,metal\metal344.jpg,C:\Users\trish\Desktop\smart-waste-segregation-ai\data\raw\trashnet\metal\metal344.jpg
8,ewaste,train\Keyboard\Keyboard_85.jpg,C:\Users\trish\Desktop\smart-waste-segregation-ai\data\raw\ewaste\train\Keyboard\Keyboard_85.jpg,ewaste,val\Keyboard\Keyboard_239.jpg,C:\Users\trish\Desktop\smart-waste-segregation-ai\data\raw\ewaste\val\Keyboard\Keyboard_239.jpg
10,realwaste,Miscellaneous Trash\Miscellaneous Trash_227.jpg,C:\Users\trish\Desktop\smart-waste-segregation-ai\data\raw\realwaste\Miscellaneous Trash\Miscellaneous Trash_227.jpg,realwaste,Miscellaneous Trash\Miscellaneous Trash_98.jpg,C:\Users\trish\Desktop\smart-waste-segregation-ai\data\raw\realwaste\Miscellaneous Trash\Miscellaneous Trash_98.jpg
8,ewaste,train\Battery\battery_237.jpg,C:\Users\trish\Desktop\smart-waste-segregation-ai\data\raw\ewaste\train\Battery\battery_237.jpg,ewaste,train\Battery\battery_46.jpg,C:\Users\trish\Desktop\smart-waste-segregation-ai\data\raw\ewaste\train\Battery\battery_46.jpg
10,realwaste,Plastic\Plastic_352.jpg,C:\Users\trish\Desktop\smart-waste-segregation-ai\data\raw\realwaste\Plastic\Plastic_352.jpg,trashnet,glass\glass281.jpg,C:\Users\trish\Desktop\smart-waste-segregation-ai\data\raw\trashnet\glass\glass281.jpg
10,realwaste,Glass\Glass_185.jpg,C:\Users\trish\Desktop\smart-waste-segregation-ai\data\raw\realwaste\Glass\Glass_185.jpg,realwaste,Glass\Glass_229.jpg,C:\Users\trish\Desktop\smart-waste-segregation-ai\data\raw\realwaste\Glass\Glass_229.jpg
10,realwaste,Metal\Metal_229.jpg,C:\Users\trish\Desktop\smart-waste-segregation-ai\data\raw\realwaste\Metal\Metal_229.jpg,realwaste,Plastic\Plastic_208.jpg,C:\Users\trish\Desktop\smart-waste-segregation-ai\data\raw\realwaste\Plastic\Plastic_208.jpg
8,realwaste,Plastic\Plastic_246.jpg,C:\Users\trish\Desktop\smart-waste-segregation-ai\data\raw\realwaste\Plastic\Plastic_246.jpg,realwaste,Plastic\Plastic_784.jpg,C:\Users\trish\Desktop\smart-waste-segregation-ai\data\raw\realwaste\Plastic\Plastic_784.jpg
8,trashnet,glass\glass74.jpg,C:\Users\trish\Desktop\smart-waste-segregation-ai\data\raw\trashnet\glass\glass74.jpg,trashnet,metal\metal155.jpg,C:\Users\trish\Desktop\smart-waste-segregation-ai\data\raw\trashnet\metal\metal155.jpg
8,realwaste,Metal\Metal_179.jpg,C:\Users\trish\Desktop\smart-waste-segregation-ai\data\raw\realwaste\Metal\Metal_179.jpg,realwaste,Miscellaneous Trash\Miscellaneous Trash_478.jpg,C:\Users\trish\Desktop\smart-waste-segregation-ai\data\raw\realwaste\Miscellaneous Trash\Miscellaneous Trash_478.jpg
8,realwaste,Plastic\Plastic_12.jpg,C:\Users\trish\Desktop\smart-waste-segregation-ai\data\raw\realwaste\Plastic\Plastic_12.jpg,trashnet,glass\glass409.jpg,C:\Users\trish\Desktop\smart-waste-segregation-ai\data\raw\trashnet\glass\glass409.jpg
10,realwaste,Metal\Metal_755.jpg,C:\Users\trish\Desktop\smart-waste-segregation-ai\data\raw\realwaste\Metal\Metal_755.jpg,realwaste,Plastic\Plastic_354.jpg,C:\Users\trish\Desktop\smart-waste-segregation-ai\data\raw\realwaste\Plastic\Plastic_354.jpg
10,realwaste,Metal\Metal_702.jpg,C:\Users\trish\Desktop\smart-waste-segregation-ai\data\raw\realwaste\Metal\Metal_702.jpg,trashnet,glass\glass96.jpg,C:\Users\trish\Desktop\smart-waste-segregation-ai\data\raw\trashnet\glass\glass96.jpg
10,ewaste,train\Microwave\Microwave_76.jpg,C:\Users\trish\Desktop\smart-waste-segregation-ai\data\raw\ewaste\train\Microwave\Microwave_76.jpg,trashnet,paper\paper299.jpg,C:\Users\trish\Desktop\smart-waste-segregation-ai\data\raw\trashnet\paper\paper299.jpg
8,realwaste,Plastic\Plastic_202.jpg,C:\Users\trish\Desktop\smart-waste-segregation-ai\data\raw\realwaste\Plastic\Plastic_202.jpg,trashnet,metal\metal160.jpg,C:\Users\trish\Desktop\smart-waste-segregation-ai\data\raw\trashnet\metal\metal160.jpg
8,realwaste,Miscellaneous Trash\Miscellaneous Trash_227.jpg,C:\Users\trish\Desktop\smart-waste-segregation-ai\data\raw\realwaste\Miscellaneous Trash\Miscellaneous Trash_227.jpg,trashnet,trash\trash130.jpg,C:\Users\trish\Desktop\smart-waste-segregation-ai\data\raw\trashnet\trash\trash130.jpg
10,realwaste,Glass\Glass_370.jpg,C:\Users\trish\Desktop\smart-waste-segregation-ai\data\raw\realwaste\Glass\Glass_370.jpg,trashnet,trash\trash118.jpg,C:\Users\trish\Desktop\smart-waste-segregation-ai\data\raw\trashnet\trash\trash118.jpg
10,ewaste,train\Washing Machine\Washing_Machine_159.jpg,C:\Users\trish\Desktop\smart-waste-segregation-ai\data\raw\ewaste\train\Washing Machine\Washing_Machine_159.jpg,realwaste,Plastic\Plastic_216.jpg,C:\Users\trish\Desktop\smart-waste-segregation-ai\data\raw\realwaste\Plastic\Plastic_216.jpg
10,realwaste,Plastic\Plastic_218.jpg,C:\Users\trish\Desktop\smart-waste-segregation-ai\data\raw\realwaste\Plastic\Plastic_218.jpg,trashnet,metal\metal152.jpg,C:\Users\trish\Desktop\smart-waste-segregation-ai\data\raw\trashnet\metal\metal152.jpg
10,realwaste,Metal\Metal_542.jpg,C:\Users\trish\Desktop\smart-waste-segregation-ai\data\raw\realwaste\Metal\Metal_542.jpg,realwaste,Plastic\Plastic_688.jpg,C:\Users\trish\Desktop\smart-waste-segregation-ai\data\raw\realwaste\Plastic\Plastic_688.jpg
10,ewaste,test\Player\Player_24.jpg,C:\Users\trish\Desktop\smart-waste-segregation-ai\data\raw\ewaste\test\Player\Player_24.jpg,realwaste,Plastic\Plastic_33.jpg,C:\Users\trish\Desktop\smart-waste-segregation-ai\data\raw\realwaste\Plastic\Plastic_33.jpg
8,realwaste,Plastic\Plastic_354.jpg,C:\Users\trish\Desktop\smart-waste-segregation-ai\data\raw\realwaste\Plastic\Plastic_354.jpg,trashnet,glass\glass74.jpg,C:\Users\trish\Desktop\smart-waste-segregation-ai\data\raw\trashnet\glass\glass74.jpg
10,realwaste,Plastic\Plastic_791.jpg,C:\Users\trish\Desktop\smart-waste-segregation-ai\data\raw\realwaste\Plastic\Plastic_791.jpg,realwaste,Plastic\Plastic_792.jpg,C:\Users\trish\Desktop\smart-waste-segregation-ai\data\raw\realwaste\Plastic\Plastic_792.jpg
8,ewaste,train\Player\Player_127.jpg,C:\Users\trish\Desktop\smart-waste-segregation-ai\data\raw\ewaste\train\Player\Player_127.jpg,ewaste,train\Player\Player_173.jpg,C:\Users\trish\Desktop\smart-waste-segregation-ai\data\raw\ewaste\train\Player\Player_173.jpg
10,realwaste,Plastic\Plastic_354.jpg,C:\Users\trish\Desktop\smart-waste-segregation-ai\data\raw\realwaste\Plastic\Plastic_354.jpg,trashnet,metal\metal155.jpg,C:\Users\trish\Desktop\smart-waste-segregation-ai\data\raw\trashnet\metal\metal155.jpg
8,ewaste,train\Battery\battery_167.jpg,C:\Users\trish\Desktop\smart-waste-segregation-ai\data\raw\ewaste\train\Battery\battery_167.jpg,realwaste,Vegetation\Vegetation_317.jpg,C:\Users\trish\Desktop\smart-waste-segregation-ai\data\raw\realwaste\Vegetation\Vegetation_317.jpg
8,realwaste,Food Organics\Food Organics_398.jpg,C:\Users\trish\Desktop\smart-waste-segregation-ai\data\raw\realwaste\Food Organics\Food Organics_398.jpg,realwaste,Plastic\Plastic_624.jpg,C:\Users\trish\Desktop\smart-waste-segregation-ai\data\raw\realwaste\Plastic\Plastic_624.jpg
8,phenomsg,Hazardous\Hazardous\paints\Paint-Solvents-and-Thinners.jpg,C:\Users\trish\Desktop\smart-waste-segregation-ai\data\raw\phenomsg\Hazardous\Hazardous\paints\Paint-Solvents-and-Thinners.jpg,realwaste,Plastic\Plastic_235.jpg,C:\Users\trish\Desktop\smart-waste-segregation-ai\data\raw\realwaste\Plastic\Plastic_235.jpg
10,realwaste,Plastic\Plastic_786.jpg,C:\Users\trish\Desktop\smart-waste-segregation-ai\data\raw\realwaste\Plastic\Plastic_786.jpg,trashnet,glass\glass13.jpg,C:\Users\trish\Desktop\smart-waste-segregation-ai\data\raw\trashnet\glass\glass13.jpg
8,realwaste,Food Organics\Food Organics_78.jpg,C:\Users\trish\Desktop\smart-waste-segregation-ai\data\raw\realwaste\Food Organics\Food Organics_78.jpg,trashnet,paper\paper226.jpg,C:\Users\trish\Desktop\smart-waste-segregation-ai\data\raw\trashnet\paper\paper226.jpg
8,realwaste,Food Organics\Food Organics_73.jpg,C:\Users\trish\Desktop\smart-waste-segregation-ai\data\raw\realwaste\Food Organics\Food Organics_73.jpg,realwaste,Miscellaneous Trash\Miscellaneous Trash_212.jpg,C:\Users\trish\Desktop\smart-waste-segregation-ai\data\raw\realwaste\Miscellaneous Trash\Miscellaneous Trash_212.jpg
10,trashnet,glass\glass135.jpg,C:\Users\trish\Desktop\smart-waste-segregation-ai\data\raw\trashnet\glass\glass135.jpg,trashnet,glass\glass368.jpg,C:\Users\trish\Desktop\smart-waste-segregation-ai\data\raw\trashnet\glass\glass368.jpg
10,ewaste,train\Mouse\Mouse_180.jpg,C:\Users\trish\Desktop\smart-waste-segregation-ai\data\raw\ewaste\train\Mouse\Mouse_180.jpg,realwaste,Metal\Metal_400.jpg,C:\Users\trish\Desktop\smart-waste-segregation-ai\data\raw\realwaste\Metal\Metal_400.jpg
8,realwaste,Food Organics\Food Organics_104.jpg,C:\Users\trish\Desktop\smart-waste-segregation-ai\data\raw\realwaste\Food Organics\Food Organics_104.jpg,trashnet,plastic\plastic136.jpg,C:\Users\trish\Desktop\smart-waste-segregation-ai\data\raw\trashnet\plastic\plastic136.jpg
8,realwaste,Metal\Metal_345.jpg,C:\Users\trish\Desktop\smart-waste-segregation-ai\data\raw\realwaste\Metal\Metal_345.jpg,realwaste,Metal\Metal_414.jpg,C:\Users\trish\Desktop\smart-waste-segregation-ai\data\raw\realwaste\Metal\Metal_414.jpg
8,realwaste,Miscellaneous Trash\Miscellaneous Trash_404.jpg,C:\Users\trish\Desktop\smart-waste-segregation-ai\data\raw\realwaste\Miscellaneous Trash\Miscellaneous Trash_404.jpg,realwaste,Miscellaneous Trash\Miscellaneous Trash_440.jpg,C:\Users\trish\Desktop\smart-waste-segregation-ai\data\raw\realwaste\Miscellaneous Trash\Miscellaneous Trash_440.jpg
10,ewaste,train\Battery\battery_195.jpg,C:\Users\trish\Desktop\smart-waste-segregation-ai\data\raw\ewaste\train\Battery\battery_195.jpg,realwaste,Metal\Metal_718.jpg,C:\Users\trish\Desktop\smart-waste-segregation-ai\data\raw\realwaste\Metal\Metal_718.jpg
10,realwaste,Metal\Metal_677.jpg,C:\Users\trish\Desktop\smart-waste-segregation-ai\data\raw\realwaste\Metal\Metal_677.jpg,realwaste,Miscellaneous Trash\Miscellaneous Trash_139.jpg,C:\Users\trish\Desktop\smart-waste-segregation-ai\data\raw\realwaste\Miscellaneous Trash\Miscellaneous Trash_139.jpg
10,realwaste,Plastic\Plastic_131.jpg,C:\Users\trish\Desktop\smart-waste-segregation-ai\data\raw\realwaste\Plastic\Plastic_131.jpg,realwaste,Textile Trash\Textile Trash_289.jpg,C:\Users\trish\Desktop\smart-waste-segregation-ai\data\raw\realwaste\Textile Trash\Textile Trash_289.jpg
10,realwaste,Miscellaneous Trash\Miscellaneous Trash_56.jpg,C:\Users\trish\Desktop\smart-waste-segregation-ai\data\raw\realwaste\Miscellaneous Trash\Miscellaneous Trash_56.jpg,realwaste,Textile Trash\Textile Trash_213.jpg,C:\Users\trish\Desktop\smart-waste-segregation-ai\data\raw\realwaste\Textile Trash\Textile Trash_213.jpg
10,realwaste,Miscellaneous Trash\Miscellaneous Trash_129.jpg,C:\Users\trish\Desktop\smart-waste-segregation-ai\data\raw\realwaste\Miscellaneous Trash\Miscellaneous Trash_129.jpg,trashnet,plastic\plastic179.jpg,C:\Users\trish\Desktop\smart-waste-segregation-ai\data\raw\trashnet\plastic\plastic179.jpg
10,realwaste,Glass\Glass_393.jpg,C:\Users\trish\Desktop\smart-waste-segregation-ai\data\raw\realwaste\Glass\Glass_393.jpg,realwaste,Miscellaneous Trash\Miscellaneous Trash_492.jpg,C:\Users\trish\Desktop\smart-waste-segregation-ai\data\raw\realwaste\Miscellaneous Trash\Miscellaneous Trash_492.jpg
10,realwaste,Metal\Metal_51.jpg,C:\Users\trish\Desktop\smart-waste-segregation-ai\data\raw\realwaste\Metal\Metal_51.jpg,realwaste,Metal\Metal_570.jpg,C:\Users\trish\Desktop\smart-waste-segregation-ai\data\raw\realwaste\Metal\Metal_570.jpg
10,ewaste,train\Mouse\Mouse_143.jpg,C:\Users\trish\Desktop\smart-waste-segregation-ai\data\raw\ewaste\train\Mouse\Mouse_143.jpg,realwaste,Cardboard\Cardboard_174.jpg,C:\Users\trish\Desktop\smart-waste-segregation-ai\data\raw\realwaste\Cardboard\Cardboard_174.jpg
10,realwaste,Glass\Glass_294.jpg,C:\Users\trish\Desktop\smart-waste-segregation-ai\data\raw\realwaste\Glass\Glass_294.jpg,trashnet,glass\glass14.jpg,C:\Users\trish\Desktop\smart-waste-segregation-ai\data\raw\trashnet\glass\glass14.jpg
10,realwaste,Glass\Glass_33.jpg,C:\Users\trish\Desktop\smart-waste-segregation-ai\data\raw\realwaste\Glass\Glass_33.jpg,realwaste,Metal\Metal_1.jpg,C:\Users\trish\Desktop\smart-waste-segregation-ai\data\raw\realwaste\Metal\Metal_1.jpg
10,ewaste,train\Television\Television_221.jpg,C:\Users\trish\Desktop\smart-waste-segregation-ai\data\raw\ewaste\train\Television\Television_221.jpg,ewaste,train\Television\Television_48.jpg,C:\Users\trish\Desktop\smart-waste-segregation-ai\data\raw\ewaste\train\Television\Television_48.jpg
10,realwaste,Miscellaneous Trash\Miscellaneous Trash_200.jpg,C:\Users\trish\Desktop\smart-waste-segregation-ai\data\raw\realwaste\Miscellaneous Trash\Miscellaneous Trash_200.jpg,trashnet,metal\metal275.jpg,C:\Users\trish\Desktop\smart-waste-segregation-ai\data\raw\trashnet\metal\metal275.jpg
10,realwaste,Food Organics\Food Organics_201.jpg,C:\Users\trish\Desktop\smart-waste-segregation-ai\data\raw\realwaste\Food Organics\Food Organics_201.jpg,trashnet,plastic\plastic255.jpg,C:\Users\trish\Desktop\smart-waste-segregation-ai\data\raw\trashnet\plastic\plastic255.jpg
10,realwaste,Food Organics\Food Organics_325.jpg,C:\Users\trish\Desktop\smart-waste-segregation-ai\data\raw\realwaste\Food Organics\Food Organics_325.jpg,trashnet,plastic\plastic178.jpg,C:\Users\trish\Desktop\smart-waste-segregation-ai\data\raw\trashnet\plastic\plastic178.jpg
10,realwaste,Paper\Paper_130.jpg,C:\Users\trish\Desktop\smart-waste-segregation-ai\data\raw\realwaste\Paper\Paper_130.jpg,realwaste,Paper\Paper_312.jpg,C:\Users\trish\Desktop\smart-waste-segregation-ai\data\raw\realwaste\Paper\Paper_312.jpg
10,ewaste,test\Washing Machine\Washing_Machine_75.jpg,C:\Users\trish\Desktop\smart-waste-segregation-ai\data\raw\ewaste\test\Washing Machine\Washing_Machine_75.jpg,trashnet,plastic\plastic467.jpg,C:\Users\trish\Desktop\smart-waste-segregation-ai\data\raw\trashnet\plastic\plastic467.jpg
8,ewaste,test\Washing Machine\Washing_Machine_4.jpg,C:\Users\trish\Desktop\smart-waste-segregation-ai\data\raw\ewaste\test\Washing Machine\Washing_Machine_4.jpg,realwaste,Metal\Metal_616.jpg,C:\Users\trish\Desktop\smart-waste-segregation-ai\data\raw\realwaste\Metal\Metal_616.jpg
10,realwaste,Metal\Metal_502.jpg,C:\Users\trish\Desktop\smart-waste-segregation-ai\data\raw\realwaste\Metal\Metal_502.jpg,realwaste,Textile Trash\Textile Trash_90.jpg,C:\Users\trish\Desktop\smart-waste-segregation-ai\data\raw\realwaste\Textile Trash\Textile Trash_90.jpg
10,realwaste,Metal\Metal_562.jpg,C:\Users\trish\Desktop\smart-waste-segregation-ai\data\raw\realwaste\Metal\Metal_562.jpg,realwaste,Metal\Metal_563.jpg,C:\Users\trish\Desktop\smart-waste-segregation-ai\data\raw\realwaste\Metal\Metal_563.jpg
10,realwaste,Metal\Metal_126.jpg,C:\Users\trish\Desktop\smart-waste-segregation-ai\data\raw\realwaste\Metal\Metal_126.jpg,realwaste,Plastic\Plastic_234.jpg,C:\Users\trish\Desktop\smart-waste-segregation-ai\data\raw\realwaste\Plastic\Plastic_234.jpg
10,realwaste,Plastic\Plastic_22.jpg,C:\Users\trish\Desktop\smart-waste-segregation-ai\data\raw\realwaste\Plastic\Plastic_22.jpg,realwaste,Plastic\Plastic_742.jpg,C:\Users\trish\Desktop\smart-waste-segregation-ai\data\raw\realwaste\Plastic\Plastic_742.jpg
10,ewaste,val\Washing Machine\Washing_Machine_95.jpg,C:\Users\trish\Desktop\smart-waste-segregation-ai\data\raw\ewaste\val\Washing Machine\Washing_Machine_95.jpg,realwaste,Food Organics\Food Organics_75.jpg,C:\Users\trish\Desktop\smart-waste-segregation-ai\data\raw\realwaste\Food Organics\Food Organics_75.jpg
10,realwaste,Plastic\Plastic_162.jpg,C:\Users\trish\Desktop\smart-waste-segregation-ai\data\raw\realwaste\Plastic\Plastic_162.jpg,realwaste,Plastic\Plastic_585.jpg,C:\Users\trish\Desktop\smart-waste-segregation-ai\data\raw\realwaste\Plastic\Plastic_585.jpg
10,trashnet,glass\glass453.jpg,C:\Users\trish\Desktop\smart-waste-segregation-ai\data\raw\trashnet\glass\glass453.jpg,trashnet,plastic\plastic76.jpg,C:\Users\trish\Desktop\smart-waste-segregation-ai\data\raw\trashnet\plastic\plastic76.jpg
10,realwaste,Miscellaneous Trash\Miscellaneous Trash_205.jpg,C:\Users\trish\Desktop\smart-waste-segregation-ai\data\raw\realwaste\Miscellaneous Trash\Miscellaneous Trash_205.jpg,realwaste,Plastic\Plastic_20.jpg,C:\Users\trish\Desktop\smart-waste-segregation-ai\data\raw\realwaste\Plastic\Plastic_20.jpg
10,ewaste,train\Washing Machine\Washing_Machine_123.jpg,C:\Users\trish\Desktop\smart-waste-segregation-ai\data\raw\ewaste\train\Washing Machine\Washing_Machine_123.jpg,realwaste,Plastic\Plastic_251.jpg,C:\Users\trish\Desktop\smart-waste-segregation-ai\data\raw\realwaste\Plastic\Plastic_251.jpg
8,trashnet,glass\glass444.jpg,C:\Users\trish\Desktop\smart-waste-segregation-ai\data\raw\trashnet\glass\glass444.jpg,trashnet,glass\glass74.jpg,C:\Users\trish\Desktop\smart-waste-segregation-ai\data\raw\trashnet\glass\glass74.jpg
10,realwaste,Miscellaneous Trash\Miscellaneous Trash_141.jpg,C:\Users\trish\Desktop\smart-waste-segregation-ai\data\raw\realwaste\Miscellaneous Trash\Miscellaneous Trash_141.jpg,trashnet,cardboard\cardboard133.jpg,C:\Users\trish\Desktop\smart-waste-segregation-ai\data\raw\trashnet\cardboard\cardboard133.jpg
10,realwaste,Metal\Metal_598.jpg,C:\Users\trish\Desktop\smart-waste-segregation-ai\data\raw\realwaste\Metal\Metal_598.jpg,realwaste,Metal\Metal_739.jpg,C:\Users\trish\Desktop\smart-waste-segregation-ai\data\raw\realwaste\Metal\Metal_739.jpg
10,realwaste,Metal\Metal_38.jpg,C:\Users\trish\Desktop\smart-waste-segregation-ai\data\raw\realwaste\Metal\Metal_38.jpg,trashnet,plastic\plastic19.jpg,C:\Users\trish\Desktop\smart-waste-segregation-ai\data\raw\trashnet\plastic\plastic19.jpg
8,realwaste,Metal\Metal_377.jpg,C:\Users\trish\Desktop\smart-waste-segregation-ai\data\raw\realwaste\Metal\Metal_377.jpg,realwaste,Metal\Metal_522.jpg,C:\Users\trish\Desktop\smart-waste-segregation-ai\data\raw\realwaste\Metal\Metal_522.jpg
10,realwaste,Plastic\Plastic_324.jpg,C:\Users\trish\Desktop\smart-waste-segregation-ai\data\raw\realwaste\Plastic\Plastic_324.jpg,realwaste,Plastic\Plastic_906.jpg,C:\Users\trish\Desktop\smart-waste-segregation-ai\data\raw\realwaste\Plastic\Plastic_906.jpg
10,realwaste,Metal\Metal_112.jpg,C:\Users\trish\Desktop\smart-waste-segregation-ai\data\raw\realwaste\Metal\Metal_112.jpg,realwaste,Metal\Metal_240.jpg,C:\Users\trish\Desktop\smart-waste-segregation-ai\data\raw\realwaste\Metal\Metal_240.jpg
8,realwaste,Metal\Metal_453.jpg,C:\Users\trish\Desktop\smart-waste-segregation-ai\data\raw\realwaste\Metal\Metal_453.jpg,realwaste,Metal\Metal_469.jpg,C:\Users\trish\Desktop\smart-waste-segregation-ai\data\raw\realwaste\Metal\Metal_469.jpg
10,realwaste,Glass\Glass_337.jpg,C:\Users\trish\Desktop\smart-waste-segregation-ai\data\raw\realwaste\Glass\Glass_337.jpg,realwaste,Plastic\Plastic_867.jpg,C:\Users\trish\Desktop\smart-waste-segregation-ai\data\raw\realwaste\Plastic\Plastic_867.jpg
8,realwaste,Metal\Metal_242.jpg,C:\Users\trish\Desktop\smart-waste-segregation-ai\data\raw\realwaste\Metal\Metal_242.jpg,trashnet,plastic\plastic9.jpg,C:\Users\trish\Desktop\smart-waste-segregation-ai\data\raw\trashnet\plastic\plastic9.jpg
10,ewaste,train\Battery\battery_246.jpg,C:\Users\trish\Desktop\smart-waste-segregation-ai\data\raw\ewaste\train\Battery\battery_246.jpg,ewaste,train\Printer\Printer_132.jpg,C:\Users\trish\Desktop\smart-waste-segregation-ai\data\raw\ewaste\train\Printer\Printer_132.jpg
8,realwaste,Metal\Metal_191.jpg,C:\Users\trish\Desktop\smart-waste-segregation-ai\data\raw\realwaste\Metal\Metal_191.jpg,realwaste,Plastic\Plastic_650.jpg,C:\Users\trish\Desktop\smart-waste-segregation-ai\data\raw\realwaste\Plastic\Plastic_650.jpg
10,ewaste,train\Player\Player_249.jpg,C:\Users\trish\Desktop\smart-waste-segregation-ai\data\raw\ewaste\train\Player\Player_249.jpg,realwaste,Food Organics\Food Organics_123.jpg,C:\Users\trish\Desktop\smart-waste-segregation-ai\data\raw\realwaste\Food Organics\Food Organics_123.jpg
8,realwaste,Plastic\Plastic_101.jpg,C:\Users\trish\Desktop\smart-waste-segregation-ai\data\raw\realwaste\Plastic\Plastic_101.jpg,realwaste,Plastic\Plastic_71.jpg,C:\Users\trish\Desktop\smart-waste-segregation-ai\data\raw\realwaste\Plastic\Plastic_71.jpg
10,realwaste,Food Organics\Food Organics_143.jpg,C:\Users\trish\Desktop\smart-waste-segregation-ai\data\raw\realwaste\Food Organics\Food Organics_143.jpg,realwaste,Food Organics\Food Organics_199.jpg,C:\Users\trish\Desktop\smart-waste-segregation-ai\data\raw\realwaste\Food Organics\Food Organics_199.jpg
10,realwaste,Metal\Metal_628.jpg,C:\Users\trish\Desktop\smart-waste-segregation-ai\data\raw\realwaste\Metal\Metal_628.jpg,realwaste,Plastic\Plastic_41.jpg,C:\Users\trish\Desktop\smart-waste-segregation-ai\data\raw\realwaste\Plastic\Plastic_41.jpg
10,realwaste,Metal\Metal_563.jpg,C:\Users\trish\Desktop\smart-waste-segregation-ai\data\raw\realwaste\Metal\Metal_563.jpg,realwaste,Metal\Metal_677.jpg,C:\Users\trish\Desktop\smart-waste-segregation-ai\data\raw\realwaste\Metal\Metal_677.jpg
10,trashnet,glass\glass454.jpg,C:\Users\trish\Desktop\smart-waste-segregation-ai\data\raw\trashnet\glass\glass454.jpg,trashnet,plastic\plastic41.jpg,C:\Users\trish\Desktop\smart-waste-segregation-ai\data\raw\trashnet\plastic\plastic41.jpg
10,realwaste,Food Organics\Food Organics_202.jpg,C:\Users\trish\Desktop\smart-waste-segregation-ai\data\raw\realwaste\Food Organics\Food Organics_202.jpg,trashnet,plastic\plastic9.jpg,C:\Users\trish\Desktop\smart-waste-segregation-ai\data\raw\trashnet\plastic\plastic9.jpg
10,realwaste,Cardboard\Cardboard_29.jpg,C:\Users\trish\Desktop\smart-waste-segregation-ai\data\raw\realwaste\Cardboard\Cardboard_29.jpg,realwaste,Cardboard\Cardboard_30.jpg,C:\Users\trish\Desktop\smart-waste-segregation-ai\data\raw\realwaste\Cardboard\Cardboard_30.jpg
10,realwaste,Plastic\Plastic_742.jpg,C:\Users\trish\Desktop\smart-waste-segregation-ai\data\raw\realwaste\Plastic\Plastic_742.jpg,realwaste,Plastic\Plastic_817.jpg,C:\Users\trish\Desktop\smart-waste-segregation-ai\data\raw\realwaste\Plastic\Plastic_817.jpg
10,realwaste,Metal\Metal_470.jpg,C:\Users\trish\Desktop\smart-waste-segregation-ai\data\raw\realwaste\Metal\Metal_470.jpg,realwaste,Plastic\Plastic_590.jpg,C:\Users\trish\Desktop\smart-waste-segregation-ai\data\raw\realwaste\Plastic\Plastic_590.jpg
10,ewaste,test\Washing Machine\Washing_Machine_75.jpg,C:\Users\trish\Desktop\smart-waste-segregation-ai\data\raw\ewaste\test\Washing Machine\Washing_Machine_75.jpg,trashnet,metal\metal6.jpg,C:\Users\trish\Desktop\smart-waste-segregation-ai\data\raw\trashnet\metal\metal6.jpg
10,trashnet,metal\metal222.jpg,C:\Users\trish\Desktop\smart-waste-segregation-ai\data\raw\trashnet\metal\metal222.jpg,trashnet,metal\metal65.jpg,C:\Users\trish\Desktop\smart-waste-segregation-ai\data\raw\trashnet\metal\metal65.jpg
8,phenomsg,Recyclable\Recyclable\cans_all_type\500ml-blank-customized-drink-printed-aluminum-can-747.jpg,C:\Users\trish\Desktop\smart-waste-segregation-ai\data\raw\phenomsg\Recyclable\Recyclable\cans_all_type\500ml-blank-customized-drink-printed-aluminum-can-747.jpg,realwaste,Plastic\Plastic_464.jpg,C:\Users\trish\Desktop\smart-waste-segregation-ai\data\raw\realwaste\Plastic\Plastic_464.jpg
8,realwaste,Miscellaneous Trash\Miscellaneous Trash_76.jpg,C:\Users\trish\Desktop\smart-waste-segregation-ai\data\raw\realwaste\Miscellaneous Trash\Miscellaneous Trash_76.jpg,trashnet,plastic\plastic28.jpg,C:\Users\trish\Desktop\smart-waste-segregation-ai\data\raw\trashnet\plastic\plastic28.jpg
8,ewaste,train\PCB\pcb_116.jpg,C:\Users\trish\Desktop\smart-waste-segregation-ai\data\raw\ewaste\train\PCB\pcb_116.jpg,ewaste,train\PCB\pcb_52.jpg,C:\Users\trish\Desktop\smart-waste-segregation-ai\data\raw\ewaste\train\PCB\pcb_52.jpg
10,realwaste,Metal\Metal_252.jpg,C:\Users\trish\Desktop\smart-waste-segregation-ai\data\raw\realwaste\Metal\Metal_252.jpg,realwaste,Plastic\Plastic_319.jpg,C:\Users\trish\Desktop\smart-waste-segregation-ai\data\raw\realwaste\Plastic\Plastic_319.jpg
8,realwaste,Food Organics\Food Organics_198.jpg,C:\Users\trish\Desktop\smart-waste-segregation-ai\data\raw\realwaste\Food Organics\Food Organics_198.jpg,realwaste,Food Organics\Food Organics_74.jpg,C:\Users\trish\Desktop\smart-waste-segregation-ai\data\raw\realwaste\Food Organics\Food Organics_74.jpg
10,realwaste,Plastic\Plastic_688.jpg,C:\Users\trish\Desktop\smart-waste-segregation-ai\data\raw\realwaste\Plastic\Plastic_688.jpg,realwaste,Plastic\Plastic_776.jpg,C:\Users\trish\Desktop\smart-waste-segregation-ai\data\raw\realwaste\Plastic\Plastic_776.jpg
10,realwaste,Metal\Metal_300.jpg,C:\Users\trish\Desktop\smart-waste-segregation-ai\data\raw\realwaste\Metal\Metal_300.jpg,realwaste,Metal\Metal_563.jpg,C:\Users\trish\Desktop\smart-waste-segregation-ai\data\raw\realwaste\Metal\Metal_563.jpg
10,realwaste,Cardboard\Cardboard_97.jpg,C:\Users\trish\Desktop\smart-waste-segregation-ai\data\raw\realwaste\Cardboard\Cardboard_97.jpg,realwaste,Metal\Metal_317.jpg,C:\Users\trish\Desktop\smart-waste-segregation-ai\data\raw\realwaste\Metal\Metal_317.jpg
10,realwaste,Metal\Metal_549.jpg,C:\Users\trish\Desktop\smart-waste-segregation-ai\data\raw\realwaste\Metal\Metal_549.jpg,realwaste,Miscellaneous Trash\Miscellaneous Trash_201.jpg,C:\Users\trish\Desktop\smart-waste-segregation-ai\data\raw\realwaste\Miscellaneous Trash\Miscellaneous Trash_201.jpg
10,realwaste,Plastic\Plastic_221.jpg,C:\Users\trish\Desktop\smart-waste-segregation-ai\data\raw\realwaste\Plastic\Plastic_221.jpg,trashnet,glass\glass74.jpg,C:\Users\trish\Desktop\smart-waste-segregation-ai\data\raw\trashnet\glass\glass74.jpg
8,realwaste,Metal\Metal_113.jpg,C:\Users\trish\Desktop\smart-waste-segregation-ai\data\raw\realwaste\Metal\Metal_113.jpg,realwaste,Metal\Metal_179.jpg,C:\Users\trish\Desktop\smart-waste-segregation-ai\data\raw\realwaste\Metal\Metal_179.jpg
10,trashnet,metal\metal148.jpg,C:\Users\trish\Desktop\smart-waste-segregation-ai\data\raw\trashnet\metal\metal148.jpg,trashnet,metal\metal160.jpg,C:\Users\trish\Desktop\smart-waste-segregation-ai\data\raw\trashnet\metal\metal160.jpg
10,realwaste,Plastic\Plastic_221.jpg,C:\Users\trish\Desktop\smart-waste-segregation-ai\data\raw\realwaste\Plastic\Plastic_221.jpg,trashnet,metal\metal155.jpg,C:\Users\trish\Desktop\smart-waste-segregation-ai\data\raw\trashnet\metal\metal155.jpg
10,realwaste,Plastic\Plastic_479.jpg,C:\Users\trish\Desktop\smart-waste-segregation-ai\data\raw\realwaste\Plastic\Plastic_479.jpg,realwaste,Plastic\Plastic_921.jpg,C:\Users\trish\Desktop\smart-waste-segregation-ai\data\raw\realwaste\Plastic\Plastic_921.jpg
10,realwaste,Plastic\Plastic_121.jpg,C:\Users\trish\Desktop\smart-waste-segregation-ai\data\raw\realwaste\Plastic\Plastic_121.jpg,realwaste,Plastic\Plastic_149.jpg,C:\Users\trish\Desktop\smart-waste-segregation-ai\data\raw\realwaste\Plastic\Plastic_149.jpg
10,realwaste,Miscellaneous Trash\Miscellaneous Trash_38.jpg,C:\Users\trish\Desktop\smart-waste-segregation-ai\data\raw\realwaste\Miscellaneous Trash\Miscellaneous Trash_38.jpg,trashnet,plastic\plastic11.jpg,C:\Users\trish\Desktop\smart-waste-segregation-ai\data\raw\trashnet\plastic\plastic11.jpg
8,realwaste,Metal\Metal_588.jpg,C:\Users\trish\Desktop\smart-waste-segregation-ai\data\raw\realwaste\Metal\Metal_588.jpg,realwaste,Miscellaneous Trash\Miscellaneous Trash_114.jpg,C:\Users\trish\Desktop\smart-waste-segregation-ai\data\raw\realwaste\Miscellaneous Trash\Miscellaneous Trash_114.jpg
8,realwaste,Metal\Metal_345.jpg,C:\Users\trish\Desktop\smart-waste-segregation-ai\data\raw\realwaste\Metal\Metal_345.jpg,realwaste,Metal\Metal_735.jpg,C:\Users\trish\Desktop\smart-waste-segregation-ai\data\raw\realwaste\Metal\Metal_735.jpg
8,realwaste,Metal\Metal_549.jpg,C:\Users\trish\Desktop\smart-waste-segregation-ai\data\raw\realwaste\Metal\Metal_549.jpg,realwaste,Miscellaneous Trash\Miscellaneous Trash_401.jpg,C:\Users\trish\Desktop\smart-waste-segregation-ai\data\raw\realwaste\Miscellaneous Trash\Miscellaneous Trash_401.jpg
10,realwaste,Vegetation\Vegetation_172.jpg,C:\Users\trish\Desktop\smart-waste-segregation-ai\data\raw\realwaste\Vegetation\Vegetation_172.jpg,trashnet,paper\paper334.jpg,C:\Users\trish\Desktop\smart-waste-segregation-ai\data\raw\trashnet\paper\paper334.jpg
10,phenomsg,Non-Recyclable\Non-Recyclable\sanitary_napkin\006965731_1-a906255231db326e1934217ae548db6a.png,C:\Users\trish\Desktop\smart-waste-segregation-ai\data\raw\phenomsg\Non-Recyclable\Non-Recyclable\sanitary_napkin\006965731_1-a906255231db326e1934217ae548db6a.png,realwaste,Metal\Metal_781.jpg,C:\Users\trish\Desktop\smart-waste-segregation-ai\data\raw\realwaste\Metal\Metal_781.jpg
10,ewaste,train\Keyboard\Keyboard_141.jpg,C:\Users\trish\Desktop\smart-waste-segregation-ai\data\raw\ewaste\train\Keyboard\Keyboard_141.jpg,ewaste,train\Keyboard\Keyboard_165.jpg,C:\Users\trish\Desktop\smart-waste-segregation-ai\data\raw\ewaste\train\Keyboard\Keyboard_165.jpg
8,ewaste,train\PCB\pcb_30.jpg,C:\Users\trish\Desktop\smart-waste-segregation-ai\data\raw\ewaste\train\PCB\pcb_30.jpg,ewaste,train\PCB\pcb_42.jpg,C:\Users\trish\Desktop\smart-waste-segregation-ai\data\raw\ewaste\train\PCB\pcb_42.jpg
10,ewaste,train\Player\Player_74.jpg,C:\Users\trish\Desktop\smart-waste-segregation-ai\data\raw\ewaste\train\Player\Player_74.jpg,realwaste,Plastic\Plastic_8.jpg,C:\Users\trish\Desktop\smart-waste-segregation-ai\data\raw\realwaste\Plastic\Plastic_8.jpg
10,realwaste,Metal\Metal_478.jpg,C:\Users\trish\Desktop\smart-waste-segregation-ai\data\raw\realwaste\Metal\Metal_478.jpg,realwaste,Metal\Metal_754.jpg,C:\Users\trish\Desktop\smart-waste-segregation-ai\data\raw\realwaste\Metal\Metal_754.jpg
10,realwaste,Metal\Metal_725.jpg,C:\Users\trish\Desktop\smart-waste-segregation-ai\data\raw\realwaste\Metal\Metal_725.jpg,realwaste,Metal\Metal_750.jpg,C:\Users\trish\Desktop\smart-waste-segregation-ai\data\raw\realwaste\Metal\Metal_750.jpg
10,ewaste,train\Keyboard\Keyboard_208.jpg,C:\Users\trish\Desktop\smart-waste-segregation-ai\data\raw\ewaste\train\Keyboard\Keyboard_208.jpg,ewaste,val\Battery\battery_169.jpg,C:\Users\trish\Desktop\smart-waste-segregation-ai\data\raw\ewaste\val\Battery\battery_169.jpg
10,realwaste,Miscellaneous Trash\Miscellaneous Trash_232.jpg,C:\Users\trish\Desktop\smart-waste-segregation-ai\data\raw\realwaste\Miscellaneous Trash\Miscellaneous Trash_232.jpg,realwaste,Paper\Paper_262.jpg,C:\Users\trish\Desktop\smart-waste-segregation-ai\data\raw\realwaste\Paper\Paper_262.jpg
10,realwaste,Glass\Glass_201.jpg,C:\Users\trish\Desktop\smart-waste-segregation-ai\data\raw\realwaste\Glass\Glass_201.jpg,realwaste,Glass\Glass_31.jpg,C:\Users\trish\Desktop\smart-waste-segregation-ai\data\raw\realwaste\Glass\Glass_31.jpg
10,realwaste,Metal\Metal_706.jpg,C:\Users\trish\Desktop\smart-waste-segregation-ai\data\raw\realwaste\Metal\Metal_706.jpg,realwaste,Plastic\Plastic_211.jpg,C:\Users\trish\Desktop\smart-waste-segregation-ai\data\raw\realwaste\Plastic\Plastic_211.jpg
10,realwaste,Metal\Metal_543.jpg,C:\Users\trish\Desktop\smart-waste-segregation-ai\data\raw\realwaste\Metal\Metal_543.jpg,realwaste,Plastic\Plastic_818.jpg,C:\Users\trish\Desktop\smart-waste-segregation-ai\data\raw\realwaste\Plastic\Plastic_818.jpg
10,ewaste,train\Washing Machine\Washing_Machine_19.jpg,C:\Users\trish\Desktop\smart-waste-segregation-ai\data\raw\ewaste\train\Washing Machine\Washing_Machine_19.jpg,realwaste,Miscellaneous Trash\Miscellaneous Trash_38.jpg,C:\Users\trish\Desktop\smart-waste-segregation-ai\data\raw\realwaste\Miscellaneous Trash\Miscellaneous Trash_38.jpg
8,realwaste,Textile Trash\Textile Trash_30.jpg,C:\Users\trish\Desktop\smart-waste-segregation-ai\data\raw\realwaste\Textile Trash\Textile Trash_30.jpg,trashnet,cardboard\cardboard170.jpg,C:\Users\trish\Desktop\smart-waste-segregation-ai\data\raw\trashnet\cardboard\cardboard170.jpg
10,realwaste,Plastic\Plastic_801.jpg,C:\Users\trish\Desktop\smart-waste-segregation-ai\data\raw\realwaste\Plastic\Plastic_801.jpg,trashnet,glass\glass96.jpg,C:\Users\trish\Desktop\smart-waste-segregation-ai\data\raw\trashnet\glass\glass96.jpg
10,ewaste,train\Washing Machine\Washing_Machine_159.jpg,C:\Users\trish\Desktop\smart-waste-segregation-ai\data\raw\ewaste\train\Washing Machine\Washing_Machine_159.jpg,realwaste,Plastic\Plastic_221.jpg,C:\Users\trish\Desktop\smart-waste-segregation-ai\data\raw\realwaste\Plastic\Plastic_221.jpg
10,trashnet,glass\glass74.jpg,C:\Users\trish\Desktop\smart-waste-segregation-ai\data\raw\trashnet\glass\glass74.jpg,trashnet,metal\metal6.jpg,C:\Users\trish\Desktop\smart-waste-segregation-ai\data\raw\trashnet\metal\metal6.jpg
8,ewaste,train\Mouse\Mouse_93.jpg,C:\Users\trish\Desktop\smart-waste-segregation-ai\data\raw\ewaste\train\Mouse\Mouse_93.jpg,realwaste,Metal\Metal_423.jpg,C:\Users\trish\Desktop\smart-waste-segregation-ai\data\raw\realwaste\Metal\Metal_423.jpg
10,realwaste,Miscellaneous Trash\Miscellaneous Trash_337.jpg,C:\Users\trish\Desktop\smart-waste-segregation-ai\data\raw\realwaste\Miscellaneous Trash\Miscellaneous Trash_337.jpg,realwaste,Miscellaneous Trash\Miscellaneous Trash_438.jpg,C:\Users\trish\Desktop\smart-waste-segregation-ai\data\raw\realwaste\Miscellaneous Trash\Miscellaneous Trash_438.jpg
8,realwaste,Metal\Metal_616.jpg,C:\Users\trish\Desktop\smart-waste-segregation-ai\data\raw\realwaste\Metal\Metal_616.jpg,trashnet,metal\metal369.jpg,C:\Users\trish\Desktop\smart-waste-segregation-ai\data\raw\trashnet\metal\metal369.jpg
8,realwaste,Metal\Metal_334.jpg,C:\Users\trish\Desktop\smart-waste-segregation-ai\data\raw\realwaste\Metal\Metal_334.jpg,realwaste,Metal\Metal_593.jpg,C:\Users\trish\Desktop\smart-waste-segregation-ai\data\raw\realwaste\Metal\Metal_593.jpg
8,ewaste,train\Battery\battery_231.jpg,C:\Users\trish\Desktop\smart-waste-segregation-ai\data\raw\ewaste\train\Battery\battery_231.jpg,ewaste,train\Battery\battery_256.jpg,C:\Users\trish\Desktop\smart-waste-segregation-ai\data\raw\ewaste\train\Battery\battery_256.jpg
10,realwaste,Cardboard\Cardboard_288.jpg,C:\Users\trish\Desktop\smart-waste-segregation-ai\data\raw\realwaste\Cardboard\Cardboard_288.jpg,realwaste,Metal\Metal_89.jpg,C:\Users\trish\Desktop\smart-waste-segregation-ai\data\raw\realwaste\Metal\Metal_89.jpg
10,realwaste,Food Organics\Food Organics_17.jpg,C:\Users\trish\Desktop\smart-waste-segregation-ai\data\raw\realwaste\Food Organics\Food Organics_17.jpg,trashnet,glass\glass14.jpg,C:\Users\trish\Desktop\smart-waste-segregation-ai\data\raw\trashnet\glass\glass14.jpg
10,realwaste,Metal\Metal_377.jpg,C:\Users\trish\Desktop\smart-waste-segregation-ai\data\raw\realwaste\Metal\Metal_377.jpg,realwaste,Metal\Metal_597.jpg,C:\Users\trish\Desktop\smart-waste-segregation-ai\data\raw\realwaste\Metal\Metal_597.jpg
10,realwaste,Plastic\Plastic_641.jpg,C:\Users\trish\Desktop\smart-waste-segregation-ai\data\raw\realwaste\Plastic\Plastic_641.jpg,realwaste,Plastic\Plastic_688.jpg,C:\Users\trish\Desktop\smart-waste-segregation-ai\data\raw\realwaste\Plastic\Plastic_688.jpg
10,ewaste,test\Washing Machine\Washing_Machine_152.jpg,C:\Users\trish\Desktop\smart-waste-segregation-ai\data\raw\ewaste\test\Washing Machine\Washing_Machine_152.jpg,realwaste,Plastic\Plastic_218.jpg,C:\Users\trish\Desktop\smart-waste-segregation-ai\data\raw\realwaste\Plastic\Plastic_218.jpg
10,ewaste,train\Battery\battery_195.jpg,C:\Users\trish\Desktop\smart-waste-segregation-ai\data\raw\ewaste\train\Battery\battery_195.jpg,phenomsg,Recyclable\Recyclable\cans_all_type\png-transparent-fizzy-drinks-aluminum-can-sprite-coca-cola-jarritos-sprite-recycling-waste-cola.png,C:\Users\trish\Desktop\smart-waste-segregation-ai\data\raw\phenomsg\Recyclable\Recyclable\cans_all_type\png-transparent-fizzy-drinks-aluminum-can-sprite-coca-cola-jarritos-sprite-recycling-waste-cola.png
10,ewaste,train\Player\Player_295.jpg,C:\Users\trish\Desktop\smart-waste-segregation-ai\data\raw\ewaste\train\Player\Player_295.jpg,ewaste,val\Mobile\Mobile_147.jpg,C:\Users\trish\Desktop\smart-waste-segregation-ai\data\raw\ewaste\val\Mobile\Mobile_147.jpg
8,realwaste,Plastic\Plastic_231.jpg,C:\Users\trish\Desktop\smart-waste-segregation-ai\data\raw\realwaste\Plastic\Plastic_231.jpg,realwaste,Plastic\Plastic_354.jpg,C:\Users\trish\Desktop\smart-waste-segregation-ai\data\raw\realwaste\Plastic\Plastic_354.jpg
10,trashnet,glass\glass209.jpg,C:\Users\trish\Desktop\smart-waste-segregation-ai\data\raw\trashnet\glass\glass209.jpg,trashnet,glass\glass422.jpg,C:\Users\trish\Desktop\smart-waste-segregation-ai\data\raw\trashnet\glass\glass422.jpg
10,phenomsg,Non-Recyclable\Non-Recyclable\diapers\pampers-disposable-baby-diapers-500x500.jpg,C:\Users\trish\Desktop\smart-waste-segregation-ai\data\raw\phenomsg\Non-Recyclable\Non-Recyclable\diapers\pampers-disposable-baby-diapers-500x500.jpg,realwaste,Vegetation\Vegetation_107.jpg,C:\Users\trish\Desktop\smart-waste-segregation-ai\data\raw\realwaste\Vegetation\Vegetation_107.jpg
10,realwaste,Paper\Paper_293.jpg,C:\Users\trish\Desktop\smart-waste-segregation-ai\data\raw\realwaste\Paper\Paper_293.jpg,realwaste,Plastic\Plastic_312.jpg,C:\Users\trish\Desktop\smart-waste-segregation-ai\data\raw\realwaste\Plastic\Plastic_312.jpg
10,ewaste,train\Mobile\Mobile_121.jpg,C:\Users\trish\Desktop\smart-waste-segregation-ai\data\raw\ewaste\train\Mobile\Mobile_121.jpg,ewaste,val\Mobile\Mobile_65.jpg,C:\Users\trish\Desktop\smart-waste-segregation-ai\data\raw\ewaste\val\Mobile\Mobile_65.jpg
10,realwaste,Metal\Metal_226.jpg,C:\Users\trish\Desktop\smart-waste-segregation-ai\data\raw\realwaste\Metal\Metal_226.jpg,realwaste,Plastic\Plastic_392.jpg,C:\Users\trish\Desktop\smart-waste-segregation-ai\data\raw\realwaste\Plastic\Plastic_392.jpg
10,realwaste,Plastic\Plastic_354.jpg,C:\Users\trish\Desktop\smart-waste-segregation-ai\data\raw\realwaste\Plastic\Plastic_354.jpg,trashnet,metal\metal6.jpg,C:\Users\trish\Desktop\smart-waste-segregation-ai\data\raw\trashnet\metal\metal6.jpg
10,realwaste,Metal\Metal_700.jpg,C:\Users\trish\Desktop\smart-waste-segregation-ai\data\raw\realwaste\Metal\Metal_700.jpg,realwaste,Miscellaneous Trash\Miscellaneous Trash_104.jpg,C:\Users\trish\Desktop\smart-waste-segregation-ai\data\raw\realwaste\Miscellaneous Trash\Miscellaneous Trash_104.jpg
8,realwaste,Food Organics\Food Organics_150.jpg,C:\Users\trish\Desktop\smart-waste-segregation-ai\data\raw\realwaste\Food Organics\Food Organics_150.jpg,realwaste,Plastic\Plastic_229.jpg,C:\Users\trish\Desktop\smart-waste-segregation-ai\data\raw\realwaste\Plastic\Plastic_229.jpg
10,realwaste,Cardboard\Cardboard_225.jpg,C:\Users\trish\Desktop\smart-waste-segregation-ai\data\raw\realwaste\Cardboard\Cardboard_225.jpg,realwaste,Cardboard\Cardboard_227.jpg,C:\Users\trish\Desktop\smart-waste-segregation-ai\data\raw\realwaste\Cardboard\Cardboard_227.jpg
10,ewaste,train\Keyboard\Keyboard_252.jpg,C:\Users\trish\Desktop\smart-waste-segregation-ai\data\raw\ewaste\train\Keyboard\Keyboard_252.jpg,ewaste,train\Mouse\Mouse_172.jpg,C:\Users\trish\Desktop\smart-waste-segregation-ai\data\raw\ewaste\train\Mouse\Mouse_172.jpg
10,realwaste,Metal\Metal_38.jpg,C:\Users\trish\Desktop\smart-waste-segregation-ai\data\raw\realwaste\Metal\Metal_38.jpg,trashnet,metal\metal152.jpg,C:\Users\trish\Desktop\smart-waste-segregation-ai\data\raw\trashnet\metal\metal152.jpg
10,realwaste,Plastic\Plastic_216.jpg,C:\Users\trish\Desktop\smart-waste-segregation-ai\data\raw\realwaste\Plastic\Plastic_216.jpg,trashnet,glass\glass74.jpg,C:\Users\trish\Desktop\smart-waste-segregation-ai\data\raw\trashnet\glass\glass74.jpg
8,realwaste,Plastic\Plastic_216.jpg,C:\Users\trish\Desktop\smart-waste-segregation-ai\data\raw\realwaste\Plastic\Plastic_216.jpg,trashnet,metal\metal155.jpg,C:\Users\trish\Desktop\smart-waste-segregation-ai\data\raw\trashnet\metal\metal155.jpg
10,ewaste,train\Battery\battery_216.jpg,C:\Users\trish\Desktop\smart-waste-segregation-ai\data\raw\ewaste\train\Battery\battery_216.jpg,ewaste,train\Battery\battery_285.jpg,C:\Users\trish\Desktop\smart-waste-segregation-ai\data\raw\ewaste\train\Battery\battery_285.jpg
8,realwaste,Metal\Metal_98.jpg,C:\Users\trish\Desktop\smart-waste-segregation-ai\data\raw\realwaste\Metal\Metal_98.jpg,trashnet,plastic\plastic452.jpg,C:\Users\trish\Desktop\smart-waste-segregation-ai\data\raw\trashnet\plastic\plastic452.jpg
8,ewaste,train\PCB\pcb_121.jpg,C:\Users\trish\Desktop\smart-waste-segregation-ai\data\raw\ewaste\train\PCB\pcb_121.jpg,ewaste,train\PCB\pcb_136.jpg,C:\Users\trish\Desktop\smart-waste-segregation-ai\data\raw\ewaste\train\PCB\pcb_136.jpg
10,realwaste,Plastic\Plastic_119.jpg,C:\Users\trish\Desktop\smart-waste-segregation-ai\data\raw\realwaste\Plastic\Plastic_119.jpg,realwaste,Textile Trash\Textile Trash_106.jpg,C:\Users\trish\Desktop\smart-waste-segregation-ai\data\raw\realwaste\Textile Trash\Textile Trash_106.jpg
8,trashnet,glass\glass127.jpg,C:\Users\trish\Desktop\smart-waste-segregation-ai\data\raw\trashnet\glass\glass127.jpg,trashnet,metal\metal159.jpg,C:\Users\trish\Desktop\smart-waste-segregation-ai\data\raw\trashnet\metal\metal159.jpg
10,realwaste,Plastic\Plastic_443.jpg,C:\Users\trish\Desktop\smart-waste-segregation-ai\data\raw\realwaste\Plastic\Plastic_443.jpg,realwaste,Plastic\Plastic_893.jpg,C:\Users\trish\Desktop\smart-waste-segregation-ai\data\raw\realwaste\Plastic\Plastic_893.jpg
10,realwaste,Miscellaneous Trash\Miscellaneous Trash_56.jpg,C:\Users\trish\Desktop\smart-waste-segregation-ai\data\raw\realwaste\Miscellaneous Trash\Miscellaneous Trash_56.jpg,realwaste,Textile Trash\Textile Trash_219.jpg,C:\Users\trish\Desktop\smart-waste-segregation-ai\data\raw\realwaste\Textile Trash\Textile Trash_219.jpg
10,realwaste,Miscellaneous Trash\Miscellaneous Trash_120.jpg,C:\Users\trish\Desktop\smart-waste-segregation-ai\data\raw\realwaste\Miscellaneous Trash\Miscellaneous Trash_120.jpg,trashnet,metal\metal207.jpg,C:\Users\trish\Desktop\smart-waste-segregation-ai\data\raw\trashnet\metal\metal207.jpg
10,realwaste,Cardboard\Cardboard_167.jpg,C:\Users\trish\Desktop\smart-waste-segregation-ai\data\raw\realwaste\Cardboard\Cardboard_167.jpg,trashnet,trash\trash94.jpg,C:\Users\trish\Desktop\smart-waste-segregation-ai\data\raw\trashnet\trash\trash94.jpg
10,ewaste,train\Battery\battery_36.jpg,C:\Users\trish\Desktop\smart-waste-segregation-ai\data\raw\ewaste\train\Battery\battery_36.jpg,realwaste,Vegetation\Vegetation_56.jpg,C:\Users\trish\Desktop\smart-waste-segregation-ai\data\raw\realwaste\Vegetation\Vegetation_56.jpg
8,ewaste,train\Player\Player_77.jpg,C:\Users\trish\Desktop\smart-waste-segregation-ai\data\raw\ewaste\train\Player\Player_77.jpg,ewaste,val\Player\Player_37.jpg,C:\Users\trish\Desktop\smart-waste-segregation-ai\data\raw\ewaste\val\Player\Player_37.jpg
10,realwaste,Metal\Metal_127.jpg,C:\Users\trish\Desktop\smart-waste-segregation-ai\data\raw\realwaste\Metal\Metal_127.jpg,realwaste,Textile Trash\Textile Trash_293.jpg,C:\Users\trish\Desktop\smart-waste-segregation-ai\data\raw\realwaste\Textile Trash\Textile Trash_293.jpg
8,realwaste,Metal\Metal_324.jpg,C:\Users\trish\Desktop\smart-waste-segregation-ai\data\raw\realwaste\Metal\Metal_324.jpg,realwaste,Vegetation\Vegetation_345.jpg,C:\Users\trish\Desktop\smart-waste-segregation-ai\data\raw\realwaste\Vegetation\Vegetation_345.jpg
10,realwaste,Plastic\Plastic_220.jpg,C:\Users\trish\Desktop\smart-waste-segregation-ai\data\raw\realwaste\Plastic\Plastic_220.jpg,trashnet,metal\metal149.jpg,C:\Users\trish\Desktop\smart-waste-segregation-ai\data\raw\trashnet\metal\metal149.jpg
8,realwaste,Plastic\Plastic_186.jpg,C:\Users\trish\Desktop\smart-waste-segregation-ai\data\raw\realwaste\Plastic\Plastic_186.jpg,realwaste,Plastic\Plastic_204.jpg,C:\Users\trish\Desktop\smart-waste-segregation-ai\data\raw\realwaste\Plastic\Plastic_204.jpg
10,realwaste,Glass\Glass_148.jpg,C:\Users\trish\Desktop\smart-waste-segregation-ai\data\raw\realwaste\Glass\Glass_148.jpg,realwaste,Textile Trash\Textile Trash_244.jpg,C:\Users\trish\Desktop\smart-waste-segregation-ai\data\raw\realwaste\Textile Trash\Textile Trash_244.jpg
8,realwaste,Metal\Metal_574.jpg,C:\Users\trish\Desktop\smart-waste-segregation-ai\data\raw\realwaste\Metal\Metal_574.jpg,realwaste,Plastic\Plastic_218.jpg,C:\Users\trish\Desktop\smart-waste-segregation-ai\data\raw\realwaste\Plastic\Plastic_218.jpg
10,realwaste,Plastic\Plastic_319.jpg,C:\Users\trish\Desktop\smart-waste-segregation-ai\data\raw\realwaste\Plastic\Plastic_319.jpg,trashnet,metal\metal166.jpg,C:\Users\trish\Desktop\smart-waste-segregation-ai\data\raw\trashnet\metal\metal166.jpg
10,realwaste,Glass\Glass_142.jpg,C:\Users\trish\Desktop\smart-waste-segregation-ai\data\raw\realwaste\Glass\Glass_142.jpg,realwaste,Glass\Glass_294.jpg,C:\Users\trish\Desktop\smart-waste-segregation-ai\data\raw\realwaste\Glass\Glass_294.jpg
10,ewaste,train\Mouse\Mouse_96.jpg,C:\Users\trish\Desktop\smart-waste-segregation-ai\data\raw\ewaste\train\Mouse\Mouse_96.jpg,realwaste,Textile Trash\Textile Trash_266.jpg,C:\Users\trish\Desktop\smart-waste-segregation-ai\data\raw\realwaste\Textile Trash\Textile Trash_266.jpg
10,realwaste,Glass\Glass_157.jpg,C:\Users\trish\Desktop\smart-waste-segregation-ai\data\raw\realwaste\Glass\Glass_157.jpg,trashnet,metal\metal214.jpg,C:\Users\trish\Desktop\smart-waste-segregation-ai\data\raw\trashnet\metal\metal214.jpg
8,realwaste,Glass\Glass_172.jpg,C:\Users\trish\Desktop\smart-waste-segregation-ai\data\raw\realwaste\Glass\Glass_172.jpg,trashnet,trash\trash81.jpg,C:\Users\trish\Desktop\smart-waste-segregation-ai\data\raw\trashnet\trash\trash81.jpg
10,realwaste,Miscellaneous Trash\Miscellaneous Trash_56.jpg,C:\Users\trish\Desktop\smart-waste-segregation-ai\data\raw\realwaste\Miscellaneous Trash\Miscellaneous Trash_56.jpg,realwaste,Vegetation\Vegetation_425.jpg,C:\Users\trish\Desktop\smart-waste-segregation-ai\data\raw\realwaste\Vegetation\Vegetation_425.jpg
