hamming_distance,dataset_a,file_a,path_a,dataset_b,file_b,path_b
0,phenomsg,Hazardous\Hazardous\e-waste\computer-electronic-waste-29637446 - Copy.jpg,C:\Users\trish\Desktop\smart-waste-segregation-ai\data\raw\phenomsg\Hazardous\Hazardous\e-waste\computer-electronic-waste-29637446 - Copy.jpg,phenomsg,Hazardous\Hazardous\e-waste\computer-electronic-waste-29637446.jpg,C:\Users\trish\Desktop\smart-waste-segregation-ai\data\raw\phenomsg\Hazardous\Hazardous\e-waste\computer-electronic-waste-29637446.jpg
0,phenomsg,Hazardous\Hazardous\e-waste\disposing-lightbulbs-batteries - Copy.jpg,C:\Users\trish\Desktop\smart-waste-segregation-ai\data\raw\phenomsg\Hazardous\Hazardous\e-waste\disposing-lightbulbs-batteries - Copy.jpg,phenomsg,Hazardous\Hazardous\e-waste\disposing-lightbulbs-batteries.jpg,C:\Users\trish\Desktop\smart-waste-segregation-ai\data\raw\phenomsg\Hazardous\Hazardous\e-waste\disposing-lightbulbs-batteries.jpg
2,trashnet,paper\paper185.jpg,C:\Users\trish\Desktop\smart-waste-segregation-ai\data\raw\trashnet\paper\paper185.jpg,trashnet,paper\paper390.jpg,C:\Users\trish\Desktop\smart-waste-segregation-ai\data\raw\trashnet\paper\paper390.jpg
0,phenomsg,Hazardous\Hazardous\e-waste\reciclaje-industrial-portada - Copy.jpg,C:\Users\trish\Desktop\smart-waste-segregation-ai\data\raw\phenomsg\Hazardous\Hazardous\e-waste\reciclaje-industrial-portada - Copy.jpg,phenomsg,Hazardous\Hazardous\e-waste\reciclaje-industrial-portada.jpg,C:\Users\trish\Desktop\smart-waste-segregation-ai\data\raw\phenomsg\Hazardous\Hazardous\e-waste\reciclaje-industrial-portada.jpg
0,phenomsg,Hazardous\Hazardous\e-waste\how-to-dispose-of-light-bulbs-section-4 - Copy.jpg,C:\Users\trish\Desktop\smart-waste-segregation-ai\data\raw\phenomsg\Hazardous\Hazardous\e-waste\how-to-dispose-of-light-bulbs-section-4 - Copy.jpg,phenomsg,Hazardous\Hazardous\e-waste\how-to-dispose-of-light-bulbs-section-4.jpg,C:\Users\trish\Desktop\smart-waste-segregation-ai\data\raw\phenomsg\Hazardous\Hazardous\e-waste\how-to-dispose-of-light-bulbs-section-4.jpg
0,phenomsg,Hazardous\Hazardous\e-waste\0.40042800_1555498967_e-waste2.jpg,C:\Users\trish\Desktop\smart-waste-segregation-ai\data\raw\phenomsg\Hazardous\Hazardous\e-waste\0.40042800_1555498967_e-waste2.jpg,phenomsg,Hazardous\Hazardous\e-waste\e-waste22.jpg,C:\Users\trish\Desktop\smart-waste-segregation-ai\data\raw\phenomsg\Hazardous\Hazardous\e-waste\e-waste22.jpg
0,ewaste,train\PCB\pcb_171.jpg,C:\Users\trish\Desktop\smart-waste-segregation-ai\data\raw\ewaste\train\PCB\pcb_171.jpg,ewaste,train\PCB\pcb_86.jpg,C:\Users\trish\Desktop\smart-waste-segregation-ai\data\raw\ewaste\train\PCB\pcb_86.jpg
0,phenomsg,Hazardous\Hazardous\e-waste\bulbs_lg - Copy.jpg,C:\Users\trish\Desktop\smart-waste-segregation-ai\data\raw\phenomsg\Hazardous\Hazardous\e-waste\bulbs_lg - Copy.jpg,phenomsg,Hazardous\Hazardous\e-waste\bulbs_lg.jpg,C:\Users\trish\Desktop\smart-waste-segregation-ai\data\raw\phenomsg\Hazardous\Hazardous\e-waste\bulbs_lg.jpg
0,phenomsg,Non-Recyclable\Non-Recyclable\ceramic_product\09928-cover-opener.jpg,C:\Users\trish\Desktop\smart-waste-segregation-ai\data\raw\phenomsg\Non-Recyclable\Non-Recyclable\ceramic_product\09928-cover-opener.jpg,phenomsg,Recyclable\Recyclable\glass_containers\09928-cover-opener.jpg,C:\Users\trish\Desktop\smart-waste-segregation-ai\data\raw\phenomsg\Recyclable\Recyclable\glass_containers\09928-cover-opener.jpg
0,ewaste,train\Player\Player_151.jpg,C:\Users\trish\Desktop\smart-waste-segregation-ai\data\raw\ewaste\train\Player\Player_151.jpg,ewaste,train\Player\Player_202.jpg,C:\Users\trish\Desktop\smart-waste-segregation-ai\data\raw\ewaste\train\Player\Player_202.jpg
6,realwaste,Metal\Metal_519.jpg,C:\Users\trish\Desktop\smart-waste-segregation-ai\data\raw\realwaste\Metal\Metal_519.jpg,realwaste,Plastic\Plastic_542.jpg,C:\Users\trish\Desktop\smart-waste-segregation-ai\data\raw\realwaste\Plastic\Plastic_542.jpg
0,phenomsg,Hazardous\Hazardous\e-waste\stock-photo-old-and-dusty-light-incandescent-bulb-isolated-on-white-background-2289784737 - Copy.jpg,C:\Users\trish\Desktop\smart-waste-segregation-ai\data\raw\phenomsg\Hazardous\Hazardous\e-waste\stock-photo-old-and-dusty-light-incandescent-bulb-isolated-on-white-background-2289784737 - Copy.jpg,phenomsg,Hazardous\Hazardous\e-waste\stock-photo-old-and-dusty-light-incandescent-bulb-isolated-on-white-background-2289784737.jpg,C:\Users\trish\Desktop\smart-waste-segregation-ai\data\raw\phenomsg\Hazardous\Hazardous\e-waste\stock-photo-old-and-dusty-light-incandescent-bulb-isolated-on-white-background-2289784737.jpg
2,phenomsg,Recyclable\Recyclable\cans_all_type\4-reasons-why-we-should-recycle-aluminium-cans.jpg,C:\Users\trish\Desktop\smart-waste-segregation-ai\data\raw\phenomsg\Recyclable\Recyclable\cans_all_type\4-reasons-why-we-should-recycle-aluminium-cans.jpg,phenomsg,Recyclable\Recyclable\cans_all_type\Screenshot-2023-02-15-100305.png,C:\Users\trish\Desktop\smart-waste-segregation-ai\data\raw\phenomsg\Recyclable\Recyclable\cans_all_type\Screenshot-2023-02-15-100305.png
0,phenomsg,Hazardous\Hazardous\e-waste\516ee9d3b98a42557dc49476674823f0--e-waste-recycling-recycling-programs - Copy.jpg,C:\Users\trish\Desktop\smart-waste-segregation-ai\data\raw\phenomsg\Hazardous\Hazardous\e-waste\516ee9d3b98a42557dc49476674823f0--e-waste-recycling-recycling-programs - Copy.jpg,phenomsg,Hazardous\Hazardous\e-waste\516ee9d3b98a42557dc49476674823f0--e-waste-recycling-recycling-programs.jpg,C:\Users\trish\Desktop\smart-waste-segregation-ai\data\raw\phenomsg\Hazardous\Hazardous\e-waste\516ee9d3b98a42557dc49476674823f0--e-waste-recycling-recycling-programs.jpg
0,phenomsg,Hazardous\Hazardous\e-waste\BLOG-Which-light-bulbs-need-a-ballast - Copy.jpg,C:\Users\trish\Desktop\smart-waste-segregation-ai\data\raw\phenomsg\Hazardous\Hazardous\e-waste\BLOG-Which-light-bulbs-need-a-ballast - Copy.jpg,phenomsg,Hazardous\Hazardous\e-waste\BLOG-Which-light-bulbs-need-a-ballast.jpg,C:\Users\trish\Desktop\smart-waste-segregation-ai\data\raw\phenomsg\Hazardous\Hazardous\e-waste\BLOG-Which-light-bulbs-need-a-ballast.jpg
0,ewaste,train\PCB\pcb_144.jpg,C:\Users\trish\Desktop\smart-waste-segregation-ai\data\raw\ewaste\train\PCB\pcb_144.jpg,ewaste,train\PCB\pcb_32.jpg,C:\Users\trish\Desktop\smart-waste-segregation-ai\data\raw\ewaste\train\PCB\pcb_32.jpg
2,ewaste,train\Battery\battery_171.jpg,C:\Users\trish\Desktop\smart-waste-segregation-ai\data\raw\ewaste\train\Battery\battery_171.jpg,ewaste,train\Battery\battery_46.jpg,C:\Users\trish\Desktop\smart-waste-segregation-ai\data\raw\ewaste\train\Battery\battery_46.jpg
0,phenomsg,Hazardous\Hazardous\e-waste\e-waste3 - Copy.jpg,C:\Users\trish\Desktop\smart-waste-segregation-ai\data\raw\phenomsg\Hazardous\Hazardous\e-waste\e-waste3 - Copy.jpg,phenomsg,Hazardous\Hazardous\e-waste\e-waste3.jpg,C:\Users\trish\Desktop\smart-waste-segregation-ai\data\raw\phenomsg\Hazardous\Hazardous\e-waste\e-waste3.jpg
0,phenomsg,Hazardous\Hazardous\e-waste\1200px-Handy_schrott_mobile_phone_scrap - Copy.jpg,C:\Users\trish\Desktop\smart-waste-segregation-ai\data\raw\phenomsg\Hazardous\Hazardous\e-waste\1200px-Handy_schrott_mobile_phone_scrap - Copy.jpg,phenomsg,Hazardous\Hazardous\e-waste\1200px-Handy_schrott_mobile_phone_scrap.jpg,C:\Users\trish\Desktop\smart-waste-segregation-ai\data\raw\phenomsg\Hazardous\Hazardous\e-waste\1200px-Handy_schrott_mobile_phone_scrap.jpg
0,ewaste,train\PCB\pcb_67.jpg,C:\Users\trish\Desktop\smart-waste-segregation-ai\data\raw\ewaste\train\PCB\pcb_67.jpg,ewaste,train\PCB\pcb_93.jpg,C:\Users\trish\Desktop\smart-waste-segregation-ai\data\raw\ewaste\train\PCB\pcb_93.jpg
6,realwaste,Miscellaneous Trash\Miscellaneous Trash_170.jpg,C:\Users\trish\Desktop\smart-waste-segregation-ai\data\raw\realwaste\Miscellaneous Trash\Miscellaneous Trash_170.jpg,trashnet,trash\trash127.jpg,C:\Users\trish\Desktop\smart-waste-segregation-ai\data\raw\trashnet\trash\trash127.jpg
0,phenomsg,Hazardous\Hazardous\e-waste\CFL-1 - Copy.jpg,C:\Users\trish\Desktop\smart-waste-segregation-ai\data\raw\phenomsg\Hazardous\Hazardous\e-waste\CFL-1 - Copy.jpg,phenomsg,Hazardous\Hazardous\e-waste\CFL-1.jpg,C:\Users\trish\Desktop\smart-waste-segregation-ai\data\raw\phenomsg\Hazardous\Hazardous\e-waste\CFL-1.jpg
0,phenomsg,Recyclable\Recyclable\glass_containers\can-glass-be-recycled-683x1024.jpg,C:\Users\trish\Desktop\smart-waste-segregation-ai\data\raw\phenomsg\Recyclable\Recyclable\glass_containers\can-glass-be-recycled-683x1024.jpg,phenomsg,Recyclable\Recyclable\plastic_bottles\img_5e7545baa3fe4.jpg,C:\Users\trish\Desktop\smart-waste-segregation-ai\data\raw\phenomsg\Recyclable\Recyclable\plastic_bottles\img_5e7545baa3fe4.jpg
0,phenomsg,Hazardous\Hazardous\e-waste\Light20bulbs.JPG - Copy.jpg,C:\Users\trish\Desktop\smart-waste-segregation-ai\data\raw\phenomsg\Hazardous\Hazardous\e-waste\Light20bulbs.JPG - Copy.jpg,phenomsg,Hazardous\Hazardous\e-waste\Light20bulbs.JPG.jpg,C:\Users\trish\Desktop\smart-waste-segregation-ai\data\raw\phenomsg\Hazardous\Hazardous\e-waste\Light20bulbs.JPG.jpg
0,phenomsg,Hazardous\Hazardous\e-waste\electronic-waste-hand-dropping-old-damaged-smartphone-bin-e-garbage-152109224 - Copy.jpg,C:\Users\trish\Desktop\smart-waste-segregation-ai\data\raw\phenomsg\Hazardous\Hazardous\e-waste\electronic-waste-hand-dropping-old-damaged-smartphone-bin-e-garbage-152109224 - Copy.jpg,phenomsg,Hazardous\Hazardous\e-waste\electronic-waste-hand-dropping-old-damaged-smartphone-bin-e-garbage-152109224.jpg,C:\Users\trish\Desktop\smart-waste-segregation-ai\data\raw\phenomsg\Hazardous\Hazardous\e-waste\electronic-waste-hand-dropping-old-damaged-smartphone-bin-e-garbage-152109224.jpg
0,phenomsg,Hazardous\Hazardous\e-waste\stock-photo-pile-of-broken-fluorescent-light-bulb-is-danger-for-health-386850775 - Copy.jpg,C:\Users\trish\Desktop\smart-waste-segregation-ai\data\raw\phenomsg\Hazardous\Hazardous\e-waste\stock-photo-pile-of-broken-fluorescent-light-bulb-is-danger-for-health-386850775 - Copy.jpg,phenomsg,Hazardous\Hazardous\e-waste\stock-photo-pile-of-broken-fluorescent-light-bulb-is-danger-for-health-386850775.jpg,C:\Users\trish\Desktop\smart-waste-segregation-ai\data\raw\phenomsg\Hazardous\Hazardous\e-waste\stock-photo-pile-of-broken-fluorescent-light-bulb-is-danger-for-health-386850775.jpg
2,phenomsg,Recyclable\Recyclable\cans_all_type\aluminum-cans-in-recycling-kon-tum-vietnam-KJJ5CJ.jpg,C:\Users\trish\Desktop\smart-waste-segregation-ai\data\raw\phenomsg\Recyclable\Recyclable\cans_all_type\aluminum-cans-in-recycling-kon-tum-vietnam-KJJ5CJ.jpg,phenomsg,Recyclable\Recyclable\cans_all_type\aluminum-cans-in-recycling-kon-tum-vietnam-usage-worldwide-PC54WW.jpg,C:\Users\trish\Desktop\smart-waste-segregation-ai\data\raw\phenomsg\Recyclable\Recyclable\cans_all_type\aluminum-cans-in-recycling-kon-tum-vietnam-usage-worldwide-PC54WW.jpg
0,phenomsg,Hazardous\Hazardous\e-waste\how-to-dispose-of-fluorescent-light-bulbs - Copy.jpg,C:\Users\trish\Desktop\smart-waste-segregation-ai\data\raw\phenomsg\Hazardous\Hazardous\e-waste\how-to-dispose-of-fluorescent-light-bulbs - Copy.jpg,phenomsg,Hazardous\Hazardous\e-waste\how-to-dispose-of-fluorescent-light-bulbs.jpg,C:\Users\trish\Desktop\smart-waste-segregation-ai\data\raw\phenomsg\Hazardous\Hazardous\e-waste\how-to-dispose-of-fluorescent-light-bulbs.jpg
0,phenomsg,Hazardous\Hazardous\e-waste\2050_E-Waste_Asian_Outlook_Web_title - Copy.jpg,C:\Users\trish\Desktop\smart-waste-segregation-ai\data\raw\phenomsg\Hazardous\Hazardous\e-waste\2050_E-Waste_Asian_Outlook_Web_title - Copy.jpg,phenomsg,Hazardous\Hazardous\e-waste\2050_E-Waste_Asian_Outlook_Web_title.jpg,C:\Users\trish\Desktop\smart-waste-segregation-ai\data\raw\phenomsg\Hazardous\Hazardous\e-waste\2050_E-Waste_Asian_Outlook_Web_title.jpg
0,phenomsg,Hazardous\Hazardous\e-waste\1-s2.0-S2352186421006970-gr4 - Copy.jpg,C:\Users\trish\Desktop\smart-waste-segregation-ai\data\raw\phenomsg\Hazardous\Hazardous\e-waste\1-s2.0-S2352186421006970-gr4 - Copy.jpg,phenomsg,Hazardous\Hazardous\e-waste\1-s2.0-S2352186421006970-gr4.jpg,C:\Users\trish\Desktop\smart-waste-segregation-ai\data\raw\phenomsg\Hazardous\Hazardous\e-waste\1-s2.0-S2352186421006970-gr4.jpg
0,phenomsg,Hazardous\Hazardous\e-waste\17175 - Copy.jpeg,C:\Users\trish\Desktop\smart-waste-segregation-ai\data\raw\phenomsg\Hazardous\Hazardous\e-waste\17175 - Copy.jpeg,phenomsg,Hazardous\Hazardous\e-waste\17175.jpeg,C:\Users\trish\Desktop\smart-waste-segregation-ai\data\raw\phenomsg\Hazardous\Hazardous\e-waste\17175.jpeg
0,trashnet,glass\glass176.jpg,C:\Users\trish\Desktop\smart-waste-segregation-ai\data\raw\trashnet\glass\glass176.jpg,trashnet,plastic\plastic152.jpg,C:\Users\trish\Desktop\smart-waste-segregation-ai\data\raw\trashnet\plastic\plastic152.jpg
0,phenomsg,Hazardous\Hazardous\e-waste\ulbs-at-recycling-event-old-broken-and-burnt-light-bulbs-waits-to-1593279565 - Copy.jpg,C:\Users\trish\Desktop\smart-waste-segregation-ai\data\raw\phenomsg\Hazardous\Hazardous\e-waste\ulbs-at-recycling-event-old-broken-and-burnt-light-bulbs-waits-to-1593279565 - Copy.jpg,phenomsg,Hazardous\Hazardous\e-waste\ulbs-at-recycling-event-old-broken-and-burnt-light-bulbs-waits-to-1593279565.jpg,C:\Users\trish\Desktop\smart-waste-segregation-ai\data\raw\phenomsg\Hazardous\Hazardous\e-waste\ulbs-at-recycling-event-old-broken-and-burnt-light-bulbs-waits-to-1593279565.jpg
0,phenomsg,Non-Recyclable\Non-Recyclable\stroform_product\200114-compostable-packaging-cups-utensils-plates.pla-plastic-waste-pollution-3-salad.jpg,C:\Users\trish\Desktop\smart-waste-segregation-ai\data\raw\phenomsg\Non-Recyclable\Non-Recyclable\stroform_product\200114-compostable-packaging-cups-utensils-plates.pla-plastic-waste-pollution-3-salad.jpg,phenomsg,Recyclable\Recyclable\cans_all_type\200114-compostable-packaging-cups-utensils-plates.pla-plastic-waste-pollution-3-salad.jpg,C:\Users\trish\Desktop\smart-waste-segregation-ai\data\raw\phenomsg\Recyclable\Recyclable\cans_all_type\200114-compostable-packaging-cups-utensils-plates.pla-plastic-waste-pollution-3-salad.jpg
0,phenomsg,Hazardous\Hazardous\e-waste\Optimized-ewaste-middle-east - Copy.jpg,C:\Users\trish\Desktop\smart-waste-segregation-ai\data\raw\phenomsg\Hazardous\Hazardous\e-waste\Optimized-ewaste-middle-east - Copy.jpg,phenomsg,Hazardous\Hazardous\e-waste\Optimized-ewaste-middle-east.jpg,C:\Users\trish\Desktop\smart-waste-segregation-ai\data\raw\phenomsg\Hazardous\Hazardous\e-waste\Optimized-ewaste-middle-east.jpg
0,phenomsg,Hazardous\Hazardous\e-waste\waste - Copy.jpg,C:\Users\trish\Desktop\smart-waste-segregation-ai\data\raw\phenomsg\Hazardous\Hazardous\e-waste\waste - Copy.jpg,phenomsg,Hazardous\Hazardous\e-waste\waste.jpg,C:\Users\trish\Desktop\smart-waste-segregation-ai\data\raw\phenomsg\Hazardous\Hazardous\e-waste\waste.jpg
0,phenomsg,Hazardous\Hazardous\e-waste\pile-o-light-bulbs-1024x683 - Copy.jpg,C:\Users\trish\Desktop\smart-waste-segregation-ai\data\raw\phenomsg\Hazardous\Hazardous\e-waste\pile-o-light-bulbs-1024x683 - Copy.jpg,phenomsg,Hazardous\Hazardous\e-waste\pile-o-light-bulbs-1024x683.jpg,C:\Users\trish\Desktop\smart-waste-segregation-ai\data\raw\phenomsg\Hazardous\Hazardous\e-waste\pile-o-light-bulbs-1024x683.jpg
6,realwaste,Food Organics\Food Organics_45.jpg,C:\Users\trish\Desktop\smart-waste-segregation-ai\data\raw\realwaste\Food Organics\Food Organics_45.jpg,realwaste,Metal\Metal_31.jpg,C:\Users\trish\Desktop\smart-waste-segregation-ai\data\raw\realwaste\Metal\Metal_31.jpg
0,phenomsg,Hazardous\Hazardous\e-waste\156050-wrdgfxdtvg-1615456453 - Copy.jpg,C:\Users\trish\Desktop\smart-waste-segregation-ai\data\raw\phenomsg\Hazardous\Hazardous\e-waste\156050-wrdgfxdtvg-1615456453 - Copy.jpg,phenomsg,Hazardous\Hazardous\e-waste\156050-wrdgfxdtvg-1615456453.jpg,C:\Users\trish\Desktop\smart-waste-segregation-ai\data\raw\phenomsg\Hazardous\Hazardous\e-waste\156050-wrdgfxdtvg-1615456453.jpg
0,phenomsg,Hazardous\Hazardous\e-waste\n-edison-fluorescent-and-led-isolated-on-a-transparent-background-1242075553 - Copy.jpg,C:\Users\trish\Desktop\smart-waste-segregation-ai\data\raw\phenomsg\Hazardous\Hazardous\e-waste\n-edison-fluorescent-and-led-isolated-on-a-transparent-background-1242075553 - Copy.jpg,phenomsg,Hazardous\Hazardous\e-waste\n-edison-fluorescent-and-led-isolated-on-a-transparent-background-1242075553.jpg,C:\Users\trish\Desktop\smart-waste-segregation-ai\data\raw\phenomsg\Hazardous\Hazardous\e-waste\n-edison-fluorescent-and-led-isolated-on-a-transparent-background-1242075553.jpg
0,phenomsg,Organic\Organic\food_scraps\Organic-waste-to-wealth.jpg,C:\Users\trish\Desktop\smart-waste-segregation-ai\data\raw\phenomsg\Organic\Organic\food_scraps\Organic-waste-to-wealth.jpg,phenomsg,Organic\Organic\kitchen_waste\Organic-waste-to-wealth.jpg,C:\Users\trish\Desktop\smart-waste-segregation-ai\data\raw\phenomsg\Organic\Organic\kitchen_waste\Organic-waste-to-wealth.jpg
0,phenomsg,Hazardous\Hazardous\e-waste\stock-photo-old-lamps-and-lightbulbs-collection-in-a-waste-bin-2167268987 - Copy.jpg,C:\Users\trish\Desktop\smart-waste-segregation-ai\data\raw\phenomsg\Hazardous\Hazardous\e-waste\stock-photo-old-lamps-and-lightbulbs-collection-in-a-waste-bin-2167268987 - Copy.jpg,phenomsg,Hazardous\Hazardous\e-waste\stock-photo-old-lamps-and-lightbulbs-collection-in-a-waste-bin-2167268987.jpg,C:\Users\trish\Desktop\smart-waste-segregation-ai\data\raw\phenomsg\Hazardous\Hazardous\e-waste\stock-photo-old-lamps-and-lightbulbs-collection-in-a-waste-bin-2167268987.jpg
0,phenomsg,Hazardous\Hazardous\e-waste\47-e-waste-a-growing-concern - Copy.jpg,C:\Users\trish\Desktop\smart-waste-segregation-ai\data\raw\phenomsg\Hazardous\Hazardous\e-waste\47-e-waste-a-growing-concern - Copy.jpg,phenomsg,Hazardous\Hazardous\e-waste\47-e-waste-a-growing-concern.jpg,C:\Users\trish\Desktop\smart-waste-segregation-ai\data\raw\phenomsg\Hazardous\Hazardous\e-waste\47-e-waste-a-growing-concern.jpg
0,phenomsg,Hazardous\Hazardous\e-waste\e-waste-2049017_1280 - Copy.jpg,C:\Users\trish\Desktop\smart-waste-segregation-ai\data\raw\phenomsg\Hazardous\Hazardous\e-waste\e-waste-2049017_1280 - Copy.jpg,phenomsg,Hazardous\Hazardous\paints\391w_e-waste-2049017_1280.jpg,C:\Users\trish\Desktop\smart-waste-segregation-ai\data\raw\phenomsg\Hazardous\Hazardous\paints\391w_e-waste-2049017_1280.jpg
0,phenomsg,Hazardous\Hazardous\e-waste\Ewaste-1602590536972 - Copy.png,C:\Users\trish\Desktop\smart-waste-segregation-ai\data\raw\phenomsg\Hazardous\Hazardous\e-waste\Ewaste-1602590536972 - Copy.png,phenomsg,Hazardous\Hazardous\e-waste\Ewaste-1602590536972.png,C:\Users\trish\Desktop\smart-waste-segregation-ai\data\raw\phenomsg\Hazardous\Hazardous\e-waste\Ewaste-1602590536972.png
0,phenomsg,Hazardous\Hazardous\e-waste\640339-50P_PRO - Copy.jpg,C:\Users\trish\Desktop\smart-waste-segregation-ai\data\raw\phenomsg\Hazardous\Hazardous\e-waste\640339-50P_PRO - Copy.jpg,phenomsg,Hazardous\Hazardous\e-waste\640339-50P_PRO.jpg,C:\Users\trish\Desktop\smart-waste-segregation-ai\data\raw\phenomsg\Hazardous\Hazardous\e-waste\640339-50P_PRO.jpg
0,ewaste,train\PCB\pcb_153.jpg,C:\Users\trish\Desktop\smart-waste-segregation-ai\data\raw\ewaste\train\PCB\pcb_153.jpg,ewaste,train\PCB\pcb_67.jpg,C:\Users\trish\Desktop\smart-waste-segregation-ai\data\raw\ewaste\train\PCB\pcb_67.jpg
0,ewaste,train\Television\Television_238.jpg,C:\Users\trish\Desktop\smart-waste-segregation-ai\data\raw\ewaste\train\Television\Television_238.jpg,ewaste,train\Television\Television_245.jpg,C:\Users\trish\Desktop\smart-waste-segregation-ai\data\raw\ewaste\train\Television\Television_245.jpg
4,realwaste,Metal\Metal_738.jpg,C:\Users\trish\Desktop\smart-waste-segregation-ai\data\raw\realwaste\Metal\Metal_738.jpg,realwaste,Plastic\Plastic_763.jpg,C:\Users\trish\Desktop\smart-waste-segregation-ai\data\raw\realwaste\Plastic\Plastic_763.jpg
0,ewaste,train\Microwave\Microwave_104.jpg,C:\Users\trish\Desktop\smart-waste-segregation-ai\data\raw\ewaste\train\Microwave\Microwave_104.jpg,ewaste,train\Microwave\Microwave_91.jpg,C:\Users\trish\Desktop\smart-waste-segregation-ai\data\raw\ewaste\train\Microwave\Microwave_91.jpg
6,realwaste,Metal\Metal_655.jpg,C:\Users\trish\Desktop\smart-waste-segregation-ai\data\raw\realwaste\Metal\Metal_655.jpg,realwaste,Metal\Metal_692.jpg,C:\Users\trish\Desktop\smart-waste-segregation-ai\data\raw\realwaste\Metal\Metal_692.jpg
0,phenomsg,Hazardous\Hazardous\e-waste\e-waste-lg-238744418 - Copy.jpg,C:\Users\trish\Desktop\smart-waste-segregation-ai\data\raw\phenomsg\Hazardous\Hazardous\e-waste\e-waste-lg-238744418 - Copy.jpg,phenomsg,Hazardous\Hazardous\e-waste\e-waste-lg-238744418.jpg,C:\Users\trish\Desktop\smart-waste-segregation-ai\data\raw\phenomsg\Hazardous\Hazardous\e-waste\e-waste-lg-238744418.jpg
6,ewaste,val\Keyboard\Keyboard_239.jpg,C:\Users\trish\Desktop\smart-waste-segregation-ai\data\raw\ewaste\val\Keyboard\Keyboard_239.jpg,ewaste,val\Player\Player_280.jpg,C:\Users\trish\Desktop\smart-waste-segregation-ai\data\raw\ewaste\val\Player\Player_280.jpg
0,phenomsg,Hazardous\Hazardous\e-waste\E-Waste20Wednesday20-20Waste20Reduction20Week202022 - Copy.png,C:\Users\trish\Desktop\smart-waste-segregation-ai\data\raw\phenomsg\Hazardous\Hazardous\e-waste\E-Waste20Wednesday20-20Waste20Reduction20Week202022 - Copy.png,phenomsg,Hazardous\Hazardous\e-waste\E-Waste20Wednesday20-20Waste20Reduction20Week202022.png,C:\Users\trish\Desktop\smart-waste-segregation-ai\data\raw\phenomsg\Hazardous\Hazardous\e-waste\E-Waste20Wednesday20-20Waste20Reduction20Week202022.png
0,phenomsg,Hazardous\Hazardous\e-waste\Noteable_ewaste_main-760x378 - Copy.jpg,C:\Users\trish\Desktop\smart-waste-segregation-ai\data\raw\phenomsg\Hazardous\Hazardous\e-waste\Noteable_ewaste_main-760x378 - Copy.jpg,phenomsg,Hazardous\Hazardous\e-waste\Noteable_ewaste_main-760x378.jpg,C:\Users\trish\Desktop\smart-waste-segregation-ai\data\raw\phenomsg\Hazardous\Hazardous\e-waste\Noteable_ewaste_main-760x378.jpg
0,phenomsg,Hazardous\Hazardous\e-waste\04801E3UVtxDTDY9ek1ovu0-3..v1618408208 - Copy.jpg,C:\Users\trish\Desktop\smart-waste-segregation-ai\data\raw\phenomsg\Hazardous\Hazardous\e-waste\04801E3UVtxDTDY9ek1ovu0-3..v1618408208 - Copy.jpg,phenomsg,Hazardous\Hazardous\e-waste\04801E3UVtxDTDY9ek1ovu0-3..v1618408208.jpg,C:\Users\trish\Desktop\smart-waste-segregation-ai\data\raw\phenomsg\Hazardous\Hazardous\e-waste\04801E3UVtxDTDY9ek1ovu0-3..v1618408208.jpg
0,ewaste,train\Mouse\Mouse_154.jpg,C:\Users\trish\Desktop\smart-waste-segregation-ai\data\raw\ewaste\train\Mouse\Mouse_154.jpg,ewaste,train\Mouse\Mouse_209.jpg,C:\Users\trish\Desktop\smart-waste-segregation-ai\data\raw\ewaste\train\Mouse\Mouse_209.jpg
0,phenomsg,Hazardous\Hazardous\e-waste\nergy-saving-bulbs-tube-spent-incandescent-halogen-cfi-fluorescent-174891297 - Copy.jpg,C:\Users\trish\Desktop\smart-waste-segregation-ai\data\raw\phenomsg\Hazardous\Hazardous\e-waste\nergy-saving-bulbs-tube-spent-incandescent-halogen-cfi-fluorescent-174891297 - Copy.jpg,phenomsg,Hazardous\Hazardous\e-waste\nergy-saving-bulbs-tube-spent-incandescent-halogen-cfi-fluorescent-174891297.jpg,C:\Users\trish\Desktop\smart-waste-segregation-ai\data\raw\phenomsg\Hazardous\Hazardous\e-waste\nergy-saving-bulbs-tube-spent-incandescent-halogen-cfi-fluorescent-174891297.jpg
0,phenomsg,Non-Recyclable\Non-Recyclable\stroform_product\Untitled-1024-C397-768px-16-1200x900.jpg,C:\Users\trish\Desktop\smart-waste-segregation-ai\data\raw\phenomsg\Non-Recyclable\Non-Recyclable\stroform_product\Untitled-1024-C397-768px-16-1200x900.jpg,phenomsg,Non-Recyclable\Non-Recyclable\stroform_product\Untitled-1024-C397-768px-16.jpg,C:\Users\trish\Desktop\smart-waste-segregation-ai\data\raw\phenomsg\Non-Recyclable\Non-Recyclable\stroform_product\Untitled-1024-C397-768px-16.jpg
4,phenomsg,Hazardous\Hazardous\paints\Paint-Solvents-and-Thinners.jpg,C:\Users\trish\Desktop\smart-waste-segregation-ai\data\raw\phenomsg\Hazardous\Hazardous\paints\Paint-Solvents-and-Thinners.jpg,realwaste,Plastic\Plastic_781.jpg,C:\Users\trish\Desktop\smart-waste-segregation-ai\data\raw\realwaste\Plastic\Plastic_781.jpg
0,ewaste,train\PCB\pcb_209.jpg,C:\Users\trish\Desktop\smart-waste-segregation-ai\data\raw\ewaste\train\PCB\pcb_209.jpg,ewaste,train\PCB\pcb_228.jpg,C:\Users\trish\Desktop\smart-waste-segregation-ai\data\raw\ewaste\train\PCB\pcb_228.jpg
0,phenomsg,Hazardous\Hazardous\e-waste\icons-led-lamps-types-fluorescent-filament-halogen-diode-and-other-632016899 - Copy.jpg,C:\Users\trish\Desktop\smart-waste-segregation-ai\data\raw\phenomsg\Hazardous\Hazardous\e-waste\icons-led-lamps-types-fluorescent-filament-halogen-diode-and-other-632016899 - Copy.jpg,phenomsg,Hazardous\Hazardous\e-waste\icons-led-lamps-types-fluorescent-filament-halogen-diode-and-other-632016899.jpg,C:\Users\trish\Desktop\smart-waste-segregation-ai\data\raw\phenomsg\Hazardous\Hazardous\e-waste\icons-led-lamps-types-fluorescent-filament-halogen-diode-and-other-632016899.jpg
2,trashnet,paper\paper459.jpg,C:\Users\trish\Desktop\smart-waste-segregation-ai\data\raw\trashnet\paper\paper459.jpg,trashnet,paper\paper466.jpg,C:\Users\trish\Desktop\smart-waste-segregation-ai\data\raw\trashnet\paper\paper466.jpg
0,ewaste,train\PCB\pcb_110.jpg,C:\Users\trish\Desktop\smart-waste-segregation-ai\data\raw\ewaste\train\PCB\pcb_110.jpg,ewaste,train\PCB\pcb_155.jpg,C:\Users\trish\Desktop\smart-waste-segregation-ai\data\raw\ewaste\train\PCB\pcb_155.jpg
0,phenomsg,Hazardous\Hazardous\e-waste\Electronic-waste-1 - Copy.png,C:\Users\trish\Desktop\smart-waste-segregation-ai\data\raw\phenomsg\Hazardous\Hazardous\e-waste\Electronic-waste-1 - Copy.png,phenomsg,Hazardous\Hazardous\e-waste\Electronic-waste-1.png,C:\Users\trish\Desktop\smart-waste-segregation-ai\data\raw\phenomsg\Hazardous\Hazardous\e-waste\Electronic-waste-1.png
6,ewaste,train\Battery\battery_171.jpg,C:\Users\trish\Desktop\smart-waste-segregation-ai\data\raw\ewaste\train\Battery\battery_171.jpg,ewaste,train\Battery\battery_237.jpg,C:\Users\trish\Desktop\smart-waste-segregation-ai\data\raw\ewaste\train\Battery\battery_237.jpg
0,phenomsg,Hazardous\Hazardous\e-waste\box1-img - Copy.png,C:\Users\trish\Desktop\smart-waste-segregation-ai\data\raw\phenomsg\Hazardous\Hazardous\e-waste\box1-img - Copy.png,phenomsg,Hazardous\Hazardous\e-waste\box1-img.png,C:\Users\trish\Desktop\smart-waste-segregation-ai\data\raw\phenomsg\Hazardous\Hazardous\e-waste\box1-img.png
0,ewaste,train\Player\Player_21.jpg,C:\Users\trish\Desktop\smart-waste-segregation-ai\data\raw\ewaste\train\Player\Player_21.jpg,ewaste,train\Player\Player_60.jpg,C:\Users\trish\Desktop\smart-waste-segregation-ai\data\raw\ewaste\train\Player\Player_60.jpg
0,ewaste,train\Player\Player_125.jpg,C:\Users\trish\Desktop\smart-waste-segregation-ai\data\raw\ewaste\train\Player\Player_125.jpg,ewaste,train\Player\Player_170.jpg,C:\Users\trish\Desktop\smart-waste-segregation-ai\data\raw\ewaste\train\Player\Player_170.jpg
6,realwaste,Metal\Metal_223.jpg,C:\Users\trish\Desktop\smart-waste-segregation-ai\data\raw\realwaste\Metal\Metal_223.jpg,realwaste,Metal\Metal_381.jpg,C:\Users\trish\Desktop\smart-waste-segregation-ai\data\raw\realwaste\Metal\Metal_381.jpg
4,realwaste,Food Organics\Food Organics_81.jpg,C:\Users\trish\Desktop\smart-waste-segregation-ai\data\raw\realwaste\Food Organics\Food Organics_81.jpg,realwaste,Food Organics\Food Organics_82.jpg,C:\Users\trish\Desktop\smart-waste-segregation-ai\data\raw\realwaste\Food Organics\Food Organics_82.jpg
0,phenomsg,Hazardous\Hazardous\e-waste\s-devices-and-used-electronic-components-intended-for-waste-disposal-2F3X0P0 - Copy.jpg,C:\Users\trish\Desktop\smart-waste-segregation-ai\data\raw\phenomsg\Hazardous\Hazardous\e-waste\s-devices-and-used-electronic-components-intended-for-waste-disposal-2F3X0P0 - Copy.jpg,phenomsg,Hazardous\Hazardous\e-waste\s-devices-and-used-electronic-components-intended-for-waste-disposal-2F3X0P0.jpg,C:\Users\trish\Desktop\smart-waste-segregation-ai\data\raw\phenomsg\Hazardous\Hazardous\e-waste\s-devices-and-used-electronic-components-intended-for-waste-disposal-2F3X0P0.jpg
0,phenomsg,Hazardous\Hazardous\e-waste\cfl_app - Copy.jpg,C:\Users\trish\Desktop\smart-waste-segregation-ai\data\raw\phenomsg\Hazardous\Hazardous\e-waste\cfl_app - Copy.jpg,phenomsg,Hazardous\Hazardous\e-waste\cfl_app.jpg,C:\Users\trish\Desktop\smart-waste-segregation-ai\data\raw\phenomsg\Hazardous\Hazardous\e-waste\cfl_app.jpg
0,phenomsg,Hazardous\Hazardous\e-waste\sddefault - Copy.jpg,C:\Users\trish\Desktop\smart-waste-segregation-ai\data\raw\phenomsg\Hazardous\Hazardous\e-waste\sddefault - Copy.jpg,phenomsg,Hazardous\Hazardous\e-waste\sddefault.jpg,C:\Users\trish\Desktop\smart-waste-segregation-ai\data\raw\phenomsg\Hazardous\Hazardous\e-waste\sddefault.jpg
0,phenomsg,Hazardous\Hazardous\e-waste\3283392878_d023c2ef93 - Copy.jpg,C:\Users\trish\Desktop\smart-waste-segregation-ai\data\raw\phenomsg\Hazardous\Hazardous\e-waste\3283392878_d023c2ef93 - Copy.jpg,phenomsg,Hazardous\Hazardous\e-waste\3283392878_d023c2ef93.jpg,C:\Users\trish\Desktop\smart-waste-segregation-ai\data\raw\phenomsg\Hazardous\Hazardous\e-waste\3283392878_d023c2ef93.jpg
0,phenomsg,Hazardous\Hazardous\e-waste\eWaste - Copy.jpg,C:\Users\trish\Desktop\smart-waste-segregation-ai\data\raw\phenomsg\Hazardous\Hazardous\e-waste\eWaste - Copy.jpg,phenomsg,Hazardous\Hazardous\e-waste\eWaste.jpg,C:\Users\trish\Desktop\smart-waste-segregation-ai\data\raw\phenomsg\Hazardous\Hazardous\e-waste\eWaste.jpg
0,phenomsg,Hazardous\Hazardous\e-waste\CFL - Copy.jpg,C:\Users\trish\Desktop\smart-waste-segregation-ai\data\raw\phenomsg\Hazardous\Hazardous\e-waste\CFL - Copy.jpg,phenomsg,Hazardous\Hazardous\e-waste\CFL.jpg,C:\Users\trish\Desktop\smart-waste-segregation-ai\data\raw\phenomsg\Hazardous\Hazardous\e-waste\CFL.jpg
0,phenomsg,Organic\Organic\food_scraps\content13101.jpg,C:\Users\trish\Desktop\smart-waste-segregation-ai\data\raw\phenomsg\Organic\Organic\food_scraps\content13101.jpg,phenomsg,Organic\Organic\kitchen_waste\content13101.jpg,C:\Users\trish\Desktop\smart-waste-segregation-ai\data\raw\phenomsg\Organic\Organic\kitchen_waste\content13101.jpg
0,phenomsg,Hazardous\Hazardous\e-waste\Avv5bVd22NhcKDUGMWzvNW - Copy.jpg,C:\Users\trish\Desktop\smart-waste-segregation-ai\data\raw\phenomsg\Hazardous\Hazardous\e-waste\Avv5bVd22NhcKDUGMWzvNW - Copy.jpg,phenomsg,Hazardous\Hazardous\e-waste\Avv5bVd22NhcKDUGMWzvNW.jpg,C:\Users\trish\Desktop\smart-waste-segregation-ai\data\raw\phenomsg\Hazardous\Hazardous\e-waste\Avv5bVd22NhcKDUGMWzvNW.jpg
4,trashnet,paper\paper457.jpg,C:\Users\trish\Desktop\smart-waste-segregation-ai\data\raw\trashnet\paper\paper457.jpg,trashnet,paper\paper553.jpg,C:\Users\trish\Desktop\smart-waste-segregation-ai\data\raw\trashnet\paper\paper553.jpg
0,ewaste,train\Player\Player_289.jpg,C:\Users\trish\Desktop\smart-waste-segregation-ai\data\raw\ewaste\train\Player\Player_289.jpg,ewaste,val\Player\Player_146.jpg,C:\Users\trish\Desktop\smart-waste-segregation-ai\data\raw\ewaste\val\Player\Player_146.jpg
0,phenomsg,Hazardous\Hazardous\e-waste\ng-electronic-waste-electronics-recycle-bin-miscellaneous-computer-recycling - Copy.png,C:\Users\trish\Desktop\smart-waste-segregation-ai\data\raw\phenomsg\Hazardous\Hazardous\e-waste\ng-electronic-waste-electronics-recycle-bin-miscellaneous-computer-recycling - Copy.png,phenomsg,Hazardous\Hazardous\e-waste\ng-electronic-waste-electronics-recycle-bin-miscellaneous-computer-recycling.png,C:\Users\trish\Desktop\smart-waste-segregation-ai\data\raw\phenomsg\Hazardous\Hazardous\e-waste\ng-electronic-waste-electronics-recycle-bin-miscellaneous-computer-recycling.png
0,ewaste,train\PCB\pcb_173.jpg,C:\Users\trish\Desktop\smart-waste-segregation-ai\data\raw\ewaste\train\PCB\pcb_173.jpg,ewaste,train\PCB\pcb_194.jpg,C:\Users\trish\Desktop\smart-waste-segregation-ai\data\raw\ewaste\train\PCB\pcb_194.jpg
0,ewaste,train\Printer\Printer_59.jpg,C:\Users\trish\Desktop\smart-waste-segregation-ai\data\raw\ewaste\train\Printer\Printer_59.jpg,ewaste,train\Printer\Printer_60.jpg,C:\Users\trish\Desktop\smart-waste-segregation-ai\data\raw\ewaste\train\Printer\Printer_60.jpg
0,phenomsg,Hazardous\Hazardous\e-waste\cling-bin-with-discarded-electrical-and-electronic-devices-such-as-277722974 - Copy.jpg,C:\Users\trish\Desktop\smart-waste-segregation-ai\data\raw\phenomsg\Hazardous\Hazardous\e-waste\cling-bin-with-discarded-electrical-and-electronic-devices-such-as-277722974 - Copy.jpg,phenomsg,Hazardous\Hazardous\e-waste\cling-bin-with-discarded-electrical-and-electronic-devices-such-as-277722974.jpg,C:\Users\trish\Desktop\smart-waste-segregation-ai\data\raw\phenomsg\Hazardous\Hazardous\e-waste\cling-bin-with-discarded-electrical-and-electronic-devices-such-as-277722974.jpg
0,phenomsg,Non-Recyclable\Non-Recyclable\platics_bags_wrappers\garbage-1260833_1280.jpg,C:\Users\trish\Desktop\smart-waste-segregation-ai\data\raw\phenomsg\Non-Recyclable\Non-Recyclable\platics_bags_wrappers\garbage-1260833_1280.jpg,phenomsg,Non-Recyclable\Non-Recyclable\stroform_product\garbage-1260833_1280.jpg,C:\Users\trish\Desktop\smart-waste-segregation-ai\data\raw\phenomsg\Non-Recyclable\Non-Recyclable\stroform_product\garbage-1260833_1280.jpg
0,phenomsg,Hazardous\Hazardous\e-waste\Compact_fluorescent_light_bulb_with_GU24_connector - Copy.png,C:\Users\trish\Desktop\smart-waste-segregation-ai\data\raw\phenomsg\Hazardous\Hazardous\e-waste\Compact_fluorescent_light_bulb_with_GU24_connector - Copy.png,phenomsg,Hazardous\Hazardous\e-waste\Compact_fluorescent_light_bulb_with_GU24_connector.png,C:\Users\trish\Desktop\smart-waste-segregation-ai\data\raw\phenomsg\Hazardous\Hazardous\e-waste\Compact_fluorescent_light_bulb_with_GU24_connector.png
0,phenomsg,Hazardous\Hazardous\e-waste\20f1f392-6d51-4fdb-a0a1-b6e0e837a57b.bc4be531fe04703066c45a302f6d7c0e - Copy.jpeg,C:\Users\trish\Desktop\smart-waste-segregation-ai\data\raw\phenomsg\Hazardous\Hazardous\e-waste\20f1f392-6d51-4fdb-a0a1-b6e0e837a57b.bc4be531fe04703066c45a302f6d7c0e - Copy.jpeg,phenomsg,Hazardous\Hazardous\e-waste\20f1f392-6d51-4fdb-a0a1-b6e0e837a57b.bc4be531fe04703066c45a302f6d7c0e.jpeg,C:\Users\trish\Desktop\smart-waste-segregation-ai\data\raw\phenomsg\Hazardous\Hazardous\e-waste\20f1f392-6d51-4fdb-a0a1-b6e0e837a57b.bc4be531fe04703066c45a302f6d7c0e.jpeg
0,phenomsg,Hazardous\Hazardous\e-waste\_elektroschrott_hardware_kp_1200_a97c5f3517_8f5684198f6489c7d84856d3efe3ad10 - Copy.jpg,C:\Users\trish\Desktop\smart-waste-segregation-ai\data\raw\phenomsg\Hazardous\Hazardous\e-waste\_elektroschrott_hardware_kp_1200_a97c5f3517_8f5684198f6489c7d84856d3efe3ad10 - Copy.jpg,phenomsg,Hazardous\Hazardous\e-waste\_elektroschrott_hardware_kp_1200_a97c5f3517_8f5684198f6489c7d84856d3efe3ad10.jpg,C:\Users\trish\Desktop\smart-waste-segregation-ai\data\raw\phenomsg\Hazardous\Hazardous\e-waste\_elektroschrott_hardware_kp_1200_a97c5f3517_8f5684198f6489c7d84856d3efe3ad10.jpg
6,realwaste,Plastic\Plastic_234.jpg,C:\Users\trish\Desktop\smart-waste-segregation-ai\data\raw\realwaste\Plastic\Plastic_234.jpg,realwaste,Textile Trash\Textile Trash_213.jpg,C:\Users\trish\Desktop\smart-waste-segregation-ai\data\raw\realwaste\Textile Trash\Textile Trash_213.jpg
0,phenomsg,Hazardous\Hazardous\e-waste\1200px-Energiesparlampe_01_retouched - Copy.jpg,C:\Users\trish\Desktop\smart-waste-segregation-ai\data\raw\phenomsg\Hazardous\Hazardous\e-waste\1200px-Energiesparlampe_01_retouched - Copy.jpg,phenomsg,Hazardous\Hazardous\e-waste\Energiesparlampe_01_retouched - Copy.jpg,C:\Users\trish\Desktop\smart-waste-segregation-ai\data\raw\phenomsg\Hazardous\Hazardous\e-waste\Energiesparlampe_01_retouched - Copy.jpg
4,trashnet,paper\paper180.jpg,C:\Users\trish\Desktop\smart-waste-segregation-ai\data\raw\trashnet\paper\paper180.jpg,trashnet,paper\paper284.jpg,C:\Users\trish\Desktop\smart-waste-segregation-ai\data\raw\trashnet\paper\paper284.jpg
0,phenomsg,Hazardous\Hazardous\e-waste\Electronic-waste2-scaled - Copy.jpg,C:\Users\trish\Desktop\smart-waste-segregation-ai\data\raw\phenomsg\Hazardous\Hazardous\e-waste\Electronic-waste2-scaled - Copy.jpg,phenomsg,Hazardous\Hazardous\e-waste\Electronic-waste2-scaled.jpg,C:\Users\trish\Desktop\smart-waste-segregation-ai\data\raw\phenomsg\Hazardous\Hazardous\e-waste\Electronic-waste2-scaled.jpg
2,ewaste,val\Television\Television_277.jpg,C:\Users\trish\Desktop\smart-waste-segregation-ai\data\raw\ewaste\val\Television\Television_277.jpg,ewaste,val\Television\Television_286.jpg,C:\Users\trish\Desktop\smart-waste-segregation-ai\data\raw\ewaste\val\Television\Television_286.jpg
6,trashnet,plastic\plastic131.jpg,C:\Users\trish\Desktop\smart-waste-segregation-ai\data\raw\trashnet\plastic\plastic131.jpg,trashnet,trash\trash127.jpg,C:\Users\trish\Desktop\smart-waste-segregation-ai\data\raw\trashnet\trash\trash127.jpg
6,ewaste,train\Mobile\Mobile_244.jpg,C:\Users\trish\Desktop\smart-waste-segregation-ai\data\raw\ewaste\train\Mobile\Mobile_244.jpg,ewaste,train\Mobile\Mobile_246.jpg,C:\Users\trish\Desktop\smart-waste-segregation-ai\data\raw\ewaste\train\Mobile\Mobile_246.jpg
0,phenomsg,Hazardous\Hazardous\e-waste\LED20vs20Fluorescent20Image20202120Blog20Sized - Copy.png,C:\Users\trish\Desktop\smart-waste-segregation-ai\data\raw\phenomsg\Hazardous\Hazardous\e-waste\LED20vs20Fluorescent20Image20202120Blog20Sized - Copy.png,phenomsg,Hazardous\Hazardous\e-waste\LED20vs20Fluorescent20Image20202120Blog20Sized.png,C:\Users\trish\Desktop\smart-waste-segregation-ai\data\raw\phenomsg\Hazardous\Hazardous\e-waste\LED20vs20Fluorescent20Image20202120Blog20Sized.png
0,phenomsg,Organic\Organic\egg_shells\White-Eggshells-On-a-Wooden-Surface.jpg,C:\Users\trish\Desktop\smart-waste-segregation-ai\data\raw\phenomsg\Organic\Organic\egg_shells\White-Eggshells-On-a-Wooden-Surface.jpg,phenomsg,Organic\Organic\egg_shells\egg-shells-1622966061-5849297.jpeg,C:\Users\trish\Desktop\smart-waste-segregation-ai\data\raw\phenomsg\Organic\Organic\egg_shells\egg-shells-1622966061-5849297.jpeg
0,phenomsg,Non-Recyclable\Non-Recyclable\stroform_product\eom212107-gra-0001-m.jpg,C:\Users\trish\Desktop\smart-waste-segregation-ai\data\raw\phenomsg\Non-Recyclable\Non-Recyclable\stroform_product\eom212107-gra-0001-m.jpg,phenomsg,Non-Recyclable\Non-Recyclable\stroform_product\eom212107-toc-0001-m.jpg,C:\Users\trish\Desktop\smart-waste-segregation-ai\data\raw\phenomsg\Non-Recyclable\Non-Recyclable\stroform_product\eom212107-toc-0001-m.jpg
2,ewaste,test\Mobile\Mobile_259.jpg,C:\Users\trish\Desktop\smart-waste-segregation-ai\data\raw\ewaste\test\Mobile\Mobile_259.jpg,ewaste,test\Mobile\Mobile_260.jpg,C:\Users\trish\Desktop\smart-waste-segregation-ai\data\raw\ewaste\test\Mobile\Mobile_260.jpg
0,phenomsg,Hazardous\Hazardous\e-waste\61DVdFF9f-L - Copy.jpg,C:\Users\trish\Desktop\smart-waste-segregation-ai\data\raw\phenomsg\Hazardous\Hazardous\e-waste\61DVdFF9f-L - Copy.jpg,phenomsg,Hazardous\Hazardous\e-waste\61DVdFF9f-L.jpg,C:\Users\trish\Desktop\smart-waste-segregation-ai\data\raw\phenomsg\Hazardous\Hazardous\e-waste\61DVdFF9f-L.jpg
0,phenomsg,Recyclable\Recyclable\plastic_bottles\4212d915183728270996d833a9ec3a2d--soda-bottle-crafts-soda-bottles.jpg,C:\Users\trish\Desktop\smart-waste-segregation-ai\data\raw\phenomsg\Recyclable\Recyclable\plastic_bottles\4212d915183728270996d833a9ec3a2d--soda-bottle-crafts-soda-bottles.jpg,phenomsg,Recyclable\Recyclable\plastic_bottles\4212d915183728270996d833a9ec3a2d.jpg,C:\Users\trish\Desktop\smart-waste-segregation-ai\data\raw\phenomsg\Recyclable\Recyclable\plastic_bottles\4212d915183728270996d833a9ec3a2d.jpg
0,phenomsg,Hazardous\Hazardous\e-waste\light-bulb-recycling-waste-legacy-tungsten-on-white-background-GJ5BDK - Copy.jpg,C:\Users\trish\Desktop\smart-waste-segregation-ai\data\raw\phenomsg\Hazardous\Hazardous\e-waste\light-bulb-recycling-waste-legacy-tungsten-on-white-background-GJ5BDK - Copy.jpg,phenomsg,Hazardous\Hazardous\e-waste\light-bulb-recycling-waste-legacy-tungsten-on-white-background-GJ5BDK.jpg,C:\Users\trish\Desktop\smart-waste-segregation-ai\data\raw\phenomsg\Hazardous\Hazardous\e-waste\light-bulb-recycling-waste-legacy-tungsten-on-white-background-GJ5BDK.jpg
0,ewaste,train\Mouse\Mouse_213.jpg,C:\Users\trish\Desktop\smart-waste-segregation-ai\data\raw\ewaste\train\Mouse\Mouse_213.jpg,ewaste,val\Mouse\Mouse_189.jpg,C:\Users\trish\Desktop\smart-waste-segregation-ai\data\raw\ewaste\val\Mouse\Mouse_189.jpg
0,phenomsg,Organic\Organic\food_scraps\6106-05977845a_2400x1600.jpg.jpg,C:\Users\trish\Desktop\smart-waste-segregation-ai\data\raw\phenomsg\Organic\Organic\food_scraps\6106-05977845a_2400x1600.jpg.jpg,phenomsg,Organic\Organic\kitchen_waste\6106-05977845a_2400x1600.jpg.jpg,C:\Users\trish\Desktop\smart-waste-segregation-ai\data\raw\phenomsg\Organic\Organic\kitchen_waste\6106-05977845a_2400x1600.jpg.jpg
2,trashnet,paper\paper522.jpg,C:\Users\trish\Desktop\smart-waste-segregation-ai\data\raw\trashnet\paper\paper522.jpg,trashnet,paper\paper534.jpg,C:\Users\trish\Desktop\smart-waste-segregation-ai\data\raw\trashnet\paper\paper534.jpg
0,phenomsg,Hazardous\Hazardous\e-waste\file-20200709-58-1grgzv5 - Copy.jpg,C:\Users\trish\Desktop\smart-waste-segregation-ai\data\raw\phenomsg\Hazardous\Hazardous\e-waste\file-20200709-58-1grgzv5 - Copy.jpg,phenomsg,Hazardous\Hazardous\e-waste\file-20200709-58-1grgzv5.jpg,C:\Users\trish\Desktop\smart-waste-segregation-ai\data\raw\phenomsg\Hazardous\Hazardous\e-waste\file-20200709-58-1grgzv5.jpg
0,phenomsg,Hazardous\Hazardous\e-waste\archives-ewaste-one_one - Copy.jpg,C:\Users\trish\Desktop\smart-waste-segregation-ai\data\raw\phenomsg\Hazardous\Hazardous\e-waste\archives-ewaste-one_one - Copy.jpg,phenomsg,Hazardous\Hazardous\e-waste\archives-ewaste-one_one.jpg,C:\Users\trish\Desktop\smart-waste-segregation-ai\data\raw\phenomsg\Hazardous\Hazardous\e-waste\archives-ewaste-one_one.jpg
0,ewaste,train\PCB\pcb_156.jpg,C:\Users\trish\Desktop\smart-waste-segregation-ai\data\raw\ewaste\train\PCB\pcb_156.jpg,ewaste,train\PCB\pcb_161.jpg,C:\Users\trish\Desktop\smart-waste-segregation-ai\data\raw\ewaste\train\PCB\pcb_161.jpg
2,trashnet,paper\paper314.jpg,C:\Users\trish\Desktop\smart-waste-segregation-ai\data\raw\trashnet\paper\paper314.jpg,trashnet,paper\paper53.jpg,C:\Users\trish\Desktop\smart-waste-segregation-ai\data\raw\trashnet\paper\paper53.jpg
2,ewaste,train\Player\Player_262.jpg,C:\Users\trish\Desktop\smart-waste-segregation-ai\data\raw\ewaste\train\Player\Player_262.jpg,ewaste,train\Player\Player_29.jpg,C:\Users\trish\Desktop\smart-waste-segregation-ai\data\raw\ewaste\train\Player\Player_29.jpg
0,ewaste,train\Player\Player_82.jpg,C:\Users\trish\Desktop\smart-waste-segregation-ai\data\raw\ewaste\train\Player\Player_82.jpg,ewaste,val\Player\Player_37.jpg,C:\Users\trish\Desktop\smart-waste-segregation-ai\data\raw\ewaste\val\Player\Player_37.jpg
0,phenomsg,Hazardous\Hazardous\e-waste\e-waste-electronic-waste-recycling-and-management - Copy.jpg,C:\Users\trish\Desktop\smart-waste-segregation-ai\data\raw\phenomsg\Hazardous\Hazardous\e-waste\e-waste-electronic-waste-recycling-and-management - Copy.jpg,phenomsg,Hazardous\Hazardous\e-waste\e-waste-electronic-waste-recycling-and-management.jpg,C:\Users\trish\Desktop\smart-waste-segregation-ai\data\raw\phenomsg\Hazardous\Hazardous\e-waste\e-waste-electronic-waste-recycling-and-management.jpg
2,ewaste,train\Mobile\Mobile_215.jpg,C:\Users\trish\Desktop\smart-waste-segregation-ai\data\raw\ewaste\train\Mobile\Mobile_215.jpg,ewaste,train\Mobile\Mobile_217.jpg,C:\Users\trish\Desktop\smart-waste-segregation-ai\data\raw\ewaste\train\Mobile\Mobile_217.jpg
0,phenomsg,Hazardous\Hazardous\e-waste\634ec7fb55fe19788b75085f-18-watt-cfl-light-bulbs-4-pin-g24q-2 - Copy.jpg,C:\Users\trish\Desktop\smart-waste-segregation-ai\data\raw\phenomsg\Hazardous\Hazardous\e-waste\634ec7fb55fe19788b75085f-18-watt-cfl-light-bulbs-4-pin-g24q-2 - Copy.jpg,phenomsg,Hazardous\Hazardous\e-waste\634ec7fb55fe19788b75085f-18-watt-cfl-light-bulbs-4-pin-g24q-2.jpg,C:\Users\trish\Desktop\smart-waste-segregation-ai\data\raw\phenomsg\Hazardous\Hazardous\e-waste\634ec7fb55fe19788b75085f-18-watt-cfl-light-bulbs-4-pin-g24q-2.jpg
0,phenomsg,Hazardous\Hazardous\e-waste\bbf3173e-a750-4687-97be-50f2a4cd2d2b - Copy.jpg,C:\Users\trish\Desktop\smart-waste-segregation-ai\data\raw\phenomsg\Hazardous\Hazardous\e-waste\bbf3173e-a750-4687-97be-50f2a4cd2d2b - Copy.jpg,phenomsg,Hazardous\Hazardous\e-waste\bbf3173e-a750-4687-97be-50f2a4cd2d2b.jpg,C:\Users\trish\Desktop\smart-waste-segregation-ai\data\raw\phenomsg\Hazardous\Hazardous\e-waste\bbf3173e-a750-4687-97be-50f2a4cd2d2b.jpg
6,realwaste,Metal\Metal_435.jpg,C:\Users\trish\Desktop\smart-waste-segregation-ai\data\raw\realwaste\Metal\Metal_435.jpg,realwaste,Plastic\Plastic_100.jpg,C:\Users\trish\Desktop\smart-waste-segregation-ai\data\raw\realwaste\Plastic\Plastic_100.jpg
0,ewaste,train\Microwave\Microwave_179.jpg,C:\Users\trish\Desktop\smart-waste-segregation-ai\data\raw\ewaste\train\Microwave\Microwave_179.jpg,ewaste,train\Microwave\Microwave_218.jpg,C:\Users\trish\Desktop\smart-waste-segregation-ai\data\raw\ewaste\train\Microwave\Microwave_218.jpg
0,ewaste,train\PCB\pcb_82.jpg,C:\Users\trish\Desktop\smart-waste-segregation-ai\data\raw\ewaste\train\PCB\pcb_82.jpg,ewaste,val\PCB\pcb_34.jpg,C:\Users\trish\Desktop\smart-waste-segregation-ai\data\raw\ewaste\val\PCB\pcb_34.jpg
0,phenomsg,Recyclable\Recyclable\plastic_bottles\drip-feeder-338x600.jpg,C:\Users\trish\Desktop\smart-waste-segregation-ai\data\raw\phenomsg\Recyclable\Recyclable\plastic_bottles\drip-feeder-338x600.jpg,phenomsg,Recyclable\Recyclable\plastic_bottles\drip-feeder-e1517492065644.jpg,C:\Users\trish\Desktop\smart-waste-segregation-ai\data\raw\phenomsg\Recyclable\Recyclable\plastic_bottles\drip-feeder-e1517492065644.jpg
2,phenomsg,Non-Recyclable\Non-Recyclable\sanitary_napkin\sustainability-10-04146-g001-550.jpg,C:\Users\trish\Desktop\smart-waste-segregation-ai\data\raw\phenomsg\Non-Recyclable\Non-Recyclable\sanitary_napkin\sustainability-10-04146-g001-550.jpg,phenomsg,Non-Recyclable\Non-Recyclable\sanitary_napkin\sustainability-10-04146-g001.png,C:\Users\trish\Desktop\smart-waste-segregation-ai\data\raw\phenomsg\Non-Recyclable\Non-Recyclable\sanitary_napkin\sustainability-10-04146-g001.png
0,phenomsg,Hazardous\Hazardous\e-waste\Fluorescent_light_bulb_from_inside_2 - Copy.jpg,C:\Users\trish\Desktop\smart-waste-segregation-ai\data\raw\phenomsg\Hazardous\Hazardous\e-waste\Fluorescent_light_bulb_from_inside_2 - Copy.jpg,phenomsg,Hazardous\Hazardous\e-waste\Fluorescent_light_bulb_from_inside_2.jpg,C:\Users\trish\Desktop\smart-waste-segregation-ai\data\raw\phenomsg\Hazardous\Hazardous\e-waste\Fluorescent_light_bulb_from_inside_2.jpg
0,phenomsg,Hazardous\Hazardous\e-waste\compact-fluorescent-light-bulbs-with-typical-color-temperatures-vector-HGPGPK - Copy.jpg,C:\Users\trish\Desktop\smart-waste-segregation-ai\data\raw\phenomsg\Hazardous\Hazardous\e-waste\compact-fluorescent-light-bulbs-with-typical-color-temperatures-vector-HGPGPK - Copy.jpg,phenomsg,Hazardous\Hazardous\e-waste\compact-fluorescent-light-bulbs-with-typical-color-temperatures-vector-HGPGPK.jpg,C:\Users\trish\Desktop\smart-waste-segregation-ai\data\raw\phenomsg\Hazardous\Hazardous\e-waste\compact-fluorescent-light-bulbs-with-typical-color-temperatures-vector-HGPGPK.jpg
0,phenomsg,Hazardous\Hazardous\e-waste\Led-CFL-And-Incandescent-Bulbs-Wi-6719889-scaled - Copy.jpg,C:\Users\trish\Desktop\smart-waste-segregation-ai\data\raw\phenomsg\Hazardous\Hazardous\e-waste\Led-CFL-And-Incandescent-Bulbs-Wi-6719889-scaled - Copy.jpg,phenomsg,Hazardous\Hazardous\e-waste\Led-CFL-And-Incandescent-Bulbs-Wi-6719889-scaled.jpg,C:\Users\trish\Desktop\smart-waste-segregation-ai\data\raw\phenomsg\Hazardous\Hazardous\e-waste\Led-CFL-And-Incandescent-Bulbs-Wi-6719889-scaled.jpg
6,realwaste,Food Organics\Food Organics_199.jpg,C:\Users\trish\Desktop\smart-waste-segregation-ai\data\raw\realwaste\Food Organics\Food Organics_199.jpg,realwaste,Food Organics\Food Organics_77.jpg,C:\Users\trish\Desktop\smart-waste-segregation-ai\data\raw\realwaste\Food Organics\Food Organics_77.jpg
6,ewaste,train\Battery\battery_85.jpg,C:\Users\trish\Desktop\smart-waste-segregation-ai\data\raw\ewaste\train\Battery\battery_85.jpg,ewaste,val\Player\Player_34.jpg,C:\Users\trish\Desktop\smart-waste-segregation-ai\data\raw\ewaste\val\Player\Player_34.jpg
0,phenomsg,Hazardous\Hazardous\e-waste\HHW_Bulbs-updated - Copy.jpg,C:\Users\trish\Desktop\smart-waste-segregation-ai\data\raw\phenomsg\Hazardous\Hazardous\e-waste\HHW_Bulbs-updated - Copy.jpg,phenomsg,Hazardous\Hazardous\e-waste\HHW_Bulbs-updated.jpg,C:\Users\trish\Desktop\smart-waste-segregation-ai\data\raw\phenomsg\Hazardous\Hazardous\e-waste\HHW_Bulbs-updated.jpg
0,phenomsg,Hazardous\Hazardous\e-waste\electonic-waste - Copy.jpg,C:\Users\trish\Desktop\smart-waste-segregation-ai\data\raw\phenomsg\Hazardous\Hazardous\e-waste\electonic-waste - Copy.jpg,phenomsg,Hazardous\Hazardous\e-waste\electonic-waste.jpg,C:\Users\trish\Desktop\smart-waste-segregation-ai\data\raw\phenomsg\Hazardous\Hazardous\e-waste\electonic-waste.jpg
0,phenomsg,Hazardous\Hazardous\e-waste\Electronic_waste_at_Agbogbloshie2C_Ghana.jpg,C:\Users\trish\Desktop\smart-waste-segregation-ai\data\raw\phenomsg\Hazardous\Hazardous\e-waste\Electronic_waste_at_Agbogbloshie2C_Ghana.jpg,phenomsg,Hazardous\Hazardous\e-waste\Solutions-to-e-waste-problems1.jpg,C:\Users\trish\Desktop\smart-waste-segregation-ai\data\raw\phenomsg\Hazardous\Hazardous\e-waste\Solutions-to-e-waste-problems1.jpg
0,phenomsg,Organic\Organic\food_scraps\sustainability-waste-reducing-food-loss-article-header-fw.jpg,C:\Users\trish\Desktop\smart-waste-segregation-ai\data\raw\phenomsg\Organic\Organic\food_scraps\sustainability-waste-reducing-food-loss-article-header-fw.jpg,phenomsg,Organic\Organic\kitchen_waste\sustainability-waste-reducing-food-loss-article-header-fw.jpg,C:\Users\trish\Desktop\smart-waste-segregation-ai\data\raw\phenomsg\Organic\Organic\kitchen_waste\sustainability-waste-reducing-food-loss-article-header-fw.jpg
0,phenomsg,Hazardous\Hazardous\e-waste\shutterstock_101806765-Bulbs - Copy.jpg,C:\Users\trish\Desktop\smart-waste-segregation-ai\data\raw\phenomsg\Hazardous\Hazardous\e-waste\shutterstock_101806765-Bulbs - Copy.jpg,phenomsg,Hazardous\Hazardous\e-waste\shutterstock_101806765-Bulbs.jpg,C:\Users\trish\Desktop\smart-waste-segregation-ai\data\raw\phenomsg\Hazardous\Hazardous\e-waste\shutterstock_101806765-Bulbs.jpg
0,phenomsg,Hazardous\Hazardous\e-waste\129249_iStock-636655004---Hero - Copy.jpg,C:\Users\trish\Desktop\smart-waste-segregation-ai\data\raw\phenomsg\Hazardous\Hazardous\e-waste\129249_iStock-636655004---Hero - Copy.jpg,phenomsg,Hazardous\Hazardous\e-waste\129249_iStock-636655004---Hero.jpg,C:\Users\trish\Desktop\smart-waste-segregation-ai\data\raw\phenomsg\Hazardous\Hazardous\e-waste\129249_iStock-636655004---Hero.jpg
4,trashnet,paper\paper474.jpg,C:\Users\trish\Desktop\smart-waste-segregation-ai\data\raw\trashnet\paper\paper474.jpg,trashnet,paper\paper89.jpg,C:\Users\trish\Desktop\smart-waste-segregation-ai\data\raw\trashnet\paper\paper89.jpg
0,ewaste,train\Microwave\Microwave_166.jpg,C:\Users\trish\Desktop\smart-waste-segregation-ai\data\raw\ewaste\train\Microwave\Microwave_166.jpg,ewaste,train\Microwave\Microwave_188.jpg,C:\Users\trish\Desktop\smart-waste-segregation-ai\data\raw\ewaste\train\Microwave\Microwave_188.jpg
0,phenomsg,Hazardous\Hazardous\e-waste\Parts_of_CFL_large - Copy.jpg,C:\Users\trish\Desktop\smart-waste-segregation-ai\data\raw\phenomsg\Hazardous\Hazardous\e-waste\Parts_of_CFL_large - Copy.jpg,phenomsg,Hazardous\Hazardous\e-waste\Parts_of_CFL_large.jpg,C:\Users\trish\Desktop\smart-waste-segregation-ai\data\raw\phenomsg\Hazardous\Hazardous\e-waste\Parts_of_CFL_large.jpg
2,trashnet,paper\paper2.jpg,C:\Users\trish\Desktop\smart-waste-segregation-ai\data\raw\trashnet\paper\paper2.jpg,trashnet,paper\paper40.jpg,C:\Users\trish\Desktop\smart-waste-segregation-ai\data\raw\trashnet\paper\paper40.jpg
0,phenomsg,Hazardous\Hazardous\e-waste\post_lighting_waste - Copy.png,C:\Users\trish\Desktop\smart-waste-segregation-ai\data\raw\phenomsg\Hazardous\Hazardous\e-waste\post_lighting_waste - Copy.png,phenomsg,Hazardous\Hazardous\e-waste\post_lighting_waste.png,C:\Users\trish\Desktop\smart-waste-segregation-ai\data\raw\phenomsg\Hazardous\Hazardous\e-waste\post_lighting_waste.png
6,trashnet,paper\paper240.jpg,C:\Users\trish\Desktop\smart-waste-segregation-ai\data\raw\trashnet\paper\paper240.jpg,trashnet,paper\paper306.jpg,C:\Users\trish\Desktop\smart-waste-segregation-ai\data\raw\trashnet\paper\paper306.jpg
0,phenomsg,Hazardous\Hazardous\e-waste\Electronic-Waste-E-Waste-WEEE - Copy.jpg,C:\Users\trish\Desktop\smart-waste-segregation-ai\data\raw\phenomsg\Hazardous\Hazardous\e-waste\Electronic-Waste-E-Waste-WEEE - Copy.jpg,phenomsg,Hazardous\Hazardous\e-waste\Electronic-Waste-E-Waste-WEEE.jpg,C:\Users\trish\Desktop\smart-waste-segregation-ai\data\raw\phenomsg\Hazardous\Hazardous\e-waste\Electronic-Waste-E-Waste-WEEE.jpg
0,ewaste,test\Player\Player_177.jpg,C:\Users\trish\Desktop\smart-waste-segregation-ai\data\raw\ewaste\test\Player\Player_177.jpg,ewaste,train\Player\Player_171.jpg,C:\Users\trish\Desktop\smart-waste-segregation-ai\data\raw\ewaste\train\Player\Player_171.jpg
0,phenomsg,Hazardous\Hazardous\e-waste\E-Waste20types-493414483 - Copy.jpg,C:\Users\trish\Desktop\smart-waste-segregation-ai\data\raw\phenomsg\Hazardous\Hazardous\e-waste\E-Waste20types-493414483 - Copy.jpg,phenomsg,Hazardous\Hazardous\e-waste\E-Waste20types-493414483.jpg,C:\Users\trish\Desktop\smart-waste-segregation-ai\data\raw\phenomsg\Hazardous\Hazardous\e-waste\E-Waste20types-493414483.jpg
0,phenomsg,Hazardous\Hazardous\e-waste\-august-heap-of-broken-smartphone-screen-e-waste-electronic-waste-1100705909 - Copy.jpg,C:\Users\trish\Desktop\smart-waste-segregation-ai\data\raw\phenomsg\Hazardous\Hazardous\e-waste\-august-heap-of-broken-smartphone-screen-e-waste-electronic-waste-1100705909 - Copy.jpg,phenomsg,Hazardous\Hazardous\e-waste\-august-heap-of-broken-smartphone-screen-e-waste-electronic-waste-1100705909.jpg,C:\Users\trish\Desktop\smart-waste-segregation-ai\data\raw\phenomsg\Hazardous\Hazardous\e-waste\-august-heap-of-broken-smartphone-screen-e-waste-electronic-waste-1100705909.jpg
0,phenomsg,Hazardous\Hazardous\e-waste\Reciclaje_electronico_categorias_inglC3A9s - Copy.jpg,C:\Users\trish\Desktop\smart-waste-segregation-ai\data\raw\phenomsg\Hazardous\Hazardous\e-waste\Reciclaje_electronico_categorias_inglC3A9s - Copy.jpg,phenomsg,Hazardous\Hazardous\e-waste\Reciclaje_electronico_categorias_inglC3A9s.jpg,C:\Users\trish\Desktop\smart-waste-segregation-ai\data\raw\phenomsg\Hazardous\Hazardous\e-waste\Reciclaje_electronico_categorias_inglC3A9s.jpg
0,phenomsg,Non-Recyclable\Non-Recyclable\platics_bags_wrappers\Crisp-packets-800x450.jpg,C:\Users\trish\Desktop\smart-waste-segregation-ai\data\raw\phenomsg\Non-Recyclable\Non-Recyclable\platics_bags_wrappers\Crisp-packets-800x450.jpg,phenomsg,Non-Recyclable\Non-Recyclable\platics_bags_wrappers\Crisp-packets.jpg,C:\Users\trish\Desktop\smart-waste-segregation-ai\data\raw\phenomsg\Non-Recyclable\Non-Recyclable\platics_bags_wrappers\Crisp-packets.jpg
6,realwaste,Metal\Metal_546.jpg,C:\Users\trish\Desktop\smart-waste-segregation-ai\data\raw\realwaste\Metal\Metal_546.jpg,realwaste,Miscellaneous Trash\Miscellaneous Trash_401.jpg,C:\Users\trish\Desktop\smart-waste-segregation-ai\data\raw\realwaste\Miscellaneous Trash\Miscellaneous Trash_401.jpg
0,phenomsg,Hazardous\Hazardous\e-waste\stock-photo-hazardous-waste-on-a-black-background-681808615 - Copy.jpg,C:\Users\trish\Desktop\smart-waste-segregation-ai\data\raw\phenomsg\Hazardous\Hazardous\e-waste\stock-photo-hazardous-waste-on-a-black-background-681808615 - Copy.jpg,phenomsg,Hazardous\Hazardous\e-waste\stock-photo-hazardous-waste-on-a-black-background-681808615.jpg,C:\Users\trish\Desktop\smart-waste-segregation-ai\data\raw\phenomsg\Hazardous\Hazardous\e-waste\stock-photo-hazardous-waste-on-a-black-background-681808615.jpg
0,phenomsg,Hazardous\Hazardous\e-waste\1200px-Ewaste-pile.jpg,C:\Users\trish\Desktop\smart-waste-segregation-ai\data\raw\phenomsg\Hazardous\Hazardous\e-waste\1200px-Ewaste-pile.jpg,phenomsg,Hazardous\Hazardous\e-waste\800px-Ewaste-pile.jpg,C:\Users\trish\Desktop\smart-waste-segregation-ai\data\raw\phenomsg\Hazardous\Hazardous\e-waste\800px-Ewaste-pile.jpg
0,phenomsg,Hazardous\Hazardous\e-waste\_108381526_mediaitem108381525 - Copy.jpg,C:\Users\trish\Desktop\smart-waste-segregation-ai\data\raw\phenomsg\Hazardous\Hazardous\e-waste\_108381526_mediaitem108381525 - Copy.jpg,phenomsg,Hazardous\Hazardous\e-waste\_108381526_mediaitem108381525.jpg,C:\Users\trish\Desktop\smart-waste-segregation-ai\data\raw\phenomsg\Hazardous\Hazardous\e-waste\_108381526_mediaitem108381525.jpg
0,ewaste,train\Mouse\Mouse_179.jpg,C:\Users\trish\Desktop\smart-waste-segregation-ai\data\raw\ewaste\train\Mouse\Mouse_179.jpg,ewaste,train\Mouse\Mouse_186.jpg,C:\Users\trish\Desktop\smart-waste-segregation-ai\data\raw\ewaste\train\Mouse\Mouse_186.jpg
0,phenomsg,Hazardous\Hazardous\e-waste\archives-ewaste-one_one.jpg,C:\Users\trish\Desktop\smart-waste-segregation-ai\data\raw\phenomsg\Hazardous\Hazardous\e-waste\archives-ewaste-one_one.jpg,phenomsg,Organic\Organic\kitchen_waste\archives-ewaste-one_one.jpg,C:\Users\trish\Desktop\smart-waste-segregation-ai\data\raw\phenomsg\Organic\Organic\kitchen_waste\archives-ewaste-one_one.jpg
0,phenomsg,Hazardous\Hazardous\e-waste\lamps - Copy.jpg,C:\Users\trish\Desktop\smart-waste-segregation-ai\data\raw\phenomsg\Hazardous\Hazardous\e-waste\lamps - Copy.jpg,phenomsg,Hazardous\Hazardous\e-waste\lamps.jpg,C:\Users\trish\Desktop\smart-waste-segregation-ai\data\raw\phenomsg\Hazardous\Hazardous\e-waste\lamps.jpg
0,phenomsg,Hazardous\Hazardous\e-waste\ectronic-gadgets-devices-on-white-table-e-waste-planned-obsolescence-2KF1CDY - Copy.jpg,C:\Users\trish\Desktop\smart-waste-segregation-ai\data\raw\phenomsg\Hazardous\Hazardous\e-waste\ectronic-gadgets-devices-on-white-table-e-waste-planned-obsolescence-2KF1CDY - Copy.jpg,phenomsg,Hazardous\Hazardous\e-waste\ectronic-gadgets-devices-on-white-table-e-waste-planned-obsolescence-2KF1CDY.jpg,C:\Users\trish\Desktop\smart-waste-segregation-ai\data\raw\phenomsg\Hazardous\Hazardous\e-waste\ectronic-gadgets-devices-on-white-table-e-waste-planned-obsolescence-2KF1CDY.jpg
0,phenomsg,Hazardous\Hazardous\e-waste\electronic-waste-stock-photo_csp13003320 - Copy.jpg,C:\Users\trish\Desktop\smart-waste-segregation-ai\data\raw\phenomsg\Hazardous\Hazardous\e-waste\electronic-waste-stock-photo_csp13003320 - Copy.jpg,phenomsg,Hazardous\Hazardous\e-waste\electronic-waste-stock-photo_csp13003320.jpg,C:\Users\trish\Desktop\smart-waste-segregation-ai\data\raw\phenomsg\Hazardous\Hazardous\e-waste\electronic-waste-stock-photo_csp13003320.jpg
6,trashnet,glass\glass127.jpg,C:\Users\trish\Desktop\smart-waste-segregation-ai\data\raw\trashnet\glass\glass127.jpg,trashnet,plastic\plastic11.jpg,C:\Users\trish\Desktop\smart-waste-segregation-ai\data\raw\trashnet\plastic\plastic11.jpg
0,phenomsg,Hazardous\Hazardous\e-waste\2020_8largeimg_799107359 - Copy.jpg,C:\Users\trish\Desktop\smart-waste-segregation-ai\data\raw\phenomsg\Hazardous\Hazardous\e-waste\2020_8largeimg_799107359 - Copy.jpg,phenomsg,Hazardous\Hazardous\e-waste\2020_8largeimg_799107359.jpg,C:\Users\trish\Desktop\smart-waste-segregation-ai\data\raw\phenomsg\Hazardous\Hazardous\e-waste\2020_8largeimg_799107359.jpg
0,phenomsg,Hazardous\Hazardous\e-waste\5g-internet-race-huawei-04 - Copy.jpg,C:\Users\trish\Desktop\smart-waste-segregation-ai\data\raw\phenomsg\Hazardous\Hazardous\e-waste\5g-internet-race-huawei-04 - Copy.jpg,phenomsg,Hazardous\Hazardous\e-waste\5g-internet-race-huawei-04.jpg,C:\Users\trish\Desktop\smart-waste-segregation-ai\data\raw\phenomsg\Hazardous\Hazardous\e-waste\5g-internet-race-huawei-04.jpg
0,phenomsg,Hazardous\Hazardous\e-waste\1200px-Ewaste-pile.jpg,C:\Users\trish\Desktop\smart-waste-segregation-ai\data\raw\phenomsg\Hazardous\Hazardous\e-waste\1200px-Ewaste-pile.jpg,phenomsg,Hazardous\Hazardous\e-waste\800px-Ewaste-pile - Copy.jpg,C:\Users\trish\Desktop\smart-waste-segregation-ai\data\raw\phenomsg\Hazardous\Hazardous\e-waste\800px-Ewaste-pile - Copy.jpg
0,phenomsg,Hazardous\Hazardous\e-waste\0.40042800_1555498967_e-waste2 - Copy.jpg,C:\Users\trish\Desktop\smart-waste-segregation-ai\data\raw\phenomsg\Hazardous\Hazardous\e-waste\0.40042800_1555498967_e-waste2 - Copy.jpg,phenomsg,Hazardous\Hazardous\e-waste\e-waste22.jpg,C:\Users\trish\Desktop\smart-waste-segregation-ai\data\raw\phenomsg\Hazardous\Hazardous\e-waste\e-waste22.jpg
0,ewaste,train\PCB\pcb_214.jpg,C:\Users\trish\Desktop\smart-waste-segregation-ai\data\raw\ewaste\train\PCB\pcb_214.jpg,ewaste,train\PCB\pcb_248.jpg,C:\Users\trish\Desktop\smart-waste-segregation-ai\data\raw\ewaste\train\PCB\pcb_248.jpg
0,phenomsg,Hazardous\Hazardous\paints\5-Hazardous-Waste-Examples-Image-1.jpeg,C:\Users\trish\Desktop\smart-waste-segregation-ai\data\raw\phenomsg\Hazardous\Hazardous\paints\5-Hazardous-Waste-Examples-Image-1.jpeg,phenomsg,Hazardous\Hazardous\pesticides\pesticides3.jpg,C:\Users\trish\Desktop\smart-waste-segregation-ai\data\raw\phenomsg\Hazardous\Hazardous\pesticides\pesticides3.jpg
0,phenomsg,Hazardous\Hazardous\e-waste\maxresdefault2 - Copy.jpg,C:\Users\trish\Desktop\smart-waste-segregation-ai\data\raw\phenomsg\Hazardous\Hazardous\e-waste\maxresdefault2 - Copy.jpg,phenomsg,Hazardous\Hazardous\e-waste\maxresdefault2.jpg,C:\Users\trish\Desktop\smart-waste-segregation-ai\data\raw\phenomsg\Hazardous\Hazardous\e-waste\maxresdefault2.jpg
0,phenomsg,Hazardous\Hazardous\e-waste\WASTE-superJumbo - Copy.jpg,C:\Users\trish\Desktop\smart-waste-segregation-ai\data\raw\phenomsg\Hazardous\Hazardous\e-waste\WASTE-superJumbo - Copy.jpg,phenomsg,Hazardous\Hazardous\e-waste\WASTE-superJumbo.jpg,C:\Users\trish\Desktop\smart-waste-segregation-ai\data\raw\phenomsg\Hazardous\Hazardous\e-waste\WASTE-superJumbo.jpg
2,ewaste,train\PCB\pcb_56.jpg,C:\Users\trish\Desktop\smart-waste-segregation-ai\data\raw\ewaste\train\PCB\pcb_56.jpg,ewaste,train\PCB\pcb_93.jpg,C:\Users\trish\Desktop\smart-waste-segregation-ai\data\raw\ewaste\train\PCB\pcb_93.jpg
0,phenomsg,Non-Recyclable\Non-Recyclable\ceramic_product\Beer_bottles_2018_G1.jpg,C:\Users\trish\Desktop\smart-waste-segregation-ai\data\raw\phenomsg\Non-Recyclable\Non-Recyclable\ceramic_product\Beer_bottles_2018_G1.jpg,phenomsg,Recyclable\Recyclable\glass_containers\800px-Beer_bottles_2018_G1.jpg,C:\Users\trish\Desktop\smart-waste-segregation-ai\data\raw\phenomsg\Recyclable\Recyclable\glass_containers\800px-Beer_bottles_2018_G1.jpg
0,ewaste,test\Player\Player_83.jpg,C:\Users\trish\Desktop\smart-waste-segregation-ai\data\raw\ewaste\test\Player\Player_83.jpg,ewaste,train\Player\Player_254.jpg,C:\Users\trish\Desktop\smart-waste-segregation-ai\data\raw\ewaste\train\Player\Player_254.jpg
4,realwaste,Food Organics\Food Organics_150.jpg,C:\Users\trish\Desktop\smart-waste-segregation-ai\data\raw\realwaste\Food Organics\Food Organics_150.jpg,realwaste,Metal\Metal_326.jpg,C:\Users\trish\Desktop\smart-waste-segregation-ai\data\raw\realwaste\Metal\Metal_326.jpg
0,ewaste,train\Player\Player_289.jpg,C:\Users\trish\Desktop\smart-waste-segregation-ai\data\raw\ewaste\train\Player\Player_289.jpg,ewaste,val\Player\Player_99.jpg,C:\Users\trish\Desktop\smart-waste-segregation-ai\data\raw\ewaste\val\Player\Player_99.jpg
2,ewaste,test\Mobile\Mobile_266.jpg,C:\Users\trish\Desktop\smart-waste-segregation-ai\data\raw\ewaste\test\Mobile\Mobile_266.jpg,ewaste,val\Mobile\Mobile_265.jpg,C:\Users\trish\Desktop\smart-waste-segregation-ai\data\raw\ewaste\val\Mobile\Mobile_265.jpg
2,trashnet,paper\paper152.jpg,C:\Users\trish\Desktop\smart-waste-segregation-ai\data\raw\trashnet\paper\paper152.jpg,trashnet,paper\paper392.jpg,C:\Users\trish\Desktop\smart-waste-segregation-ai\data\raw\trashnet\paper\paper392.jpg
6,trashnet,metal\metal11.jpg,C:\Users\trish\Desktop\smart-waste-segregation-ai\data\raw\trashnet\metal\metal11.jpg,trashnet,metal\metal221.jpg,C:\Users\trish\Desktop\smart-waste-segregation-ai\data\raw\trashnet\metal\metal221.jpg
0,phenomsg,Hazardous\Hazardous\e-waste\What-is-e-waste-Great-Lakes-Electronics-Corporation-collection - Copy.jpg,C:\Users\trish\Desktop\smart-waste-segregation-ai\data\raw\phenomsg\Hazardous\Hazardous\e-waste\What-is-e-waste-Great-Lakes-Electronics-Corporation-collection - Copy.jpg,phenomsg,Hazardous\Hazardous\e-waste\What-is-e-waste-Great-Lakes-Electronics-Corporation-collection.jpg,C:\Users\trish\Desktop\smart-waste-segregation-ai\data\raw\phenomsg\Hazardous\Hazardous\e-waste\What-is-e-waste-Great-Lakes-Electronics-Corporation-collection.jpg
0,phenomsg,Hazardous\Hazardous\e-waste\1200px-Ewaste-pile - Copy.jpg,C:\Users\trish\Desktop\smart-waste-segregation-ai\data\raw\phenomsg\Hazardous\Hazardous\e-waste\1200px-Ewaste-pile - Copy.jpg,phenomsg,Hazardous\Hazardous\e-waste\800px-Ewaste-pile.jpg,C:\Users\trish\Desktop\smart-waste-segregation-ai\data\raw\phenomsg\Hazardous\Hazardous\e-waste\800px-Ewaste-pile.jpg
0,phenomsg,Hazardous\Hazardous\e-waste\E-Waste-Management-in-India-2016-Rules-Challenges-upsc-ias-essay3-e1559907374322 - Copy.jpg,C:\Users\trish\Desktop\smart-waste-segregation-ai\data\raw\phenomsg\Hazardous\Hazardous\e-waste\E-Waste-Management-in-India-2016-Rules-Challenges-upsc-ias-essay3-e1559907374322 - Copy.jpg,phenomsg,Hazardous\Hazardous\e-waste\E-Waste-Management-in-India-2016-Rules-Challenges-upsc-ias-essay3-e1559907374322.jpg,C:\Users\trish\Desktop\smart-waste-segregation-ai\data\raw\phenomsg\Hazardous\Hazardous\e-waste\E-Waste-Management-in-India-2016-Rules-Challenges-upsc-ias-essay3-e1559907374322.jpg
0,phenomsg,Hazardous\Hazardous\e-waste\image31 - Copy.png,C:\Users\trish\Desktop\smart-waste-segregation-ai\data\raw\phenomsg\Hazardous\Hazardous\e-waste\image31 - Copy.png,phenomsg,Hazardous\Hazardous\e-waste\image31.png,C:\Users\trish\Desktop\smart-waste-segregation-ai\data\raw\phenomsg\Hazardous\Hazardous\e-waste\image31.png
0,phenomsg,Hazardous\Hazardous\e-waste\1-compact-fluorescent-bird-lamp-full-spectrum-lighting-bulb-2-4-original-imag9836wgsrnaev - Copy.jpeg,C:\Users\trish\Desktop\smart-waste-segregation-ai\data\raw\phenomsg\Hazardous\Hazardous\e-waste\1-compact-fluorescent-bird-lamp-full-spectrum-lighting-bulb-2-4-original-imag9836wgsrnaev - Copy.jpeg,phenomsg,Hazardous\Hazardous\e-waste\1-compact-fluorescent-bird-lamp-full-spectrum-lighting-bulb-2-4-original-imag9836wgsrnaev.jpeg,C:\Users\trish\Desktop\smart-waste-segregation-ai\data\raw\phenomsg\Hazardous\Hazardous\e-waste\1-compact-fluorescent-bird-lamp-full-spectrum-lighting-bulb-2-4-original-imag9836wgsrnaev.jpeg
0,phenomsg,Hazardous\Hazardous\e-waste\electronic-waste-hero - Copy.jpg,C:\Users\trish\Desktop\smart-waste-segregation-ai\data\raw\phenomsg\Hazardous\Hazardous\e-waste\electronic-waste-hero - Copy.jpg,phenomsg,Hazardous\Hazardous\e-waste\electronic-waste-hero.jpg,C:\Users\trish\Desktop\smart-waste-segregation-ai\data\raw\phenomsg\Hazardous\Hazardous\e-waste\electronic-waste-hero.jpg
4,realwaste,Metal\Metal_127.jpg,C:\Users\trish\Desktop\smart-waste-segregation-ai\data\raw\realwaste\Metal\Metal_127.jpg,realwaste,Textile Trash\Textile Trash_219.jpg,C:\Users\trish\Desktop\smart-waste-segregation-ai\data\raw\realwaste\Textile Trash\Textile Trash_219.jpg
6,realwaste,Miscellaneous Trash\Miscellaneous Trash_225.jpg,C:\Users\trish\Desktop\smart-waste-segregation-ai\data\raw\realwaste\Miscellaneous Trash\Miscellaneous Trash_225.jpg,realwaste,Miscellaneous Trash\Miscellaneous Trash_485.jpg,C:\Users\trish\Desktop\smart-waste-segregation-ai\data\raw\realwaste\Miscellaneous Trash\Miscellaneous Trash_485.jpg
0,phenomsg,Hazardous\Hazardous\e-waste\lable-black-line-icon-varieties-of-lamps-waste-recycling-garbage-sorting-eco - Copy.jpg,C:\Users\trish\Desktop\smart-waste-segregation-ai\data\raw\phenomsg\Hazardous\Hazardous\e-waste\lable-black-line-icon-varieties-of-lamps-waste-recycling-garbage-sorting-eco - Copy.jpg,phenomsg,Hazardous\Hazardous\e-waste\lable-black-line-icon-varieties-of-lamps-waste-recycling-garbage-sorting-eco.jpg,C:\Users\trish\Desktop\smart-waste-segregation-ai\data\raw\phenomsg\Hazardous\Hazardous\e-waste\lable-black-line-icon-varieties-of-lamps-waste-recycling-garbage-sorting-eco.jpg
0,phenomsg,Hazardous\Hazardous\e-waste\how-to-dispose-of-light-bulbs-section-3 - Copy.jpg,C:\Users\trish\Desktop\smart-waste-segregation-ai\data\raw\phenomsg\Hazardous\Hazardous\e-waste\how-to-dispose-of-light-bulbs-section-3 - Copy.jpg,phenomsg,Hazardous\Hazardous\e-waste\how-to-dispose-of-light-bulbs-section-3.jpg,C:\Users\trish\Desktop\smart-waste-segregation-ai\data\raw\phenomsg\Hazardous\Hazardous\e-waste\how-to-dispose-of-light-bulbs-section-3.jpg
0,ewaste,train\PCB\pcb_145.jpg,C:\Users\trish\Desktop\smart-waste-segregation-ai\data\raw\ewaste\train\PCB\pcb_145.jpg,ewaste,train\PCB\pcb_82.jpg,C:\Users\trish\Desktop\smart-waste-segregation-ai\data\raw\ewaste\train\PCB\pcb_82.jpg
4,realwaste,Metal\Metal_738.jpg,C:\Users\trish\Desktop\smart-waste-segregation-ai\data\raw\realwaste\Metal\Metal_738.jpg,realwaste,Plastic\Plastic_204.jpg,C:\Users\trish\Desktop\smart-waste-segregation-ai\data\raw\realwaste\Plastic\Plastic_204.jpg
0,phenomsg,Hazardous\Hazardous\e-waste\e-waste-process - Copy.jpg,C:\Users\trish\Desktop\smart-waste-segregation-ai\data\raw\phenomsg\Hazardous\Hazardous\e-waste\e-waste-process - Copy.jpg,phenomsg,Hazardous\Hazardous\e-waste\e-waste-process.jpg,C:\Users\trish\Desktop\smart-waste-segregation-ai\data\raw\phenomsg\Hazardous\Hazardous\e-waste\e-waste-process.jpg
4,realwaste,Miscellaneous Trash\Miscellaneous Trash_401.jpg,C:\Users\trish\Desktop\smart-waste-segregation-ai\data\raw\realwaste\Miscellaneous Trash\Miscellaneous Trash_401.jpg,realwaste,Miscellaneous Trash\Miscellaneous Trash_70.jpg,C:\Users\trish\Desktop\smart-waste-segregation-ai\data\raw\realwaste\Miscellaneous Trash\Miscellaneous Trash_70.jpg
0,phenomsg,Recyclable\Recyclable\paper_products\image29.jpg,C:\Users\trish\Desktop\smart-waste-segregation-ai\data\raw\phenomsg\Recyclable\Recyclable\paper_products\image29.jpg,phenomsg,Recyclable\Recyclable\paper_products\image32.jpg,C:\Users\trish\Desktop\smart-waste-segregation-ai\data\raw\phenomsg\Recyclable\Recyclable\paper_products\image32.jpg
0,phenomsg,Hazardous\Hazardous\e-waste\sustainability-15-01837-g001 - Copy.png,C:\Users\trish\Desktop\smart-waste-segregation-ai\data\raw\phenomsg\Hazardous\Hazardous\e-waste\sustainability-15-01837-g001 - Copy.png,phenomsg,Hazardous\Hazardous\e-waste\sustainability-15-01837-g001.png,C:\Users\trish\Desktop\smart-waste-segregation-ai\data\raw\phenomsg\Hazardous\Hazardous\e-waste\sustainability-15-01837-g001.png
0,phenomsg,Hazardous\Hazardous\e-waste\rk-background-the-concept-of-recycling-and-disposal-of-electronic-2188810405 - Copy.jpg,C:\Users\trish\Desktop\smart-waste-segregation-ai\data\raw\phenomsg\Hazardous\Hazardous\e-waste\rk-background-the-concept-of-recycling-and-disposal-of-electronic-2188810405 - Copy.jpg,phenomsg,Hazardous\Hazardous\e-waste\rk-background-the-concept-of-recycling-and-disposal-of-electronic-2188810405.jpg,C:\Users\trish\Desktop\smart-waste-segregation-ai\data\raw\phenomsg\Hazardous\Hazardous\e-waste\rk-background-the-concept-of-recycling-and-disposal-of-electronic-2188810405.jpg
0,phenomsg,Hazardous\Hazardous\e-waste\electronic-recycling - Copy.jpg,C:\Users\trish\Desktop\smart-waste-segregation-ai\data\raw\phenomsg\Hazardous\Hazardous\e-waste\electronic-recycling - Copy.jpg,phenomsg,Hazardous\Hazardous\e-waste\electronic-waste-electronic-waste-old-computers-monitors-other-devices-to-recycle-109977003 - Copy.jpg,C:\Users\trish\Desktop\smart-waste-segregation-ai\data\raw\phenomsg\Hazardous\Hazardous\e-waste\electronic-waste-electronic-waste-old-computers-monitors-other-devices-to-recycle-109977003 - Copy.jpg
0,phenomsg,Hazardous\Hazardous\e-waste\1200px-Ewaste-pile - Copy.jpg,C:\Users\trish\Desktop\smart-waste-segregation-ai\data\raw\phenomsg\Hazardous\Hazardous\e-waste\1200px-Ewaste-pile - Copy.jpg,phenomsg,Hazardous\Hazardous\e-waste\800px-Ewaste-pile - Copy.jpg,C:\Users\trish\Desktop\smart-waste-segregation-ai\data\raw\phenomsg\Hazardous\Hazardous\e-waste\800px-Ewaste-pile - Copy.jpg
6,ewaste,train\Mobile\Mobile_0.jpg,C:\Users\trish\Desktop\smart-waste-segregation-ai\data\raw\ewaste\train\Mobile\Mobile_0.jpg,ewaste,train\Mobile\Mobile_1.jpg,C:\Users\trish\Desktop\smart-waste-segregation-ai\data\raw\ewaste\train\Mobile\Mobile_1.jpg
2,trashnet,metal\metal159.jpg,C:\Users\trish\Desktop\smart-waste-segregation-ai\data\raw\trashnet\metal\metal159.jpg,trashnet,plastic\plastic11.jpg,C:\Users\trish\Desktop\smart-waste-segregation-ai\data\raw\trashnet\plastic\plastic11.jpg
0,phenomsg,Hazardous\Hazardous\e-waste\how_to_upcycle_ewaste_1573547808 - Copy.jpg,C:\Users\trish\Desktop\smart-waste-segregation-ai\data\raw\phenomsg\Hazardous\Hazardous\e-waste\how_to_upcycle_ewaste_1573547808 - Copy.jpg,phenomsg,Hazardous\Hazardous\e-waste\how_to_upcycle_ewaste_1573547808.jpg,C:\Users\trish\Desktop\smart-waste-segregation-ai\data\raw\phenomsg\Hazardous\Hazardous\e-waste\how_to_upcycle_ewaste_1573547808.jpg
6,realwaste,Metal\Metal_193.jpg,C:\Users\trish\Desktop\smart-waste-segregation-ai\data\raw\realwaste\Metal\Metal_193.jpg,realwaste,Metal\Metal_700.jpg,C:\Users\trish\Desktop\smart-waste-segregation-ai\data\raw\realwaste\Metal\Metal_700.jpg
0,phenomsg,Hazardous\Hazardous\e-waste\t-diverse-old-halogen-and-fluorescent-light-bulbs-in-and-around-a-2197969323 - Copy.jpg,C:\Users\trish\Desktop\smart-waste-segregation-ai\data\raw\phenomsg\Hazardous\Hazardous\e-waste\t-diverse-old-halogen-and-fluorescent-light-bulbs-in-and-around-a-2197969323 - Copy.jpg,phenomsg,Hazardous\Hazardous\e-waste\t-diverse-old-halogen-and-fluorescent-light-bulbs-in-and-around-a-2197969323.jpg,C:\Users\trish\Desktop\smart-waste-segregation-ai\data\raw\phenomsg\Hazardous\Hazardous\e-waste\t-diverse-old-halogen-and-fluorescent-light-bulbs-in-and-around-a-2197969323.jpg
6,trashnet,paper\paper39.jpg,C:\Users\trish\Desktop\smart-waste-segregation-ai\data\raw\trashnet\paper\paper39.jpg,trashnet,paper\paper467.jpg,C:\Users\trish\Desktop\smart-waste-segregation-ai\data\raw\trashnet\paper\paper467.jpg
0,phenomsg,Hazardous\Hazardous\e-waste\fluorescent20lights20hero - Copy.png,C:\Users\trish\Desktop\smart-waste-segregation-ai\data\raw\phenomsg\Hazardous\Hazardous\e-waste\fluorescent20lights20hero - Copy.png,phenomsg,Hazardous\Hazardous\e-waste\fluorescent20lights20hero.png,C:\Users\trish\Desktop\smart-waste-segregation-ai\data\raw\phenomsg\Hazardous\Hazardous\e-waste\fluorescent20lights20hero.png
6,ewaste,train\Player\Player_120.jpg,C:\Users\trish\Desktop\smart-waste-segregation-ai\data\raw\ewaste\train\Player\Player_120.jpg,ewaste,train\Player\Player_82.jpg,C:\Users\trish\Desktop\smart-waste-segregation-ai\data\raw\ewaste\train\Player\Player_82.jpg
0,phenomsg,Hazardous\Hazardous\e-waste\rcury-lamps-e-waste-environmental-pollution-crime-dirty-broken-old-128643963 - Copy.jpg,C:\Users\trish\Desktop\smart-waste-segregation-ai\data\raw\phenomsg\Hazardous\Hazardous\e-waste\rcury-lamps-e-waste-environmental-pollution-crime-dirty-broken-old-128643963 - Copy.jpg,phenomsg,Hazardous\Hazardous\e-waste\rcury-lamps-e-waste-environmental-pollution-crime-dirty-broken-old-128643963.jpg,C:\Users\trish\Desktop\smart-waste-segregation-ai\data\raw\phenomsg\Hazardous\Hazardous\e-waste\rcury-lamps-e-waste-environmental-pollution-crime-dirty-broken-old-128643963.jpg
0,phenomsg,Hazardous\Hazardous\e-waste\Lights-Hero - Copy.jpg,C:\Users\trish\Desktop\smart-waste-segregation-ai\data\raw\phenomsg\Hazardous\Hazardous\e-waste\Lights-Hero - Copy.jpg,phenomsg,Hazardous\Hazardous\e-waste\Lights-Hero.jpg,C:\Users\trish\Desktop\smart-waste-segregation-ai\data\raw\phenomsg\Hazardous\Hazardous\e-waste\Lights-Hero.jpg
6,realwaste,Plastic\Plastic_255.jpg,C:\Users\trish\Desktop\smart-waste-segregation-ai\data\raw\realwaste\Plastic\Plastic_255.jpg,realwaste,Plastic\Plastic_313.jpg,C:\Users\trish\Desktop\smart-waste-segregation-ai\data\raw\realwaste\Plastic\Plastic_313.jpg
0,ewaste,train\Player\Player_60.jpg,C:\Users\trish\Desktop\smart-waste-segregation-ai\data\raw\ewaste\train\Player\Player_60.jpg,ewaste,train\Player\Player_98.jpg,C:\Users\trish\Desktop\smart-waste-segregation-ai\data\raw\ewaste\train\Player\Player_98.jpg
2,trashnet,paper\paper147.jpg,C:\Users\trish\Desktop\smart-waste-segregation-ai\data\raw\trashnet\paper\paper147.jpg,trashnet,paper\paper99.jpg,C:\Users\trish\Desktop\smart-waste-segregation-ai\data\raw\trashnet\paper\paper99.jpg
0,ewaste,train\Player\Player_218.jpg,C:\Users\trish\Desktop\smart-waste-segregation-ai\data\raw\ewaste\train\Player\Player_218.jpg,ewaste,val\Player\Player_229.jpg,C:\Users\trish\Desktop\smart-waste-segregation-ai\data\raw\ewaste\val\Player\Player_229.jpg
0,phenomsg,Hazardous\Hazardous\e-waste\depositphotos_38625459-stock-photo-incandescent-compact-fluorescent-halogen-lamps - Copy.jpg,C:\Users\trish\Desktop\smart-waste-segregation-ai\data\raw\phenomsg\Hazardous\Hazardous\e-waste\depositphotos_38625459-stock-photo-incandescent-compact-fluorescent-halogen-lamps - Copy.jpg,phenomsg,Hazardous\Hazardous\e-waste\depositphotos_38625459-stock-photo-incandescent-compact-fluorescent-halogen-lamps.jpg,C:\Users\trish\Desktop\smart-waste-segregation-ai\data\raw\phenomsg\Hazardous\Hazardous\e-waste\depositphotos_38625459-stock-photo-incandescent-compact-fluorescent-halogen-lamps.jpg
0,phenomsg,Hazardous\Hazardous\e-waste\stock-vector-led-incandescent-and-energy-saving-light-bulbs-vector-illustration-1898745574 - Copy.jpg,C:\Users\trish\Desktop\smart-waste-segregation-ai\data\raw\phenomsg\Hazardous\Hazardous\e-waste\stock-vector-led-incandescent-and-energy-saving-light-bulbs-vector-illustration-1898745574 - Copy.jpg,phenomsg,Hazardous\Hazardous\e-waste\stock-vector-led-incandescent-and-energy-saving-light-bulbs-vector-illustration-1898745574.jpg,C:\Users\trish\Desktop\smart-waste-segregation-ai\data\raw\phenomsg\Hazardous\Hazardous\e-waste\stock-vector-led-incandescent-and-energy-saving-light-bulbs-vector-illustration-1898745574.jpg
2,ewaste,train\Television\Television_25.jpg,C:\Users\trish\Desktop\smart-waste-segregation-ai\data\raw\ewaste\train\Television\Television_25.jpg,ewaste,train\Television\Television_293.jpg,C:\Users\trish\Desktop\smart-waste-segregation-ai\data\raw\ewaste\train\Television\Television_293.jpg
0,phenomsg,Hazardous\Hazardous\e-waste\stock-photo-pile-of-light-bulbs-energy-saving-diode-glass-etc-recycling-clutter-745555078 - Copy.jpg,C:\Users\trish\Desktop\smart-waste-segregation-ai\data\raw\phenomsg\Hazardous\Hazardous\e-waste\stock-photo-pile-of-light-bulbs-energy-saving-diode-glass-etc-recycling-clutter-745555078 - Copy.jpg,phenomsg,Hazardous\Hazardous\e-waste\stock-photo-pile-of-light-bulbs-energy-saving-diode-glass-etc-recycling-clutter-745555078.jpg,C:\Users\trish\Desktop\smart-waste-segregation-ai\data\raw\phenomsg\Hazardous\Hazardous\e-waste\stock-photo-pile-of-light-bulbs-energy-saving-diode-glass-etc-recycling-clutter-745555078.jpg
0,ewaste,train\Player\Player_109.jpg,C:\Users\trish\Desktop\smart-waste-segregation-ai\data\raw\ewaste\train\Player\Player_109.jpg,ewaste,train\Player\Player_78.jpg,C:\Users\trish\Desktop\smart-waste-segregation-ai\data\raw\ewaste\train\Player\Player_78.jpg
0,phenomsg,Hazardous\Hazardous\e-waste\6ft-Fluorescent-Box-Gallery-Image-1 - Copy.jpg,C:\Users\trish\Desktop\smart-waste-segregation-ai\data\raw\phenomsg\Hazardous\Hazardous\e-waste\6ft-Fluorescent-Box-Gallery-Image-1 - Copy.jpg,phenomsg,Hazardous\Hazardous\e-waste\6ft-Fluorescent-Box-Gallery-Image-1.jpg,C:\Users\trish\Desktop\smart-waste-segregation-ai\data\raw\phenomsg\Hazardous\Hazardous\e-waste\6ft-Fluorescent-Box-Gallery-Image-1.jpg
0,ewaste,train\Printer\Printer_53.jpg,C:\Users\trish\Desktop\smart-waste-segregation-ai\data\raw\ewaste\train\Printer\Printer_53.jpg,ewaste,train\Printer\Printer_54.jpg,C:\Users\trish\Desktop\smart-waste-segregation-ai\data\raw\ewaste\train\Printer\Printer_54.jpg
0,phenomsg,Hazardous\Hazardous\e-waste\impact-of-e-waste-infographic1541812360135 - Copy.jpg,C:\Users\trish\Desktop\smart-waste-segregation-ai\data\raw\phenomsg\Hazardous\Hazardous\e-waste\impact-of-e-waste-infographic1541812360135 - Copy.jpg,phenomsg,Hazardous\Hazardous\e-waste\impact-of-e-waste-infographic1541812360135.jpg,C:\Users\trish\Desktop\smart-waste-segregation-ai\data\raw\phenomsg\Hazardous\Hazardous\e-waste\impact-of-e-waste-infographic1541812360135.jpg
0,phenomsg,Hazardous\Hazardous\e-waste\341a4407444002d51dff14946e857c65 - Copy.jpg,C:\Users\trish\Desktop\smart-waste-segregation-ai\data\raw\phenomsg\Hazardous\Hazardous\e-waste\341a4407444002d51dff14946e857c65 - Copy.jpg,phenomsg,Hazardous\Hazardous\e-waste\341a4407444002d51dff14946e857c65.jpg,C:\Users\trish\Desktop\smart-waste-segregation-ai\data\raw\phenomsg\Hazardous\Hazardous\e-waste\341a4407444002d51dff14946e857c65.jpg
0,ewaste,train\Television\Television_270.jpg,C:\Users\trish\Desktop\smart-waste-segregation-ai\data\raw\ewaste\train\Television\Television_270.jpg,ewaste,val\Television\Television_247.jpg,C:\Users\trish\Desktop\smart-waste-segregation-ai\data\raw\ewaste\val\Television\Television_247.jpg
0,phenomsg,Hazardous\Hazardous\e-waste\spiral-20-23-watt-cfl-bulbs - Copy.jpg,C:\Users\trish\Desktop\smart-waste-segregation-ai\data\raw\phenomsg\Hazardous\Hazardous\e-waste\spiral-20-23-watt-cfl-bulbs - Copy.jpg,phenomsg,Hazardous\Hazardous\e-waste\spiral-20-23-watt-cfl-bulbs.jpg,C:\Users\trish\Desktop\smart-waste-segregation-ai\data\raw\phenomsg\Hazardous\Hazardous\e-waste\spiral-20-23-watt-cfl-bulbs.jpg
0,phenomsg,Hazardous\Hazardous\e-waste\Mercury-bulb-ban-1024x341 - Copy.png,C:\Users\trish\Desktop\smart-waste-segregation-ai\data\raw\phenomsg\Hazardous\Hazardous\e-waste\Mercury-bulb-ban-1024x341 - Copy.png,phenomsg,Hazardous\Hazardous\e-waste\Mercury-bulb-ban-1024x341.png,C:\Users\trish\Desktop\smart-waste-segregation-ai\data\raw\phenomsg\Hazardous\Hazardous\e-waste\Mercury-bulb-ban-1024x341.png
0,phenomsg,Hazardous\Hazardous\e-waste\LED-CLF-Incandescent_1024x1024 - Copy.jpg,C:\Users\trish\Desktop\smart-waste-segregation-ai\data\raw\phenomsg\Hazardous\Hazardous\e-waste\LED-CLF-Incandescent_1024x1024 - Copy.jpg,phenomsg,Hazardous\Hazardous\e-waste\LED-CLF-Incandescent_1024x1024.jpg,C:\Users\trish\Desktop\smart-waste-segregation-ai\data\raw\phenomsg\Hazardous\Hazardous\e-waste\LED-CLF-Incandescent_1024x1024.jpg
0,phenomsg,Hazardous\Hazardous\e-waste\6184AcGb9XL - Copy.jpg,C:\Users\trish\Desktop\smart-waste-segregation-ai\data\raw\phenomsg\Hazardous\Hazardous\e-waste\6184AcGb9XL - Copy.jpg,phenomsg,Hazardous\Hazardous\e-waste\6184AcGb9XL.jpg,C:\Users\trish\Desktop\smart-waste-segregation-ai\data\raw\phenomsg\Hazardous\Hazardous\e-waste\6184AcGb9XL.jpg
6,trashnet,plastic\plastic153.jpg,C:\Users\trish\Desktop\smart-waste-segregation-ai\data\raw\trashnet\plastic\plastic153.jpg,trashnet,plastic\plastic9.jpg,C:\Users\trish\Desktop\smart-waste-segregation-ai\data\raw\trashnet\plastic\plastic9.jpg
6,realwaste,Miscellaneous Trash\Miscellaneous Trash_111.jpg,C:\Users\trish\Desktop\smart-waste-segregation-ai\data\raw\realwaste\Miscellaneous Trash\Miscellaneous Trash_111.jpg,realwaste,Miscellaneous Trash\Miscellaneous Trash_232.jpg,C:\Users\trish\Desktop\smart-waste-segregation-ai\data\raw\realwaste\Miscellaneous Trash\Miscellaneous Trash_232.jpg
6,ewaste,train\Washing Machine\Washing_Machine_9.jpg,C:\Users\trish\Desktop\smart-waste-segregation-ai\data\raw\ewaste\train\Washing Machine\Washing_Machine_9.jpg,realwaste,Plastic\Plastic_221.jpg,C:\Users\trish\Desktop\smart-waste-segregation-ai\data\raw\realwaste\Plastic\Plastic_221.jpg
4,realwaste,Plastic\Plastic_688.jpg,C:\Users\trish\Desktop\smart-waste-segregation-ai\data\raw\realwaste\Plastic\Plastic_688.jpg,realwaste,Plastic\Plastic_733.jpg,C:\Users\trish\Desktop\smart-waste-segregation-ai\data\raw\realwaste\Plastic\Plastic_733.jpg
0,phenomsg,Hazardous\Hazardous\e-waste\Electronic_waste_at_Agbogbloshie2C_Ghana - Copy.jpg,C:\Users\trish\Desktop\smart-waste-segregation-ai\data\raw\phenomsg\Hazardous\Hazardous\e-waste\Electronic_waste_at_Agbogbloshie2C_Ghana - Copy.jpg,phenomsg,Hazardous\Hazardous\e-waste\Solutions-to-e-waste-problems1.jpg,C:\Users\trish\Desktop\smart-waste-segregation-ai\data\raw\phenomsg\Hazardous\Hazardous\e-waste\Solutions-to-e-waste-problems1.jpg
0,phenomsg,Organic\Organic\yard_trimmings\Urban-plants-yard-waste.jpg,C:\Users\trish\Desktop\smart-waste-segregation-ai\data\raw\phenomsg\Organic\Organic\yard_trimmings\Urban-plants-yard-waste.jpg,phenomsg,Organic\Organic\yard_trimmings\trash.jpg,C:\Users\trish\Desktop\smart-waste-segregation-ai\data\raw\phenomsg\Organic\Organic\yard_trimmings\trash.jpg
0,phenomsg,Hazardous\Hazardous\e-waste\ewaste-type - Copy.png,C:\Users\trish\Desktop\smart-waste-segregation-ai\data\raw\phenomsg\Hazardous\Hazardous\e-waste\ewaste-type - Copy.png,phenomsg,Hazardous\Hazardous\e-waste\ewaste-type.png,C:\Users\trish\Desktop\smart-waste-segregation-ai\data\raw\phenomsg\Hazardous\Hazardous\e-waste\ewaste-type.png
0,phenomsg,Hazardous\Hazardous\e-waste\66016104-inefficient-tungsten-light-bulbs-discarded-in-a-trash-can-green-eco-concept - Copy.jpg,C:\Users\trish\Desktop\smart-waste-segregation-ai\data\raw\phenomsg\Hazardous\Hazardous\e-waste\66016104-inefficient-tungsten-light-bulbs-discarded-in-a-trash-can-green-eco-concept - Copy.jpg,phenomsg,Hazardous\Hazardous\e-waste\66016104-inefficient-tungsten-light-bulbs-discarded-in-a-trash-can-green-eco-concept.jpg,C:\Users\trish\Desktop\smart-waste-segregation-ai\data\raw\phenomsg\Hazardous\Hazardous\e-waste\66016104-inefficient-tungsten-light-bulbs-discarded-in-a-trash-can-green-eco-concept.jpg
0,phenomsg,Hazardous\Hazardous\e-waste\nergy-saving-bulbs-tube-spent-incandescent-halogen-cfi-fluorescent-174891307 - Copy.jpg,C:\Users\trish\Desktop\smart-waste-segregation-ai\data\raw\phenomsg\Hazardous\Hazardous\e-waste\nergy-saving-bulbs-tube-spent-incandescent-halogen-cfi-fluorescent-174891307 - Copy.jpg,phenomsg,Hazardous\Hazardous\e-waste\nergy-saving-bulbs-tube-spent-incandescent-halogen-cfi-fluorescent-174891307.jpg,C:\Users\trish\Desktop\smart-waste-segregation-ai\data\raw\phenomsg\Hazardous\Hazardous\e-waste\nergy-saving-bulbs-tube-spent-incandescent-halogen-cfi-fluorescent-174891307.jpg
0,phenomsg,Hazardous\Hazardous\e-waste\Maple-Leaf-Foods-Electronic-Recycling-Program-Photo-Credit-Lya_Cattel - Copy.jpg,C:\Users\trish\Desktop\smart-waste-segregation-ai\data\raw\phenomsg\Hazardous\Hazardous\e-waste\Maple-Leaf-Foods-Electronic-Recycling-Program-Photo-Credit-Lya_Cattel - Copy.jpg,phenomsg,Hazardous\Hazardous\e-waste\Maple-Leaf-Foods-Electronic-Recycling-Program-Photo-Credit-Lya_Cattel.jpg,C:\Users\trish\Desktop\smart-waste-segregation-ai\data\raw\phenomsg\Hazardous\Hazardous\e-waste\Maple-Leaf-Foods-Electronic-Recycling-Program-Photo-Credit-Lya_Cattel.jpg
4,trashnet,paper\paper123.jpg,C:\Users\trish\Desktop\smart-waste-segregation-ai\data\raw\trashnet\paper\paper123.jpg,trashnet,paper\paper547.jpg,C:\Users\trish\Desktop\smart-waste-segregation-ai\data\raw\trashnet\paper\paper547.jpg
0,phenomsg,Hazardous\Hazardous\e-waste\file-20210216-19-57bzc1 - Copy.jpg,C:\Users\trish\Desktop\smart-waste-segregation-ai\data\raw\phenomsg\Hazardous\Hazardous\e-waste\file-20210216-19-57bzc1 - Copy.jpg,phenomsg,Hazardous\Hazardous\e-waste\file-20210216-19-57bzc1.jpg,C:\Users\trish\Desktop\smart-waste-segregation-ai\data\raw\phenomsg\Hazardous\Hazardous\e-waste\file-20210216-19-57bzc1.jpg
0,phenomsg,Hazardous\Hazardous\e-waste\GettyImages-1298365434 - Copy.jpg,C:\Users\trish\Desktop\smart-waste-segregation-ai\data\raw\phenomsg\Hazardous\Hazardous\e-waste\GettyImages-1298365434 - Copy.jpg,phenomsg,Hazardous\Hazardous\e-waste\GettyImages-1298365434.jpg,C:\Users\trish\Desktop\smart-waste-segregation-ai\data\raw\phenomsg\Hazardous\Hazardous\e-waste\GettyImages-1298365434.jpg
6,trashnet,metal\metal165.jpg,C:\Users\trish\Desktop\smart-waste-segregation-ai\data\raw\trashnet\metal\metal165.jpg,trashnet,metal\metal166.jpg,C:\Users\trish\Desktop\smart-waste-segregation-ai\data\raw\trashnet\metal\metal166.jpg
2,trashnet,paper\paper246.jpg,C:\Users\trish\Desktop\smart-waste-segregation-ai\data\raw\trashnet\paper\paper246.jpg,trashnet,paper\paper349.jpg,C:\Users\trish\Desktop\smart-waste-segregation-ai\data\raw\trashnet\paper\paper349.jpg
0,phenomsg,Hazardous\Hazardous\e-waste\abfall-ressourcen_produktverantwortung_elektronikaltgeraete_foto_fernseher-berg - Copy.jpg,C:\Users\trish\Desktop\smart-waste-segregation-ai\data\raw\phenomsg\Hazardous\Hazardous\e-waste\abfall-ressourcen_produktverantwortung_elektronikaltgeraete_foto_fernseher-berg - Copy.jpg,phenomsg,Hazardous\Hazardous\e-waste\abfall-ressourcen_produktverantwortung_elektronikaltgeraete_foto_fernseher-berg.jpg,C:\Users\trish\Desktop\smart-waste-segregation-ai\data\raw\phenomsg\Hazardous\Hazardous\e-waste\abfall-ressourcen_produktverantwortung_elektronikaltgeraete_foto_fernseher-berg.jpg
0,phenomsg,Hazardous\Hazardous\e-waste\what_are_cfl_bulbs_and_where_should_they_be_used - Copy.jpg,C:\Users\trish\Desktop\smart-waste-segregation-ai\data\raw\phenomsg\Hazardous\Hazardous\e-waste\what_are_cfl_bulbs_and_where_should_they_be_used - Copy.jpg,phenomsg,Hazardous\Hazardous\e-waste\what_are_cfl_bulbs_and_where_should_they_be_used.jpg,C:\Users\trish\Desktop\smart-waste-segregation-ai\data\raw\phenomsg\Hazardous\Hazardous\e-waste\what_are_cfl_bulbs_and_where_should_they_be_used.jpg
0,phenomsg,Organic\Organic\food_scraps\Trashed_vegetables_in_Luxembourg.jpeg,C:\Users\trish\Desktop\smart-waste-segregation-ai\data\raw\phenomsg\Organic\Organic\food_scraps\Trashed_vegetables_in_Luxembourg.jpeg,phenomsg,Organic\Organic\kitchen_waste\Trashed_vegetables_in_Luxembourg.jpeg,C:\Users\trish\Desktop\smart-waste-segregation-ai\data\raw\phenomsg\Organic\Organic\kitchen_waste\Trashed_vegetables_in_Luxembourg.jpeg
0,phenomsg,Hazardous\Hazardous\e-waste\e-schrott2 - Copy.jpg,C:\Users\trish\Desktop\smart-waste-segregation-ai\data\raw\phenomsg\Hazardous\Hazardous\e-waste\e-schrott2 - Copy.jpg,phenomsg,Hazardous\Hazardous\e-waste\e-schrott2.jpg,C:\Users\trish\Desktop\smart-waste-segregation-ai\data\raw\phenomsg\Hazardous\Hazardous\e-waste\e-schrott2.jpg
0,phenomsg,Organic\Organic\food_scraps\food-waste-problem.jpg,C:\Users\trish\Desktop\smart-waste-segregation-ai\data\raw\phenomsg\Organic\Organic\food_scraps\food-waste-problem.jpg,phenomsg,Organic\Organic\kitchen_waste\0503070015-01-Kitchen-Waste-Compost.jpg,C:\Users\trish\Desktop\smart-waste-segregation-ai\data\raw\phenomsg\Organic\Organic\kitchen_waste\0503070015-01-Kitchen-Waste-Compost.jpg
0,phenomsg,Hazardous\Hazardous\e-waste\Incandescent_and_fluorescent_light_bulbs - Copy.png,C:\Users\trish\Desktop\smart-waste-segregation-ai\data\raw\phenomsg\Hazardous\Hazardous\e-waste\Incandescent_and_fluorescent_light_bulbs - Copy.png,phenomsg,Hazardous\Hazardous\e-waste\Incandescent_and_fluorescent_light_bulbs.png,C:\Users\trish\Desktop\smart-waste-segregation-ai\data\raw\phenomsg\Hazardous\Hazardous\e-waste\Incandescent_and_fluorescent_light_bulbs.png
0,phenomsg,Hazardous\Hazardous\e-waste\set-different-types-light-bulbs-incandescent-compact-fluorescent-lamp_223337-667 - Copy.jpg,C:\Users\trish\Desktop\smart-waste-segregation-ai\data\raw\phenomsg\Hazardous\Hazardous\e-waste\set-different-types-light-bulbs-incandescent-compact-fluorescent-lamp_223337-667 - Copy.jpg,phenomsg,Hazardous\Hazardous\e-waste\set-different-types-light-bulbs-incandescent-compact-fluorescent-lamp_223337-667.jpg,C:\Users\trish\Desktop\smart-waste-segregation-ai\data\raw\phenomsg\Hazardous\Hazardous\e-waste\set-different-types-light-bulbs-incandescent-compact-fluorescent-lamp_223337-667.jpg
0,phenomsg,Hazardous\Hazardous\e-waste\0.40042800_1555498967_e-waste2.jpg,C:\Users\trish\Desktop\smart-waste-segregation-ai\data\raw\phenomsg\Hazardous\Hazardous\e-waste\0.40042800_1555498967_e-waste2.jpg,phenomsg,Hazardous\Hazardous\e-waste\e-waste22 - Copy.jpg,C:\Users\trish\Desktop\smart-waste-segregation-ai\data\raw\phenomsg\Hazardous\Hazardous\e-waste\e-waste22 - Copy.jpg
0,phenomsg,Hazardous\Hazardous\e-waste\ic-waste-old-products-china-cyclic-utilization-broken-energy-saving-47934966 - Copy.jpg,C:\Users\trish\Desktop\smart-waste-segregation-ai\data\raw\phenomsg\Hazardous\Hazardous\e-waste\ic-waste-old-products-china-cyclic-utilization-broken-energy-saving-47934966 - Copy.jpg,phenomsg,Hazardous\Hazardous\e-waste\ic-waste-old-products-china-cyclic-utilization-broken-energy-saving-47934966.jpg,C:\Users\trish\Desktop\smart-waste-segregation-ai\data\raw\phenomsg\Hazardous\Hazardous\e-waste\ic-waste-old-products-china-cyclic-utilization-broken-energy-saving-47934966.jpg
0,ewaste,train\Mouse\Mouse_187.jpg,C:\Users\trish\Desktop\smart-waste-segregation-ai\data\raw\ewaste\train\Mouse\Mouse_187.jpg,ewaste,val\Mouse\Mouse_147.jpg,C:\Users\trish\Desktop\smart-waste-segregation-ai\data\raw\ewaste\val\Mouse\Mouse_147.jpg
0,phenomsg,Hazardous\Hazardous\e-waste\stock-photo-electronic-waste-and-garbage-for-recycling-1675112317 - Copy.jpg,C:\Users\trish\Desktop\smart-waste-segregation-ai\data\raw\phenomsg\Hazardous\Hazardous\e-waste\stock-photo-electronic-waste-and-garbage-for-recycling-1675112317 - Copy.jpg,phenomsg,Hazardous\Hazardous\e-waste\stock-photo-electronic-waste-and-garbage-for-recycling-1675112317.jpg,C:\Users\trish\Desktop\smart-waste-segregation-ai\data\raw\phenomsg\Hazardous\Hazardous\e-waste\stock-photo-electronic-waste-and-garbage-for-recycling-1675112317.jpg
4,ewaste,train\Battery\battery_38.jpg,C:\Users\trish\Desktop\smart-waste-segregation-ai\data\raw\ewaste\train\Battery\battery_38.jpg,ewaste,val\Battery\battery_34.jpg,C:\Users\trish\Desktop\smart-waste-segregation-ai\data\raw\ewaste\val\Battery\battery_34.jpg
4,trashnet,paper\paper345.jpg,C:\Users\trish\Desktop\smart-waste-segregation-ai\data\raw\trashnet\paper\paper345.jpg,trashnet,paper\paper451.jpg,C:\Users\trish\Desktop\smart-waste-segregation-ai\data\raw\trashnet\paper\paper451.jpg
0,phenomsg,Hazardous\Hazardous\e-waste\bulbs2 - Copy.jpg,C:\Users\trish\Desktop\smart-waste-segregation-ai\data\raw\phenomsg\Hazardous\Hazardous\e-waste\bulbs2 - Copy.jpg,phenomsg,Hazardous\Hazardous\e-waste\bulbs2.jpg,C:\Users\trish\Desktop\smart-waste-segregation-ai\data\raw\phenomsg\Hazardous\Hazardous\e-waste\bulbs2.jpg
0,phenomsg,Hazardous\Hazardous\e-waste\Dont-Trash-fluorescent-bulbs - Copy.png,C:\Users\trish\Desktop\smart-waste-segregation-ai\data\raw\phenomsg\Hazardous\Hazardous\e-waste\Dont-Trash-fluorescent-bulbs - Copy.png,phenomsg,Hazardous\Hazardous\e-waste\Dont-Trash-fluorescent-bulbs.png,C:\Users\trish\Desktop\smart-waste-segregation-ai\data\raw\phenomsg\Hazardous\Hazardous\e-waste\Dont-Trash-fluorescent-bulbs.png
0,phenomsg,Hazardous\Hazardous\e-waste\JunkDevices-607673850 - Copy.jpg,C:\Users\trish\Desktop\smart-waste-segregation-ai\data\raw\phenomsg\Hazardous\Hazardous\e-waste\JunkDevices-607673850 - Copy.jpg,phenomsg,Hazardous\Hazardous\e-waste\JunkDevices-607673850.jpg,C:\Users\trish\Desktop\smart-waste-segregation-ai\data\raw\phenomsg\Hazardous\Hazardous\e-waste\JunkDevices-607673850.jpg
4,ewaste,train\Mouse\Mouse_165.jpg,C:\Users\trish\Desktop\smart-waste-segregation-ai\data\raw\ewaste\train\Mouse\Mouse_165.jpg,ewaste,train\Mouse\Mouse_213.jpg,C:\Users\trish\Desktop\smart-waste-segregation-ai\data\raw\ewaste\train\Mouse\Mouse_213.jpg
0,phenomsg,Hazardous\Hazardous\e-waste\CFL-Broken-Bulb-scaled - Copy.jpeg,C:\Users\trish\Desktop\smart-waste-segregation-ai\data\raw\phenomsg\Hazardous\Hazardous\e-waste\CFL-Broken-Bulb-scaled - Copy.jpeg,phenomsg,Hazardous\Hazardous\e-waste\CFL-Broken-Bulb-scaled.jpeg,C:\Users\trish\Desktop\smart-waste-segregation-ai\data\raw\phenomsg\Hazardous\Hazardous\e-waste\CFL-Broken-Bulb-scaled.jpeg
0,phenomsg,Hazardous\Hazardous\e-waste\What_is_electronic_waste_recycling - Copy.jpg,C:\Users\trish\Desktop\smart-waste-segregation-ai\data\raw\phenomsg\Hazardous\Hazardous\e-waste\What_is_electronic_waste_recycling - Copy.jpg,phenomsg,Hazardous\Hazardous\e-waste\What_is_electronic_waste_recycling.jpg,C:\Users\trish\Desktop\smart-waste-segregation-ai\data\raw\phenomsg\Hazardous\Hazardous\e-waste\What_is_electronic_waste_recycling.jpg
0,ewaste,train\Television\Television_149.jpg,C:\Users\trish\Desktop\smart-waste-segregation-ai\data\raw\ewaste\train\Television\Television_149.jpg,ewaste,train\Television\Television_274.jpg,C:\Users\trish\Desktop\smart-waste-segregation-ai\data\raw\ewaste\train\Television\Television_274.jpg
0,phenomsg,Non-Recyclable\Non-Recyclable\ceramic_product\recycled-glass.jpg,C:\Users\trish\Desktop\smart-waste-segregation-ai\data\raw\phenomsg\Non-Recyclable\Non-Recyclable\ceramic_product\recycled-glass.jpg,phenomsg,Recyclable\Recyclable\glass_containers\recycled-glass.jpg,C:\Users\trish\Desktop\smart-waste-segregation-ai\data\raw\phenomsg\Recyclable\Recyclable\glass_containers\recycled-glass.jpg
0,phenomsg,Hazardous\Hazardous\e-waste\e-waste-3 - Copy.jpg,C:\Users\trish\Desktop\smart-waste-segregation-ai\data\raw\phenomsg\Hazardous\Hazardous\e-waste\e-waste-3 - Copy.jpg,phenomsg,Hazardous\Hazardous\e-waste\e-waste-3.jpg,C:\Users\trish\Desktop\smart-waste-segregation-ai\data\raw\phenomsg\Hazardous\Hazardous\e-waste\e-waste-3.jpg
0,phenomsg,Hazardous\Hazardous\e-waste\fluorescent2 - Copy.jpg,C:\Users\trish\Desktop\smart-waste-segregation-ai\data\raw\phenomsg\Hazardous\Hazardous\e-waste\fluorescent2 - Copy.jpg,phenomsg,Hazardous\Hazardous\e-waste\fluorescent2.jpg,C:\Users\trish\Desktop\smart-waste-segregation-ai\data\raw\phenomsg\Hazardous\Hazardous\e-waste\fluorescent2.jpg
0,phenomsg,Hazardous\Hazardous\e-waste\electronic-waste - Copy.jpg,C:\Users\trish\Desktop\smart-waste-segregation-ai\data\raw\phenomsg\Hazardous\Hazardous\e-waste\electronic-waste - Copy.jpg,phenomsg,Hazardous\Hazardous\e-waste\electronic-waste.jpg,C:\Users\trish\Desktop\smart-waste-segregation-ai\data\raw\phenomsg\Hazardous\Hazardous\e-waste\electronic-waste.jpg
0,phenomsg,Hazardous\Hazardous\e-waste\circuit-board-electronic-waste-for-recycling-with-selective-focus-main-board - Copy.jpg,C:\Users\trish\Desktop\smart-waste-segregation-ai\data\raw\phenomsg\Hazardous\Hazardous\e-waste\circuit-board-electronic-waste-for-recycling-with-selective-focus-main-board - Copy.jpg,phenomsg,Hazardous\Hazardous\e-waste\circuit-board-electronic-waste-for-recycling-with-selective-focus-main-board.jpg,C:\Users\trish\Desktop\smart-waste-segregation-ai\data\raw\phenomsg\Hazardous\Hazardous\e-waste\circuit-board-electronic-waste-for-recycling-with-selective-focus-main-board.jpg
6,realwaste,Plastic\Plastic_218.jpg,C:\Users\trish\Desktop\smart-waste-segregation-ai\data\raw\realwaste\Plastic\Plastic_218.jpg,realwaste,Plastic\Plastic_221.jpg,C:\Users\trish\Desktop\smart-waste-segregation-ai\data\raw\realwaste\Plastic\Plastic_221.jpg
0,phenomsg,Hazardous\Hazardous\e-waste\Five-Reasons-Why-E-Waste-Recycling-is-Important-1-1024x517 - Copy.jpg,C:\Users\trish\Desktop\smart-waste-segregation-ai\data\raw\phenomsg\Hazardous\Hazardous\e-waste\Five-Reasons-Why-E-Waste-Recycling-is-Important-1-1024x517 - Copy.jpg,phenomsg,Hazardous\Hazardous\e-waste\Five-Reasons-Why-E-Waste-Recycling-is-Important-1-1024x517.jpg,C:\Users\trish\Desktop\smart-waste-segregation-ai\data\raw\phenomsg\Hazardous\Hazardous\e-waste\Five-Reasons-Why-E-Waste-Recycling-is-Important-1-1024x517.jpg
0,phenomsg,Hazardous\Hazardous\e-waste\CFL-VS-LED-Lighting - Copy.jpg,C:\Users\trish\Desktop\smart-waste-segregation-ai\data\raw\phenomsg\Hazardous\Hazardous\e-waste\CFL-VS-LED-Lighting - Copy.jpg,phenomsg,Hazardous\Hazardous\e-waste\CFL-VS-LED-Lighting.jpg,C:\Users\trish\Desktop\smart-waste-segregation-ai\data\raw\phenomsg\Hazardous\Hazardous\e-waste\CFL-VS-LED-Lighting.jpg
0,phenomsg,Hazardous\Hazardous\e-waste\e-waste22 - Copy.jpg,C:\Users\trish\Desktop\smart-waste-segregation-ai\data\raw\phenomsg\Hazardous\Hazardous\e-waste\e-waste22 - Copy.jpg,phenomsg,Hazardous\Hazardous\e-waste\e-waste22.jpg,C:\Users\trish\Desktop\smart-waste-segregation-ai\data\raw\phenomsg\Hazardous\Hazardous\e-waste\e-waste22.jpg
0,ewaste,train\Mouse\Mouse_193.jpg,C:\Users\trish\Desktop\smart-waste-segregation-ai\data\raw\ewaste\train\Mouse\Mouse_193.jpg,ewaste,val\Mouse\Mouse_150.jpg,C:\Users\trish\Desktop\smart-waste-segregation-ai\data\raw\ewaste\val\Mouse\Mouse_150.jpg
0,phenomsg,Hazardous\Hazardous\e-waste\e-waste-2049017_1280 - Copy.jpg,C:\Users\trish\Desktop\smart-waste-segregation-ai\data\raw\phenomsg\Hazardous\Hazardous\e-waste\e-waste-2049017_1280 - Copy.jpg,phenomsg,Hazardous\Hazardous\e-waste\e-waste-2049017_1280.jpg,C:\Users\trish\Desktop\smart-waste-segregation-ai\data\raw\phenomsg\Hazardous\Hazardous\e-waste\e-waste-2049017_1280.jpg
0,phenomsg,Recyclable\Recyclable\cans_all_type\LzEyLzAzL2RyZWFtc3RpbWV4eGwxNzcyNDAwOSAtIGFsdW1pbnVtIGNhbnMuanBn.1V4x5MynmFA.jpg,C:\Users\trish\Desktop\smart-waste-segregation-ai\data\raw\phenomsg\Recyclable\Recyclable\cans_all_type\LzEyLzAzL2RyZWFtc3RpbWV4eGwxNzcyNDAwOSAtIGFsdW1pbnVtIGNhbnMuanBn.1V4x5MynmFA.jpg,phenomsg,Recyclable\Recyclable\cans_all_type\dreamstimexxl1772400920-20aluminum20cans.jpg,C:\Users\trish\Desktop\smart-waste-segregation-ai\data\raw\phenomsg\Recyclable\Recyclable\cans_all_type\dreamstimexxl1772400920-20aluminum20cans.jpg
4,trashnet,metal\metal120.jpg,C:\Users\trish\Desktop\smart-waste-segregation-ai\data\raw\trashnet\metal\metal120.jpg,trashnet,metal\metal50.jpg,C:\Users\trish\Desktop\smart-waste-segregation-ai\data\raw\trashnet\metal\metal50.jpg
6,realwaste,Miscellaneous Trash\Miscellaneous Trash_28.jpg,C:\Users\trish\Desktop\smart-waste-segregation-ai\data\raw\realwaste\Miscellaneous Trash\Miscellaneous Trash_28.jpg,realwaste,Plastic\Plastic_85.jpg,C:\Users\trish\Desktop\smart-waste-segregation-ai\data\raw\realwaste\Plastic\Plastic_85.jpg
0,phenomsg,Hazardous\Hazardous\e-waste\lightbulb-average-rated-lifetime-hours-1 - Copy.jpg,C:\Users\trish\Desktop\smart-waste-segregation-ai\data\raw\phenomsg\Hazardous\Hazardous\e-waste\lightbulb-average-rated-lifetime-hours-1 - Copy.jpg,phenomsg,Hazardous\Hazardous\e-waste\lightbulb-average-rated-lifetime-hours-1.jpg,C:\Users\trish\Desktop\smart-waste-segregation-ai\data\raw\phenomsg\Hazardous\Hazardous\e-waste\lightbulb-average-rated-lifetime-hours-1.jpg
0,phenomsg,Hazardous\Hazardous\e-waste\cfl_bulbs - Copy.jpg,C:\Users\trish\Desktop\smart-waste-segregation-ai\data\raw\phenomsg\Hazardous\Hazardous\e-waste\cfl_bulbs - Copy.jpg,phenomsg,Hazardous\Hazardous\e-waste\cfl_bulbs.jpg,C:\Users\trish\Desktop\smart-waste-segregation-ai\data\raw\phenomsg\Hazardous\Hazardous\e-waste\cfl_bulbs.jpg
0,phenomsg,Hazardous\Hazardous\e-waste\-mixed-electronic-waste-old-broken-computer-parts-and-cell-phones-1545599141 - Copy.jpg,C:\Users\trish\Desktop\smart-waste-segregation-ai\data\raw\phenomsg\Hazardous\Hazardous\e-waste\-mixed-electronic-waste-old-broken-computer-parts-and-cell-phones-1545599141 - Copy.jpg,phenomsg,Hazardous\Hazardous\e-waste\-mixed-electronic-waste-old-broken-computer-parts-and-cell-phones-1545599141.jpg,C:\Users\trish\Desktop\smart-waste-segregation-ai\data\raw\phenomsg\Hazardous\Hazardous\e-waste\-mixed-electronic-waste-old-broken-computer-parts-and-cell-phones-1545599141.jpg
0,phenomsg,Hazardous\Hazardous\e-waste\-garbage-sorting-eco-friendly-sign-for-web-page-app-ui-ux-gui-design-2CPCA8A - Copy.jpg,C:\Users\trish\Desktop\smart-waste-segregation-ai\data\raw\phenomsg\Hazardous\Hazardous\e-waste\-garbage-sorting-eco-friendly-sign-for-web-page-app-ui-ux-gui-design-2CPCA8A - Copy.jpg,phenomsg,Hazardous\Hazardous\e-waste\-garbage-sorting-eco-friendly-sign-for-web-page-app-ui-ux-gui-design-2CPCA8A.jpg,C:\Users\trish\Desktop\smart-waste-segregation-ai\data\raw\phenomsg\Hazardous\Hazardous\e-waste\-garbage-sorting-eco-friendly-sign-for-web-page-app-ui-ux-gui-design-2CPCA8A.jpg
6,realwaste,Cardboard\Cardboard_83.jpg,C:\Users\trish\Desktop\smart-waste-segregation-ai\data\raw\realwaste\Cardboard\Cardboard_83.jpg,realwaste,Miscellaneous Trash\Miscellaneous Trash_119.jpg,C:\Users\trish\Desktop\smart-waste-segregation-ai\data\raw\realwaste\Miscellaneous Trash\Miscellaneous Trash_119.jpg
4,trashnet,metal\metal154.jpg,C:\Users\trish\Desktop\smart-waste-segregation-ai\data\raw\trashnet\metal\metal154.jpg,trashnet,plastic\plastic10.jpg,C:\Users\trish\Desktop\smart-waste-segregation-ai\data\raw\trashnet\plastic\plastic10.jpg
0,phenomsg,Hazardous\Hazardous\e-waste\e-waste-2049017_1280.jpg,C:\Users\trish\Desktop\smart-waste-segregation-ai\data\raw\phenomsg\Hazardous\Hazardous\e-waste\e-waste-2049017_1280.jpg,phenomsg,Hazardous\Hazardous\paints\391w_e-waste-2049017_1280.jpg,C:\Users\trish\Desktop\smart-waste-segregation-ai\data\raw\phenomsg\Hazardous\Hazardous\paints\391w_e-waste-2049017_1280.jpg
0,ewaste,train\PCB\pcb_2.jpg,C:\Users\trish\Desktop\smart-waste-segregation-ai\data\raw\ewaste\train\PCB\pcb_2.jpg,ewaste,train\PCB\pcb_230.jpg,C:\Users\trish\Desktop\smart-waste-segregation-ai\data\raw\ewaste\train\PCB\pcb_230.jpg
0,phenomsg,Hazardous\Hazardous\e-waste\ey-waste-bin-full-of-e-waste - Copy.jpg,C:\Users\trish\Desktop\smart-waste-segregation-ai\data\raw\phenomsg\Hazardous\Hazardous\e-waste\ey-waste-bin-full-of-e-waste - Copy.jpg,phenomsg,Hazardous\Hazardous\e-waste\ey-waste-bin-full-of-e-waste.jpg,C:\Users\trish\Desktop\smart-waste-segregation-ai\data\raw\phenomsg\Hazardous\Hazardous\e-waste\ey-waste-bin-full-of-e-waste.jpg
0,phenomsg,Hazardous\Hazardous\e-waste\db4789b29626 - Copy.jpg,C:\Users\trish\Desktop\smart-waste-segregation-ai\data\raw\phenomsg\Hazardous\Hazardous\e-waste\db4789b29626 - Copy.jpg,phenomsg,Hazardous\Hazardous\e-waste\db4789b29626.jpg,C:\Users\trish\Desktop\smart-waste-segregation-ai\data\raw\phenomsg\Hazardous\Hazardous\e-waste\db4789b29626.jpg
0,ewaste,train\Player\Player_145.jpg,C:\Users\trish\Desktop\smart-waste-segregation-ai\data\raw\ewaste\train\Player\Player_145.jpg,ewaste,train\Player\Player_82.jpg,C:\Users\trish\Desktop\smart-waste-segregation-ai\data\raw\ewaste\train\Player\Player_82.jpg
0,phenomsg,Hazardous\Hazardous\e-waste\old-burnt-fluorescent-energy-saving-lamps-hazardous-toxic-electronic-waste-75820716 - Copy.jpg,C:\Users\trish\Desktop\smart-waste-segregation-ai\data\raw\phenomsg\Hazardous\Hazardous\e-waste\old-burnt-fluorescent-energy-saving-lamps-hazardous-toxic-electronic-waste-75820716 - Copy.jpg,phenomsg,Hazardous\Hazardous\e-waste\old-burnt-fluorescent-energy-saving-lamps-hazardous-toxic-electronic-waste-75820716.jpg,C:\Users\trish\Desktop\smart-waste-segregation-ai\data\raw\phenomsg\Hazardous\Hazardous\e-waste\old-burnt-fluorescent-energy-saving-lamps-hazardous-toxic-electronic-waste-75820716.jpg
0,phenomsg,Hazardous\Hazardous\e-waste\ewaste-3 - Copy.jpg,C:\Users\trish\Desktop\smart-waste-segregation-ai\data\raw\phenomsg\Hazardous\Hazardous\e-waste\ewaste-3 - Copy.jpg,phenomsg,Hazardous\Hazardous\e-waste\ewaste-3.jpg,C:\Users\trish\Desktop\smart-waste-segregation-ai\data\raw\phenomsg\Hazardous\Hazardous\e-waste\ewaste-3.jpg
4,realwaste,Miscellaneous Trash\Miscellaneous Trash_170.jpg,C:\Users\trish\Desktop\smart-waste-segregation-ai\data\raw\realwaste\Miscellaneous Trash\Miscellaneous Trash_170.jpg,trashnet,plastic\plastic131.jpg,C:\Users\trish\Desktop\smart-waste-segregation-ai\data\raw\trashnet\plastic\plastic131.jpg
6,ewaste,train\Player\Player_120.jpg,C:\Users\trish\Desktop\smart-waste-segregation-ai\data\raw\ewaste\train\Player\Player_120.jpg,ewaste,train\Player\Player_145.jpg,C:\Users\trish\Desktop\smart-waste-segregation-ai\data\raw\ewaste\train\Player\Player_145.jpg
0,phenomsg,Hazardous\Hazardous\e-waste\electronic-recycling.jpg,C:\Users\trish\Desktop\smart-waste-segregation-ai\data\raw\phenomsg\Hazardous\Hazardous\e-waste\electronic-recycling.jpg,phenomsg,Hazardous\Hazardous\e-waste\electronic-waste-electronic-waste-old-computers-monitors-other-devices-to-recycle-109977003 - Copy.jpg,C:\Users\trish\Desktop\smart-waste-segregation-ai\data\raw\phenomsg\Hazardous\Hazardous\e-waste\electronic-waste-electronic-waste-old-computers-monitors-other-devices-to-recycle-109977003 - Copy.jpg
6,realwaste,Plastic\Plastic_218.jpg,C:\Users\trish\Desktop\smart-waste-segregation-ai\data\raw\realwaste\Plastic\Plastic_218.jpg,trashnet,metal\metal155.jpg,C:\Users\trish\Desktop\smart-waste-segregation-ai\data\raw\trashnet\metal\metal155.jpg
0,phenomsg,Hazardous\Hazardous\e-waste\stock-photo-hazardous-waste-on-a-black-background-with-space-for-text-681808597 - Copy.jpg,C:\Users\trish\Desktop\smart-waste-segregation-ai\data\raw\phenomsg\Hazardous\Hazardous\e-waste\stock-photo-hazardous-waste-on-a-black-background-with-space-for-text-681808597 - Copy.jpg,phenomsg,Hazardous\Hazardous\e-waste\stock-photo-hazardous-waste-on-a-black-background-with-space-for-text-681808597.jpg,C:\Users\trish\Desktop\smart-waste-segregation-ai\data\raw\phenomsg\Hazardous\Hazardous\e-waste\stock-photo-hazardous-waste-on-a-black-background-with-space-for-text-681808597.jpg
0,ewaste,train\Printer\Printer_56.jpg,C:\Users\trish\Desktop\smart-waste-segregation-ai\data\raw\ewaste\train\Printer\Printer_56.jpg,ewaste,train\Printer\Printer_57.jpg,C:\Users\trish\Desktop\smart-waste-segregation-ai\data\raw\ewaste\train\Printer\Printer_57.jpg
2,ewaste,train\Television\Television_17.jpg,C:\Users\trish\Desktop\smart-waste-segregation-ai\data\raw\ewaste\train\Television\Television_17.jpg,ewaste,train\Television\Television_199.jpg,C:\Users\trish\Desktop\smart-waste-segregation-ai\data\raw\ewaste\train\Television\Television_199.jpg
0,phenomsg,Hazardous\Hazardous\e-waste\Is-it-hazardous-waste...flourescent-light-bulbs - Copy.png,C:\Users\trish\Desktop\smart-waste-segregation-ai\data\raw\phenomsg\Hazardous\Hazardous\e-waste\Is-it-hazardous-waste...flourescent-light-bulbs - Copy.png,phenomsg,Hazardous\Hazardous\e-waste\Is-it-hazardous-waste...flourescent-light-bulbs.png,C:\Users\trish\Desktop\smart-waste-segregation-ai\data\raw\phenomsg\Hazardous\Hazardous\e-waste\Is-it-hazardous-waste...flourescent-light-bulbs.png
6,realwaste,Plastic\Plastic_818.jpg,C:\Users\trish\Desktop\smart-waste-segregation-ai\data\raw\realwaste\Plastic\Plastic_818.jpg,trashnet,plastic\plastic467.jpg,C:\Users\trish\Desktop\smart-waste-segregation-ai\data\raw\trashnet\plastic\plastic467.jpg
6,trashnet,plastic\plastic481.jpg,C:\Users\trish\Desktop\smart-waste-segregation-ai\data\raw\trashnet\plastic\plastic481.jpg,trashnet,trash\trash133.jpg,C:\Users\trish\Desktop\smart-waste-segregation-ai\data\raw\trashnet\trash\trash133.jpg
0,phenomsg,Hazardous\Hazardous\e-waste\electrical-electronic-waste-1 - Copy.jpg,C:\Users\trish\Desktop\smart-waste-segregation-ai\data\raw\phenomsg\Hazardous\Hazardous\e-waste\electrical-electronic-waste-1 - Copy.jpg,phenomsg,Hazardous\Hazardous\e-waste\electrical-electronic-waste-1.jpg,C:\Users\trish\Desktop\smart-waste-segregation-ai\data\raw\phenomsg\Hazardous\Hazardous\e-waste\electrical-electronic-waste-1.jpg
6,realwaste,Food Organics\Food Organics_202.jpg,C:\Users\trish\Desktop\smart-waste-segregation-ai\data\raw\realwaste\Food Organics\Food Organics_202.jpg,realwaste,Miscellaneous Trash\Miscellaneous Trash_401.jpg,C:\Users\trish\Desktop\smart-waste-segregation-ai\data\raw\realwaste\Miscellaneous Trash\Miscellaneous Trash_401.jpg
0,phenomsg,Hazardous\Hazardous\e-waste\Fluorescent-Bulbs-in-Trash-1-1024x683 - Copy.jpg,C:\Users\trish\Desktop\smart-waste-segregation-ai\data\raw\phenomsg\Hazardous\Hazardous\e-waste\Fluorescent-Bulbs-in-Trash-1-1024x683 - Copy.jpg,phenomsg,Hazardous\Hazardous\e-waste\Fluorescent-Bulbs-in-Trash-1-1024x683.jpg,C:\Users\trish\Desktop\smart-waste-segregation-ai\data\raw\phenomsg\Hazardous\Hazardous\e-waste\Fluorescent-Bulbs-in-Trash-1-1024x683.jpg
0,phenomsg,Organic\Organic\food_scraps\190726-compost-al-1416.jpg,C:\Users\trish\Desktop\smart-waste-segregation-ai\data\raw\phenomsg\Organic\Organic\food_scraps\190726-compost-al-1416.jpg,phenomsg,Organic\Organic\kitchen_waste\190726-compost-al-1416.jpg,C:\Users\trish\Desktop\smart-waste-segregation-ai\data\raw\phenomsg\Organic\Organic\kitchen_waste\190726-compost-al-1416.jpg
0,ewaste,train\PCB\pcb_113.jpg,C:\Users\trish\Desktop\smart-waste-segregation-ai\data\raw\ewaste\train\PCB\pcb_113.jpg,ewaste,train\PCB\pcb_228.jpg,C:\Users\trish\Desktop\smart-waste-segregation-ai\data\raw\ewaste\train\PCB\pcb_228.jpg
0,phenomsg,Hazardous\Hazardous\e-waste\cfl-product-family - Copy.png,C:\Users\trish\Desktop\smart-waste-segregation-ai\data\raw\phenomsg\Hazardous\Hazardous\e-waste\cfl-product-family - Copy.png,phenomsg,Hazardous\Hazardous\e-waste\cfl-product-family.png,C:\Users\trish\Desktop\smart-waste-segregation-ai\data\raw\phenomsg\Hazardous\Hazardous\e-waste\cfl-product-family.png
0,phenomsg,Hazardous\Hazardous\e-waste\page_1 - Copy.jpg,C:\Users\trish\Desktop\smart-waste-segregation-ai\data\raw\phenomsg\Hazardous\Hazardous\e-waste\page_1 - Copy.jpg,phenomsg,Hazardous\Hazardous\e-waste\page_1.jpg,C:\Users\trish\Desktop\smart-waste-segregation-ai\data\raw\phenomsg\Hazardous\Hazardous\e-waste\page_1.jpg
0,phenomsg,Hazardous\Hazardous\e-waste\20_20130315 - Copy.jpg,C:\Users\trish\Desktop\smart-waste-segregation-ai\data\raw\phenomsg\Hazardous\Hazardous\e-waste\20_20130315 - Copy.jpg,phenomsg,Hazardous\Hazardous\e-waste\20_20130315.jpg,C:\Users\trish\Desktop\smart-waste-segregation-ai\data\raw\phenomsg\Hazardous\Hazardous\e-waste\20_20130315.jpg
0,phenomsg,Hazardous\Hazardous\e-waste\archives-ewaste-one_one - Copy.jpg,C:\Users\trish\Desktop\smart-waste-segregation-ai\data\raw\phenomsg\Hazardous\Hazardous\e-waste\archives-ewaste-one_one - Copy.jpg,phenomsg,Organic\Organic\kitchen_waste\archives-ewaste-one_one.jpg,C:\Users\trish\Desktop\smart-waste-segregation-ai\data\raw\phenomsg\Organic\Organic\kitchen_waste\archives-ewaste-one_one.jpg
0,phenomsg,Non-Recyclable\Non-Recyclable\stroform_product\SS-KH_ShippingGuideTypesOfProtectivePackaging_KH-HRO.jpg,C:\Users\trish\Desktop\smart-waste-segregation-ai\data\raw\phenomsg\Non-Recyclable\Non-Recyclable\stroform_product\SS-KH_ShippingGuideTypesOfProtectivePackaging_KH-HRO.jpg,phenomsg,Recyclable\Recyclable\paper_products\1610468941921.jpg,C:\Users\trish\Desktop\smart-waste-segregation-ai\data\raw\phenomsg\Recyclable\Recyclable\paper_products\1610468941921.jpg
4,ewaste,train\Mouse\Mouse_157.jpg,C:\Users\trish\Desktop\smart-waste-segregation-ai\data\raw\ewaste\train\Mouse\Mouse_157.jpg,ewaste,train\Mouse\Mouse_199.jpg,C:\Users\trish\Desktop\smart-waste-segregation-ai\data\raw\ewaste\train\Mouse\Mouse_199.jpg
0,phenomsg,Hazardous\Hazardous\e-waste\Ewaste - Copy.png,C:\Users\trish\Desktop\smart-waste-segregation-ai\data\raw\phenomsg\Hazardous\Hazardous\e-waste\Ewaste - Copy.png,phenomsg,Hazardous\Hazardous\e-waste\Ewaste.png,C:\Users\trish\Desktop\smart-waste-segregation-ai\data\raw\phenomsg\Hazardous\Hazardous\e-waste\Ewaste.png
0,ewaste,train\Television\Television_207.jpg,C:\Users\trish\Desktop\smart-waste-segregation-ai\data\raw\ewaste\train\Television\Television_207.jpg,ewaste,train\Television\Television_272.jpg,C:\Users\trish\Desktop\smart-waste-segregation-ai\data\raw\ewaste\train\Television\Television_272.jpg
0,phenomsg,Hazardous\Hazardous\e-waste\e_waste_1572334975 - Copy.jpg,C:\Users\trish\Desktop\smart-waste-segregation-ai\data\raw\phenomsg\Hazardous\Hazardous\e-waste\e_waste_1572334975 - Copy.jpg,phenomsg,Hazardous\Hazardous\e-waste\e_waste_1572334975.jpg,C:\Users\trish\Desktop\smart-waste-segregation-ai\data\raw\phenomsg\Hazardous\Hazardous\e-waste\e_waste_1572334975.jpg
0,phenomsg,Organic\Organic\food_scraps\l-intro-1644823869.jpg,C:\Users\trish\Desktop\smart-waste-segregation-ai\data\raw\phenomsg\Organic\Organic\food_scraps\l-intro-1644823869.jpg,phenomsg,Organic\Organic\kitchen_waste\intro-1644823869.jpg,C:\Users\trish\Desktop\smart-waste-segregation-ai\data\raw\phenomsg\Organic\Organic\kitchen_waste\intro-1644823869.jpg
0,phenomsg,Hazardous\Hazardous\e-waste\t-diverse-old-halogen-and-fluorescent-light-bulbs-in-and-around-a-2197969345 - Copy.jpg,C:\Users\trish\Desktop\smart-waste-segregation-ai\data\raw\phenomsg\Hazardous\Hazardous\e-waste\t-diverse-old-halogen-and-fluorescent-light-bulbs-in-and-around-a-2197969345 - Copy.jpg,phenomsg,Hazardous\Hazardous\e-waste\t-diverse-old-halogen-and-fluorescent-light-bulbs-in-and-around-a-2197969345.jpg,C:\Users\trish\Desktop\smart-waste-segregation-ai\data\raw\phenomsg\Hazardous\Hazardous\e-waste\t-diverse-old-halogen-and-fluorescent-light-bulbs-in-and-around-a-2197969345.jpg
2,phenomsg,Organic\Organic\egg_shells\depositphotos_42000011-stock-photo-broken-chicken-eggshells.jpg,C:\Users\trish\Desktop\smart-waste-segregation-ai\data\raw\phenomsg\Organic\Organic\egg_shells\depositphotos_42000011-stock-photo-broken-chicken-eggshells.jpg,phenomsg,Organic\Organic\egg_shells\ways-to-use-eggshells.jpeg,C:\Users\trish\Desktop\smart-waste-segregation-ai\data\raw\phenomsg\Organic\Organic\egg_shells\ways-to-use-eggshells.jpeg
0,phenomsg,Hazardous\Hazardous\e-waste\1200px-Energiesparlampe_01_retouched.jpg,C:\Users\trish\Desktop\smart-waste-segregation-ai\data\raw\phenomsg\Hazardous\Hazardous\e-waste\1200px-Energiesparlampe_01_retouched.jpg,phenomsg,Hazardous\Hazardous\e-waste\Energiesparlampe_01_retouched.jpg,C:\Users\trish\Desktop\smart-waste-segregation-ai\data\raw\phenomsg\Hazardous\Hazardous\e-waste\Energiesparlampe_01_retouched.jpg
4,ewaste,train\PCB\pcb_14.jpg,C:\Users\trish\Desktop\smart-waste-segregation-ai\data\raw\ewaste\train\PCB\pcb_14.jpg,ewaste,train\PCB\pcb_28.jpg,C:\Users\trish\Desktop\smart-waste-segregation-ai\data\raw\ewaste\train\PCB\pcb_28.jpg
4,ewaste,train\Mobile\Mobile_205.jpg,C:\Users\trish\Desktop\smart-waste-segregation-ai\data\raw\ewaste\train\Mobile\Mobile_205.jpg,ewaste,train\Mobile\Mobile_206.jpg,C:\Users\trish\Desktop\smart-waste-segregation-ai\data\raw\ewaste\train\Mobile\Mobile_206.jpg
0,phenomsg,Hazardous\Hazardous\e-waste\1507096064_kRvRf8_e-waste - Copy.jpg,C:\Users\trish\Desktop\smart-waste-segregation-ai\data\raw\phenomsg\Hazardous\Hazardous\e-waste\1507096064_kRvRf8_e-waste - Copy.jpg,phenomsg,Hazardous\Hazardous\e-waste\1507096064_kRvRf8_e-waste.jpg,C:\Users\trish\Desktop\smart-waste-segregation-ai\data\raw\phenomsg\Hazardous\Hazardous\e-waste\1507096064_kRvRf8_e-waste.jpg
2,trashnet,cardboard\cardboard386.jpg,C:\Users\trish\Desktop\smart-waste-segregation-ai\data\raw\trashnet\cardboard\cardboard386.jpg,trashnet,cardboard\cardboard72.jpg,C:\Users\trish\Desktop\smart-waste-segregation-ai\data\raw\trashnet\cardboard\cardboard72.jpg
0,ewaste,test\Television\Television_251.jpg,C:\Users\trish\Desktop\smart-waste-segregation-ai\data\raw\ewaste\test\Television\Television_251.jpg,ewaste,train\Television\Television_42.jpg,C:\Users\trish\Desktop\smart-waste-segregation-ai\data\raw\ewaste\train\Television\Television_42.jpg
0,phenomsg,Hazardous\Hazardous\e-waste\E-Waste_Landfill - Copy.jpg,C:\Users\trish\Desktop\smart-waste-segregation-ai\data\raw\phenomsg\Hazardous\Hazardous\e-waste\E-Waste_Landfill - Copy.jpg,phenomsg,Hazardous\Hazardous\e-waste\E-Waste_Landfill.jpg,C:\Users\trish\Desktop\smart-waste-segregation-ai\data\raw\phenomsg\Hazardous\Hazardous\e-waste\E-Waste_Landfill.jpg
6,phenomsg,Organic\Organic\coffee_tea_bags\Coffee-and-tea-bags_Shutterstock_Jouke-van-Keulen.jpg,C:\Users\trish\Desktop\smart-waste-segregation-ai\data\raw\phenomsg\Organic\Organic\coffee_tea_bags\Coffee-and-tea-bags_Shutterstock_Jouke-van-Keulen.jpg,phenomsg,Organic\Organic\coffee_tea_bags\depositphotos_6522878-stock-photo-coffee-beans-pads-and-tea.jpg,C:\Users\trish\Desktop\smart-waste-segregation-ai\data\raw\phenomsg\Organic\Organic\coffee_tea_bags\depositphotos_6522878-stock-photo-coffee-beans-pads-and-tea.jpg
0,phenomsg,Hazardous\Hazardous\e-waste\recycle-old-phones-1617128956 - Copy.png,C:\Users\trish\Desktop\smart-waste-segregation-ai\data\raw\phenomsg\Hazardous\Hazardous\e-waste\recycle-old-phones-1617128956 - Copy.png,phenomsg,Hazardous\Hazardous\e-waste\recycle-old-phones-1617128956.png,C:\Users\trish\Desktop\smart-waste-segregation-ai\data\raw\phenomsg\Hazardous\Hazardous\e-waste\recycle-old-phones-1617128956.png
0,phenomsg,Hazardous\Hazardous\e-waste\negative-side-of-compact-flourescent-bulbs-cfls - Copy.jpg,C:\Users\trish\Desktop\smart-waste-segregation-ai\data\raw\phenomsg\Hazardous\Hazardous\e-waste\negative-side-of-compact-flourescent-bulbs-cfls - Copy.jpg,phenomsg,Hazardous\Hazardous\e-waste\negative-side-of-compact-flourescent-bulbs-cfls.jpg,C:\Users\trish\Desktop\smart-waste-segregation-ai\data\raw\phenomsg\Hazardous\Hazardous\e-waste\negative-side-of-compact-flourescent-bulbs-cfls.jpg
0,trashnet,glass\glass115.jpg,C:\Users\trish\Desktop\smart-waste-segregation-ai\data\raw\trashnet\glass\glass115.jpg,trashnet,metal\metal91.jpg,C:\Users\trish\Desktop\smart-waste-segregation-ai\data\raw\trashnet\metal\metal91.jpg
0,phenomsg,Hazardous\Hazardous\e-waste\fluorescent - Copy.jpg,C:\Users\trish\Desktop\smart-waste-segregation-ai\data\raw\phenomsg\Hazardous\Hazardous\e-waste\fluorescent - Copy.jpg,phenomsg,Hazardous\Hazardous\e-waste\fluorescent.jpg,C:\Users\trish\Desktop\smart-waste-segregation-ai\data\raw\phenomsg\Hazardous\Hazardous\e-waste\fluorescent.jpg
0,ewaste,train\Mouse\Mouse_162.jpg,C:\Users\trish\Desktop\smart-waste-segregation-ai\data\raw\ewaste\train\Mouse\Mouse_162.jpg,ewaste,train\Mouse\Mouse_210.jpg,C:\Users\trish\Desktop\smart-waste-segregation-ai\data\raw\ewaste\train\Mouse\Mouse_210.jpg
6,ewaste,train\Mouse\Mouse_240.jpg,C:\Users\trish\Desktop\smart-waste-segregation-ai\data\raw\ewaste\train\Mouse\Mouse_240.jpg,realwaste,Food Organics\Food Organics_36.jpg,C:\Users\trish\Desktop\smart-waste-segregation-ai\data\raw\realwaste\Food Organics\Food Organics_36.jpg
4,ewaste,train\Mouse\Mouse_165.jpg,C:\Users\trish\Desktop\smart-waste-segregation-ai\data\raw\ewaste\train\Mouse\Mouse_165.jpg,ewaste,val\Mouse\Mouse_189.jpg,C:\Users\trish\Desktop\smart-waste-segregation-ai\data\raw\ewaste\val\Mouse\Mouse_189.jpg
0,phenomsg,Hazardous\Hazardous\e-waste\an-electronics-e-waste-recycling-collection-area-the-collection-is-APK6DT - Copy.jpg,C:\Users\trish\Desktop\smart-waste-segregation-ai\data\raw\phenomsg\Hazardous\Hazardous\e-waste\an-electronics-e-waste-recycling-collection-area-the-collection-is-APK6DT - Copy.jpg,phenomsg,Hazardous\Hazardous\e-waste\an-electronics-e-waste-recycling-collection-area-the-collection-is-APK6DT.jpg,C:\Users\trish\Desktop\smart-waste-segregation-ai\data\raw\phenomsg\Hazardous\Hazardous\e-waste\an-electronics-e-waste-recycling-collection-area-the-collection-is-APK6DT.jpg
0,phenomsg,Hazardous\Hazardous\e-waste\Electronic_waste_at_Agbogbloshie2C_Ghana.jpg,C:\Users\trish\Desktop\smart-waste-segregation-ai\data\raw\phenomsg\Hazardous\Hazardous\e-waste\Electronic_waste_at_Agbogbloshie2C_Ghana.jpg,phenomsg,Hazardous\Hazardous\e-waste\Solutions-to-e-waste-problems1 - Copy.jpg,C:\Users\trish\Desktop\smart-waste-segregation-ai\data\raw\phenomsg\Hazardous\Hazardous\e-waste\Solutions-to-e-waste-problems1 - Copy.jpg
0,phenomsg,Hazardous\Hazardous\e-waste\outlined-compact-fluorescent-light-bulbs-stock-illustrations_csp49558453 - Copy.jpg,C:\Users\trish\Desktop\smart-waste-segregation-ai\data\raw\phenomsg\Hazardous\Hazardous\e-waste\outlined-compact-fluorescent-light-bulbs-stock-illustrations_csp49558453 - Copy.jpg,phenomsg,Hazardous\Hazardous\e-waste\outlined-compact-fluorescent-light-bulbs-stock-illustrations_csp49558453.jpg,C:\Users\trish\Desktop\smart-waste-segregation-ai\data\raw\phenomsg\Hazardous\Hazardous\e-waste\outlined-compact-fluorescent-light-bulbs-stock-illustrations_csp49558453.jpg
0,ewaste,train\Player\Player_102.jpg,C:\Users\trish\Desktop\smart-waste-segregation-ai\data\raw\ewaste\train\Player\Player_102.jpg,ewaste,train\Player\Player_38.jpg,C:\Users\trish\Desktop\smart-waste-segregation-ai\data\raw\ewaste\train\Player\Player_38.jpg
0,phenomsg,Organic\Organic\food_scraps\Trashed_vegetables_in_Luxembourg.jpeg,C:\Users\trish\Desktop\smart-waste-segregation-ai\data\raw\phenomsg\Organic\Organic\food_scraps\Trashed_vegetables_in_Luxembourg.jpeg,phenomsg,Organic\Organic\kitchen_waste\1200px-Trashed_vegetables_in_Luxembourg.jpeg,C:\Users\trish\Desktop\smart-waste-segregation-ai\data\raw\phenomsg\Organic\Organic\kitchen_waste\1200px-Trashed_vegetables_in_Luxembourg.jpeg
0,phenomsg,Hazardous\Hazardous\e-waste\fluorescent-lightbulb-abstract-15600002 - Copy.jpg,C:\Users\trish\Desktop\smart-waste-segregation-ai\data\raw\phenomsg\Hazardous\Hazardous\e-waste\fluorescent-lightbulb-abstract-15600002 - Copy.jpg,phenomsg,Hazardous\Hazardous\e-waste\fluorescent-lightbulb-abstract-15600002.jpg,C:\Users\trish\Desktop\smart-waste-segregation-ai\data\raw\phenomsg\Hazardous\Hazardous\e-waste\fluorescent-lightbulb-abstract-15600002.jpg
0,phenomsg,Non-Recyclable\Non-Recyclable\stroform_product\800px-Yummp_hk_lunchbox.jpg,C:\Users\trish\Desktop\smart-waste-segregation-ai\data\raw\phenomsg\Non-Recyclable\Non-Recyclable\stroform_product\800px-Yummp_hk_lunchbox.jpg,phenomsg,Non-Recyclable\Non-Recyclable\stroform_product\Yummp_hk_lunchbox.jpg,C:\Users\trish\Desktop\smart-waste-segregation-ai\data\raw\phenomsg\Non-Recyclable\Non-Recyclable\stroform_product\Yummp_hk_lunchbox.jpg
0,phenomsg,Hazardous\Hazardous\e-waste\E-Waste-Management-in-India - Copy.jpg,C:\Users\trish\Desktop\smart-waste-segregation-ai\data\raw\phenomsg\Hazardous\Hazardous\e-waste\E-Waste-Management-in-India - Copy.jpg,phenomsg,Hazardous\Hazardous\e-waste\E-Waste-Management-in-India.jpg,C:\Users\trish\Desktop\smart-waste-segregation-ai\data\raw\phenomsg\Hazardous\Hazardous\e-waste\E-Waste-Management-in-India.jpg
6,realwaste,Food Organics\Food Organics_150.jpg,C:\Users\trish\Desktop\smart-waste-segregation-ai\data\raw\realwaste\Food Organics\Food Organics_150.jpg,realwaste,Glass\Glass_294.jpg,C:\Users\trish\Desktop\smart-waste-segregation-ai\data\raw\realwaste\Glass\Glass_294.jpg
0,ewaste,train\Mobile\Mobile_56.jpg,C:\Users\trish\Desktop\smart-waste-segregation-ai\data\raw\ewaste\train\Mobile\Mobile_56.jpg,ewaste,train\Mobile\Mobile_6.jpg,C:\Users\trish\Desktop\smart-waste-segregation-ai\data\raw\ewaste\train\Mobile\Mobile_6.jpg
0,phenomsg,Hazardous\Hazardous\e-waste\LED-vs-fluorescent-2022-section-1 - Copy.jpg,C:\Users\trish\Desktop\smart-waste-segregation-ai\data\raw\phenomsg\Hazardous\Hazardous\e-waste\LED-vs-fluorescent-2022-section-1 - Copy.jpg,phenomsg,Hazardous\Hazardous\e-waste\LED-vs-fluorescent-2022-section-1.jpg,C:\Users\trish\Desktop\smart-waste-segregation-ai\data\raw\phenomsg\Hazardous\Hazardous\e-waste\LED-vs-fluorescent-2022-section-1.jpg
0,phenomsg,Hazardous\Hazardous\e-waste\ImageForArticle_8587_16733568303499477 - Copy.jpg,C:\Users\trish\Desktop\smart-waste-segregation-ai\data\raw\phenomsg\Hazardous\Hazardous\e-waste\ImageForArticle_8587_16733568303499477 - Copy.jpg,phenomsg,Hazardous\Hazardous\e-waste\ImageForArticle_8587_16733568303499477.jpg,C:\Users\trish\Desktop\smart-waste-segregation-ai\data\raw\phenomsg\Hazardous\Hazardous\e-waste\ImageForArticle_8587_16733568303499477.jpg
2,trashnet,metal\metal155.jpg,C:\Users\trish\Desktop\smart-waste-segregation-ai\data\raw\trashnet\metal\metal155.jpg,trashnet,metal\metal6.jpg,C:\Users\trish\Desktop\smart-waste-segregation-ai\data\raw\trashnet\metal\metal6.jpg
0,ewaste,train\Player\Player_157.jpg,C:\Users\trish\Desktop\smart-waste-segregation-ai\data\raw\ewaste\train\Player\Player_157.jpg,ewaste,train\Player\Player_199.jpg,C:\Users\trish\Desktop\smart-waste-segregation-ai\data\raw\ewaste\train\Player\Player_199.jpg
0,phenomsg,Hazardous\Hazardous\e-waste\ectric-lighting-types-incandescent-light-bulb-halogen-lamp-cfl-and-573739525 - Copy.jpg,C:\Users\trish\Desktop\smart-waste-segregation-ai\data\raw\phenomsg\Hazardous\Hazardous\e-waste\ectric-lighting-types-incandescent-light-bulb-halogen-lamp-cfl-and-573739525 - Copy.jpg,phenomsg,Hazardous\Hazardous\e-waste\ectric-lighting-types-incandescent-light-bulb-halogen-lamp-cfl-and-573739525.jpg,C:\Users\trish\Desktop\smart-waste-segregation-ai\data\raw\phenomsg\Hazardous\Hazardous\e-waste\ectric-lighting-types-incandescent-light-bulb-halogen-lamp-cfl-and-573739525.jpg
0,phenomsg,Hazardous\Hazardous\e-waste\ewaste-hero-banner - Copy.jpg,C:\Users\trish\Desktop\smart-waste-segregation-ai\data\raw\phenomsg\Hazardous\Hazardous\e-waste\ewaste-hero-banner - Copy.jpg,phenomsg,Hazardous\Hazardous\e-waste\ewaste-hero-banner.jpg,C:\Users\trish\Desktop\smart-waste-segregation-ai\data\raw\phenomsg\Hazardous\Hazardous\e-waste\ewaste-hero-banner.jpg
4,trashnet,paper\paper68.jpg,C:\Users\trish\Desktop\smart-waste-segregation-ai\data\raw\trashnet\paper\paper68.jpg,trashnet,paper\paper74.jpg,C:\Users\trish\Desktop\smart-waste-segregation-ai\data\raw\trashnet\paper\paper74.jpg
0,ewaste,train\Player\Player_21.jpg,C:\Users\trish\Desktop\smart-waste-segregation-ai\data\raw\ewaste\train\Player\Player_21.jpg,ewaste,train\Player\Player_98.jpg,C:\Users\trish\Desktop\smart-waste-segregation-ai\data\raw\ewaste\train\Player\Player_98.jpg
0,ewaste,train\Mouse\Mouse_176.jpg,C:\Users\trish\Desktop\smart-waste-segregation-ai\data\raw\ewaste\train\Mouse\Mouse_176.jpg,ewaste,train\Mouse\Mouse_212.jpg,C:\Users\trish\Desktop\smart-waste-segregation-ai\data\raw\ewaste\train\Mouse\Mouse_212.jpg
0,phenomsg,Hazardous\Hazardous\e-waste\694898-electronic-waste-thinkstock - Copy.jpg,C:\Users\trish\Desktop\smart-waste-segregation-ai\data\raw\phenomsg\Hazardous\Hazardous\e-waste\694898-electronic-waste-thinkstock - Copy.jpg,phenomsg,Hazardous\Hazardous\e-waste\694898-electronic-waste-thinkstock.jpg,C:\Users\trish\Desktop\smart-waste-segregation-ai\data\raw\phenomsg\Hazardous\Hazardous\e-waste\694898-electronic-waste-thinkstock.jpg
2,ewaste,train\PCB\pcb_153.jpg,C:\Users\trish\Desktop\smart-waste-segregation-ai\data\raw\ewaste\train\PCB\pcb_153.jpg,ewaste,train\PCB\pcb_56.jpg,C:\Users\trish\Desktop\smart-waste-segregation-ai\data\raw\ewaste\train\PCB\pcb_56.jpg
0,phenomsg,Hazardous\Hazardous\e-waste\01-e-waste-millions-tons - Copy.jpg,C:\Users\trish\Desktop\smart-waste-segregation-ai\data\raw\phenomsg\Hazardous\Hazardous\e-waste\01-e-waste-millions-tons - Copy.jpg,phenomsg,Hazardous\Hazardous\e-waste\01-e-waste-millions-tons.jpg,C:\Users\trish\Desktop\smart-waste-segregation-ai\data\raw\phenomsg\Hazardous\Hazardous\e-waste\01-e-waste-millions-tons.jpg
6,trashnet,metal\metal149.jpg,C:\Users\trish\Desktop\smart-waste-segregation-ai\data\raw\trashnet\metal\metal149.jpg,trashnet,plastic\plastic135.jpg,C:\Users\trish\Desktop\smart-waste-segregation-ai\data\raw\trashnet\plastic\plastic135.jpg
0,phenomsg,Hazardous\Hazardous\e-waste\Fluorescent_Light_Video - Copy.jpg,C:\Users\trish\Desktop\smart-waste-segregation-ai\data\raw\phenomsg\Hazardous\Hazardous\e-waste\Fluorescent_Light_Video - Copy.jpg,phenomsg,Hazardous\Hazardous\e-waste\Fluorescent_Light_Video.jpg,C:\Users\trish\Desktop\smart-waste-segregation-ai\data\raw\phenomsg\Hazardous\Hazardous\e-waste\Fluorescent_Light_Video.jpg
0,phenomsg,Hazardous\Hazardous\e-waste\AdobeStock_271026267 - Copy.jpeg,C:\Users\trish\Desktop\smart-waste-segregation-ai\data\raw\phenomsg\Hazardous\Hazardous\e-waste\AdobeStock_271026267 - Copy.jpeg,phenomsg,Hazardous\Hazardous\e-waste\AdobeStock_271026267.jpeg,C:\Users\trish\Desktop\smart-waste-segregation-ai\data\raw\phenomsg\Hazardous\Hazardous\e-waste\AdobeStock_271026267.jpeg
0,phenomsg,Hazardous\Hazardous\e-waste\electronic-recycling - Copy.jpg,C:\Users\trish\Desktop\smart-waste-segregation-ai\data\raw\phenomsg\Hazardous\Hazardous\e-waste\electronic-recycling - Copy.jpg,phenomsg,Hazardous\Hazardous\e-waste\electronic-waste-electronic-waste-old-computers-monitors-other-devices-to-recycle-109977003.jpg,C:\Users\trish\Desktop\smart-waste-segregation-ai\data\raw\phenomsg\Hazardous\Hazardous\e-waste\electronic-waste-electronic-waste-old-computers-monitors-other-devices-to-recycle-109977003.jpg
2,ewaste,train\PCB\pcb_56.jpg,C:\Users\trish\Desktop\smart-waste-segregation-ai\data\raw\ewaste\train\PCB\pcb_56.jpg,ewaste,train\PCB\pcb_67.jpg,C:\Users\trish\Desktop\smart-waste-segregation-ai\data\raw\ewaste\train\PCB\pcb_67.jpg
6,ewaste,test\Washing Machine\Washing_Machine_106.jpg,C:\Users\trish\Desktop\smart-waste-segregation-ai\data\raw\ewaste\test\Washing Machine\Washing_Machine_106.jpg,ewaste,train\Washing Machine\Washing_Machine_97.jpg,C:\Users\trish\Desktop\smart-waste-segregation-ai\data\raw\ewaste\train\Washing Machine\Washing_Machine_97.jpg
6,realwaste,Metal\Metal_345.jpg,C:\Users\trish\Desktop\smart-waste-segregation-ai\data\raw\realwaste\Metal\Metal_345.jpg,realwaste,Metal\Metal_700.jpg,C:\Users\trish\Desktop\smart-waste-segregation-ai\data\raw\realwaste\Metal\Metal_700.jpg
2,trashnet,paper\paper540.jpg,C:\Users\trish\Desktop\smart-waste-segregation-ai\data\raw\trashnet\paper\paper540.jpg,trashnet,paper\paper56.jpg,C:\Users\trish\Desktop\smart-waste-segregation-ai\data\raw\trashnet\paper\paper56.jpg
0,ewaste,test\Television\Television_266.jpg,C:\Users\trish\Desktop\smart-waste-segregation-ai\data\raw\ewaste\test\Television\Television_266.jpg,ewaste,train\Television\Television_72.jpg,C:\Users\trish\Desktop\smart-waste-segregation-ai\data\raw\ewaste\train\Television\Television_72.jpg
0,phenomsg,Hazardous\Hazardous\e-waste\hazardous-waste-wooden-background-74234943 - Copy.jpg,C:\Users\trish\Desktop\smart-waste-segregation-ai\data\raw\phenomsg\Hazardous\Hazardous\e-waste\hazardous-waste-wooden-background-74234943 - Copy.jpg,phenomsg,Hazardous\Hazardous\e-waste\hazardous-waste-wooden-background-74234943.jpg,C:\Users\trish\Desktop\smart-waste-segregation-ai\data\raw\phenomsg\Hazardous\Hazardous\e-waste\hazardous-waste-wooden-background-74234943.jpg
6,realwaste,Food Organics\Food Organics_73.jpg,C:\Users\trish\Desktop\smart-waste-segregation-ai\data\raw\realwaste\Food Organics\Food Organics_73.jpg,realwaste,Food Organics\Food Organics_77.jpg,C:\Users\trish\Desktop\smart-waste-segregation-ai\data\raw\realwaste\Food Organics\Food Organics_77.jpg
0,phenomsg,Organic\Organic\kitchen_waste\1200px-Trashed_vegetables_in_Luxembourg.jpeg,C:\Users\trish\Desktop\smart-waste-segregation-ai\data\raw\phenomsg\Organic\Organic\kitchen_waste\1200px-Trashed_vegetables_in_Luxembourg.jpeg,phenomsg,Organic\Organic\kitchen_waste\Trashed_vegetables_in_Luxembourg.jpeg,C:\Users\trish\Desktop\smart-waste-segregation-ai\data\raw\phenomsg\Organic\Organic\kitchen_waste\Trashed_vegetables_in_Luxembourg.jpeg
0,phenomsg,Hazardous\Hazardous\e-waste\Energiesparlampe_01_retouched - Copy.jpg,C:\Users\trish\Desktop\smart-waste-segregation-ai\data\raw\phenomsg\Hazardous\Hazardous\e-waste\Energiesparlampe_01_retouched - Copy.jpg,phenomsg,Hazardous\Hazardous\e-waste\Energiesparlampe_01_retouched.jpg,C:\Users\trish\Desktop\smart-waste-segregation-ai\data\raw\phenomsg\Hazardous\Hazardous\e-waste\Energiesparlampe_01_retouched.jpg
0,phenomsg,Hazardous\Hazardous\e-waste\electronic-waste-statistics - Copy.jpg,C:\Users\trish\Desktop\smart-waste-segregation-ai\data\raw\phenomsg\Hazardous\Hazardous\e-waste\electronic-waste-statistics - Copy.jpg,phenomsg,Hazardous\Hazardous\e-waste\electronic-waste-statistics.jpg,C:\Users\trish\Desktop\smart-waste-segregation-ai\data\raw\phenomsg\Hazardous\Hazardous\e-waste\electronic-waste-statistics.jpg
0,phenomsg,Hazardous\Hazardous\e-waste\impact-of-e-waste-hero1540775416137 - Copy.jpg,C:\Users\trish\Desktop\smart-waste-segregation-ai\data\raw\phenomsg\Hazardous\Hazardous\e-waste\impact-of-e-waste-hero1540775416137 - Copy.jpg,phenomsg,Hazardous\Hazardous\e-waste\impact-of-e-waste-hero1540775416137.jpg,C:\Users\trish\Desktop\smart-waste-segregation-ai\data\raw\phenomsg\Hazardous\Hazardous\e-waste\impact-of-e-waste-hero1540775416137.jpg
0,phenomsg,Hazardous\Hazardous\e-waste\light-bulbs-and-recycling-bin-for-them-light-bulbs-and-fluorescent-lamps-are - Copy.jpg,C:\Users\trish\Desktop\smart-waste-segregation-ai\data\raw\phenomsg\Hazardous\Hazardous\e-waste\light-bulbs-and-recycling-bin-for-them-light-bulbs-and-fluorescent-lamps-are - Copy.jpg,phenomsg,Hazardous\Hazardous\e-waste\light-bulbs-and-recycling-bin-for-them-light-bulbs-and-fluorescent-lamps-are.jpg,C:\Users\trish\Desktop\smart-waste-segregation-ai\data\raw\phenomsg\Hazardous\Hazardous\e-waste\light-bulbs-and-recycling-bin-for-them-light-bulbs-and-fluorescent-lamps-are.jpg
0,ewaste,train\Player\Player_45.jpg,C:\Users\trish\Desktop\smart-waste-segregation-ai\data\raw\ewaste\train\Player\Player_45.jpg,ewaste,train\Player\Player_70.jpg,C:\Users\trish\Desktop\smart-waste-segregation-ai\data\raw\ewaste\train\Player\Player_70.jpg
0,phenomsg,Hazardous\Hazardous\e-waste\gettyimages-522580785 - Copy.jpg,C:\Users\trish\Desktop\smart-waste-segregation-ai\data\raw\phenomsg\Hazardous\Hazardous\e-waste\gettyimages-522580785 - Copy.jpg,phenomsg,Hazardous\Hazardous\e-waste\gettyimages-522580785.jpg,C:\Users\trish\Desktop\smart-waste-segregation-ai\data\raw\phenomsg\Hazardous\Hazardous\e-waste\gettyimages-522580785.jpg
0,phenomsg,Hazardous\Hazardous\e-waste\S4cyF6X8zyxWbqHjnI83ICAtzm6CgAqDFVIA9UZG95I.JPG - Copy.jpg,C:\Users\trish\Desktop\smart-waste-segregation-ai\data\raw\phenomsg\Hazardous\Hazardous\e-waste\S4cyF6X8zyxWbqHjnI83ICAtzm6CgAqDFVIA9UZG95I.JPG - Copy.jpg,phenomsg,Hazardous\Hazardous\e-waste\S4cyF6X8zyxWbqHjnI83ICAtzm6CgAqDFVIA9UZG95I.JPG.jpg,C:\Users\trish\Desktop\smart-waste-segregation-ai\data\raw\phenomsg\Hazardous\Hazardous\e-waste\S4cyF6X8zyxWbqHjnI83ICAtzm6CgAqDFVIA9UZG95I.JPG.jpg
0,phenomsg,Hazardous\Hazardous\e-waste\e_waste_1572344183_725x725 - Copy.jpg,C:\Users\trish\Desktop\smart-waste-segregation-ai\data\raw\phenomsg\Hazardous\Hazardous\e-waste\e_waste_1572344183_725x725 - Copy.jpg,phenomsg,Hazardous\Hazardous\e-waste\e_waste_1572344183_725x725.jpg,C:\Users\trish\Desktop\smart-waste-segregation-ai\data\raw\phenomsg\Hazardous\Hazardous\e-waste\e_waste_1572344183_725x725.jpg
6,realwaste,Plastic\Plastic_190.jpg,C:\Users\trish\Desktop\smart-waste-segregation-ai\data\raw\realwaste\Plastic\Plastic_190.jpg,realwaste,Plastic\Plastic_668.jpg,C:\Users\trish\Desktop\smart-waste-segregation-ai\data\raw\realwaste\Plastic\Plastic_668.jpg
0,phenomsg,Hazardous\Hazardous\e-waste\Example-of-e-waste-in-Category-3-ICT-a-used-mobile-phones-and-b-used-monitors_Q320 - Copy.jpg,C:\Users\trish\Desktop\smart-waste-segregation-ai\data\raw\phenomsg\Hazardous\Hazardous\e-waste\Example-of-e-waste-in-Category-3-ICT-a-used-mobile-phones-and-b-used-monitors_Q320 - Copy.jpg,phenomsg,Hazardous\Hazardous\e-waste\Example-of-e-waste-in-Category-3-ICT-a-used-mobile-phones-and-b-used-monitors_Q320.jpg,C:\Users\trish\Desktop\smart-waste-segregation-ai\data\raw\phenomsg\Hazardous\Hazardous\e-waste\Example-of-e-waste-in-Category-3-ICT-a-used-mobile-phones-and-b-used-monitors_Q320.jpg
0,phenomsg,Hazardous\Hazardous\e-waste\mika-baumeister-oXb5tA61wI-unsplash-scaled-e1651078651490 - Copy.jpg,C:\Users\trish\Desktop\smart-waste-segregation-ai\data\raw\phenomsg\Hazardous\Hazardous\e-waste\mika-baumeister-oXb5tA61wI-unsplash-scaled-e1651078651490 - Copy.jpg,phenomsg,Hazardous\Hazardous\e-waste\mika-baumeister-oXb5tA61wI-unsplash-scaled-e1651078651490.jpg,C:\Users\trish\Desktop\smart-waste-segregation-ai\data\raw\phenomsg\Hazardous\Hazardous\e-waste\mika-baumeister-oXb5tA61wI-unsplash-scaled-e1651078651490.jpg
6,ewaste,train\Television\Television_269.jpg,C:\Users\trish\Desktop\smart-waste-segregation-ai\data\raw\ewaste\train\Television\Television_269.jpg,ewaste,train\Television\Television_276.jpg,C:\Users\trish\Desktop\smart-waste-segregation-ai\data\raw\ewaste\train\Television\Television_276.jpg
0,ewaste,train\Microwave\Microwave_202.jpg,C:\Users\trish\Desktop\smart-waste-segregation-ai\data\raw\ewaste\train\Microwave\Microwave_202.jpg,ewaste,train\Microwave\Microwave_70.jpg,C:\Users\trish\Desktop\smart-waste-segregation-ai\data\raw\ewaste\train\Microwave\Microwave_70.jpg
0,phenomsg,Hazardous\Hazardous\e-waste\bulbs_2 - Copy.png,C:\Users\trish\Desktop\smart-waste-segregation-ai\data\raw\phenomsg\Hazardous\Hazardous\e-waste\bulbs_2 - Copy.png,phenomsg,Hazardous\Hazardous\e-waste\bulbs_2.png,C:\Users\trish\Desktop\smart-waste-segregation-ai\data\raw\phenomsg\Hazardous\Hazardous\e-waste\bulbs_2.png
0,phenomsg,Hazardous\Hazardous\e-waste\E-waste - Copy.png,C:\Users\trish\Desktop\smart-waste-segregation-ai\data\raw\phenomsg\Hazardous\Hazardous\e-waste\E-waste - Copy.png,phenomsg,Hazardous\Hazardous\e-waste\E-waste.png,C:\Users\trish\Desktop\smart-waste-segregation-ai\data\raw\phenomsg\Hazardous\Hazardous\e-waste\E-waste.png
0,phenomsg,Hazardous\Hazardous\e-waste\depositphotos_30453211-stock-photo-modern-electronic-waste - Copy.jpg,C:\Users\trish\Desktop\smart-waste-segregation-ai\data\raw\phenomsg\Hazardous\Hazardous\e-waste\depositphotos_30453211-stock-photo-modern-electronic-waste - Copy.jpg,phenomsg,Hazardous\Hazardous\e-waste\depositphotos_30453211-stock-photo-modern-electronic-waste.jpg,C:\Users\trish\Desktop\smart-waste-segregation-ai\data\raw\phenomsg\Hazardous\Hazardous\e-waste\depositphotos_30453211-stock-photo-modern-electronic-waste.jpg
0,ewaste,train\Mouse\Mouse_155.jpg,C:\Users\trish\Desktop\smart-waste-segregation-ai\data\raw\ewaste\train\Mouse\Mouse_155.jpg,ewaste,train\Mouse\Mouse_185.jpg,C:\Users\trish\Desktop\smart-waste-segregation-ai\data\raw\ewaste\train\Mouse\Mouse_185.jpg
2,trashnet,paper\paper101.jpg,C:\Users\trish\Desktop\smart-waste-segregation-ai\data\raw\trashnet\paper\paper101.jpg,trashnet,paper\paper108.jpg,C:\Users\trish\Desktop\smart-waste-segregation-ai\data\raw\trashnet\paper\paper108.jpg
6,trashnet,metal\metal149.jpg,C:\Users\trish\Desktop\smart-waste-segregation-ai\data\raw\trashnet\metal\metal149.jpg,trashnet,metal\metal9.jpg,C:\Users\trish\Desktop\smart-waste-segregation-ai\data\raw\trashnet\metal\metal9.jpg
0,phenomsg,Hazardous\Hazardous\e-waste\Compact-fluorescent-lamps - Copy.jpg,C:\Users\trish\Desktop\smart-waste-segregation-ai\data\raw\phenomsg\Hazardous\Hazardous\e-waste\Compact-fluorescent-lamps - Copy.jpg,phenomsg,Hazardous\Hazardous\e-waste\Compact-fluorescent-lamps.jpg,C:\Users\trish\Desktop\smart-waste-segregation-ai\data\raw\phenomsg\Hazardous\Hazardous\e-waste\Compact-fluorescent-lamps.jpg
0,phenomsg,Hazardous\Hazardous\e-waste\800px-Ewaste-pile - Copy.jpg,C:\Users\trish\Desktop\smart-waste-segregation-ai\data\raw\phenomsg\Hazardous\Hazardous\e-waste\800px-Ewaste-pile - Copy.jpg,phenomsg,Hazardous\Hazardous\e-waste\800px-Ewaste-pile.jpg,C:\Users\trish\Desktop\smart-waste-segregation-ai\data\raw\phenomsg\Hazardous\Hazardous\e-waste\800px-Ewaste-pile.jpg
0,phenomsg,Hazardous\Hazardous\e-waste\fluorescentlights - Copy.png,C:\Users\trish\Desktop\smart-waste-segregation-ai\data\raw\phenomsg\Hazardous\Hazardous\e-waste\fluorescentlights - Copy.png,phenomsg,Hazardous\Hazardous\e-waste\fluorescentlights.png,C:\Users\trish\Desktop\smart-waste-segregation-ai\data\raw\phenomsg\Hazardous\Hazardous\e-waste\fluorescentlights.png
0,ewaste,train\Television\Television_249.jpg,C:\Users\trish\Desktop\smart-waste-segregation-ai\data\raw\ewaste\train\Television\Television_249.jpg,ewaste,train\Television\Television_46.jpg,C:\Users\trish\Desktop\smart-waste-segregation-ai\data\raw\ewaste\train\Television\Television_46.jpg
0,phenomsg,Hazardous\Hazardous\e-waste\74409247-old-cellphones-and-battery-electronic-waste-concept - Copy.jpg,C:\Users\trish\Desktop\smart-waste-segregation-ai\data\raw\phenomsg\Hazardous\Hazardous\e-waste\74409247-old-cellphones-and-battery-electronic-waste-concept - Copy.jpg,phenomsg,Hazardous\Hazardous\e-waste\74409247-old-cellphones-and-battery-electronic-waste-concept.jpg,C:\Users\trish\Desktop\smart-waste-segregation-ai\data\raw\phenomsg\Hazardous\Hazardous\e-waste\74409247-old-cellphones-and-battery-electronic-waste-concept.jpg
0,phenomsg,Hazardous\Hazardous\e-waste\Electronic-waste-management - Copy.jpg,C:\Users\trish\Desktop\smart-waste-segregation-ai\data\raw\phenomsg\Hazardous\Hazardous\e-waste\Electronic-waste-management - Copy.jpg,phenomsg,Hazardous\Hazardous\e-waste\Electronic-waste-management.jpg,C:\Users\trish\Desktop\smart-waste-segregation-ai\data\raw\phenomsg\Hazardous\Hazardous\e-waste\Electronic-waste-management.jpg
0,ewaste,test\Player\Player_22.jpg,C:\Users\trish\Desktop\smart-waste-segregation-ai\data\raw\ewaste\test\Player\Player_22.jpg,ewaste,test\Player\Player_279.jpg,C:\Users\trish\Desktop\smart-waste-segregation-ai\data\raw\ewaste\test\Player\Player_279.jpg
0,phenomsg,Hazardous\Hazardous\e-waste\cfllightbulbs - Copy.jpg,C:\Users\trish\Desktop\smart-waste-segregation-ai\data\raw\phenomsg\Hazardous\Hazardous\e-waste\cfllightbulbs - Copy.jpg,phenomsg,Hazardous\Hazardous\e-waste\cfllightbulbs.jpg,C:\Users\trish\Desktop\smart-waste-segregation-ai\data\raw\phenomsg\Hazardous\Hazardous\e-waste\cfllightbulbs.jpg
0,phenomsg,Hazardous\Hazardous\e-waste\Featured-pictures-for-webiste11 - Copy.png,C:\Users\trish\Desktop\smart-waste-segregation-ai\data\raw\phenomsg\Hazardous\Hazardous\e-waste\Featured-pictures-for-webiste11 - Copy.png,phenomsg,Hazardous\Hazardous\e-waste\Featured-pictures-for-webiste11.png,C:\Users\trish\Desktop\smart-waste-segregation-ai\data\raw\phenomsg\Hazardous\Hazardous\e-waste\Featured-pictures-for-webiste11.png
6,ewaste,train\Washing Machine\Washing_Machine_1.jpg,C:\Users\trish\Desktop\smart-waste-segregation-ai\data\raw\ewaste\train\Washing Machine\Washing_Machine_1.jpg,ewaste,train\Washing Machine\Washing_Machine_97.jpg,C:\Users\trish\Desktop\smart-waste-segregation-ai\data\raw\ewaste\train\Washing Machine\Washing_Machine_97.jpg
0,phenomsg,Non-Recyclable\Non-Recyclable\platics_bags_wrappers\social.jpg,C:\Users\trish\Desktop\smart-waste-segregation-ai\data\raw\phenomsg\Non-Recyclable\Non-Recyclable\platics_bags_wrappers\social.jpg,phenomsg,Non-Recyclable\Non-Recyclable\stroform_product\social.jpg,C:\Users\trish\Desktop\smart-waste-segregation-ai\data\raw\phenomsg\Non-Recyclable\Non-Recyclable\stroform_product\social.jpg
0,phenomsg,Hazardous\Hazardous\e-waste\omponents-mainboards-pcb-connectors-hardware-electronics-industry-eco-PNX35G - Copy.jpg,C:\Users\trish\Desktop\smart-waste-segregation-ai\data\raw\phenomsg\Hazardous\Hazardous\e-waste\omponents-mainboards-pcb-connectors-hardware-electronics-industry-eco-PNX35G - Copy.jpg,phenomsg,Hazardous\Hazardous\e-waste\omponents-mainboards-pcb-connectors-hardware-electronics-industry-eco-PNX35G.jpg,C:\Users\trish\Desktop\smart-waste-segregation-ai\data\raw\phenomsg\Hazardous\Hazardous\e-waste\omponents-mainboards-pcb-connectors-hardware-electronics-industry-eco-PNX35G.jpg
0,ewaste,val\Player\Player_146.jpg,C:\Users\trish\Desktop\smart-waste-segregation-ai\data\raw\ewaste\val\Player\Player_146.jpg,ewaste,val\Player\Player_99.jpg,C:\Users\trish\Desktop\smart-waste-segregation-ai\data\raw\ewaste\val\Player\Player_99.jpg
0,ewaste,train\Player\Player_243.jpg,C:\Users\trish\Desktop\smart-waste-segregation-ai\data\raw\ewaste\train\Player\Player_243.jpg,ewaste,train\Player\Player_38.jpg,C:\Users\trish\Desktop\smart-waste-segregation-ai\data\raw\ewaste\train\Player\Player_38.jpg
6,realwaste,Miscellaneous Trash\Miscellaneous Trash_114.jpg,C:\Users\trish\Desktop\smart-waste-segregation-ai\data\raw\realwaste\Miscellaneous Trash\Miscellaneous Trash_114.jpg,realwaste,Plastic\Plastic_85.jpg,C:\Users\trish\Desktop\smart-waste-segregation-ai\data\raw\realwaste\Plastic\Plastic_85.jpg
0,phenomsg,Hazardous\Hazardous\e-waste\lightbulbs - Copy.png,C:\Users\trish\Desktop\smart-waste-segregation-ai\data\raw\phenomsg\Hazardous\Hazardous\e-waste\lightbulbs - Copy.png,phenomsg,Hazardous\Hazardous\e-waste\lightbulbs.png,C:\Users\trish\Desktop\smart-waste-segregation-ai\data\raw\phenomsg\Hazardous\Hazardous\e-waste\lightbulbs.png
0,phenomsg,Hazardous\Hazardous\e-waste\e-waste2 - Copy.jpg,C:\Users\trish\Desktop\smart-waste-segregation-ai\data\raw\phenomsg\Hazardous\Hazardous\e-waste\e-waste2 - Copy.jpg,phenomsg,Hazardous\Hazardous\e-waste\e-waste2.jpg,C:\Users\trish\Desktop\smart-waste-segregation-ai\data\raw\phenomsg\Hazardous\Hazardous\e-waste\e-waste2.jpg
0,phenomsg,Hazardous\Hazardous\e-waste\electronic-waste-disposal - Copy.jpg,C:\Users\trish\Desktop\smart-waste-segregation-ai\data\raw\phenomsg\Hazardous\Hazardous\e-waste\electronic-waste-disposal - Copy.jpg,phenomsg,Hazardous\Hazardous\e-waste\electronic-waste-disposal.jpg,C:\Users\trish\Desktop\smart-waste-segregation-ai\data\raw\phenomsg\Hazardous\Hazardous\e-waste\electronic-waste-disposal.jpg
0,phenomsg,Hazardous\Hazardous\e-waste\img878241 - Copy.jpg,C:\Users\trish\Desktop\smart-waste-segregation-ai\data\raw\phenomsg\Hazardous\Hazardous\e-waste\img878241 - Copy.jpg,phenomsg,Hazardous\Hazardous\e-waste\img878241.jpg,C:\Users\trish\Desktop\smart-waste-segregation-ai\data\raw\phenomsg\Hazardous\Hazardous\e-waste\img878241.jpg
0,phenomsg,Hazardous\Hazardous\e-waste\r-illustrations-set-different-lightbulb-types-with-various-shapes-2035328045 - Copy.jpg,C:\Users\trish\Desktop\smart-waste-segregation-ai\data\raw\phenomsg\Hazardous\Hazardous\e-waste\r-illustrations-set-different-lightbulb-types-with-various-shapes-2035328045 - Copy.jpg,phenomsg,Hazardous\Hazardous\e-waste\r-illustrations-set-different-lightbulb-types-with-various-shapes-2035328045.jpg,C:\Users\trish\Desktop\smart-waste-segregation-ai\data\raw\phenomsg\Hazardous\Hazardous\e-waste\r-illustrations-set-different-lightbulb-types-with-various-shapes-2035328045.jpg
0,ewaste,train\Mouse\Mouse_171.jpg,C:\Users\trish\Desktop\smart-waste-segregation-ai\data\raw\ewaste\train\Mouse\Mouse_171.jpg,ewaste,train\Mouse\Mouse_201.jpg,C:\Users\trish\Desktop\smart-waste-segregation-ai\data\raw\ewaste\train\Mouse\Mouse_201.jpg
0,ewaste,train\Player\Player_119.jpg,C:\Users\trish\Desktop\smart-waste-segregation-ai\data\raw\ewaste\train\Player\Player_119.jpg,ewaste,train\Player\Player_26.jpg,C:\Users\trish\Desktop\smart-waste-segregation-ai\data\raw\ewaste\train\Player\Player_26.jpg
0,phenomsg,Hazardous\Hazardous\e-waste\detail_th_lightbulbs_cfl_content.jpg - Copy.jpg,C:\Users\trish\Desktop\smart-waste-segregation-ai\data\raw\phenomsg\Hazardous\Hazardous\e-waste\detail_th_lightbulbs_cfl_content.jpg - Copy.jpg,phenomsg,Hazardous\Hazardous\e-waste\detail_th_lightbulbs_cfl_content.jpg.jpg,C:\Users\trish\Desktop\smart-waste-segregation-ai\data\raw\phenomsg\Hazardous\Hazardous\e-waste\detail_th_lightbulbs_cfl_content.jpg.jpg
0,phenomsg,Hazardous\Hazardous\e-waste\25896 - Copy.jpg,C:\Users\trish\Desktop\smart-waste-segregation-ai\data\raw\phenomsg\Hazardous\Hazardous\e-waste\25896 - Copy.jpg,phenomsg,Hazardous\Hazardous\e-waste\25896.jpg,C:\Users\trish\Desktop\smart-waste-segregation-ai\data\raw\phenomsg\Hazardous\Hazardous\e-waste\25896.jpg
0,ewaste,test\Microwave\Microwave_128.jpg,C:\Users\trish\Desktop\smart-waste-segregation-ai\data\raw\ewaste\test\Microwave\Microwave_128.jpg,ewaste,train\Microwave\Microwave_167.jpg,C:\Users\trish\Desktop\smart-waste-segregation-ai\data\raw\ewaste\train\Microwave\Microwave_167.jpg
0,phenomsg,Hazardous\Hazardous\e-waste\t5-recycling - Copy.jpg,C:\Users\trish\Desktop\smart-waste-segregation-ai\data\raw\phenomsg\Hazardous\Hazardous\e-waste\t5-recycling - Copy.jpg,phenomsg,Hazardous\Hazardous\e-waste\t5-recycling.jpg,C:\Users\trish\Desktop\smart-waste-segregation-ai\data\raw\phenomsg\Hazardous\Hazardous\e-waste\t5-recycling.jpg
2,realwaste,Plastic\Plastic_216.jpg,C:\Users\trish\Desktop\smart-waste-segregation-ai\data\raw\realwaste\Plastic\Plastic_216.jpg,realwaste,Plastic\Plastic_218.jpg,C:\Users\trish\Desktop\smart-waste-segregation-ai\data\raw\realwaste\Plastic\Plastic_218.jpg
0,phenomsg,Non-Recyclable\Non-Recyclable\stroform_product\Types-of-food-containers-considered-in-the-study-A-Aluminium-takeaway-container-B.jpg,C:\Users\trish\Desktop\smart-waste-segregation-ai\data\raw\phenomsg\Non-Recyclable\Non-Recyclable\stroform_product\Types-of-food-containers-considered-in-the-study-A-Aluminium-takeaway-container-B.jpg,phenomsg,Non-Recyclable\Non-Recyclable\stroform_product\file-20210908-13-1rlm677.png,C:\Users\trish\Desktop\smart-waste-segregation-ai\data\raw\phenomsg\Non-Recyclable\Non-Recyclable\stroform_product\file-20210908-13-1rlm677.png
0,phenomsg,Hazardous\Hazardous\e-waste\recycle-e-waste-new-aug-22 - Copy.png,C:\Users\trish\Desktop\smart-waste-segregation-ai\data\raw\phenomsg\Hazardous\Hazardous\e-waste\recycle-e-waste-new-aug-22 - Copy.png,phenomsg,Hazardous\Hazardous\e-waste\recycle-e-waste-new-aug-22.png,C:\Users\trish\Desktop\smart-waste-segregation-ai\data\raw\phenomsg\Hazardous\Hazardous\e-waste\recycle-e-waste-new-aug-22.png
6,realwaste,Metal\Metal_216.jpg,C:\Users\trish\Desktop\smart-waste-segregation-ai\data\raw\realwaste\Metal\Metal_216.jpg,realwaste,Metal\Metal_217.jpg,C:\Users\trish\Desktop\smart-waste-segregation-ai\data\raw\realwaste\Metal\Metal_217.jpg
0,phenomsg,Hazardous\Hazardous\e-waste\close-up-shot-of-some-electronic-waste-E88KF4 - Copy.jpg,C:\Users\trish\Desktop\smart-waste-segregation-ai\data\raw\phenomsg\Hazardous\Hazardous\e-waste\close-up-shot-of-some-electronic-waste-E88KF4 - Copy.jpg,phenomsg,Hazardous\Hazardous\e-waste\close-up-shot-of-some-electronic-waste-E88KF4.jpg,C:\Users\trish\Desktop\smart-waste-segregation-ai\data\raw\phenomsg\Hazardous\Hazardous\e-waste\close-up-shot-of-some-electronic-waste-E88KF4.jpg
6,realwaste,Metal\Metal_242.jpg,C:\Users\trish\Desktop\smart-waste-segregation-ai\data\raw\realwaste\Metal\Metal_242.jpg,realwaste,Metal\Metal_715.jpg,C:\Users\trish\Desktop\smart-waste-segregation-ai\data\raw\realwaste\Metal\Metal_715.jpg
4,realwaste,Cardboard\Cardboard_132.jpg,C:\Users\trish\Desktop\smart-waste-segregation-ai\data\raw\realwaste\Cardboard\Cardboard_132.jpg,realwaste,Metal\Metal_559.jpg,C:\Users\trish\Desktop\smart-waste-segregation-ai\data\raw\realwaste\Metal\Metal_559.jpg
0,phenomsg,Hazardous\Hazardous\e-waste\1521042165621 - Copy.jpg,C:\Users\trish\Desktop\smart-waste-segregation-ai\data\raw\phenomsg\Hazardous\Hazardous\e-waste\1521042165621 - Copy.jpg,phenomsg,Hazardous\Hazardous\e-waste\1521042165621.jpg,C:\Users\trish\Desktop\smart-waste-segregation-ai\data\raw\phenomsg\Hazardous\Hazardous\e-waste\1521042165621.jpg
6,ewaste,train\PCB\pcb_15.jpg,C:\Users\trish\Desktop\smart-waste-segregation-ai\data\raw\ewaste\train\PCB\pcb_15.jpg,ewaste,train\PCB\pcb_268.jpg,C:\Users\trish\Desktop\smart-waste-segregation-ai\data\raw\ewaste\train\PCB\pcb_268.jpg
0,phenomsg,Recyclable\Recyclable\paper_products\maxresdefault.jpg,C:\Users\trish\Desktop\smart-waste-segregation-ai\data\raw\phenomsg\Recyclable\Recyclable\paper_products\maxresdefault.jpg,phenomsg,Recyclable\Recyclable\paper_products\maxresdefault3.jpg,C:\Users\trish\Desktop\smart-waste-segregation-ai\data\raw\phenomsg\Recyclable\Recyclable\paper_products\maxresdefault3.jpg
0,ewaste,train\Mouse\Mouse_153.jpg,C:\Users\trish\Desktop\smart-waste-segregation-ai\data\raw\ewaste\train\Mouse\Mouse_153.jpg,ewaste,train\Mouse\Mouse_180.jpg,C:\Users\trish\Desktop\smart-waste-segregation-ai\data\raw\ewaste\train\Mouse\Mouse_180.jpg
6,ewaste,train\Battery\battery_237.jpg,C:\Users\trish\Desktop\smart-waste-segregation-ai\data\raw\ewaste\train\Battery\battery_237.jpg,ewaste,val\Battery\battery_118.jpg,C:\Users\trish\Desktop\smart-waste-segregation-ai\data\raw\ewaste\val\Battery\battery_118.jpg
0,phenomsg,Hazardous\Hazardous\e-waste\electronic-waste-collection-center-subsequent-recycling-circular-economy_761147-84 - Copy.jpg,C:\Users\trish\Desktop\smart-waste-segregation-ai\data\raw\phenomsg\Hazardous\Hazardous\e-waste\electronic-waste-collection-center-subsequent-recycling-circular-economy_761147-84 - Copy.jpg,phenomsg,Hazardous\Hazardous\e-waste\electronic-waste-collection-center-subsequent-recycling-circular-economy_761147-84.jpg,C:\Users\trish\Desktop\smart-waste-segregation-ai\data\raw\phenomsg\Hazardous\Hazardous\e-waste\electronic-waste-collection-center-subsequent-recycling-circular-economy_761147-84.jpg
0,phenomsg,Hazardous\Hazardous\e-waste\uter-gold-as-ingredient-motherboards-e-waste-problem-environmental-279793363 - Copy.jpg,C:\Users\trish\Desktop\smart-waste-segregation-ai\data\raw\phenomsg\Hazardous\Hazardous\e-waste\uter-gold-as-ingredient-motherboards-e-waste-problem-environmental-279793363 - Copy.jpg,phenomsg,Hazardous\Hazardous\e-waste\uter-gold-as-ingredient-motherboards-e-waste-problem-environmental-279793363.jpg,C:\Users\trish\Desktop\smart-waste-segregation-ai\data\raw\phenomsg\Hazardous\Hazardous\e-waste\uter-gold-as-ingredient-motherboards-e-waste-problem-environmental-279793363.jpg
0,phenomsg,Hazardous\Hazardous\e-waste\E-Waste - Copy.jpg,C:\Users\trish\Desktop\smart-waste-segregation-ai\data\raw\phenomsg\Hazardous\Hazardous\e-waste\E-Waste - Copy.jpg,phenomsg,Hazardous\Hazardous\e-waste\E-Waste.jpg,C:\Users\trish\Desktop\smart-waste-segregation-ai\data\raw\phenomsg\Hazardous\Hazardous\e-waste\E-Waste.jpg
0,phenomsg,Hazardous\Hazardous\e-waste\Electronic_waste_at_Agbogbloshie2C_Ghana - Copy.jpg,C:\Users\trish\Desktop\smart-waste-segregation-ai\data\raw\phenomsg\Hazardous\Hazardous\e-waste\Electronic_waste_at_Agbogbloshie2C_Ghana - Copy.jpg,phenomsg,Hazardous\Hazardous\e-waste\Electronic_waste_at_Agbogbloshie2C_Ghana.jpg,C:\Users\trish\Desktop\smart-waste-segregation-ai\data\raw\phenomsg\Hazardous\Hazardous\e-waste\Electronic_waste_at_Agbogbloshie2C_Ghana.jpg
0,phenomsg,Hazardous\Hazardous\e-waste\onic-waste-on-white-background-reuse-and-recycle-concept-top-view-1011557155 - Copy.jpg,C:\Users\trish\Desktop\smart-waste-segregation-ai\data\raw\phenomsg\Hazardous\Hazardous\e-waste\onic-waste-on-white-background-reuse-and-recycle-concept-top-view-1011557155 - Copy.jpg,phenomsg,Hazardous\Hazardous\e-waste\onic-waste-on-white-background-reuse-and-recycle-concept-top-view-1011557155.jpg,C:\Users\trish\Desktop\smart-waste-segregation-ai\data\raw\phenomsg\Hazardous\Hazardous\e-waste\onic-waste-on-white-background-reuse-and-recycle-concept-top-view-1011557155.jpg
0,phenomsg,Hazardous\Hazardous\e-waste\FluorescentBulbs - Copy.jpg,C:\Users\trish\Desktop\smart-waste-segregation-ai\data\raw\phenomsg\Hazardous\Hazardous\e-waste\FluorescentBulbs - Copy.jpg,phenomsg,Hazardous\Hazardous\e-waste\FluorescentBulbs.jpg,C:\Users\trish\Desktop\smart-waste-segregation-ai\data\raw\phenomsg\Hazardous\Hazardous\e-waste\FluorescentBulbs.jpg
6,realwaste,Cardboard\Cardboard_197.jpg,C:\Users\trish\Desktop\smart-waste-segregation-ai\data\raw\realwaste\Cardboard\Cardboard_197.jpg,realwaste,Cardboard\Cardboard_81.jpg,C:\Users\trish\Desktop\smart-waste-segregation-ai\data\raw\realwaste\Cardboard\Cardboard_81.jpg
0,phenomsg,Hazardous\Hazardous\e-waste\e-waste-recycling-law-1 - Copy.jpg,C:\Users\trish\Desktop\smart-waste-segregation-ai\data\raw\phenomsg\Hazardous\Hazardous\e-waste\e-waste-recycling-law-1 - Copy.jpg,phenomsg,Hazardous\Hazardous\e-waste\e-waste-recycling-law-1.jpg,C:\Users\trish\Desktop\smart-waste-segregation-ai\data\raw\phenomsg\Hazardous\Hazardous\e-waste\e-waste-recycling-law-1.jpg
0,phenomsg,Hazardous\Hazardous\e-waste\01-e-waste-millions-tons_square - Copy.jpg,C:\Users\trish\Desktop\smart-waste-segregation-ai\data\raw\phenomsg\Hazardous\Hazardous\e-waste\01-e-waste-millions-tons_square - Copy.jpg,phenomsg,Hazardous\Hazardous\e-waste\01-e-waste-millions-tons_square.jpg,C:\Users\trish\Desktop\smart-waste-segregation-ai\data\raw\phenomsg\Hazardous\Hazardous\e-waste\01-e-waste-millions-tons_square.jpg
0,phenomsg,Hazardous\Hazardous\e-waste\65481011 - Copy.jpg,C:\Users\trish\Desktop\smart-waste-segregation-ai\data\raw\phenomsg\Hazardous\Hazardous\e-waste\65481011 - Copy.jpg,phenomsg,Hazardous\Hazardous\e-waste\65481011.jpg,C:\Users\trish\Desktop\smart-waste-segregation-ai\data\raw\phenomsg\Hazardous\Hazardous\e-waste\65481011.jpg
0,phenomsg,Hazardous\Hazardous\e-waste\0.40042800_1555498967_e-waste2 - Copy.jpg,C:\Users\trish\Desktop\smart-waste-segregation-ai\data\raw\phenomsg\Hazardous\Hazardous\e-waste\0.40042800_1555498967_e-waste2 - Copy.jpg,phenomsg,Hazardous\Hazardous\e-waste\e-waste22 - Copy.jpg,C:\Users\trish\Desktop\smart-waste-segregation-ai\data\raw\phenomsg\Hazardous\Hazardous\e-waste\e-waste22 - Copy.jpg
6,realwaste,Food Organics\Food Organics_210.jpg,C:\Users\trish\Desktop\smart-waste-segregation-ai\data\raw\realwaste\Food Organics\Food Organics_210.jpg,realwaste,Miscellaneous Trash\Miscellaneous Trash_106.jpg,C:\Users\trish\Desktop\smart-waste-segregation-ai\data\raw\realwaste\Miscellaneous Trash\Miscellaneous Trash_106.jpg
6,trashnet,plastic\plastic135.jpg,C:\Users\trish\Desktop\smart-waste-segregation-ai\data\raw\trashnet\plastic\plastic135.jpg,trashnet,plastic\plastic138.jpg,C:\Users\trish\Desktop\smart-waste-segregation-ai\data\raw\trashnet\plastic\plastic138.jpg
0,phenomsg,Hazardous\Hazardous\e-waste\lightbulb-recycling - Copy.jpg,C:\Users\trish\Desktop\smart-waste-segregation-ai\data\raw\phenomsg\Hazardous\Hazardous\e-waste\lightbulb-recycling - Copy.jpg,phenomsg,Hazardous\Hazardous\e-waste\lightbulb-recycling.jpg,C:\Users\trish\Desktop\smart-waste-segregation-ai\data\raw\phenomsg\Hazardous\Hazardous\e-waste\lightbulb-recycling.jpg
0,phenomsg,Hazardous\Hazardous\e-waste\1200px-Energiesparlampe_01_retouched - Copy.jpg,C:\Users\trish\Desktop\smart-waste-segregation-ai\data\raw\phenomsg\Hazardous\Hazardous\e-waste\1200px-Energiesparlampe_01_retouched - Copy.jpg,phenomsg,Hazardous\Hazardous\e-waste\1200px-Energiesparlampe_01_retouched.jpg,C:\Users\trish\Desktop\smart-waste-segregation-ai\data\raw\phenomsg\Hazardous\Hazardous\e-waste\1200px-Energiesparlampe_01_retouched.jpg
2,trashnet,cardboard\cardboard15.jpg,C:\Users\trish\Desktop\smart-waste-segregation-ai\data\raw\trashnet\cardboard\cardboard15.jpg,trashnet,cardboard\cardboard361.jpg,C:\Users\trish\Desktop\smart-waste-segregation-ai\data\raw\trashnet\cardboard\cardboard361.jpg
6,realwaste,Food Organics\Food Organics_178.jpg,C:\Users\trish\Desktop\smart-waste-segregation-ai\data\raw\realwaste\Food Organics\Food Organics_178.jpg,realwaste,Food Organics\Food Organics_199.jpg,C:\Users\trish\Desktop\smart-waste-segregation-ai\data\raw\realwaste\Food Organics\Food Organics_199.jpg
4,realwaste,Food Organics\Food Organics_199.jpg,C:\Users\trish\Desktop\smart-waste-segregation-ai\data\raw\realwaste\Food Organics\Food Organics_199.jpg,realwaste,Food Organics\Food Organics_73.jpg,C:\Users\trish\Desktop\smart-waste-segregation-ai\data\raw\realwaste\Food Organics\Food Organics_73.jpg
6,realwaste,Metal\Metal_193.jpg,C:\Users\trish\Desktop\smart-waste-segregation-ai\data\raw\realwaste\Metal\Metal_193.jpg,realwaste,Metal\Metal_345.jpg,C:\Users\trish\Desktop\smart-waste-segregation-ai\data\raw\realwaste\Metal\Metal_345.jpg
0,phenomsg,Hazardous\Hazardous\e-waste\https3A2F2Fwww.elektormagazine.com2Fassets2Fupload2Fimages2F02Fe-waste4 - Copy.jpg,C:\Users\trish\Desktop\smart-waste-segregation-ai\data\raw\phenomsg\Hazardous\Hazardous\e-waste\https3A2F2Fwww.elektormagazine.com2Fassets2Fupload2Fimages2F02Fe-waste4 - Copy.jpg,phenomsg,Hazardous\Hazardous\e-waste\https3A2F2Fwww.elektormagazine.com2Fassets2Fupload2Fimages2F02Fe-waste4.jpg,C:\Users\trish\Desktop\smart-waste-segregation-ai\data\raw\phenomsg\Hazardous\Hazardous\e-waste\https3A2F2Fwww.elektormagazine.com2Fassets2Fupload2Fimages2F02Fe-waste4.jpg
4,trashnet,paper\paper135.jpg,C:\Users\trish\Desktop\smart-waste-segregation-ai\data\raw\trashnet\paper\paper135.jpg,trashnet,paper\paper496.jpg,C:\Users\trish\Desktop\smart-waste-segregation-ai\data\raw\trashnet\paper\paper496.jpg
0,phenomsg,Hazardous\Hazardous\e-waste\how-fluorescents-work - Copy.jpg,C:\Users\trish\Desktop\smart-waste-segregation-ai\data\raw\phenomsg\Hazardous\Hazardous\e-waste\how-fluorescents-work - Copy.jpg,phenomsg,Hazardous\Hazardous\e-waste\how-fluorescents-work.jpg,C:\Users\trish\Desktop\smart-waste-segregation-ai\data\raw\phenomsg\Hazardous\Hazardous\e-waste\how-fluorescents-work.jpg
6,ewaste,train\Keyboard\Keyboard_102.jpg,C:\Users\trish\Desktop\smart-waste-segregation-ai\data\raw\ewaste\train\Keyboard\Keyboard_102.jpg,ewaste,train\Keyboard\Keyboard_178.jpg,C:\Users\trish\Desktop\smart-waste-segregation-ai\data\raw\ewaste\train\Keyboard\Keyboard_178.jpg
0,ewaste,train\PCB\pcb_244.jpg,C:\Users\trish\Desktop\smart-waste-segregation-ai\data\raw\ewaste\train\PCB\pcb_244.jpg,ewaste,val\PCB\pcb_280.jpg,C:\Users\trish\Desktop\smart-waste-segregation-ai\data\raw\ewaste\val\PCB\pcb_280.jpg
0,phenomsg,Hazardous\Hazardous\e-waste\international-e-waste-day - Copy.jpg,C:\Users\trish\Desktop\smart-waste-segregation-ai\data\raw\phenomsg\Hazardous\Hazardous\e-waste\international-e-waste-day - Copy.jpg,phenomsg,Hazardous\Hazardous\e-waste\international-e-waste-day.jpg,C:\Users\trish\Desktop\smart-waste-segregation-ai\data\raw\phenomsg\Hazardous\Hazardous\e-waste\international-e-waste-day.jpg
6,realwaste,Metal\Metal_700.jpg,C:\Users\trish\Desktop\smart-waste-segregation-ai\data\raw\realwaste\Metal\Metal_700.jpg,realwaste,Metal\Metal_735.jpg,C:\Users\trish\Desktop\smart-waste-segregation-ai\data\raw\realwaste\Metal\Metal_735.jpg
6,realwaste,Metal\Metal_410.jpg,C:\Users\trish\Desktop\smart-waste-segregation-ai\data\raw\realwaste\Metal\Metal_410.jpg,realwaste,Plastic\Plastic_127.jpg,C:\Users\trish\Desktop\smart-waste-segregation-ai\data\raw\realwaste\Plastic\Plastic_127.jpg
0,phenomsg,Hazardous\Hazardous\e-waste\iPleaders-17 - Copy.jpg,C:\Users\trish\Desktop\smart-waste-segregation-ai\data\raw\phenomsg\Hazardous\Hazardous\e-waste\iPleaders-17 - Copy.jpg,phenomsg,Hazardous\Hazardous\e-waste\iPleaders-17.jpg,C:\Users\trish\Desktop\smart-waste-segregation-ai\data\raw\phenomsg\Hazardous\Hazardous\e-waste\iPleaders-17.jpg
0,ewaste,train\Mouse\Mouse_178.jpg,C:\Users\trish\Desktop\smart-waste-segregation-ai\data\raw\ewaste\train\Mouse\Mouse_178.jpg,ewaste,train\Mouse\Mouse_195.jpg,C:\Users\trish\Desktop\smart-waste-segregation-ai\data\raw\ewaste\train\Mouse\Mouse_195.jpg
0,phenomsg,Hazardous\Hazardous\e-waste\BulbSchematic - Copy.jpg,C:\Users\trish\Desktop\smart-waste-segregation-ai\data\raw\phenomsg\Hazardous\Hazardous\e-waste\BulbSchematic - Copy.jpg,phenomsg,Hazardous\Hazardous\e-waste\BulbSchematic.jpg,C:\Users\trish\Desktop\smart-waste-segregation-ai\data\raw\phenomsg\Hazardous\Hazardous\e-waste\BulbSchematic.jpg
0,phenomsg,Hazardous\Hazardous\e-waste\safe-disposal-any-logos-brand-names-have-been-removed-great-recycle-33215495 - Copy.jpg,C:\Users\trish\Desktop\smart-waste-segregation-ai\data\raw\phenomsg\Hazardous\Hazardous\e-waste\safe-disposal-any-logos-brand-names-have-been-removed-great-recycle-33215495 - Copy.jpg,phenomsg,Hazardous\Hazardous\e-waste\safe-disposal-any-logos-brand-names-have-been-removed-great-recycle-33215495.jpg,C:\Users\trish\Desktop\smart-waste-segregation-ai\data\raw\phenomsg\Hazardous\Hazardous\e-waste\safe-disposal-any-logos-brand-names-have-been-removed-great-recycle-33215495.jpg
0,phenomsg,Hazardous\Hazardous\e-waste\electronic-recycling.jpg,C:\Users\trish\Desktop\smart-waste-segregation-ai\data\raw\phenomsg\Hazardous\Hazardous\e-waste\electronic-recycling.jpg,phenomsg,Hazardous\Hazardous\e-waste\electronic-waste-electronic-waste-old-computers-monitors-other-devices-to-recycle-109977003.jpg,C:\Users\trish\Desktop\smart-waste-segregation-ai\data\raw\phenomsg\Hazardous\Hazardous\e-waste\electronic-waste-electronic-waste-old-computers-monitors-other-devices-to-recycle-109977003.jpg
6,realwaste,Miscellaneous Trash\Miscellaneous Trash_129.jpg,C:\Users\trish\Desktop\smart-waste-segregation-ai\data\raw\realwaste\Miscellaneous Trash\Miscellaneous Trash_129.jpg,realwaste,Plastic\Plastic_634.jpg,C:\Users\trish\Desktop\smart-waste-segregation-ai\data\raw\realwaste\Plastic\Plastic_634.jpg
0,phenomsg,Hazardous\Hazardous\e-waste\8ft-Fluorescent-Box-Gallery-Image-1 - Copy.jpg,C:\Users\trish\Desktop\smart-waste-segregation-ai\data\raw\phenomsg\Hazardous\Hazardous\e-waste\8ft-Fluorescent-Box-Gallery-Image-1 - Copy.jpg,phenomsg,Hazardous\Hazardous\e-waste\8ft-Fluorescent-Box-Gallery-Image-1.jpg,C:\Users\trish\Desktop\smart-waste-segregation-ai\data\raw\phenomsg\Hazardous\Hazardous\e-waste\8ft-Fluorescent-Box-Gallery-Image-1.jpg
0,phenomsg,Hazardous\Hazardous\e-waste\Namo-Blog_Cover-7-1024x536 - Copy.jpg,C:\Users\trish\Desktop\smart-waste-segregation-ai\data\raw\phenomsg\Hazardous\Hazardous\e-waste\Namo-Blog_Cover-7-1024x536 - Copy.jpg,phenomsg,Hazardous\Hazardous\e-waste\Namo-Blog_Cover-7-1024x536.jpg,C:\Users\trish\Desktop\smart-waste-segregation-ai\data\raw\phenomsg\Hazardous\Hazardous\e-waste\Namo-Blog_Cover-7-1024x536.jpg
0,phenomsg,Hazardous\Hazardous\e-waste\e-waste-policy-recast-to-focus-on-no-of-products-recycled - Copy.jpg,C:\Users\trish\Desktop\smart-waste-segregation-ai\data\raw\phenomsg\Hazardous\Hazardous\e-waste\e-waste-policy-recast-to-focus-on-no-of-products-recycled - Copy.jpg,phenomsg,Hazardous\Hazardous\e-waste\e-waste-policy-recast-to-focus-on-no-of-products-recycled.jpg,C:\Users\trish\Desktop\smart-waste-segregation-ai\data\raw\phenomsg\Hazardous\Hazardous\e-waste\e-waste-policy-recast-to-focus-on-no-of-products-recycled.jpg
0,phenomsg,Hazardous\Hazardous\e-waste\esy-042966920 - Copy.jpg,C:\Users\trish\Desktop\smart-waste-segregation-ai\data\raw\phenomsg\Hazardous\Hazardous\e-waste\esy-042966920 - Copy.jpg,phenomsg,Hazardous\Hazardous\e-waste\esy-042966920.jpg,C:\Users\trish\Desktop\smart-waste-segregation-ai\data\raw\phenomsg\Hazardous\Hazardous\e-waste\esy-042966920.jpg
2,realwaste,Plastic\Plastic_204.jpg,C:\Users\trish\Desktop\smart-waste-segregation-ai\data\raw\realwaste\Plastic\Plastic_204.jpg,realwaste,Plastic\Plastic_763.jpg,C:\Users\trish\Desktop\smart-waste-segregation-ai\data\raw\realwaste\Plastic\Plastic_763.jpg
2,ewaste,test\Washing Machine\Washing_Machine_106.jpg,C:\Users\trish\Desktop\smart-waste-segregation-ai\data\raw\ewaste\test\Washing Machine\Washing_Machine_106.jpg,ewaste,train\Washing Machine\Washing_Machine_1.jpg,C:\Users\trish\Desktop\smart-waste-segregation-ai\data\raw\ewaste\train\Washing Machine\Washing_Machine_1.jpg
0,phenomsg,Hazardous\Hazardous\e-waste\maxresdefault - Copy.jpg,C:\Users\trish\Desktop\smart-waste-segregation-ai\data\raw\phenomsg\Hazardous\Hazardous\e-waste\maxresdefault - Copy.jpg,phenomsg,Hazardous\Hazardous\e-waste\maxresdefault.jpg,C:\Users\trish\Desktop\smart-waste-segregation-ai\data\raw\phenomsg\Hazardous\Hazardous\e-waste\maxresdefault.jpg
6,ewaste,train\Player\Player_120.jpg,C:\Users\trish\Desktop\smart-waste-segregation-ai\data\raw\ewaste\train\Player\Player_120.jpg,ewaste,val\Player\Player_37.jpg,C:\Users\trish\Desktop\smart-waste-segregation-ai\data\raw\ewaste\val\Player\Player_37.jpg
6,realwaste,Miscellaneous Trash\Miscellaneous Trash_56.jpg,C:\Users\trish\Desktop\smart-waste-segregation-ai\data\raw\realwaste\Miscellaneous Trash\Miscellaneous Trash_56.jpg,trashnet,trash\trash99.jpg,C:\Users\trish\Desktop\smart-waste-segregation-ai\data\raw\trashnet\trash\trash99.jpg
0,phenomsg,Hazardous\Hazardous\e-waste\ling-electronic-waste-electronics-hazardous-waste-recycle-computer-recycling - Copy.png,C:\Users\trish\Desktop\smart-waste-segregation-ai\data\raw\phenomsg\Hazardous\Hazardous\e-waste\ling-electronic-waste-electronics-hazardous-waste-recycle-computer-recycling - Copy.png,phenomsg,Hazardous\Hazardous\e-waste\ling-electronic-waste-electronics-hazardous-waste-recycle-computer-recycling.png,C:\Users\trish\Desktop\smart-waste-segregation-ai\data\raw\phenomsg\Hazardous\Hazardous\e-waste\ling-electronic-waste-electronics-hazardous-waste-recycle-computer-recycling.png
0,phenomsg,Non-Recyclable\Non-Recyclable\stroform_product\e3ea5ac8147d2274b0e1f61b09fbedc2.jpg,C:\Users\trish\Desktop\smart-waste-segregation-ai\data\raw\phenomsg\Non-Recyclable\Non-Recyclable\stroform_product\e3ea5ac8147d2274b0e1f61b09fbedc2.jpg,phenomsg,Non-Recyclable\Non-Recyclable\stroform_product\plastic-foam-food-packaging-ban-usa.jpg,C:\Users\trish\Desktop\smart-waste-segregation-ai\data\raw\phenomsg\Non-Recyclable\Non-Recyclable\stroform_product\plastic-foam-food-packaging-ban-usa.jpg
0,phenomsg,Hazardous\Hazardous\e-waste\Fluorescent-Bulbs-in-Trash-2-e1434205961573 - Copy.jpg,C:\Users\trish\Desktop\smart-waste-segregation-ai\data\raw\phenomsg\Hazardous\Hazardous\e-waste\Fluorescent-Bulbs-in-Trash-2-e1434205961573 - Copy.jpg,phenomsg,Hazardous\Hazardous\e-waste\Fluorescent-Bulbs-in-Trash-2-e1434205961573.jpg,C:\Users\trish\Desktop\smart-waste-segregation-ai\data\raw\phenomsg\Hazardous\Hazardous\e-waste\Fluorescent-Bulbs-in-Trash-2-e1434205961573.jpg
0,phenomsg,Hazardous\Hazardous\e-waste\ewaste-aspect-ratio-2000-1200-1024x614 - Copy.jpg,C:\Users\trish\Desktop\smart-waste-segregation-ai\data\raw\phenomsg\Hazardous\Hazardous\e-waste\ewaste-aspect-ratio-2000-1200-1024x614 - Copy.jpg,phenomsg,Hazardous\Hazardous\e-waste\ewaste-aspect-ratio-2000-1200-1024x614.jpg,C:\Users\trish\Desktop\smart-waste-segregation-ai\data\raw\phenomsg\Hazardous\Hazardous\e-waste\ewaste-aspect-ratio-2000-1200-1024x614.jpg
0,phenomsg,Hazardous\Hazardous\e-waste\-1x-1 - Copy.jpg,C:\Users\trish\Desktop\smart-waste-segregation-ai\data\raw\phenomsg\Hazardous\Hazardous\e-waste\-1x-1 - Copy.jpg,phenomsg,Hazardous\Hazardous\e-waste\-1x-1.jpg,C:\Users\trish\Desktop\smart-waste-segregation-ai\data\raw\phenomsg\Hazardous\Hazardous\e-waste\-1x-1.jpg
0,phenomsg,Hazardous\Hazardous\e-waste\compact-fluorescent-light-bulb-vector-3890 - Copy.jpg,C:\Users\trish\Desktop\smart-waste-segregation-ai\data\raw\phenomsg\Hazardous\Hazardous\e-waste\compact-fluorescent-light-bulb-vector-3890 - Copy.jpg,phenomsg,Hazardous\Hazardous\e-waste\compact-fluorescent-light-bulb-vector-3890.jpg,C:\Users\trish\Desktop\smart-waste-segregation-ai\data\raw\phenomsg\Hazardous\Hazardous\e-waste\compact-fluorescent-light-bulb-vector-3890.jpg
0,phenomsg,Hazardous\Hazardous\e-waste\7ade6617-865a-42bf-b8f8-12859169a351.a7819c077ec87ce47606d6942a125eea - Copy.jpeg,C:\Users\trish\Desktop\smart-waste-segregation-ai\data\raw\phenomsg\Hazardous\Hazardous\e-waste\7ade6617-865a-42bf-b8f8-12859169a351.a7819c077ec87ce47606d6942a125eea - Copy.jpeg,phenomsg,Hazardous\Hazardous\e-waste\7ade6617-865a-42bf-b8f8-12859169a351.a7819c077ec87ce47606d6942a125eea.jpeg,C:\Users\trish\Desktop\smart-waste-segregation-ai\data\raw\phenomsg\Hazardous\Hazardous\e-waste\7ade6617-865a-42bf-b8f8-12859169a351.a7819c077ec87ce47606d6942a125eea.jpeg
0,phenomsg,Hazardous\Hazardous\e-waste\ling-issue-concept-copy-space-text-damaged-held-disposal-challenge-277763587 - Copy.jpg,C:\Users\trish\Desktop\smart-waste-segregation-ai\data\raw\phenomsg\Hazardous\Hazardous\e-waste\ling-issue-concept-copy-space-text-damaged-held-disposal-challenge-277763587 - Copy.jpg,phenomsg,Hazardous\Hazardous\e-waste\ling-issue-concept-copy-space-text-damaged-held-disposal-challenge-277763587.jpg,C:\Users\trish\Desktop\smart-waste-segregation-ai\data\raw\phenomsg\Hazardous\Hazardous\e-waste\ling-issue-concept-copy-space-text-damaged-held-disposal-challenge-277763587.jpg
0,phenomsg,Hazardous\Hazardous\e-waste\1200px-Ewaste-pile - Copy.jpg,C:\Users\trish\Desktop\smart-waste-segregation-ai\data\raw\phenomsg\Hazardous\Hazardous\e-waste\1200px-Ewaste-pile - Copy.jpg,phenomsg,Hazardous\Hazardous\e-waste\1200px-Ewaste-pile.jpg,C:\Users\trish\Desktop\smart-waste-segregation-ai\data\raw\phenomsg\Hazardous\Hazardous\e-waste\1200px-Ewaste-pile.jpg
4,realwaste,Plastic\Plastic_199.jpg,C:\Users\trish\Desktop\smart-waste-segregation-ai\data\raw\realwaste\Plastic\Plastic_199.jpg,realwaste,Plastic\Plastic_774.jpg,C:\Users\trish\Desktop\smart-waste-segregation-ai\data\raw\realwaste\Plastic\Plastic_774.jpg
0,phenomsg,Hazardous\Hazardous\e-waste\615c6bf230f40d9decf916ae97e192681b20e27238a8ae30ccbab09630fd0a53 - Copy.jpg,C:\Users\trish\Desktop\smart-waste-segregation-ai\data\raw\phenomsg\Hazardous\Hazardous\e-waste\615c6bf230f40d9decf916ae97e192681b20e27238a8ae30ccbab09630fd0a53 - Copy.jpg,phenomsg,Hazardous\Hazardous\e-waste\615c6bf230f40d9decf916ae97e192681b20e27238a8ae30ccbab09630fd0a53.jpg,C:\Users\trish\Desktop\smart-waste-segregation-ai\data\raw\phenomsg\Hazardous\Hazardous\e-waste\615c6bf230f40d9decf916ae97e192681b20e27238a8ae30ccbab09630fd0a53.jpg
0,phenomsg,Recyclable\Recyclable\paper_products\800px-Box.agr.jpg,C:\Users\trish\Desktop\smart-waste-segregation-ai\data\raw\phenomsg\Recyclable\Recyclable\paper_products\800px-Box.agr.jpg,phenomsg,Recyclable\Recyclable\paper_products\Box.agr.jpg,C:\Users\trish\Desktop\smart-waste-segregation-ai\data\raw\phenomsg\Recyclable\Recyclable\paper_products\Box.agr.jpg
0,ewaste,train\PCB\pcb_153.jpg,C:\Users\trish\Desktop\smart-waste-segregation-ai\data\raw\ewaste\train\PCB\pcb_153.jpg,ewaste,train\PCB\pcb_93.jpg,C:\Users\trish\Desktop\smart-waste-segregation-ai\data\raw\ewaste\train\PCB\pcb_93.jpg
0,phenomsg,Hazardous\Hazardous\e-waste\85a44d0f-d9a2-37b6-93c1-1c21fed330cf - Copy.png,C:\Users\trish\Desktop\smart-waste-segregation-ai\data\raw\phenomsg\Hazardous\Hazardous\e-waste\85a44d0f-d9a2-37b6-93c1-1c21fed330cf - Copy.png,phenomsg,Hazardous\Hazardous\e-waste\85a44d0f-d9a2-37b6-93c1-1c21fed330cf.png,C:\Users\trish\Desktop\smart-waste-segregation-ai\data\raw\phenomsg\Hazardous\Hazardous\e-waste\85a44d0f-d9a2-37b6-93c1-1c21fed330cf.png
0,phenomsg,Hazardous\Hazardous\e-waste\shutterstock_29134336 - Copy.jpg,C:\Users\trish\Desktop\smart-waste-segregation-ai\data\raw\phenomsg\Hazardous\Hazardous\e-waste\shutterstock_29134336 - Copy.jpg,phenomsg,Hazardous\Hazardous\e-waste\shutterstock_29134336.jpg,C:\Users\trish\Desktop\smart-waste-segregation-ai\data\raw\phenomsg\Hazardous\Hazardous\e-waste\shutterstock_29134336.jpg
0,phenomsg,Hazardous\Hazardous\e-waste\Intro-to-E-Waste - Copy.jpg,C:\Users\trish\Desktop\smart-waste-segregation-ai\data\raw\phenomsg\Hazardous\Hazardous\e-waste\Intro-to-E-Waste - Copy.jpg,phenomsg,Hazardous\Hazardous\e-waste\Intro-to-E-Waste.jpg,C:\Users\trish\Desktop\smart-waste-segregation-ai\data\raw\phenomsg\Hazardous\Hazardous\e-waste\Intro-to-E-Waste.jpg
0,phenomsg,Hazardous\Hazardous\e-waste\electronic-waste-e-waste-167412842216x9 - Copy.jpg,C:\Users\trish\Desktop\smart-waste-segregation-ai\data\raw\phenomsg\Hazardous\Hazardous\e-waste\electronic-waste-e-waste-167412842216x9 - Copy.jpg,phenomsg,Hazardous\Hazardous\e-waste\electronic-waste-e-waste-167412842216x9.jpg,C:\Users\trish\Desktop\smart-waste-segregation-ai\data\raw\phenomsg\Hazardous\Hazardous\e-waste\electronic-waste-e-waste-167412842216x9.jpg
0,phenomsg,Hazardous\Hazardous\e-waste\02bulb-web2-1454343899851-superJumbo - Copy.jpg,C:\Users\trish\Desktop\smart-waste-segregation-ai\data\raw\phenomsg\Hazardous\Hazardous\e-waste\02bulb-web2-1454343899851-superJumbo - Copy.jpg,phenomsg,Hazardous\Hazardous\e-waste\02bulb-web2-1454343899851-superJumbo.jpg,C:\Users\trish\Desktop\smart-waste-segregation-ai\data\raw\phenomsg\Hazardous\Hazardous\e-waste\02bulb-web2-1454343899851-superJumbo.jpg
0,ewaste,test\Television\Television_294.jpg,C:\Users\trish\Desktop\smart-waste-segregation-ai\data\raw\ewaste\test\Television\Television_294.jpg,ewaste,train\Television\Television_283.jpg,C:\Users\trish\Desktop\smart-waste-segregation-ai\data\raw\ewaste\train\Television\Television_283.jpg
0,phenomsg,Hazardous\Hazardous\e-waste\Solutions-to-e-waste-problems1 - Copy.jpg,C:\Users\trish\Desktop\smart-waste-segregation-ai\data\raw\phenomsg\Hazardous\Hazardous\e-waste\Solutions-to-e-waste-problems1 - Copy.jpg,phenomsg,Hazardous\Hazardous\e-waste\Solutions-to-e-waste-problems1.jpg,C:\Users\trish\Desktop\smart-waste-segregation-ai\data\raw\phenomsg\Hazardous\Hazardous\e-waste\Solutions-to-e-waste-problems1.jpg
0,phenomsg,Hazardous\Hazardous\e-waste\New-RepBan_Guide-FluorescentBulbs_2008 - Copy.jpg,C:\Users\trish\Desktop\smart-waste-segregation-ai\data\raw\phenomsg\Hazardous\Hazardous\e-waste\New-RepBan_Guide-FluorescentBulbs_2008 - Copy.jpg,phenomsg,Hazardous\Hazardous\e-waste\New-RepBan_Guide-FluorescentBulbs_2008.jpg,C:\Users\trish\Desktop\smart-waste-segregation-ai\data\raw\phenomsg\Hazardous\Hazardous\e-waste\New-RepBan_Guide-FluorescentBulbs_2008.jpg
0,phenomsg,Hazardous\Hazardous\e-waste\e_waste_660_062019115620 - Copy.jpg,C:\Users\trish\Desktop\smart-waste-segregation-ai\data\raw\phenomsg\Hazardous\Hazardous\e-waste\e_waste_660_062019115620 - Copy.jpg,phenomsg,Hazardous\Hazardous\e-waste\e_waste_660_062019115620.jpg,C:\Users\trish\Desktop\smart-waste-segregation-ai\data\raw\phenomsg\Hazardous\Hazardous\e-waste\e_waste_660_062019115620.jpg
0,phenomsg,Hazardous\Hazardous\e-waste\crompton-bulbs-and-cfls-19-08-2021-975-240174309-zjbfq - Copy.png,C:\Users\trish\Desktop\smart-waste-segregation-ai\data\raw\phenomsg\Hazardous\Hazardous\e-waste\crompton-bulbs-and-cfls-19-08-2021-975-240174309-zjbfq - Copy.png,phenomsg,Hazardous\Hazardous\e-waste\crompton-bulbs-and-cfls-19-08-2021-975-240174309-zjbfq.png,C:\Users\trish\Desktop\smart-waste-segregation-ai\data\raw\phenomsg\Hazardous\Hazardous\e-waste\crompton-bulbs-and-cfls-19-08-2021-975-240174309-zjbfq.png
0,phenomsg,Hazardous\Hazardous\e-waste\0.40042800_1555498967_e-waste2 - Copy.jpg,C:\Users\trish\Desktop\smart-waste-segregation-ai\data\raw\phenomsg\Hazardous\Hazardous\e-waste\0.40042800_1555498967_e-waste2 - Copy.jpg,phenomsg,Hazardous\Hazardous\e-waste\0.40042800_1555498967_e-waste2.jpg,C:\Users\trish\Desktop\smart-waste-segregation-ai\data\raw\phenomsg\Hazardous\Hazardous\e-waste\0.40042800_1555498967_e-waste2.jpg
4,phenomsg,Recyclable\Recyclable\cans_all_type\360_F_141404485_na6RQwOXUQcEvWupbecza08k35l69Ben.jpg,C:\Users\trish\Desktop\smart-waste-segregation-ai\data\raw\phenomsg\Recyclable\Recyclable\cans_all_type\360_F_141404485_na6RQwOXUQcEvWupbecza08k35l69Ben.jpg,phenomsg,Recyclable\Recyclable\cans_all_type\different-types-canned-food-illustration-600w-604738256.jpg,C:\Users\trish\Desktop\smart-waste-segregation-ai\data\raw\phenomsg\Recyclable\Recyclable\cans_all_type\different-types-canned-food-illustration-600w-604738256.jpg
0,phenomsg,Hazardous\Hazardous\e-waste\electronic-recycling - Copy.jpg,C:\Users\trish\Desktop\smart-waste-segregation-ai\data\raw\phenomsg\Hazardous\Hazardous\e-waste\electronic-recycling - Copy.jpg,phenomsg,Hazardous\Hazardous\e-waste\electronic-recycling.jpg,C:\Users\trish\Desktop\smart-waste-segregation-ai\data\raw\phenomsg\Hazardous\Hazardous\e-waste\electronic-recycling.jpg
0,phenomsg,Hazardous\Hazardous\e-waste\AdobeStock_365525290 - Copy.jpg,C:\Users\trish\Desktop\smart-waste-segregation-ai\data\raw\phenomsg\Hazardous\Hazardous\e-waste\AdobeStock_365525290 - Copy.jpg,phenomsg,Hazardous\Hazardous\e-waste\AdobeStock_365525290.jpg,C:\Users\trish\Desktop\smart-waste-segregation-ai\data\raw\phenomsg\Hazardous\Hazardous\e-waste\AdobeStock_365525290.jpg
0,phenomsg,Hazardous\Hazardous\e-waste\1464951746_U1GPlR_e-waste-IndiaBLO-870 - Copy.jpg,C:\Users\trish\Desktop\smart-waste-segregation-ai\data\raw\phenomsg\Hazardous\Hazardous\e-waste\1464951746_U1GPlR_e-waste-IndiaBLO-870 - Copy.jpg,phenomsg,Hazardous\Hazardous\e-waste\1464951746_U1GPlR_e-waste-IndiaBLO-870.jpg,C:\Users\trish\Desktop\smart-waste-segregation-ai\data\raw\phenomsg\Hazardous\Hazardous\e-waste\1464951746_U1GPlR_e-waste-IndiaBLO-870.jpg
0,phenomsg,Organic\Organic\yard_trimmings\Yard-Waste-101.jpg,C:\Users\trish\Desktop\smart-waste-segregation-ai\data\raw\phenomsg\Organic\Organic\yard_trimmings\Yard-Waste-101.jpg,phenomsg,Organic\Organic\yard_trimmings\accectable-bags.webp,C:\Users\trish\Desktop\smart-waste-segregation-ai\data\raw\phenomsg\Organic\Organic\yard_trimmings\accectable-bags.webp
0,ewaste,train\Player\Player_89.jpg,C:\Users\trish\Desktop\smart-waste-segregation-ai\data\raw\ewaste\train\Player\Player_89.jpg,ewaste,train\Player\Player_97.jpg,C:\Users\trish\Desktop\smart-waste-segregation-ai\data\raw\ewaste\train\Player\Player_97.jpg
0,phenomsg,Non-Recyclable\Non-Recyclable\stroform_product\the-drive-toward-sustainability-5050-1536x1536.jpg,C:\Users\trish\Desktop\smart-waste-segregation-ai\data\raw\phenomsg\Non-Recyclable\Non-Recyclable\stroform_product\the-drive-toward-sustainability-5050-1536x1536.jpg,phenomsg,Recyclable\Recyclable\paper_products\the-drive-toward-sustainability-5050-1536x1536.jpg,C:\Users\trish\Desktop\smart-waste-segregation-ai\data\raw\phenomsg\Recyclable\Recyclable\paper_products\the-drive-toward-sustainability-5050-1536x1536.jpg
6,ewaste,test\Battery\battery_148.jpg,C:\Users\trish\Desktop\smart-waste-segregation-ai\data\raw\ewaste\test\Battery\battery_148.jpg,ewaste,train\Keyboard\Keyboard_82.jpg,C:\Users\trish\Desktop\smart-waste-segregation-ai\data\raw\ewaste\train\Keyboard\Keyboard_82.jpg
6,realwaste,Plastic\Plastic_157.jpg,C:\Users\trish\Desktop\smart-waste-segregation-ai\data\raw\realwaste\Plastic\Plastic_157.jpg,realwaste,Plastic\Plastic_227.jpg,C:\Users\trish\Desktop\smart-waste-segregation-ai\data\raw\realwaste\Plastic\Plastic_227.jpg
0,phenomsg,Hazardous\Hazardous\e-waste\Alabama_CurtisPalmer - Copy.jpg,C:\Users\trish\Desktop\smart-waste-segregation-ai\data\raw\phenomsg\Hazardous\Hazardous\e-waste\Alabama_CurtisPalmer - Copy.jpg,phenomsg,Hazardous\Hazardous\e-waste\Alabama_CurtisPalmer.jpg,C:\Users\trish\Desktop\smart-waste-segregation-ai\data\raw\phenomsg\Hazardous\Hazardous\e-waste\Alabama_CurtisPalmer.jpg
0,phenomsg,Hazardous\Hazardous\e-waste\stock-photo-spent-fluorescent-lamps-and-energy-saving-bulbs-awaiting-disposal-243014344 - Copy.jpg,C:\Users\trish\Desktop\smart-waste-segregation-ai\data\raw\phenomsg\Hazardous\Hazardous\e-waste\stock-photo-spent-fluorescent-lamps-and-energy-saving-bulbs-awaiting-disposal-243014344 - Copy.jpg,phenomsg,Hazardous\Hazardous\e-waste\stock-photo-spent-fluorescent-lamps-and-energy-saving-bulbs-awaiting-disposal-243014344.jpg,C:\Users\trish\Desktop\smart-waste-segregation-ai\data\raw\phenomsg\Hazardous\Hazardous\e-waste\stock-photo-spent-fluorescent-lamps-and-energy-saving-bulbs-awaiting-disposal-243014344.jpg
2,phenomsg,Hazardous\Hazardous\batteries\12209_2020_236_Fig2_HTML.png,C:\Users\trish\Desktop\smart-waste-segregation-ai\data\raw\phenomsg\Hazardous\Hazardous\batteries\12209_2020_236_Fig2_HTML.png,phenomsg,Hazardous\Hazardous\batteries\inf212000-fig-0004-m.jpg,C:\Users\trish\Desktop\smart-waste-segregation-ai\data\raw\phenomsg\Hazardous\Hazardous\batteries\inf212000-fig-0004-m.jpg
2,realwaste,Metal\Metal_655.jpg,C:\Users\trish\Desktop\smart-waste-segregation-ai\data\raw\realwaste\Metal\Metal_655.jpg,realwaste,Metal\Metal_658.jpg,C:\Users\trish\Desktop\smart-waste-segregation-ai\data\raw\realwaste\Metal\Metal_658.jpg
0,ewaste,train\Printer\Printer_63.jpg,C:\Users\trish\Desktop\smart-waste-segregation-ai\data\raw\ewaste\train\Printer\Printer_63.jpg,ewaste,train\Printer\Printer_64.jpg,C:\Users\trish\Desktop\smart-waste-segregation-ai\data\raw\ewaste\train\Printer\Printer_64.jpg
0,phenomsg,Hazardous\Hazardous\e-waste\energy-saving-bulbs-spent-incandescent-halogen-cfi-fluorescent-led-174891292 - Copy.jpg,C:\Users\trish\Desktop\smart-waste-segregation-ai\data\raw\phenomsg\Hazardous\Hazardous\e-waste\energy-saving-bulbs-spent-incandescent-halogen-cfi-fluorescent-led-174891292 - Copy.jpg,phenomsg,Hazardous\Hazardous\e-waste\energy-saving-bulbs-spent-incandescent-halogen-cfi-fluorescent-led-174891292.jpg,C:\Users\trish\Desktop\smart-waste-segregation-ai\data\raw\phenomsg\Hazardous\Hazardous\e-waste\energy-saving-bulbs-spent-incandescent-halogen-cfi-fluorescent-led-174891292.jpg
0,phenomsg,Hazardous\Hazardous\e-waste\e-waste-e-waste-old-mobile-phones-battery-isolated-white-background-177536164 - Copy.jpg,C:\Users\trish\Desktop\smart-waste-segregation-ai\data\raw\phenomsg\Hazardous\Hazardous\e-waste\e-waste-e-waste-old-mobile-phones-battery-isolated-white-background-177536164 - Copy.jpg,phenomsg,Hazardous\Hazardous\e-waste\e-waste-e-waste-old-mobile-phones-battery-isolated-white-background-177536164.jpg,C:\Users\trish\Desktop\smart-waste-segregation-ai\data\raw\phenomsg\Hazardous\Hazardous\e-waste\e-waste-e-waste-old-mobile-phones-battery-isolated-white-background-177536164.jpg
0,phenomsg,Hazardous\Hazardous\e-waste\shutterstock_139275554-1024x600 - Copy.jpg,C:\Users\trish\Desktop\smart-waste-segregation-ai\data\raw\phenomsg\Hazardous\Hazardous\e-waste\shutterstock_139275554-1024x600 - Copy.jpg,phenomsg,Hazardous\Hazardous\e-waste\shutterstock_139275554-1024x600.jpg,C:\Users\trish\Desktop\smart-waste-segregation-ai\data\raw\phenomsg\Hazardous\Hazardous\e-waste\shutterstock_139275554-1024x600.jpg
0,phenomsg,Hazardous\Hazardous\e-waste\1200px-Energiesparlampe_01_retouched.jpg,C:\Users\trish\Desktop\smart-waste-segregation-ai\data\raw\phenomsg\Hazardous\Hazardous\e-waste\1200px-Energiesparlampe_01_retouched.jpg,phenomsg,Hazardous\Hazardous\e-waste\Energiesparlampe_01_retouched - Copy.jpg,C:\Users\trish\Desktop\smart-waste-segregation-ai\data\raw\phenomsg\Hazardous\Hazardous\e-waste\Energiesparlampe_01_retouched - Copy.jpg
6,realwaste,Miscellaneous Trash\Miscellaneous Trash_28.jpg,C:\Users\trish\Desktop\smart-waste-segregation-ai\data\raw\realwaste\Miscellaneous Trash\Miscellaneous Trash_28.jpg,trashnet,trash\trash128.jpg,C:\Users\trish\Desktop\smart-waste-segregation-ai\data\raw\trashnet\trash\trash128.jpg
0,ewaste,train\Player\Player_102.jpg,C:\Users\trish\Desktop\smart-waste-segregation-ai\data\raw\ewaste\train\Player\Player_102.jpg,ewaste,train\Player\Player_243.jpg,C:\Users\trish\Desktop\smart-waste-segregation-ai\data\raw\ewaste\train\Player\Player_243.jpg
0,trashnet,paper\paper305.jpg,C:\Users\trish\Desktop\smart-waste-segregation-ai\data\raw\trashnet\paper\paper305.jpg,trashnet,paper\paper308.jpg,C:\Users\trish\Desktop\smart-waste-segregation-ai\data\raw\trashnet\paper\paper308.jpg
0,ewaste,train\Player\Player_72.jpg,C:\Users\trish\Desktop\smart-waste-segregation-ai\data\raw\ewaste\train\Player\Player_72.jpg,ewaste,val\Player\Player_105.jpg,C:\Users\trish\Desktop\smart-waste-segregation-ai\data\raw\ewaste\val\Player\Player_105.jpg
0,phenomsg,Hazardous\Hazardous\e-waste\Electronic_waste_at_Agbogbloshie2C_Ghana - Copy.jpg,C:\Users\trish\Desktop\smart-waste-segregation-ai\data\raw\phenomsg\Hazardous\Hazardous\e-waste\Electronic_waste_at_Agbogbloshie2C_Ghana - Copy.jpg,phenomsg,Hazardous\Hazardous\e-waste\Solutions-to-e-waste-problems1 - Copy.jpg,C:\Users\trish\Desktop\smart-waste-segregation-ai\data\raw\phenomsg\Hazardous\Hazardous\e-waste\Solutions-to-e-waste-problems1 - Copy.jpg
0,phenomsg,Hazardous\Hazardous\e-waste\8085 - Copy.jpg,C:\Users\trish\Desktop\smart-waste-segregation-ai\data\raw\phenomsg\Hazardous\Hazardous\e-waste\8085 - Copy.jpg,phenomsg,Hazardous\Hazardous\e-waste\8085.jpg,C:\Users\trish\Desktop\smart-waste-segregation-ai\data\raw\phenomsg\Hazardous\Hazardous\e-waste\8085.jpg
6,realwaste,Plastic\Plastic_216.jpg,C:\Users\trish\Desktop\smart-waste-segregation-ai\data\raw\realwaste\Plastic\Plastic_216.jpg,realwaste,Plastic\Plastic_221.jpg,C:\Users\trish\Desktop\smart-waste-segregation-ai\data\raw\realwaste\Plastic\Plastic_221.jpg
0,phenomsg,Hazardous\Hazardous\e-waste\LED-CLF-Incandescent-2 - Copy.jpg,C:\Users\trish\Desktop\smart-waste-segregation-ai\data\raw\phenomsg\Hazardous\Hazardous\e-waste\LED-CLF-Incandescent-2 - Copy.jpg,phenomsg,Hazardous\Hazardous\e-waste\LED-CLF-Incandescent-2.jpg,C:\Users\trish\Desktop\smart-waste-segregation-ai\data\raw\phenomsg\Hazardous\Hazardous\e-waste\LED-CLF-Incandescent-2.jpg
4,realwaste,Plastic\Plastic_218.jpg,C:\Users\trish\Desktop\smart-waste-segregation-ai\data\raw\realwaste\Plastic\Plastic_218.jpg,realwaste,Plastic\Plastic_230.jpg,C:\Users\trish\Desktop\smart-waste-segregation-ai\data\raw\realwaste\Plastic\Plastic_230.jpg
0,ewaste,train\Player\Player_287.jpg,C:\Users\trish\Desktop\smart-waste-segregation-ai\data\raw\ewaste\train\Player\Player_287.jpg,ewaste,val\Player\Player_66.jpg,C:\Users\trish\Desktop\smart-waste-segregation-ai\data\raw\ewaste\val\Player\Player_66.jpg
0,ewaste,train\PCB\pcb_145.jpg,C:\Users\trish\Desktop\smart-waste-segregation-ai\data\raw\ewaste\train\PCB\pcb_145.jpg,ewaste,val\PCB\pcb_34.jpg,C:\Users\trish\Desktop\smart-waste-segregation-ai\data\raw\ewaste\val\PCB\pcb_34.jpg
0,phenomsg,Hazardous\Hazardous\e-waste\gettyimages-566436837-1559940280 - Copy.jpg,C:\Users\trish\Desktop\smart-waste-segregation-ai\data\raw\phenomsg\Hazardous\Hazardous\e-waste\gettyimages-566436837-1559940280 - Copy.jpg,phenomsg,Hazardous\Hazardous\e-waste\gettyimages-566436837-1559940280.jpg,C:\Users\trish\Desktop\smart-waste-segregation-ai\data\raw\phenomsg\Hazardous\Hazardous\e-waste\gettyimages-566436837-1559940280.jpg
0,phenomsg,Hazardous\Hazardous\e-waste\1000_F_137113944_B7B2w62hhwjr7dWy8R5nYwwlHIwCRu6S - Copy.jpg,C:\Users\trish\Desktop\smart-waste-segregation-ai\data\raw\phenomsg\Hazardous\Hazardous\e-waste\1000_F_137113944_B7B2w62hhwjr7dWy8R5nYwwlHIwCRu6S - Copy.jpg,phenomsg,Hazardous\Hazardous\e-waste\1000_F_137113944_B7B2w62hhwjr7dWy8R5nYwwlHIwCRu6S.jpg,C:\Users\trish\Desktop\smart-waste-segregation-ai\data\raw\phenomsg\Hazardous\Hazardous\e-waste\1000_F_137113944_B7B2w62hhwjr7dWy8R5nYwwlHIwCRu6S.jpg
0,phenomsg,Hazardous\Hazardous\e-waste\electronic-waste-electronic-waste-old-computers-monitors-other-devices-to-recycle-109977003 - Copy.jpg,C:\Users\trish\Desktop\smart-waste-segregation-ai\data\raw\phenomsg\Hazardous\Hazardous\e-waste\electronic-waste-electronic-waste-old-computers-monitors-other-devices-to-recycle-109977003 - Copy.jpg,phenomsg,Hazardous\Hazardous\e-waste\electronic-waste-electronic-waste-old-computers-monitors-other-devices-to-recycle-109977003.jpg,C:\Users\trish\Desktop\smart-waste-segregation-ai\data\raw\phenomsg\Hazardous\Hazardous\e-waste\electronic-waste-electronic-waste-old-computers-monitors-other-devices-to-recycle-109977003.jpg
0,phenomsg,Hazardous\Hazardous\e-waste\rk-background-the-concept-of-recycling-and-disposal-of-electronic-2199207751 - Copy.jpg,C:\Users\trish\Desktop\smart-waste-segregation-ai\data\raw\phenomsg\Hazardous\Hazardous\e-waste\rk-background-the-concept-of-recycling-and-disposal-of-electronic-2199207751 - Copy.jpg,phenomsg,Hazardous\Hazardous\e-waste\rk-background-the-concept-of-recycling-and-disposal-of-electronic-2199207751.jpg,C:\Users\trish\Desktop\smart-waste-segregation-ai\data\raw\phenomsg\Hazardous\Hazardous\e-waste\rk-background-the-concept-of-recycling-and-disposal-of-electronic-2199207751.jpg
6,phenomsg,Recyclable\Recyclable\cans_all_type\plastic-waste-and-other-recylable-items-1080x675.jpg,C:\Users\trish\Desktop\smart-waste-segregation-ai\data\raw\phenomsg\Recyclable\Recyclable\cans_all_type\plastic-waste-and-other-recylable-items-1080x675.jpg,phenomsg,Recyclable\Recyclable\plastic_bottles\nick-fewings--2lJGRIY5P0-unsplash.jpg,C:\Users\trish\Desktop\smart-waste-segregation-ai\data\raw\phenomsg\Recyclable\Recyclable\plastic_bottles\nick-fewings--2lJGRIY5P0-unsplash.jpg
0,phenomsg,Hazardous\Hazardous\e-waste\electronic-waste-e-waste - Copy.jpg,C:\Users\trish\Desktop\smart-waste-segregation-ai\data\raw\phenomsg\Hazardous\Hazardous\e-waste\electronic-waste-e-waste - Copy.jpg,phenomsg,Hazardous\Hazardous\e-waste\electronic-waste-e-waste.jpg,C:\Users\trish\Desktop\smart-waste-segregation-ai\data\raw\phenomsg\Hazardous\Hazardous\e-waste\electronic-waste-e-waste.jpg
0,phenomsg,Hazardous\Hazardous\e-waste\Light-Bulb-Recycling - Copy.jpg,C:\Users\trish\Desktop\smart-waste-segregation-ai\data\raw\phenomsg\Hazardous\Hazardous\e-waste\Light-Bulb-Recycling - Copy.jpg,phenomsg,Hazardous\Hazardous\e-waste\Light-Bulb-Recycling.jpg,C:\Users\trish\Desktop\smart-waste-segregation-ai\data\raw\phenomsg\Hazardous\Hazardous\e-waste\Light-Bulb-Recycling.jpg
0,phenomsg,Hazardous\Hazardous\e-waste\aving-led-and-fluorescent-lightbulbs-infographic-on-a-blue-background-vector - Copy.jpg,C:\Users\trish\Desktop\smart-waste-segregation-ai\data\raw\phenomsg\Hazardous\Hazardous\e-waste\aving-led-and-fluorescent-lightbulbs-infographic-on-a-blue-background-vector - Copy.jpg,phenomsg,Hazardous\Hazardous\e-waste\aving-led-and-fluorescent-lightbulbs-infographic-on-a-blue-background-vector.jpg,C:\Users\trish\Desktop\smart-waste-segregation-ai\data\raw\phenomsg\Hazardous\Hazardous\e-waste\aving-led-and-fluorescent-lightbulbs-infographic-on-a-blue-background-vector.jpg
0,ewaste,train\Player\Player_162.jpg,C:\Users\trish\Desktop\smart-waste-segregation-ai\data\raw\ewaste\train\Player\Player_162.jpg,ewaste,train\Player\Player_203.jpg,C:\Users\trish\Desktop\smart-waste-segregation-ai\data\raw\ewaste\train\Player\Player_203.jpg
0,phenomsg,Hazardous\Hazardous\e-waste\1200px-Energiesparlampe_01_retouched - Copy.jpg,C:\Users\trish\Desktop\smart-waste-segregation-ai\data\raw\phenomsg\Hazardous\Hazardous\e-waste\1200px-Energiesparlampe_01_retouched - Copy.jpg,phenomsg,Hazardous\Hazardous\e-waste\Energiesparlampe_01_retouched.jpg,C:\Users\trish\Desktop\smart-waste-segregation-ai\data\raw\phenomsg\Hazardous\Hazardous\e-waste\Energiesparlampe_01_retouched.jpg
6,realwaste,Miscellaneous Trash\Miscellaneous Trash_401.jpg,C:\Users\trish\Desktop\smart-waste-segregation-ai\data\raw\realwaste\Miscellaneous Trash\Miscellaneous Trash_401.jpg,trashnet,plastic\plastic9.jpg,C:\Users\trish\Desktop\smart-waste-segregation-ai\data\raw\trashnet\plastic\plastic9.jpg
0,phenomsg,Hazardous\Hazardous\e-waste\ewaste-recycling - Copy.jpg,C:\Users\trish\Desktop\smart-waste-segregation-ai\data\raw\phenomsg\Hazardous\Hazardous\e-waste\ewaste-recycling - Copy.jpg,phenomsg,Hazardous\Hazardous\e-waste\ewaste-recycling.jpg,C:\Users\trish\Desktop\smart-waste-segregation-ai\data\raw\phenomsg\Hazardous\Hazardous\e-waste\ewaste-recycling.jpg
0,phenomsg,Hazardous\Hazardous\e-waste\Compact-Flourescent-Lighbulb - Copy.png,C:\Users\trish\Desktop\smart-waste-segregation-ai\data\raw\phenomsg\Hazardous\Hazardous\e-waste\Compact-Flourescent-Lighbulb - Copy.png,phenomsg,Hazardous\Hazardous\e-waste\Compact-Flourescent-Lighbulb.png,C:\Users\trish\Desktop\smart-waste-segregation-ai\data\raw\phenomsg\Hazardous\Hazardous\e-waste\Compact-Flourescent-Lighbulb.png
6,realwaste,Miscellaneous Trash\Miscellaneous Trash_191.jpg,C:\Users\trish\Desktop\smart-waste-segregation-ai\data\raw\realwaste\Miscellaneous Trash\Miscellaneous Trash_191.jpg,realwaste,Miscellaneous Trash\Miscellaneous Trash_194.jpg,C:\Users\trish\Desktop\smart-waste-segregation-ai\data\raw\realwaste\Miscellaneous Trash\Miscellaneous Trash_194.jpg
0,phenomsg,Hazardous\Hazardous\e-waste\electronic-waste-ready-for-recycling-isolated-on-white-background-J769FF - Copy.jpg,C:\Users\trish\Desktop\smart-waste-segregation-ai\data\raw\phenomsg\Hazardous\Hazardous\e-waste\electronic-waste-ready-for-recycling-isolated-on-white-background-J769FF - Copy.jpg,phenomsg,Hazardous\Hazardous\e-waste\electronic-waste-ready-for-recycling-isolated-on-white-background-J769FF.jpg,C:\Users\trish\Desktop\smart-waste-segregation-ai\data\raw\phenomsg\Hazardous\Hazardous\e-waste\electronic-waste-ready-for-recycling-isolated-on-white-background-J769FF.jpg
0,phenomsg,Hazardous\Hazardous\e-waste\e-inside-green-recycling-symbol-e-waste-concept-illustration-with-1118223065 - Copy.jpg,C:\Users\trish\Desktop\smart-waste-segregation-ai\data\raw\phenomsg\Hazardous\Hazardous\e-waste\e-inside-green-recycling-symbol-e-waste-concept-illustration-with-1118223065 - Copy.jpg,phenomsg,Hazardous\Hazardous\e-waste\e-inside-green-recycling-symbol-e-waste-concept-illustration-with-1118223065.jpg,C:\Users\trish\Desktop\smart-waste-segregation-ai\data\raw\phenomsg\Hazardous\Hazardous\e-waste\e-inside-green-recycling-symbol-e-waste-concept-illustration-with-1118223065.jpg
0,phenomsg,Hazardous\Hazardous\e-waste\n1-e1639575580776 - Copy.jpg,C:\Users\trish\Desktop\smart-waste-segregation-ai\data\raw\phenomsg\Hazardous\Hazardous\e-waste\n1-e1639575580776 - Copy.jpg,phenomsg,Hazardous\Hazardous\e-waste\n1-e1639575580776.jpg,C:\Users\trish\Desktop\smart-waste-segregation-ai\data\raw\phenomsg\Hazardous\Hazardous\e-waste\n1-e1639575580776.jpg
0,ewaste,train\Player\Player_145.jpg,C:\Users\trish\Desktop\smart-waste-segregation-ai\data\raw\ewaste\train\Player\Player_145.jpg,ewaste,val\Player\Player_37.jpg,C:\Users\trish\Desktop\smart-waste-segregation-ai\data\raw\ewaste\val\Player\Player_37.jpg
0,phenomsg,Hazardous\Hazardous\e-waste\light-bulb-fluorescent - Copy.jpg,C:\Users\trish\Desktop\smart-waste-segregation-ai\data\raw\phenomsg\Hazardous\Hazardous\e-waste\light-bulb-fluorescent - Copy.jpg,phenomsg,Hazardous\Hazardous\e-waste\light-bulb-fluorescent.jpg,C:\Users\trish\Desktop\smart-waste-segregation-ai\data\raw\phenomsg\Hazardous\Hazardous\e-waste\light-bulb-fluorescent.jpg
0,phenomsg,Hazardous\Hazardous\e-waste\5927e3e4f1744da1ce90e7a09c175334 - Copy.jpg,C:\Users\trish\Desktop\smart-waste-segregation-ai\data\raw\phenomsg\Hazardous\Hazardous\e-waste\5927e3e4f1744da1ce90e7a09c175334 - Copy.jpg,phenomsg,Hazardous\Hazardous\e-waste\5927e3e4f1744da1ce90e7a09c175334.jpg,C:\Users\trish\Desktop\smart-waste-segregation-ai\data\raw\phenomsg\Hazardous\Hazardous\e-waste\5927e3e4f1744da1ce90e7a09c175334.jpg
6,realwaste,Metal\Metal_616.jpg,C:\Users\trish\Desktop\smart-waste-segregation-ai\data\raw\realwaste\Metal\Metal_616.jpg,trashnet,glass\glass96.jpg,C:\Users\trish\Desktop\smart-waste-segregation-ai\data\raw\trashnet\glass\glass96.jpg
0,phenomsg,Hazardous\Hazardous\e-waste\going-greener-by-recycling-burnt-out-bulbs-1523856076-3781852 - Copy.jpeg,C:\Users\trish\Desktop\smart-waste-segregation-ai\data\raw\phenomsg\Hazardous\Hazardous\e-waste\going-greener-by-recycling-burnt-out-bulbs-1523856076-3781852 - Copy.jpeg,phenomsg,Hazardous\Hazardous\e-waste\going-greener-by-recycling-burnt-out-bulbs-1523856076-3781852.jpeg,C:\Users\trish\Desktop\smart-waste-segregation-ai\data\raw\phenomsg\Hazardous\Hazardous\e-waste\going-greener-by-recycling-burnt-out-bulbs-1523856076-3781852.jpeg
0,ewaste,train\Player\Player_132.jpg,C:\Users\trish\Desktop\smart-waste-segregation-ai\data\raw\ewaste\train\Player\Player_132.jpg,ewaste,train\Player\Player_179.jpg,C:\Users\trish\Desktop\smart-waste-segregation-ai\data\raw\ewaste\train\Player\Player_179.jpg
0,ewaste,test\Printer\Printer_61.jpg,C:\Users\trish\Desktop\smart-waste-segregation-ai\data\raw\ewaste\test\Printer\Printer_61.jpg,ewaste,train\Printer\Printer_62.jpg,C:\Users\trish\Desktop\smart-waste-segregation-ai\data\raw\ewaste\train\Printer\Printer_62.jpg
6,ewaste,train\Mouse\Mouse_145.jpg,C:\Users\trish\Desktop\smart-waste-segregation-ai\data\raw\ewaste\train\Mouse\Mouse_145.jpg,ewaste,train\Mouse\Mouse_163.jpg,C:\Users\trish\Desktop\smart-waste-segregation-ai\data\raw\ewaste\train\Mouse\Mouse_163.jpg
2,ewaste,train\Player\Player_107.jpg,C:\Users\trish\Desktop\smart-waste-segregation-ai\data\raw\ewaste\train\Player\Player_107.jpg,ewaste,train\Player\Player_230.jpg,C:\Users\trish\Desktop\smart-waste-segregation-ai\data\raw\ewaste\train\Player\Player_230.jpg
0,phenomsg,Hazardous\Hazardous\e-waste\e-waste4 - Copy.jpg,C:\Users\trish\Desktop\smart-waste-segregation-ai\data\raw\phenomsg\Hazardous\Hazardous\e-waste\e-waste4 - Copy.jpg,phenomsg,Hazardous\Hazardous\e-waste\e-waste4.jpg,C:\Users\trish\Desktop\smart-waste-segregation-ai\data\raw\phenomsg\Hazardous\Hazardous\e-waste\e-waste4.jpg
2,phenomsg,Hazardous\Hazardous\pesticides\81Fr9VLIgL._AC_UF10001000_QL80_.jpg,C:\Users\trish\Desktop\smart-waste-segregation-ai\data\raw\phenomsg\Hazardous\Hazardous\pesticides\81Fr9VLIgL._AC_UF10001000_QL80_.jpg,phenomsg,Hazardous\Hazardous\pesticides\the-complete-technology-book-on-pesticides-insecticides-fungicides-and-herbicides-500x500.jpg,C:\Users\trish\Desktop\smart-waste-segregation-ai\data\raw\phenomsg\Hazardous\Hazardous\pesticides\the-complete-technology-book-on-pesticides-insecticides-fungicides-and-herbicides-500x500.jpg
0,ewaste,train\PCB\pcb_166.jpg,C:\Users\trish\Desktop\smart-waste-segregation-ai\data\raw\ewaste\train\PCB\pcb_166.jpg,ewaste,train\PCB\pcb_292.jpg,C:\Users\trish\Desktop\smart-waste-segregation-ai\data\raw\ewaste\train\PCB\pcb_292.jpg
6,trashnet,plastic\plastic293.jpg,C:\Users\trish\Desktop\smart-waste-segregation-ai\data\raw\trashnet\plastic\plastic293.jpg,trashnet,plastic\plastic384.jpg,C:\Users\trish\Desktop\smart-waste-segregation-ai\data\raw\trashnet\plastic\plastic384.jpg
6,realwaste,Metal\Metal_738.jpg,C:\Users\trish\Desktop\smart-waste-segregation-ai\data\raw\realwaste\Metal\Metal_738.jpg,realwaste,Plastic\Plastic_186.jpg,C:\Users\trish\Desktop\smart-waste-segregation-ai\data\raw\realwaste\Plastic\Plastic_186.jpg
0,trashnet,glass\glass389.jpg,C:\Users\trish\Desktop\smart-waste-segregation-ai\data\raw\trashnet\glass\glass389.jpg,trashnet,plastic\plastic332.jpg,C:\Users\trish\Desktop\smart-waste-segregation-ai\data\raw\trashnet\plastic\plastic332.jpg
0,phenomsg,Hazardous\Hazardous\e-waste\09109-scicon-lightbulbcxd - Copy.jpg,C:\Users\trish\Desktop\smart-waste-segregation-ai\data\raw\phenomsg\Hazardous\Hazardous\e-waste\09109-scicon-lightbulbcxd - Copy.jpg,phenomsg,Hazardous\Hazardous\e-waste\09109-scicon-lightbulbcxd.jpg,C:\Users\trish\Desktop\smart-waste-segregation-ai\data\raw\phenomsg\Hazardous\Hazardous\e-waste\09109-scicon-lightbulbcxd.jpg
0,ewaste,train\PCB\pcb_113.jpg,C:\Users\trish\Desktop\smart-waste-segregation-ai\data\raw\ewaste\train\PCB\pcb_113.jpg,ewaste,train\PCB\pcb_209.jpg,C:\Users\trish\Desktop\smart-waste-segregation-ai\data\raw\ewaste\train\PCB\pcb_209.jpg
0,ewaste,train\Microwave\Microwave_102.jpg,C:\Users\trish\Desktop\smart-waste-segregation-ai\data\raw\ewaste\train\Microwave\Microwave_102.jpg,ewaste,train\Microwave\Microwave_77.jpg,C:\Users\trish\Desktop\smart-waste-segregation-ai\data\raw\ewaste\train\Microwave\Microwave_77.jpg
0,phenomsg,Hazardous\Hazardous\e-waste\old-used-led-halogen-bulbs-fluorescent-tubes-different-light-bulbs-collected-recycling-217026394 - Copy.jpg,C:\Users\trish\Desktop\smart-waste-segregation-ai\data\raw\phenomsg\Hazardous\Hazardous\e-waste\old-used-led-halogen-bulbs-fluorescent-tubes-different-light-bulbs-collected-recycling-217026394 - Copy.jpg,phenomsg,Hazardous\Hazardous\e-waste\old-used-led-halogen-bulbs-fluorescent-tubes-different-light-bulbs-collected-recycling-217026394.jpg,C:\Users\trish\Desktop\smart-waste-segregation-ai\data\raw\phenomsg\Hazardous\Hazardous\e-waste\old-used-led-halogen-bulbs-fluorescent-tubes-different-light-bulbs-collected-recycling-217026394.jpg
0,phenomsg,Hazardous\Hazardous\e-waste\Challenges-and-Opportunities-in-Electronic-Waste-Management-in-India-SHAMI - Copy.jpg,C:\Users\trish\Desktop\smart-waste-segregation-ai\data\raw\phenomsg\Hazardous\Hazardous\e-waste\Challenges-and-Opportunities-in-Electronic-Waste-Management-in-India-SHAMI - Copy.jpg,phenomsg,Hazardous\Hazardous\e-waste\Challenges-and-Opportunities-in-Electronic-Waste-Management-in-India-SHAMI.jpg,C:\Users\trish\Desktop\smart-waste-segregation-ai\data\raw\phenomsg\Hazardous\Hazardous\e-waste\Challenges-and-Opportunities-in-Electronic-Waste-Management-in-India-SHAMI.jpg
0,phenomsg,Hazardous\Hazardous\e-waste\hazardous-waste-solutions-fluorescent-tubes - Copy.jpg,C:\Users\trish\Desktop\smart-waste-segregation-ai\data\raw\phenomsg\Hazardous\Hazardous\e-waste\hazardous-waste-solutions-fluorescent-tubes - Copy.jpg,phenomsg,Hazardous\Hazardous\e-waste\hazardous-waste-solutions-fluorescent-tubes.jpg,C:\Users\trish\Desktop\smart-waste-segregation-ai\data\raw\phenomsg\Hazardous\Hazardous\e-waste\hazardous-waste-solutions-fluorescent-tubes.jpg
0,phenomsg,Hazardous\Hazardous\e-waste\incandescent-led-cfl - Copy.png,C:\Users\trish\Desktop\smart-waste-segregation-ai\data\raw\phenomsg\Hazardous\Hazardous\e-waste\incandescent-led-cfl - Copy.png,phenomsg,Hazardous\Hazardous\e-waste\incandescent-led-cfl.png,C:\Users\trish\Desktop\smart-waste-segregation-ai\data\raw\phenomsg\Hazardous\Hazardous\e-waste\incandescent-led-cfl.png
